x,D,y,L,r_a,a_x_C,a_x_R,a_rand_C,a_rand_R,A_tilde_x_C,A_tilde_x_R,r_x_C,r_x_R,U,S_star_x_C,S_star_x_R,S_x_C,S_x_R,S_x,p_bar_x_C,p_bar_x_R,L_x_C,f_bar_x_R,n_x,URBAN,COM,SHADE,SHADEU,X,HEIGHT_C,HEIGHT_R,llv2000,llv2009,llv1990,_merge,CONVBIN,BHEIGHT_C,BHEIGHT_R,BS_x,BS_x_R,BS_x_C,r_x,lr_x,Bllv2000,Blr_x,TS_x,TS_x_C,comshare_CONVBIN,res
-20.0,20.0,2.10701,1.00469056e+06,30.0,0.0,0.0,0.0,0.0,0.0,0.0,0.0,0.0,3.0,,22.683973,,,,,,,,,0.0,0.0,0.0,0.0,-20.0,,,,,,Master only (1),-20.0,,,,,,0.0,,,,0.0,0.0,,0.0
-19.99,19.99,2.10701,1.00469056e+06,30.0,0.0,0.0,0.0,0.0,0.0,0.0,0.0,0.0,3.0,,22.690922,,,,,,,,,0.0,0.0,0.0,0.0,-19.99,,,,,,Master only (1),-20.0,,,,,,0.0,,,,0.0,0.0,,0.0
-19.98,19.98,2.10701,1.00469056e+06,30.0,0.0,0.0,0.0,0.0,0.0,0.0,0.0,0.0,3.0,,22.697872,,,,,,,,,0.0,0.0,0.0,0.0,-19.98,,,,,,Master only (1),-20.0,,,,,,0.0,,,,0.0,0.0,,0.0
-19.97,19.97,2.10701,1.00469056e+06,30.0,0.0,0.0,0.0,0.0,0.0,0.0,0.0,0.0,3.0,,22.704828,,,,,,,,,0.0,0.0,0.0,0.0,-19.97,,,,,,Master only (1),-20.0,,,,,,0.0,,,,0.0,0.0,,0.0
-19.96,19.96,2.10701,1.00469056e+06,30.0,0.0,0.0,0.0,0.0,0.0,0.0,0.0,0.0,3.0,,22.711784,,,,,,,,,0.0,0.0,0.0,0.0,-19.96,,,,,,Master only (1),-20.0,,,,,,0.0,,,,0.0,0.0,,0.0
-19.95,19.95,2.10701,1.00469056e+06,30.0,0.0,0.0,0.0,0.0,0.0,0.0,0.0,0.0,3.0,,22.718742,,,,,,,,,0.0,0.0,0.0,0.0,-19.95,,,,,,Master only (1),-20.0,,,,,,0.0,,,,0.0,0.0,,0.0
-19.94,19.94,2.10701,1.00469056e+06,30.0,0.0,0.0,0.0,0.0,0.0,0.0,0.0,0.0,3.0,,22.725708,,,,,,,,,0.0,0.0,0.0,0.0,-19.94,,,,,,Master only (1),-19.9,,,,,,0.0,,,,0.0,0.0,,0.0
-19.93,19.93,2.10701,1.00469056e+06,30.0,0.0,0.0,0.0,0.0,0.0,0.0,0.0,0.0,3.0,,22.732674,,,,,,,,,0.0,0.0,0.0,0.0,-19.93,,,,,,Master only (1),-19.9,,,,,,0.0,,,,0.0,0.0,,0.0
-19.92,19.92,2.10701,1.00469056e+06,30.0,0.0,0.0,0.0,0.0,0.0,0.0,0.0,0.0,3.0,,22.739634,,,,,,,,,0.0,0.0,0.0,0.0,-19.92,,,,,,Master only (1),-19.9,,,,,,0.0,,,,0.0,0.0,,0.0
-19.91,19.91,2.10701,1.00469056e+06,30.0,0.0,0.0,0.0,0.0,0.0,0.0,0.0,0.0,3.0,,22.746607,,,,,,,,,0.0,0.0,0.0,0.0,-19.91,,,,,,Master only (1),-19.9,,,,,,0.0,,,,0.0,0.0,,0.0
-19.9,19.9,2.10701,1.00469056e+06,30.0,0.0,0.0,0.0,0.0,0.0,0.0,0.0,0.0,3.0,,22.753576,,,,,,,,,0.0,0.0,0.0,0.0,-19.9,,,,,,Master only (1),-19.9,,,,,,0.0,,,,0.0,0.0,,0.0
-19.89,19.89,2.10701,1.00469056e+06,30.0,0.0,0.0,0.0,0.0,0.0,0.0,0.0,0.0,3.0,,22.760551,,,,,,,,,0.0,0.0,0.0,0.0,-19.89,,,,,,Master only (1),-19.9,,,,,,0.0,,,,0.0,0.0,,0.0
-19.88,19.88,2.10701,1.00469056e+06,30.0,0.0,0.0,0.0,0.0,0.0,0.0,0.0,0.0,3.0,,22.76752,,,,,,,,,0.0,0.0,0.0,0.0,-19.88,,,,,,Master only (1),-19.9,,,,,,0.0,,,,0.0,0.0,,0.0
-19.87,19.87,2.10701,1.00469056e+06,30.0,0.0,0.0,0.0,0.0,0.0,0.0,0.0,0.0,3.0,,22.774494,,,,,,,,,0.0,0.0,0.0,0.0,-19.87,,,,,,Master only (1),-19.9,,,,,,0.0,,,,0.0,0.0,,0.0
-19.86,19.86,2.10701,1.00469056e+06,30.0,0.0,0.0,0.0,0.0,0.0,0.0,0.0,0.0,3.0,,22.781477,,,,,,,,,0.0,0.0,0.0,0.0,-19.86,,,,,,Master only (1),-19.9,,,,,,0.0,,,,0.0,0.0,,0.0
-19.85,19.85,2.10701,1.00469056e+06,30.0,0.0,0.0,0.0,0.0,0.0,0.0,0.0,0.0,3.0,,22.788462,,,,,,,,,0.0,0.0,0.0,0.0,-19.85,,,,,,Master only (1),-19.9,,,,,,0.0,,,,0.0,0.0,,0.0
-19.84,19.84,2.10701,1.00469056e+06,30.0,0.0,0.0,0.0,0.0,0.0,0.0,0.0,0.0,3.0,,22.795437,,,,,,,,,0.0,0.0,0.0,0.0,-19.84,,,,,,Master only (1),-19.8,,,,,,0.0,,,,0.0,0.0,,0.0
-19.83,19.83,2.10701,1.00469056e+06,30.0,0.0,0.0,0.0,0.0,0.0,0.0,0.0,0.0,3.0,,22.802423,,,,,,,,,0.0,0.0,0.0,0.0,-19.83,,,,,,Master only (1),-19.8,,,,,,0.0,,,,0.0,0.0,,0.0
-19.82,19.82,2.10701,1.00469056e+06,30.0,0.0,0.0,0.0,0.0,0.0,0.0,0.0,0.0,3.0,,22.809416,,,,,,,,,0.0,0.0,0.0,0.0,-19.82,,,,,,Master only (1),-19.8,,,,,,0.0,,,,0.0,0.0,,0.0
-19.81,19.81,2.10701,1.00469056e+06,30.0,0.0,0.0,0.0,0.0,0.0,0.0,0.0,0.0,3.0,,22.8164,,,,,,,,,0.0,0.0,0.0,0.0,-19.81,,,,,,Master only (1),-19.8,,,,,,0.0,,,,0.0,0.0,,0.0
-19.8,19.8,2.10701,1.00469056e+06,30.0,0.0,0.0,0.0,0.0,0.0,0.0,0.0,0.0,3.0,,22.82339,,,,,,,,,0.0,0.0,0.0,0.0,-19.8,,,,,,Master only (1),-19.8,,,,,,0.0,,,,0.0,0.0,,0.0
-19.79,19.79,2.10701,1.00469056e+06,30.0,0.0,0.0,0.0,0.0,0.0,0.0,0.0,0.0,3.0,,22.830385,,,,,,,,,0.0,0.0,0.0,0.0,-19.79,,,,,,Master only (1),-19.8,,,,,,0.0,,,,0.0,0.0,,0.0
-19.78,19.78,2.10701,1.00469056e+06,30.0,0.0,0.0,0.0,0.0,0.0,0.0,0.0,0.0,3.0,,22.837383,,,,,,,,,0.0,0.0,0.0,0.0,-19.78,,,,,,Master only (1),-19.8,,,,,,0.0,,,,0.0,0.0,,0.0
-19.77,19.77,2.10701,1.00469056e+06,30.0,0.0,0.0,0.0,0.0,0.0,0.0,0.0,0.0,3.0,,22.844381,,,,,,,,,0.0,0.0,0.0,0.0,-19.77,,,,,,Master only (1),-19.8,,,,,,0.0,,,,0.0,0.0,,0.0
-19.76,19.76,2.10701,1.00469056e+06,30.0,0.0,0.0,0.0,0.0,0.0,0.0,0.0,0.0,3.0,,22.851385,,,,,,,,,0.0,0.0,0.0,0.0,-19.76,,,,,,Master only (1),-19.8,,,,,,0.0,,,,0.0,0.0,,0.0
-19.75,19.75,2.10701,1.00469056e+06,30.0,0.0,0.0,0.0,0.0,0.0,0.0,0.0,0.0,3.0,,22.858376,,,,,,,,,0.0,0.0,0.0,0.0,-19.75,,,,,,Master only (1),-19.7,,,,,,0.0,,,,0.0,0.0,,0.0
-19.74,19.74,2.10701,1.00469056e+06,30.0,0.0,0.0,0.0,0.0,0.0,0.0,0.0,0.0,3.0,,22.865393,,,,,,,,,0.0,0.0,0.0,0.0,-19.74,,,,,,Master only (1),-19.7,,,,,,0.0,,,,0.0,0.0,,0.0
-19.73,19.73,2.10701,1.00469056e+06,30.0,0.0,0.0,0.0,0.0,0.0,0.0,0.0,0.0,3.0,,22.872395,,,,,,,,,0.0,0.0,0.0,0.0,-19.73,,,,,,Master only (1),-19.7,,,,,,0.0,,,,0.0,0.0,,0.0
-19.72,19.72,2.10701,1.00469056e+06,30.0,0.0,0.0,0.0,0.0,0.0,0.0,0.0,0.0,3.0,,22.879404,,,,,,,,,0.0,0.0,0.0,0.0,-19.72,,,,,,Master only (1),-19.7,,,,,,0.0,,,,0.0,0.0,,0.0
-19.71,19.71,2.10701,1.00469056e+06,30.0,0.0,0.0,0.0,0.0,0.0,0.0,0.0,0.0,3.0,,22.886414,,,,,,,,,0.0,0.0,0.0,0.0,-19.71,,,,,,Master only (1),-19.7,,,,,,0.0,,,,0.0,0.0,,0.0
-19.7,19.7,2.10701,1.00469056e+06,30.0,0.0,0.0,0.0,0.0,0.0,0.0,0.0,0.0,3.0,,22.893425,,,,,,,,,0.0,0.0,0.0,0.0,-19.7,,,,,,Master only (1),-19.7,,,,,,0.0,,,,0.0,0.0,,0.0
-19.69,19.69,2.10701,1.00469056e+06,30.0,0.0,0.0,0.0,0.0,0.0,0.0,0.0,0.0,3.0,,22.900436,,,,,,,,,0.0,0.0,0.0,0.0,-19.69,,,,,,Master only (1),-19.7,,,,,,0.0,,,,0.0,0.0,,0.0
-19.68,19.68,2.10701,1.00469056e+06,30.0,0.0,0.0,0.0,0.0,0.0,0.0,0.0,0.0,3.0,,22.907455,,,,,,,,,0.0,0.0,0.0,0.0,-19.68,,,,,,Master only (1),-19.7,,,,,,0.0,,,,0.0,0.0,,0.0
-19.67,19.67,2.10701,1.00469056e+06,30.0,0.0,0.0,0.0,0.0,0.0,0.0,0.0,0.0,3.0,,22.91448,,,,,,,,,0.0,0.0,0.0,0.0,-19.67,,,,,,Master only (1),-19.7,,,,,,0.0,,,,0.0,0.0,,0.0
-19.66,19.66,2.10701,1.00469056e+06,30.0,0.0,0.0,0.0,0.0,0.0,0.0,0.0,0.0,3.0,,22.921495,,,,,,,,,0.0,0.0,0.0,0.0,-19.66,,,,,,Master only (1),-19.7,,,,,,0.0,,,,0.0,0.0,,0.0
-19.65,19.65,2.10701,1.00469056e+06,30.0,0.0,0.0,0.0,0.0,0.0,0.0,0.0,0.0,3.0,,22.928516,,,,,,,,,0.0,0.0,0.0,0.0,-19.65,,,,,,Master only (1),-19.6,,,,,,0.0,,,,0.0,0.0,,0.0
-19.64,19.64,2.10701,1.00469056e+06,30.0,0.0,0.0,0.0,0.0,0.0,0.0,0.0,0.0,3.0,,22.93555,,,,,,,,,0.0,0.0,0.0,0.0,-19.64,,,,,,Master only (1),-19.6,,,,,,0.0,,,,0.0,0.0,,0.0
-19.63,19.63,2.10701,1.00469056e+06,30.0,0.0,0.0,0.0,0.0,0.0,0.0,0.0,0.0,3.0,,22.942574,,,,,,,,,0.0,0.0,0.0,0.0,-19.63,,,,,,Master only (1),-19.6,,,,,,0.0,,,,0.0,0.0,,0.0
-19.62,19.62,2.10701,1.00469056e+06,30.0,0.0,0.0,0.0,0.0,0.0,0.0,0.0,0.0,3.0,,22.949598,,,,,,,,,0.0,0.0,0.0,0.0,-19.62,,,,,,Master only (1),-19.6,,,,,,0.0,,,,0.0,0.0,,0.0
-19.61,19.61,2.10701,1.00469056e+06,30.0,0.0,0.0,0.0,0.0,0.0,0.0,0.0,0.0,3.0,,22.956635,,,,,,,,,0.0,0.0,0.0,0.0,-19.61,,,,,,Master only (1),-19.6,,,,,,0.0,,,,0.0,0.0,,0.0
-19.6,19.6,2.10701,1.00469056e+06,30.0,0.0,0.0,0.0,0.0,0.0,0.0,0.0,0.0,3.0,,22.963667,,,,,,,,,0.0,0.0,0.0,0.0,-19.6,,,,,,Master only (1),-19.6,,,,,,0.0,,,,0.0,0.0,,0.0
-19.59,19.59,2.10701,1.00469056e+06,30.0,0.0,0.0,0.0,0.0,0.0,0.0,0.0,0.0,3.0,,22.970705,,,,,,,,,0.0,0.0,0.0,0.0,-19.59,,,,,,Master only (1),-19.6,,,,,,0.0,,,,0.0,0.0,,0.0
-19.58,19.58,2.10701,1.00469056e+06,30.0,0.0,0.0,0.0,0.0,0.0,0.0,0.0,0.0,3.0,,22.97775,,,,,,,,,0.0,0.0,0.0,0.0,-19.58,,,,,,Master only (1),-19.6,,,,,,0.0,,,,0.0,0.0,,0.0
-19.57,19.57,2.10701,1.00469056e+06,30.0,0.0,0.0,0.0,0.0,0.0,0.0,0.0,0.0,3.0,,22.984781,,,,,,,,,0.0,0.0,0.0,0.0,-19.57,,,,,,Master only (1),-19.6,,,,,,0.0,,,,0.0,0.0,,0.0
-19.56,19.56,2.10701,1.00469056e+06,30.0,0.0,0.0,0.0,0.0,0.0,0.0,0.0,0.0,3.0,,22.991829,,,,,,,,,0.0,0.0,0.0,0.0,-19.56,,,,,,Master only (1),-19.6,,,,,,0.0,,,,0.0,0.0,,0.0
-19.55,19.55,2.10701,1.00469056e+06,30.0,0.0,0.0,0.0,0.0,0.0,0.0,0.0,0.0,3.0,,22.998877,,,,,,,,,0.0,0.0,0.0,0.0,-19.55,,,,,,Master only (1),-19.5,,,,,,0.0,,,,0.0,0.0,,0.0
-19.54,19.54,2.10701,1.00469056e+06,30.0,0.0,0.0,0.0,0.0,0.0,0.0,0.0,0.0,3.0,,23.005915,,,,,,,,,0.0,0.0,0.0,0.0,-19.54,,,,,,Master only (1),-19.5,,,,,,0.0,,,,0.0,0.0,,0.0
-19.53,19.53,2.10701,1.00469056e+06,30.0,0.0,0.0,0.0,0.0,0.0,0.0,0.0,0.0,3.0,,23.01297,,,,,,,,,0.0,0.0,0.0,0.0,-19.53,,,,,,Master only (1),-19.5,,,,,,0.0,,,,0.0,0.0,,0.0
-19.52,19.52,2.10701,1.00469056e+06,30.0,0.0,0.0,0.0,0.0,0.0,0.0,0.0,0.0,3.0,,23.020021,,,,,,,,,0.0,0.0,0.0,0.0,-19.52,,,,,,Master only (1),-19.5,,,,,,0.0,,,,0.0,0.0,,0.0
-19.51,19.51,2.10701,1.00469056e+06,30.0,0.0,0.0,0.0,0.0,0.0,0.0,0.0,0.0,3.0,,23.027079,,,,,,,,,0.0,0.0,0.0,0.0,-19.51,,,,,,Master only (1),-19.5,,,,,,0.0,,,,0.0,0.0,,0.0
-19.5,19.5,2.10701,1.00469056e+06,30.0,0.0,0.0,0.0,0.0,0.0,0.0,0.0,0.0,3.0,,23.034132,,,,,,,,,0.0,0.0,0.0,0.0,-19.5,,,,,,Master only (1),-19.5,,,,,,0.0,,,,0.0,0.0,,0.0
-19.49,19.49,2.10701,1.00469056e+06,30.0,0.0,0.0,0.0,0.0,0.0,0.0,0.0,0.0,3.0,,23.041193,,,,,,,,,0.0,0.0,0.0,0.0,-19.49,,,,,,Master only (1),-19.5,,,,,,0.0,,,,0.0,0.0,,0.0
-19.48,19.48,2.10701,1.00469056e+06,30.0,0.0,0.0,0.0,0.0,0.0,0.0,0.0,0.0,3.0,,23.048254,,,,,,,,,0.0,0.0,0.0,0.0,-19.48,,,,,,Master only (1),-19.5,,,,,,0.0,,,,0.0,0.0,,0.0
-19.47,19.47,2.10701,1.00469056e+06,30.0,0.0,0.0,0.0,0.0,0.0,0.0,0.0,0.0,3.0,,23.055315,,,,,,,,,0.0,0.0,0.0,0.0,-19.47,,,,,,Master only (1),-19.5,,,,,,0.0,,,,0.0,0.0,,0.0
-19.46,19.46,2.10701,1.00469056e+06,30.0,0.0,0.0,0.0,0.0,0.0,0.0,0.0,0.0,3.0,,23.062378,,,,,,,,,0.0,0.0,0.0,0.0,-19.46,,,,,,Master only (1),-19.5,,,,,,0.0,,,,0.0,0.0,,0.0
-19.45,19.45,2.10701,1.00469056e+06,30.0,0.0,0.0,0.0,0.0,0.0,0.0,0.0,0.0,3.0,,23.069443,,,,,,,,,0.0,0.0,0.0,0.0,-19.45,,,,,,Master only (1),-19.5,,,,,,0.0,,,,0.0,0.0,,0.0
-19.44,19.44,2.10701,1.00469056e+06,30.0,0.0,0.0,0.0,0.0,0.0,0.0,0.0,0.0,3.0,,23.076513,,,,,,,,,0.0,0.0,0.0,0.0,-19.44,,,,,,Master only (1),-19.4,,,,,,0.0,,,,0.0,0.0,,0.0
-19.43,19.43,2.10701,1.00469056e+06,30.0,0.0,0.0,0.0,0.0,0.0,0.0,0.0,0.0,3.0,,23.08358,,,,,,,,,0.0,0.0,0.0,0.0,-19.43,,,,,,Master only (1),-19.4,,,,,,0.0,,,,0.0,0.0,,0.0
-19.42,19.42,2.10701,1.00469056e+06,30.0,0.0,0.0,0.0,0.0,0.0,0.0,0.0,0.0,3.0,,23.090662,,,,,,,,,0.0,0.0,0.0,0.0,-19.42,,,,,,Master only (1),-19.4,,,,,,0.0,,,,0.0,0.0,,0.0
-19.41,19.41,2.10701,1.00469056e+06,30.0,0.0,0.0,0.0,0.0,0.0,0.0,0.0,0.0,3.0,,23.097736,,,,,,,,,0.0,0.0,0.0,0.0,-19.41,,,,,,Master only (1),-19.4,,,,,,0.0,,,,0.0,0.0,,0.0
-19.4,19.4,2.10701,1.00469056e+06,30.0,0.0,0.0,0.0,0.0,0.0,0.0,0.0,0.0,3.0,,23.10481,,,,,,,,,0.0,0.0,0.0,0.0,-19.4,,,,,,Master only (1),-19.4,,,,,,0.0,,,,0.0,0.0,,0.0
-19.39,19.39,2.10701,1.00469056e+06,30.0,0.0,0.0,0.0,0.0,0.0,0.0,0.0,0.0,3.0,,23.111897,,,,,,,,,0.0,0.0,0.0,0.0,-19.39,,,,,,Master only (1),-19.4,,,,,,0.0,,,,0.0,0.0,,0.0
-19.38,19.38,2.10701,1.00469056e+06,30.0,0.0,0.0,0.0,0.0,0.0,0.0,0.0,0.0,3.0,,23.118975,,,,,,,,,0.0,0.0,0.0,0.0,-19.38,,,,,,Master only (1),-19.4,,,,,,0.0,,,,0.0,0.0,,0.0
-19.37,19.37,2.10701,1.00469056e+06,30.0,0.0,0.0,0.0,0.0,0.0,0.0,0.0,0.0,3.0,,23.126053,,,,,,,,,0.0,0.0,0.0,0.0,-19.37,,,,,,Master only (1),-19.4,,,,,,0.0,,,,0.0,0.0,,0.0
-19.36,19.36,2.10701,1.00469056e+06,30.0,0.0,0.0,0.0,0.0,0.0,0.0,0.0,0.0,3.0,,23.133148,,,,,,,,,0.0,0.0,0.0,0.0,-19.36,,,,,,Master only (1),-19.4,,,,,,0.0,,,,0.0,0.0,,0.0
-19.35,19.35,2.10701,1.00469056e+06,30.0,0.0,0.0,0.0,0.0,0.0,0.0,0.0,0.0,3.0,,23.140228,,,,,,,,,0.0,0.0,0.0,0.0,-19.35,,,,,,Master only (1),-19.4,,,,,,0.0,,,,0.0,0.0,,0.0
-19.34,19.34,2.10701,1.00469056e+06,30.0,0.0,0.0,0.0,0.0,0.0,0.0,0.0,0.0,3.0,,23.147326,,,,,,,,,0.0,0.0,0.0,0.0,-19.34,,,,,,Master only (1),-19.3,,,,,,0.0,,,,0.0,0.0,,0.0
-19.33,19.33,2.10701,1.00469056e+06,30.0,0.0,0.0,0.0,0.0,0.0,0.0,0.0,0.0,3.0,,23.154413,,,,,,,,,0.0,0.0,0.0,0.0,-19.33,,,,,,Master only (1),-19.3,,,,,,0.0,,,,0.0,0.0,,0.0
-19.32,19.32,2.10701,1.00469056e+06,30.0,0.0,0.0,0.0,0.0,0.0,0.0,0.0,0.0,3.0,,23.161512,,,,,,,,,0.0,0.0,0.0,0.0,-19.32,,,,,,Master only (1),-19.3,,,,,,0.0,,,,0.0,0.0,,0.0
-19.31,19.31,2.10701,1.00469056e+06,30.0,0.0,0.0,0.0,0.0,0.0,0.0,0.0,0.0,3.0,,23.168612,,,,,,,,,0.0,0.0,0.0,0.0,-19.31,,,,,,Master only (1),-19.3,,,,,,0.0,,,,0.0,0.0,,0.0
-19.3,19.3,2.10701,1.00469056e+06,30.0,0.0,0.0,0.0,0.0,0.0,0.0,0.0,0.0,3.0,,23.175703,,,,,,,,,0.0,0.0,0.0,0.0,-19.3,,,,,,Master only (1),-19.3,,,,,,0.0,,,,0.0,0.0,,0.0
-19.29,19.29,2.10701,1.00469056e+06,30.0,0.0,0.0,0.0,0.0,0.0,0.0,0.0,0.0,3.0,,23.182812,,,,,,,,,0.0,0.0,0.0,0.0,-19.29,,,,,,Master only (1),-19.3,,,,,,0.0,,,,0.0,0.0,,0.0
-19.28,19.28,2.10701,1.00469056e+06,30.0,0.0,0.0,0.0,0.0,0.0,0.0,0.0,0.0,3.0,,23.189915,,,,,,,,,0.0,0.0,0.0,0.0,-19.28,,,,,,Master only (1),-19.3,,,,,,0.0,,,,0.0,0.0,,0.0
-19.27,19.27,2.10701,1.00469056e+06,30.0,0.0,0.0,0.0,0.0,0.0,0.0,0.0,0.0,3.0,,23.197014,,,,,,,,,0.0,0.0,0.0,0.0,-19.27,,,,,,Master only (1),-19.3,,,,,,0.0,,,,0.0,0.0,,0.0
-19.26,19.26,2.10701,1.00469056e+06,30.0,0.0,0.0,0.0,0.0,0.0,0.0,0.0,0.0,3.0,,23.204124,,,,,,,,,0.0,0.0,0.0,0.0,-19.26,,,,,,Master only (1),-19.3,,,,,,0.0,,,,0.0,0.0,,0.0
-19.25,19.25,2.10701,1.00469056e+06,30.0,0.0,7.406664,0.0,1.0323001,0.0,0.9375731,0.0,33.086998,2.0,,12.904942,,12.904942,12.904942,,9.525606,,0.07520606,171.59444,1.0,0.0,0.0,2001.0,-19.25,,15.0,,,,Master only (1),-19.2,,15.0,12.90982,12.90982,,33.086998,3.4991405,-2.6193779,-1.1492227,129.07379,0.0,0.0,1.0
-19.24,19.24,2.10701,1.00469056e+06,30.0,0.0,7.406812,0.0,1.0322555,0.0,0.93757945,0.0,33.089138,2.0,,12.90548,,12.90548,12.90548,,9.525825,,0.07520434,171.60551,1.0,0.0,0.0,2001.0,-19.24,,15.0,,,,Master only (1),-19.2,,15.0,12.90982,12.90982,,33.089138,3.499205,-2.6193779,-1.1492227,129.07379,0.0,0.0,1.0
-19.23,19.23,2.10701,1.00469056e+06,30.0,0.0,7.4069633,0.0,1.0322111,0.0,0.93758595,0.0,33.09132,2.0,,12.906029,,12.906029,12.906029,,9.526048,,0.07520258,171.61684,1.0,0.0,0.0,2001.0,-19.23,,15.0,,,,Master only (1),-19.2,,15.0,12.90982,12.90982,,33.09132,3.499271,-2.6193779,-1.1492227,129.07379,0.0,0.0,1.0
-19.22,19.22,2.10701,1.00469056e+06,30.0,0.0,7.4071116,0.0,1.0321665,0.0,0.9375923,0.0,33.093456,2.0,,12.906567,,12.906567,12.906567,,9.526266,,0.075200856,171.62793,1.0,0.0,0.0,2001.0,-19.22,,15.0,,,,Master only (1),-19.2,,15.0,12.90982,12.90982,,33.093456,3.4993355,-2.6193779,-1.1492227,129.07379,0.0,0.0,1.0
-19.21,19.21,2.10701,1.00469056e+06,30.0,0.0,7.407268,0.0,1.0321223,0.0,0.93759906,0.0,33.095715,2.0,,12.907135,,12.907135,12.907135,,9.526496,,0.07519904,171.63963,1.0,0.0,0.0,2001.0,-19.21,,15.0,,,,Master only (1),-19.2,,15.0,12.90982,12.90982,,33.095715,3.4994037,-2.6193779,-1.1492227,129.07379,0.0,0.0,1.0
-19.2,19.2,2.10701,1.00469056e+06,30.0,0.0,7.4074035,0.0,1.0320771,0.0,0.9376049,0.0,33.097668,2.0,,12.907626,,12.907626,12.907626,,9.526696,,0.07519746,171.64977,1.0,0.0,0.0,2001.0,-19.2,,15.0,1.4756932,2.1254377,0.9650809,Matched (3),-19.2,,15.0,12.90982,12.90982,,33.097668,3.4994628,-2.6193779,-1.1492227,129.07379,0.0,0.0,1.0
-19.19,19.19,2.10701,1.00469056e+06,30.0,0.0,7.407553,0.0,1.0320326,0.0,0.93761134,0.0,33.099827,2.0,,12.90817,,12.90817,12.90817,,9.5269165,,0.07519572,171.66096,1.0,0.0,0.0,2001.0,-19.19,,15.0,,,,Master only (1),-19.2,,15.0,12.90982,12.90982,,33.099827,3.499528,-2.6193779,-1.1492227,129.07379,0.0,0.0,1.0
-19.18,19.18,2.10701,1.00469056e+06,30.0,0.0,7.4077067,0.0,1.0319883,0.0,0.93761796,0.0,33.102043,2.0,,12.908728,,12.908728,12.908728,,9.527143,,0.075193934,171.67245,1.0,0.0,0.0,2001.0,-19.18,,15.0,,,,Master only (1),-19.2,,15.0,12.90982,12.90982,,33.102043,3.499595,-2.6193779,-1.1492227,129.07379,0.0,0.0,1.0
-19.17,19.17,2.10701,1.00469056e+06,30.0,0.0,7.407862,0.0,1.031944,0.0,0.93762463,0.0,33.104286,2.0,,12.909292,,12.909292,12.909292,,9.527371,,0.07519213,171.68408,1.0,0.0,0.0,2001.0,-19.17,,15.0,,,,Master only (1),-19.2,,15.0,12.90982,12.90982,,33.104286,3.4996629,-2.6193779,-1.1492227,129.07379,0.0,0.0,1.0
-19.16,19.16,2.10701,1.00469056e+06,30.0,0.0,7.4080076,0.0,1.0318993,0.0,0.9376309,0.0,33.106384,2.0,,12.90982,,12.90982,12.90982,,9.527586,,0.07519044,171.69496,1.0,0.0,0.0,2001.0,-19.16,,15.0,,,,Master only (1),-19.2,,15.0,12.90982,12.90982,,33.106384,3.499726,-2.6193779,-1.1492227,129.07379,0.0,0.0,1.0
-19.15,19.15,2.10701,1.00469056e+06,30.0,0.0,0.0,0.0,0.0,0.0,0.0,0.0,0.0,3.0,,23.282455,,,,,,,,,0.0,0.0,0.0,0.0,-19.15,,,,,,Master only (1),-19.1,,,,,,0.0,,,,0.0,0.0,,0.0
-19.14,19.14,2.10701,1.00469056e+06,30.0,0.0,0.0,0.0,0.0,0.0,0.0,0.0,0.0,3.0,,23.28959,,,,,,,,,0.0,0.0,0.0,0.0,-19.14,,,,,,Master only (1),-19.1,,,,,,0.0,,,,0.0,0.0,,0.0
-19.13,19.13,2.10701,1.00469056e+06,30.0,0.0,0.0,0.0,0.0,0.0,0.0,0.0,0.0,3.0,,23.296732,,,,,,,,,0.0,0.0,0.0,0.0,-19.13,,,,,,Master only (1),-19.1,,,,,,0.0,,,,0.0,0.0,,0.0
-19.12,19.12,2.10701,1.00469056e+06,30.0,0.0,0.0,0.0,0.0,0.0,0.0,0.0,0.0,3.0,,23.30387,,,,,,,,,0.0,0.0,0.0,0.0,-19.12,,,,,,Master only (1),-19.1,,,,,,0.0,,,,0.0,0.0,,0.0
-19.11,19.11,2.10701,1.00469056e+06,30.0,0.0,0.0,0.0,0.0,0.0,0.0,0.0,0.0,3.0,,23.311007,,,,,,,,,0.0,0.0,0.0,0.0,-19.11,,,,,,Master only (1),-19.1,,,,,,0.0,,,,0.0,0.0,,0.0
-19.1,19.1,2.10701,1.00469056e+06,30.0,0.0,0.0,0.0,0.0,0.0,0.0,0.0,0.0,3.0,,23.318151,,,,,,,,,0.0,0.0,0.0,0.0,-19.1,,,,,,Master only (1),-19.1,,,,,,0.0,,,,0.0,0.0,,0.0
-19.09,19.09,2.10701,1.00469056e+06,30.0,0.0,0.0,0.0,0.0,0.0,0.0,0.0,0.0,3.0,,23.32529,,,,,,,,,0.0,0.0,0.0,0.0,-19.09,,,,,,Master only (1),-19.1,,,,,,0.0,,,,0.0,0.0,,0.0
-19.08,19.08,2.10701,1.00469056e+06,30.0,0.0,0.0,0.0,0.0,0.0,0.0,0.0,0.0,3.0,,23.332449,,,,,,,,,0.0,0.0,0.0,0.0,-19.08,,,,,,Master only (1),-19.1,,,,,,0.0,,,,0.0,0.0,,0.0
-19.07,19.07,2.10701,1.00469056e+06,30.0,0.0,0.0,0.0,0.0,0.0,0.0,0.0,0.0,3.0,,23.33959,,,,,,,,,0.0,0.0,0.0,0.0,-19.07,,,,,,Master only (1),-19.1,,,,,,0.0,,,,0.0,0.0,,0.0
-19.06,19.06,2.10701,1.00469056e+06,30.0,0.0,0.0,0.0,0.0,0.0,0.0,0.0,0.0,3.0,,23.346745,,,,,,,,,0.0,0.0,0.0,0.0,-19.06,,,,,,Master only (1),-19.1,,,,,,0.0,,,,0.0,0.0,,0.0
-19.05,19.05,2.10701,1.00469056e+06,30.0,0.0,0.0,0.0,0.0,0.0,0.0,0.0,0.0,3.0,,23.353895,,,,,,,,,0.0,0.0,0.0,0.0,-19.05,,,,,,Master only (1),-19.0,,,,,,0.0,,,,0.0,0.0,,0.0
-19.04,19.04,2.10701,1.00469056e+06,30.0,0.0,0.0,0.0,0.0,0.0,0.0,0.0,0.0,3.0,,23.361052,,,,,,,,,0.0,0.0,0.0,0.0,-19.04,,,,,,Master only (1),-19.0,,,,,,0.0,,,,0.0,0.0,,0.0
-19.03,19.03,2.10701,1.00469056e+06,30.0,0.0,0.0,0.0,0.0,0.0,0.0,0.0,0.0,3.0,,23.368214,,,,,,,,,0.0,0.0,0.0,0.0,-19.03,,,,,,Master only (1),-19.0,,,,,,0.0,,,,0.0,0.0,,0.0
-19.02,19.02,2.10701,1.00469056e+06,30.0,0.0,0.0,0.0,0.0,0.0,0.0,0.0,0.0,3.0,,23.375378,,,,,,,,,0.0,0.0,0.0,0.0,-19.02,,,,,,Master only (1),-19.0,,,,,,0.0,,,,0.0,0.0,,0.0
-19.01,19.01,2.10701,1.00469056e+06,30.0,0.0,0.0,0.0,0.0,0.0,0.0,0.0,0.0,3.0,,23.382532,,,,,,,,,0.0,0.0,0.0,0.0,-19.01,,,,,,Master only (1),-19.0,,,,,,0.0,,,,0.0,0.0,,0.0
-19.0,19.0,2.10701,1.00469056e+06,30.0,0.0,0.0,0.0,0.0,0.0,0.0,0.0,0.0,3.0,,23.389698,,,,,,,,,0.0,0.0,0.0,0.0,-19.0,,,,,,Master only (1),-19.0,,,,,,0.0,,,,0.0,0.0,,0.0
-18.99,18.99,2.10701,1.00469056e+06,30.0,0.0,0.0,0.0,0.0,0.0,0.0,0.0,0.0,3.0,,23.39687,,,,,,,,,0.0,0.0,0.0,0.0,-18.99,,,,,,Master only (1),-19.0,,,,,,0.0,,,,0.0,0.0,,0.0
-18.98,18.98,2.10701,1.00469056e+06,30.0,0.0,0.0,0.0,0.0,0.0,0.0,0.0,0.0,3.0,,23.404037,,,,,,,,,0.0,0.0,0.0,0.0,-18.98,,,,,,Master only (1),-19.0,,,,,,0.0,,,,0.0,0.0,,0.0
-18.97,18.97,2.10701,1.00469056e+06,30.0,0.0,0.0,0.0,0.0,0.0,0.0,0.0,0.0,3.0,,23.411207,,,,,,,,,0.0,0.0,0.0,0.0,-18.97,,,,,,Master only (1),-19.0,,,,,,0.0,,,,0.0,0.0,,0.0
-18.96,18.96,2.10701,1.00469056e+06,30.0,0.0,0.0,0.0,0.0,0.0,0.0,0.0,0.0,3.0,,23.418383,,,,,,,,,0.0,0.0,0.0,0.0,-18.96,,,,,,Master only (1),-19.0,,,,,,0.0,,,,0.0,0.0,,0.0
-18.95,18.95,2.10701,1.00469056e+06,30.0,0.0,0.0,0.0,0.0,0.0,0.0,0.0,0.0,3.0,,23.42556,,,,,,,,,0.0,0.0,0.0,0.0,-18.95,,,,,,Master only (1),-19.0,,,,,,0.0,,,,0.0,0.0,,0.0
-18.94,18.94,2.10701,1.00469056e+06,30.0,0.0,0.0,0.0,0.0,0.0,0.0,0.0,0.0,3.0,,23.432737,,,,,,,,,0.0,0.0,0.0,0.0,-18.94,,,,,,Master only (1),-18.9,,,,,,0.0,,,,0.0,0.0,,0.0
-18.93,18.93,2.10701,1.00469056e+06,30.0,0.0,0.0,0.0,0.0,0.0,0.0,0.0,0.0,3.0,,23.439917,,,,,,,,,0.0,0.0,0.0,0.0,-18.93,,,,,,Master only (1),-18.9,,,,,,0.0,,,,0.0,0.0,,0.0
-18.92,18.92,2.10701,1.00469056e+06,30.0,0.0,0.0,0.0,0.0,0.0,0.0,0.0,0.0,3.0,,23.447096,,,,,,,,,0.0,0.0,0.0,0.0,-18.92,,,,,,Master only (1),-18.9,,,,,,0.0,,,,0.0,0.0,,0.0
-18.91,18.91,2.10701,1.00469056e+06,30.0,0.0,0.0,0.0,0.0,0.0,0.0,0.0,0.0,3.0,,23.454283,,,,,,,,,0.0,0.0,0.0,0.0,-18.91,,,,,,Master only (1),-18.9,,,,,,0.0,,,,0.0,0.0,,0.0
-18.9,18.9,2.10701,1.00469056e+06,30.0,0.0,0.0,0.0,0.0,0.0,0.0,0.0,0.0,3.0,,23.461466,,,,,,,,,0.0,0.0,0.0,0.0,-18.9,,,,,,Master only (1),-18.9,,,,,,0.0,,,,0.0,0.0,,0.0
-18.89,18.89,2.10701,1.00469056e+06,30.0,0.0,0.0,0.0,0.0,0.0,0.0,0.0,0.0,3.0,,23.468664,,,,,,,,,0.0,0.0,0.0,0.0,-18.89,,,,,,Master only (1),-18.9,,,,,,0.0,,,,0.0,0.0,,0.0
-18.88,18.88,2.10701,1.00469056e+06,30.0,0.0,0.0,0.0,0.0,0.0,0.0,0.0,0.0,3.0,,23.47585,,,,,,,,,0.0,0.0,0.0,0.0,-18.88,,,,,,Master only (1),-18.9,,,,,,0.0,,,,0.0,0.0,,0.0
-18.87,18.87,2.10701,1.00469056e+06,30.0,0.0,0.0,0.0,0.0,0.0,0.0,0.0,0.0,3.0,,23.48304,,,,,,,,,0.0,0.0,0.0,0.0,-18.87,,,,,,Master only (1),-18.9,,,,,,0.0,,,,0.0,0.0,,0.0
-18.86,18.86,2.10701,1.00469056e+06,30.0,0.0,0.0,0.0,0.0,0.0,0.0,0.0,0.0,3.0,,23.490242,,,,,,,,,0.0,0.0,0.0,0.0,-18.86,,,,,,Master only (1),-18.9,,,,,,0.0,,,,0.0,0.0,,0.0
-18.85,18.85,2.10701,1.00469056e+06,30.0,0.0,0.0,0.0,0.0,0.0,0.0,0.0,0.0,3.0,,23.497435,,,,,,,,,0.0,0.0,0.0,0.0,-18.85,,,,,,Master only (1),-18.9,,,,,,0.0,,,,0.0,0.0,,0.0
-18.84,18.84,2.10701,1.00469056e+06,30.0,0.0,0.0,0.0,0.0,0.0,0.0,0.0,0.0,3.0,,23.504635,,,,,,,,,0.0,0.0,0.0,0.0,-18.84,,,,,,Master only (1),-18.8,,,,,,0.0,,,,0.0,0.0,,0.0
-18.83,18.83,2.10701,1.00469056e+06,30.0,0.0,0.0,0.0,0.0,0.0,0.0,0.0,0.0,3.0,,23.51184,,,,,,,,,0.0,0.0,0.0,0.0,-18.83,,,,,,Master only (1),-18.8,,,,,,0.0,,,,0.0,0.0,,0.0
-18.82,18.82,2.10701,1.00469056e+06,30.0,0.0,0.0,0.0,0.0,0.0,0.0,0.0,0.0,3.0,,23.519041,,,,,,,,,0.0,0.0,0.0,0.0,-18.82,,,,,,Master only (1),-18.8,,,,,,0.0,,,,0.0,0.0,,0.0
-18.81,18.81,2.10701,1.00469056e+06,30.0,0.0,0.0,0.0,0.0,0.0,0.0,0.0,0.0,3.0,,23.526249,,,,,,,,,0.0,0.0,0.0,0.0,-18.81,,,,,,Master only (1),-18.8,,,,,,0.0,,,,0.0,0.0,,0.0
-18.8,18.8,2.10701,1.00469056e+06,30.0,0.0,0.0,0.0,0.0,0.0,0.0,0.0,0.0,3.0,,23.533464,,,,,,,,,0.0,0.0,0.0,0.0,-18.8,,,,,,Master only (1),-18.8,,,,,,0.0,,,,0.0,0.0,,0.0
-18.79,18.79,2.10701,1.00469056e+06,30.0,0.0,0.0,0.0,0.0,0.0,0.0,0.0,0.0,3.0,,23.540668,,,,,,,,,0.0,0.0,0.0,0.0,-18.79,,,,,,Master only (1),-18.8,,,,,,0.0,,,,0.0,0.0,,0.0
-18.78,18.78,2.10701,1.00469056e+06,30.0,0.0,0.0,0.0,0.0,0.0,0.0,0.0,0.0,3.0,,23.547886,,,,,,,,,0.0,0.0,0.0,0.0,-18.78,,,,,,Master only (1),-18.8,,,,,,0.0,,,,0.0,0.0,,0.0
-18.77,18.77,2.10701,1.00469056e+06,30.0,0.0,0.0,0.0,0.0,0.0,0.0,0.0,0.0,3.0,,23.555094,,,,,,,,,0.0,0.0,0.0,0.0,-18.77,,,,,,Master only (1),-18.8,,,,,,0.0,,,,0.0,0.0,,0.0
-18.76,18.76,2.10701,1.00469056e+06,30.0,0.0,0.0,0.0,0.0,0.0,0.0,0.0,0.0,3.0,,23.562317,,,,,,,,,0.0,0.0,0.0,0.0,-18.76,,,,,,Master only (1),-18.8,,,,,,0.0,,,,0.0,0.0,,0.0
-18.75,18.75,2.10701,1.00469056e+06,30.0,0.0,0.0,0.0,0.0,0.0,0.0,0.0,0.0,3.0,,23.569536,,,,,,,,,0.0,0.0,0.0,0.0,-18.75,,,,,,Master only (1),-18.7,,,,,,0.0,,,,0.0,0.0,,0.0
-18.74,18.74,2.10701,1.00469056e+06,30.0,0.0,0.0,0.0,0.0,0.0,0.0,0.0,0.0,3.0,,23.576763,,,,,,,,,0.0,0.0,0.0,0.0,-18.74,,,,,,Master only (1),-18.7,,,,,,0.0,,,,0.0,0.0,,0.0
-18.73,18.73,2.10701,1.00469056e+06,30.0,0.0,0.0,0.0,0.0,0.0,0.0,0.0,0.0,3.0,,23.583984,,,,,,,,,0.0,0.0,0.0,0.0,-18.73,,,,,,Master only (1),-18.7,,,,,,0.0,,,,0.0,0.0,,0.0
-18.72,18.72,2.10701,1.00469056e+06,30.0,0.0,0.0,0.0,0.0,0.0,0.0,0.0,0.0,3.0,,23.591213,,,,,,,,,0.0,0.0,0.0,0.0,-18.72,,,,,,Master only (1),-18.7,,,,,,0.0,,,,0.0,0.0,,0.0
-18.71,18.71,2.10701,1.00469056e+06,30.0,0.0,0.0,0.0,0.0,0.0,0.0,0.0,0.0,3.0,,23.598444,,,,,,,,,0.0,0.0,0.0,0.0,-18.71,,,,,,Master only (1),-18.7,,,,,,0.0,,,,0.0,0.0,,0.0
-18.7,18.7,2.10701,1.00469056e+06,30.0,0.0,0.0,0.0,0.0,0.0,0.0,0.0,0.0,3.0,,23.605663,,,,,,,,,0.0,0.0,0.0,0.0,-18.7,,,,,,Master only (1),-18.7,,,,,,0.0,,,,0.0,0.0,,0.0
-18.69,18.69,2.10701,1.00469056e+06,30.0,0.0,0.0,0.0,0.0,0.0,0.0,0.0,0.0,3.0,,23.612902,,,,,,,,,0.0,0.0,0.0,0.0,-18.69,,,,,,Master only (1),-18.7,,,,,,0.0,,,,0.0,0.0,,0.0
-18.68,18.68,2.10701,1.00469056e+06,30.0,0.0,0.0,0.0,0.0,0.0,0.0,0.0,0.0,3.0,,23.620134,,,,,,,,,0.0,0.0,0.0,0.0,-18.68,,,,,,Master only (1),-18.7,,,,,,0.0,,,,0.0,0.0,,0.0
-18.67,18.67,2.10701,1.00469056e+06,30.0,0.0,0.0,0.0,0.0,0.0,0.0,0.0,0.0,3.0,,23.627378,,,,,,,,,0.0,0.0,0.0,0.0,-18.67,,,,,,Master only (1),-18.7,,,,,,0.0,,,,0.0,0.0,,0.0
-18.66,18.66,2.10701,1.00469056e+06,30.0,0.0,0.0,0.0,0.0,0.0,0.0,0.0,0.0,3.0,,23.634619,,,,,,,,,0.0,0.0,0.0,0.0,-18.66,,,,,,Master only (1),-18.7,,,,,,0.0,,,,0.0,0.0,,0.0
-18.65,18.65,2.10701,1.00469056e+06,30.0,0.0,0.0,0.0,0.0,0.0,0.0,0.0,0.0,3.0,,23.641861,,,,,,,,,0.0,0.0,0.0,0.0,-18.65,,,,,,Master only (1),-18.6,,,,,,0.0,,,,0.0,0.0,,0.0
-18.64,18.64,2.10701,1.00469056e+06,30.0,0.0,0.0,0.0,0.0,0.0,0.0,0.0,0.0,3.0,,23.649103,,,,,,,,,0.0,0.0,0.0,0.0,-18.64,,,,,,Master only (1),-18.6,,,,,,0.0,,,,0.0,0.0,,0.0
-18.63,18.63,2.10701,1.00469056e+06,30.0,0.0,0.0,0.0,0.0,0.0,0.0,0.0,0.0,3.0,,23.656347,,,,,,,,,0.0,0.0,0.0,0.0,-18.63,,,,,,Master only (1),-18.6,,,,,,0.0,,,,0.0,0.0,,0.0
-18.62,18.62,2.10701,1.00469056e+06,30.0,0.0,0.0,0.0,0.0,0.0,0.0,0.0,0.0,3.0,,23.663593,,,,,,,,,0.0,0.0,0.0,0.0,-18.62,,,,,,Master only (1),-18.6,,,,,,0.0,,,,0.0,0.0,,0.0
-18.61,18.61,2.10701,1.00469056e+06,30.0,0.0,0.0,0.0,0.0,0.0,0.0,0.0,0.0,3.0,,23.670849,,,,,,,,,0.0,0.0,0.0,0.0,-18.61,,,,,,Master only (1),-18.6,,,,,,0.0,,,,0.0,0.0,,0.0
-18.6,18.6,2.10701,1.00469056e+06,30.0,0.0,0.0,0.0,0.0,0.0,0.0,0.0,0.0,3.0,,23.678102,,,,,,,,,0.0,0.0,0.0,0.0,-18.6,,,,,,Master only (1),-18.6,,,,,,0.0,,,,0.0,0.0,,0.0
-18.59,18.59,2.10701,1.00469056e+06,30.0,0.0,0.0,0.0,0.0,0.0,0.0,0.0,0.0,3.0,,23.685362,,,,,,,,,0.0,0.0,0.0,0.0,-18.59,,,,,,Master only (1),-18.6,,,,,,0.0,,,,0.0,0.0,,0.0
-18.58,18.58,2.10701,1.00469056e+06,30.0,0.0,0.0,0.0,0.0,0.0,0.0,0.0,0.0,3.0,,23.692616,,,,,,,,,0.0,0.0,0.0,0.0,-18.58,,,,,,Master only (1),-18.6,,,,,,0.0,,,,0.0,0.0,,0.0
-18.57,18.57,2.10701,1.00469056e+06,30.0,0.0,0.0,0.0,0.0,0.0,0.0,0.0,0.0,3.0,,23.699871,,,,,,,,,0.0,0.0,0.0,0.0,-18.57,,,,,,Master only (1),-18.6,,,,,,0.0,,,,0.0,0.0,,0.0
-18.56,18.56,2.10701,1.00469056e+06,30.0,0.0,0.0,0.0,0.0,0.0,0.0,0.0,0.0,3.0,,23.70714,,,,,,,,,0.0,0.0,0.0,0.0,-18.56,,,,,,Master only (1),-18.6,,,,,,0.0,,,,0.0,0.0,,0.0
-18.55,18.55,2.10701,1.00469056e+06,30.0,0.0,0.0,0.0,0.0,0.0,0.0,0.0,0.0,3.0,,23.714407,,,,,,,,,0.0,0.0,0.0,0.0,-18.55,,,,,,Master only (1),-18.5,,,,,,0.0,,,,0.0,0.0,,0.0
-18.54,18.54,2.10701,1.00469056e+06,30.0,0.0,0.0,0.0,0.0,0.0,0.0,0.0,0.0,3.0,,23.721668,,,,,,,,,0.0,0.0,0.0,0.0,-18.54,,,,,,Master only (1),-18.5,,,,,,0.0,,,,0.0,0.0,,0.0
-18.53,18.53,2.10701,1.00469056e+06,30.0,0.0,0.0,0.0,0.0,0.0,0.0,0.0,0.0,3.0,,23.72894,,,,,,,,,0.0,0.0,0.0,0.0,-18.53,,,,,,Master only (1),-18.5,,,,,,0.0,,,,0.0,0.0,,0.0
-18.52,18.52,2.10701,1.00469056e+06,30.0,0.0,0.0,0.0,0.0,0.0,0.0,0.0,0.0,3.0,,23.736206,,,,,,,,,0.0,0.0,0.0,0.0,-18.52,,,,,,Master only (1),-18.5,,,,,,0.0,,,,0.0,0.0,,0.0
-18.51,18.51,2.10701,1.00469056e+06,30.0,0.0,0.0,0.0,0.0,0.0,0.0,0.0,0.0,3.0,,23.743484,,,,,,,,,0.0,0.0,0.0,0.0,-18.51,,,,,,Master only (1),-18.5,,,,,,0.0,,,,0.0,0.0,,0.0
-18.5,18.5,2.10701,1.00469056e+06,30.0,0.0,0.0,0.0,0.0,0.0,0.0,0.0,0.0,3.0,,23.750757,,,,,,,,,0.0,0.0,0.0,0.0,-18.5,,,,,,Master only (1),-18.5,,,,,,0.0,,,,0.0,0.0,,0.0
-18.49,18.49,2.10701,1.00469056e+06,30.0,0.0,0.0,0.0,0.0,0.0,0.0,0.0,0.0,3.0,,23.75804,,,,,,,,,0.0,0.0,0.0,0.0,-18.49,,,,,,Master only (1),-18.5,,,,,,0.0,,,,0.0,0.0,,0.0
-18.48,18.48,2.10701,1.00469056e+06,30.0,0.0,0.0,0.0,0.0,0.0,0.0,0.0,0.0,3.0,,23.76531,,,,,,,,,0.0,0.0,0.0,0.0,-18.48,,,,,,Master only (1),-18.5,,,,,,0.0,,,,0.0,0.0,,0.0
-18.47,18.47,2.10701,1.00469056e+06,30.0,0.0,0.0,0.0,0.0,0.0,0.0,0.0,0.0,3.0,,23.772593,,,,,,,,,0.0,0.0,0.0,0.0,-18.47,,,,,,Master only (1),-18.5,,,,,,0.0,,,,0.0,0.0,,0.0
-18.46,18.46,2.10701,1.00469056e+06,30.0,0.0,0.0,0.0,0.0,0.0,0.0,0.0,0.0,3.0,,23.779882,,,,,,,,,0.0,0.0,0.0,0.0,-18.46,,,,,,Master only (1),-18.5,,,,,,0.0,,,,0.0,0.0,,0.0
-18.45,18.45,2.10701,1.00469056e+06,30.0,0.0,0.0,0.0,0.0,0.0,0.0,0.0,0.0,3.0,,23.787169,,,,,,,,,0.0,0.0,0.0,0.0,-18.45,,,,,,Master only (1),-18.5,,,,,,0.0,,,,0.0,0.0,,0.0
-18.44,18.44,2.10701,1.00469056e+06,30.0,0.0,0.0,0.0,0.0,0.0,0.0,0.0,0.0,3.0,,23.794458,,,,,,,,,0.0,0.0,0.0,0.0,-18.44,,,,,,Master only (1),-18.4,,,,,,0.0,,,,0.0,0.0,,0.0
-18.43,18.43,2.10701,1.00469056e+06,30.0,0.0,0.0,0.0,0.0,0.0,0.0,0.0,0.0,3.0,,23.801746,,,,,,,,,0.0,0.0,0.0,0.0,-18.43,,,,,,Master only (1),-18.4,,,,,,0.0,,,,0.0,0.0,,0.0
-18.42,18.42,2.10701,1.00469056e+06,30.0,0.0,0.0,0.0,0.0,0.0,0.0,0.0,0.0,3.0,,23.80904,,,,,,,,,0.0,0.0,0.0,0.0,-18.42,,,,,,Master only (1),-18.4,,,,,,0.0,,,,0.0,0.0,,0.0
-18.41,18.41,2.10701,1.00469056e+06,30.0,0.0,0.0,0.0,0.0,0.0,0.0,0.0,0.0,3.0,,23.816336,,,,,,,,,0.0,0.0,0.0,0.0,-18.41,,,,,,Master only (1),-18.4,,,,,,0.0,,,,0.0,0.0,,0.0
-18.4,18.4,2.10701,1.00469056e+06,30.0,0.0,0.0,0.0,0.0,0.0,0.0,0.0,0.0,3.0,,23.823631,,,,,,,,,0.0,0.0,0.0,0.0,-18.4,,,,,,Master only (1),-18.4,,,,,,0.0,,,,0.0,0.0,,0.0
-18.39,18.39,2.10701,1.00469056e+06,30.0,0.0,0.0,0.0,0.0,0.0,0.0,0.0,0.0,3.0,,23.830929,,,,,,,,,0.0,0.0,0.0,0.0,-18.39,,,,,,Master only (1),-18.4,,,,,,0.0,,,,0.0,0.0,,0.0
-18.38,18.38,2.10701,1.00469056e+06,30.0,0.0,0.0,0.0,0.0,0.0,0.0,0.0,0.0,3.0,,23.838243,,,,,,,,,0.0,0.0,0.0,0.0,-18.38,,,,,,Master only (1),-18.4,,,,,,0.0,,,,0.0,0.0,,0.0
-18.37,18.37,2.10701,1.00469056e+06,30.0,0.0,0.0,0.0,0.0,0.0,0.0,0.0,0.0,3.0,,23.845543,,,,,,,,,0.0,0.0,0.0,0.0,-18.37,,,,,,Master only (1),-18.4,,,,,,0.0,,,,0.0,0.0,,0.0
-18.36,18.36,2.10701,1.00469056e+06,30.0,0.0,0.0,0.0,0.0,0.0,0.0,0.0,0.0,3.0,,23.85285,,,,,,,,,0.0,0.0,0.0,0.0,-18.36,,,,,,Master only (1),-18.4,,,,,,0.0,,,,0.0,0.0,,0.0
-18.35,18.35,2.10701,1.00469056e+06,30.0,0.0,0.0,0.0,0.0,0.0,0.0,0.0,0.0,3.0,,23.860157,,,,,,,,,0.0,0.0,0.0,0.0,-18.35,,,,,,Master only (1),-18.4,,,,,,0.0,,,,0.0,0.0,,0.0
-18.34,18.34,2.10701,1.00469056e+06,30.0,0.0,0.0,0.0,0.0,0.0,0.0,0.0,0.0,3.0,,23.86747,,,,,,,,,0.0,0.0,0.0,0.0,-18.34,,,,,,Master only (1),-18.3,,,,,,0.0,,,,0.0,0.0,,0.0
-18.33,18.33,2.10701,1.00469056e+06,30.0,0.0,0.0,0.0,0.0,0.0,0.0,0.0,0.0,3.0,,23.874784,,,,,,,,,0.0,0.0,0.0,0.0,-18.33,,,,,,Master only (1),-18.3,,,,,,0.0,,,,0.0,0.0,,0.0
-18.32,18.32,2.10701,1.00469056e+06,30.0,0.0,0.0,0.0,0.0,0.0,0.0,0.0,0.0,3.0,,23.882095,,,,,,,,,0.0,0.0,0.0,0.0,-18.32,,,,,,Master only (1),-18.3,,,,,,0.0,,,,0.0,0.0,,0.0
-18.31,18.31,2.10701,1.00469056e+06,30.0,0.0,0.0,0.0,0.0,0.0,0.0,0.0,0.0,3.0,,23.889418,,,,,,,,,0.0,0.0,0.0,0.0,-18.31,,,,,,Master only (1),-18.3,,,,,,0.0,,,,0.0,0.0,,0.0
-18.3,18.3,2.10701,1.00469056e+06,30.0,0.0,0.0,0.0,0.0,0.0,0.0,0.0,0.0,3.0,,23.89673,,,,,,,,,0.0,0.0,0.0,0.0,-18.3,,,,,,Master only (1),-18.3,,,,,,0.0,,,,0.0,0.0,,0.0
-18.29,18.29,2.10701,1.00469056e+06,30.0,0.0,0.0,0.0,0.0,0.0,0.0,0.0,0.0,3.0,,23.90406,,,,,,,,,0.0,0.0,0.0,0.0,-18.29,,,,,,Master only (1),-18.3,,,,,,0.0,,,,0.0,0.0,,0.0
-18.28,18.28,2.10701,1.00469056e+06,30.0,0.0,0.0,0.0,0.0,0.0,0.0,0.0,0.0,3.0,,23.91138,,,,,,,,,0.0,0.0,0.0,0.0,-18.28,,,,,,Master only (1),-18.3,,,,,,0.0,,,,0.0,0.0,,0.0
-18.27,18.27,2.10701,1.00469056e+06,30.0,0.0,0.0,0.0,0.0,0.0,0.0,0.0,0.0,3.0,,23.918707,,,,,,,,,0.0,0.0,0.0,0.0,-18.27,,,,,,Master only (1),-18.3,,,,,,0.0,,,,0.0,0.0,,0.0
-18.26,18.26,2.10701,1.00469056e+06,30.0,0.0,0.0,0.0,0.0,0.0,0.0,0.0,0.0,3.0,,23.92604,,,,,,,,,0.0,0.0,0.0,0.0,-18.26,,,,,,Master only (1),-18.3,,,,,,0.0,,,,0.0,0.0,,0.0
-18.25,18.25,2.10701,1.00469056e+06,30.0,0.0,0.0,0.0,0.0,0.0,0.0,0.0,0.0,3.0,,23.933365,,,,,,,,,0.0,0.0,0.0,0.0,-18.25,,,,,,Master only (1),-18.2,,,,,,0.0,,,,0.0,0.0,,0.0
-18.24,18.24,2.10701,1.00469056e+06,30.0,0.0,0.0,0.0,0.0,0.0,0.0,0.0,0.0,3.0,,23.940704,,,,,,,,,0.0,0.0,0.0,0.0,-18.24,,,,,,Master only (1),-18.2,,,,,,0.0,,,,0.0,0.0,,0.0
-18.23,18.23,2.10701,1.00469056e+06,30.0,0.0,0.0,0.0,0.0,0.0,0.0,0.0,0.0,3.0,,23.948042,,,,,,,,,0.0,0.0,0.0,0.0,-18.23,,,,,,Master only (1),-18.2,,,,,,0.0,,,,0.0,0.0,,0.0
-18.22,18.22,2.10701,1.00469056e+06,30.0,0.0,0.0,0.0,0.0,0.0,0.0,0.0,0.0,3.0,,23.95538,,,,,,,,,0.0,0.0,0.0,0.0,-18.22,,,,,,Master only (1),-18.2,,,,,,0.0,,,,0.0,0.0,,0.0
-18.21,18.21,2.10701,1.00469056e+06,30.0,0.0,0.0,0.0,0.0,0.0,0.0,0.0,0.0,3.0,,23.962723,,,,,,,,,0.0,0.0,0.0,0.0,-18.21,,,,,,Master only (1),-18.2,,,,,,0.0,,,,0.0,0.0,,0.0
-18.2,18.2,2.10701,1.00469056e+06,30.0,0.0,0.0,0.0,0.0,0.0,0.0,0.0,0.0,3.0,,23.970058,,,,,,,,,0.0,0.0,0.0,0.0,-18.2,,,,,,Master only (1),-18.2,,,,,,0.0,,,,0.0,0.0,,0.0
-18.19,18.19,2.10701,1.00469056e+06,30.0,0.0,0.0,0.0,0.0,0.0,0.0,0.0,0.0,3.0,,23.977404,,,,,,,,,0.0,0.0,0.0,0.0,-18.19,,,,,,Master only (1),-18.2,,,,,,0.0,,,,0.0,0.0,,0.0
-18.18,18.18,2.10701,1.00469056e+06,30.0,0.0,0.0,0.0,0.0,0.0,0.0,0.0,0.0,3.0,,23.984753,,,,,,,,,0.0,0.0,0.0,0.0,-18.18,,,,,,Master only (1),-18.2,,,,,,0.0,,,,0.0,0.0,,0.0
-18.17,18.17,2.10701,1.00469056e+06,30.0,0.0,0.0,0.0,0.0,0.0,0.0,0.0,0.0,3.0,,23.9921,,,,,,,,,0.0,0.0,0.0,0.0,-18.17,,,,,,Master only (1),-18.2,,,,,,0.0,,,,0.0,0.0,,0.0
-18.16,18.16,2.10701,1.00469056e+06,30.0,0.0,0.0,0.0,0.0,0.0,0.0,0.0,0.0,3.0,,23.99945,,,,,,,,,0.0,0.0,0.0,0.0,-18.16,,,,,,Master only (1),-18.2,,,,,,0.0,,,,0.0,0.0,,0.0
-18.15,18.15,2.10701,1.00469056e+06,30.0,0.0,0.0,0.0,0.0,0.0,0.0,0.0,0.0,3.0,,24.006807,,,,,,,,,0.0,0.0,0.0,0.0,-18.15,,,,,,Master only (1),-18.1,,,,,,0.0,,,,0.0,0.0,,0.0
-18.14,18.14,2.10701,1.00469056e+06,30.0,0.0,0.0,0.0,0.0,0.0,0.0,0.0,0.0,3.0,,24.014158,,,,,,,,,0.0,0.0,0.0,0.0,-18.14,,,,,,Master only (1),-18.1,,,,,,0.0,,,,0.0,0.0,,0.0
-18.13,18.13,2.10701,1.00469056e+06,30.0,0.0,0.0,0.0,0.0,0.0,0.0,0.0,0.0,3.0,,24.021528,,,,,,,,,0.0,0.0,0.0,0.0,-18.13,,,,,,Master only (1),-18.1,,,,,,0.0,,,,0.0,0.0,,0.0
-18.12,18.12,2.10701,1.00469056e+06,30.0,0.0,0.0,0.0,0.0,0.0,0.0,0.0,0.0,3.0,,24.028887,,,,,,,,,0.0,0.0,0.0,0.0,-18.12,,,,,,Master only (1),-18.1,,,,,,0.0,,,,0.0,0.0,,0.0
-18.11,18.11,2.10701,1.00469056e+06,30.0,0.0,0.0,0.0,0.0,0.0,0.0,0.0,0.0,3.0,,24.03625,,,,,,,,,0.0,0.0,0.0,0.0,-18.11,,,,,,Master only (1),-18.1,,,,,,0.0,,,,0.0,0.0,,0.0
-18.1,18.1,2.10701,1.00469056e+06,30.0,0.0,0.0,0.0,0.0,0.0,0.0,0.0,0.0,3.0,,24.04361,,,,,,,,,0.0,0.0,0.0,0.0,-18.1,,,,,,Master only (1),-18.1,,,,,,0.0,,,,0.0,0.0,,0.0
-18.09,18.09,2.10701,1.00469056e+06,30.0,0.0,0.0,0.0,0.0,0.0,0.0,0.0,0.0,3.0,,24.050974,,,,,,,,,0.0,0.0,0.0,0.0,-18.09,,,,,,Master only (1),-18.1,,,,,,0.0,,,,0.0,0.0,,0.0
-18.08,18.08,2.10701,1.00469056e+06,30.0,0.0,0.0,0.0,0.0,0.0,0.0,0.0,0.0,3.0,,24.058348,,,,,,,,,0.0,0.0,0.0,0.0,-18.08,,,,,,Master only (1),-18.1,,,,,,0.0,,,,0.0,0.0,,0.0
-18.07,18.07,2.10701,1.00469056e+06,30.0,0.0,0.0,0.0,0.0,0.0,0.0,0.0,0.0,3.0,,24.06572,,,,,,,,,0.0,0.0,0.0,0.0,-18.07,,,,,,Master only (1),-18.1,,,,,,0.0,,,,0.0,0.0,,0.0
-18.06,18.06,2.10701,1.00469056e+06,30.0,0.0,0.0,0.0,0.0,0.0,0.0,0.0,0.0,3.0,,24.073097,,,,,,,,,0.0,0.0,0.0,0.0,-18.06,,,,,,Master only (1),-18.1,,,,,,0.0,,,,0.0,0.0,,0.0
-18.05,18.05,2.10701,1.00469056e+06,30.0,0.0,10.62905,0.0,1.16021,0.0,1.0600871,0.0,106.224,2.0,,27.388758,,27.388758,27.388758,,14.409257,,0.049716886,550.8945,1.0,0.0,0.0,2001.0,-18.05,,34.0,,,,Master only (1),-18.0,,34.0,27.392363,27.392363,,106.224,4.66555,-1.8266009,0.016805103,301.29623,0.0,0.0,1.0
-18.04,18.04,2.10701,1.00469056e+06,30.0,0.0,10.629121,0.0,1.1601547,0.0,1.0600895,0.0,106.22627,2.0,,27.389137,,27.389137,27.389137,,14.409367,,0.049716506,550.9063,1.0,0.0,0.0,2001.0,-18.04,,34.0,,,,Master only (1),-18.0,,34.0,27.392363,27.392363,,106.22627,4.6655717,-1.8266009,0.016805103,301.29623,0.0,0.0,1.0
-18.03,18.03,2.10701,1.00469056e+06,30.0,0.0,10.62919,0.0,1.1600993,0.0,1.0600919,0.0,106.22852,2.0,,27.389511,,27.389511,27.389511,,14.409474,,0.049716134,550.91797,1.0,0.0,0.0,2001.0,-18.03,,34.0,,,,Master only (1),-18.0,,34.0,27.392363,27.392363,,106.22852,4.6655927,-1.8266009,0.016805103,301.29623,0.0,0.0,1.0
-18.02,18.02,2.10701,1.00469056e+06,30.0,0.0,10.629251,0.0,1.1600435,0.0,1.0600939,0.0,106.23046,2.0,,27.389833,,27.389833,27.389833,,14.409568,,0.049715813,550.928,1.0,0.0,0.0,2001.0,-18.02,,34.0,2.1830177,3.518051,1.7578579,Matched (3),-18.0,,34.0,27.392363,27.392363,,106.23046,4.665611,-1.8266009,0.016805103,301.29623,0.0,0.0,1.0
-18.01,18.01,2.10701,1.00469056e+06,30.0,0.0,10.629325,0.0,1.1599882,0.0,1.0600964,0.0,106.23286,2.0,,27.390232,,27.390232,27.390232,,14.409683,,0.049715415,550.9404,1.0,0.0,0.0,2001.0,-18.01,,34.0,,,,Master only (1),-18.0,,34.0,27.392363,27.392363,,106.23286,4.6656337,-1.8266009,0.016805103,301.29623,0.0,0.0,1.0
-18.0,18.0,2.10701,1.00469056e+06,30.0,0.0,10.629381,0.0,1.1599323,0.0,1.0600983,0.0,106.23467,2.0,,27.390535,,27.390535,27.390535,,14.409771,,0.04971511,550.9499,1.0,0.0,0.0,2001.0,-18.0,,34.0,,,,Master only (1),-18.0,,34.0,27.392363,27.392363,,106.23467,4.6656504,-1.8266009,0.016805103,301.29623,0.0,0.0,1.0
-17.99,17.99,2.10701,1.00469056e+06,30.0,0.0,10.629458,0.0,1.1598772,0.0,1.0601009,0.0,106.23717,2.0,,27.39095,,27.39095,27.39095,,14.40989,,0.0497147,550.96277,1.0,0.0,0.0,2001.0,-17.99,,34.0,,,,Master only (1),-18.0,,34.0,27.392363,27.392363,,106.23717,4.665674,-1.8266009,0.016805103,301.29623,0.0,0.0,1.0
-17.98,17.98,2.10701,1.00469056e+06,30.0,0.0,10.629511,0.0,1.1598212,0.0,1.0601027,0.0,106.23886,2.0,,27.391232,,27.391232,27.391232,,14.409972,,0.049714416,550.9716,1.0,0.0,0.0,2001.0,-17.98,,34.0,,,,Master only (1),-18.0,,34.0,27.392363,27.392363,,106.23886,4.66569,-1.8266009,0.016805103,301.29623,0.0,0.0,1.0
-17.97,17.97,2.10701,1.00469056e+06,30.0,0.0,10.629592,0.0,1.1597661,0.0,1.0601054,0.0,106.24148,2.0,,27.391666,,27.391666,27.391666,,14.410098,,0.049713984,550.98517,1.0,0.0,0.0,2001.0,-17.97,,34.0,,,,Master only (1),-18.0,,34.0,27.392363,27.392363,,106.24148,4.6657147,-1.8266009,0.016805103,301.29623,0.0,0.0,1.0
-17.96,17.96,2.10701,1.00469056e+06,30.0,0.0,10.629655,0.0,1.1597105,0.0,1.0601076,0.0,106.24351,2.0,,27.392004,,27.392004,27.392004,,14.410195,,0.049713645,550.99567,1.0,0.0,0.0,2001.0,-17.96,,34.0,,,,Master only (1),-18.0,,34.0,27.392363,27.392363,,106.24351,4.665734,-1.8266009,0.016805103,301.29623,0.0,0.0,1.0
-17.95,17.95,2.10701,1.00469056e+06,30.0,0.0,10.629722,0.0,1.159655,0.0,1.0601099,0.0,106.24567,2.0,,27.392363,,27.392363,27.392363,,14.410299,,0.049713288,551.00684,1.0,0.0,0.0,2001.0,-17.95,,34.0,,,,Master only (1),-18.0,,34.0,27.392363,27.392363,,106.24567,4.665754,-1.8266009,0.016805103,301.29623,0.0,0.0,1.0
-17.94,17.94,2.10701,1.00469056e+06,30.0,0.0,0.0,0.0,0.0,0.0,0.0,0.0,0.0,3.0,,24.161764,,,,,,,,,0.0,0.0,0.0,0.0,-17.94,,,,,,Master only (1),-17.9,,,,,,0.0,,,,0.0,0.0,,0.0
-17.93,17.93,2.10701,1.00469056e+06,30.0,0.0,0.0,0.0,0.0,0.0,0.0,0.0,0.0,3.0,,24.169163,,,,,,,,,0.0,0.0,0.0,0.0,-17.93,,,,,,Master only (1),-17.9,,,,,,0.0,,,,0.0,0.0,,0.0
-17.92,17.92,2.10701,1.00469056e+06,30.0,0.0,0.0,0.0,0.0,0.0,0.0,0.0,0.0,3.0,,24.176567,,,,,,,,,0.0,0.0,0.0,0.0,-17.92,,,,,,Master only (1),-17.9,,,,,,0.0,,,,0.0,0.0,,0.0
-17.91,17.91,2.10701,1.00469056e+06,30.0,0.0,0.0,0.0,0.0,0.0,0.0,0.0,0.0,3.0,,24.183977,,,,,,,,,0.0,0.0,0.0,0.0,-17.91,,,,,,Master only (1),-17.9,,,,,,0.0,,,,0.0,0.0,,0.0
-17.9,17.9,2.10701,1.00469056e+06,30.0,0.0,0.0,0.0,0.0,0.0,0.0,0.0,0.0,3.0,,24.191383,,,,,,,,,0.0,0.0,0.0,0.0,-17.9,,,,,,Master only (1),-17.9,,,,,,0.0,,,,0.0,0.0,,0.0
-17.89,17.89,2.10701,1.00469056e+06,30.0,0.0,0.0,0.0,0.0,0.0,0.0,0.0,0.0,3.0,,24.198807,,,,,,,,,0.0,0.0,0.0,0.0,-17.89,,,,,,Master only (1),-17.9,,,,,,0.0,,,,0.0,0.0,,0.0
-17.88,17.88,2.10701,1.00469056e+06,30.0,0.0,0.0,0.0,0.0,0.0,0.0,0.0,0.0,3.0,,24.206219,,,,,,,,,0.0,0.0,0.0,0.0,-17.88,,,,,,Master only (1),-17.9,,,,,,0.0,,,,0.0,0.0,,0.0
-17.87,17.87,2.10701,1.00469056e+06,30.0,0.0,0.0,0.0,0.0,0.0,0.0,0.0,0.0,3.0,,24.213634,,,,,,,,,0.0,0.0,0.0,0.0,-17.87,,,,,,Master only (1),-17.9,,,,,,0.0,,,,0.0,0.0,,0.0
-17.86,17.86,2.10701,1.00469056e+06,30.0,0.0,0.0,0.0,0.0,0.0,0.0,0.0,0.0,3.0,,24.221056,,,,,,,,,0.0,0.0,0.0,0.0,-17.86,,,,,,Master only (1),-17.9,,,,,,0.0,,,,0.0,0.0,,0.0
-17.85,17.85,2.10701,1.00469056e+06,30.0,0.0,0.0,0.0,0.0,0.0,0.0,0.0,0.0,3.0,,24.228474,,,,,,,,,0.0,0.0,0.0,0.0,-17.85,,,,,,Master only (1),-17.9,,,,,,0.0,,,,0.0,0.0,,0.0
-17.84,17.84,2.10701,1.00469056e+06,30.0,0.0,8.204232,0.0,1.0613177,0.0,0.9707476,0.0,46.03433,2.0,,15.969376,,15.969376,15.969376,,10.709893,,0.06688987,238.74133,1.0,0.0,0.0,2001.0,-17.84,,19.0,,,,Master only (1),-17.8,,19.0,15.973657,15.973657,,46.03433,3.8293874,-1.9952236,-0.81914574,143.74344,0.0,0.0,1.0
-17.83,17.83,2.10701,1.00469056e+06,30.0,0.0,8.204361,0.0,1.0612702,0.0,0.9707528,0.0,46.03666,2.0,,15.969898,,15.969898,15.969898,,10.710086,,0.06688867,238.75342,1.0,0.0,0.0,2001.0,-17.83,,19.0,2.0084503,3.3531578,1.5892352,Matched (3),-17.8,,19.0,15.973657,15.973657,,46.03666,3.829438,-1.9952236,-0.81914574,143.74344,0.0,0.0,1.0
-17.82,17.82,2.10701,1.00469056e+06,30.0,0.0,8.204485,0.0,1.0612227,0.0,0.9707578,0.0,46.038906,2.0,,15.970401,,15.970401,15.970401,,10.710272,,0.066887505,238.76509,1.0,0.0,0.0,2001.0,-17.82,,19.0,,,,Master only (1),-17.8,,19.0,15.973657,15.973657,,46.038906,3.8294868,-1.9952236,-0.81914574,143.74344,0.0,0.0,1.0
-17.81,17.81,2.10701,1.00469056e+06,30.0,0.0,8.204616,0.0,1.0611753,0.0,0.970763,0.0,46.041275,2.0,,15.97093,,15.97093,15.97093,,10.710467,,0.06688628,238.77736,1.0,0.0,0.0,2001.0,-17.81,,19.0,,,,Master only (1),-17.8,,19.0,15.973657,15.973657,,46.041275,3.8295383,-1.9952236,-0.81914574,143.74344,0.0,0.0,1.0
-17.8,17.8,2.10701,1.00469056e+06,30.0,0.0,8.204746,0.0,1.061128,0.0,0.9707683,0.0,46.04364,2.0,,15.97146,,15.97146,15.97146,,10.710663,,0.06688506,238.78964,1.0,0.0,0.0,2001.0,-17.8,,19.0,,,,Master only (1),-17.8,,19.0,15.973657,15.973657,,46.04364,3.8295896,-1.9952236,-0.81914574,143.74344,0.0,0.0,1.0
-17.79,17.79,2.10701,1.00469056e+06,30.0,0.0,8.204883,0.0,1.0610809,0.0,0.97077376,0.0,46.046112,2.0,,15.972013,,15.972013,15.972013,,10.710866,,0.066883795,238.80244,1.0,0.0,0.0,2001.0,-17.79,,19.0,,,,Master only (1),-17.8,,19.0,15.973657,15.973657,,46.046112,3.8296432,-1.9952236,-0.81914574,143.74344,0.0,0.0,1.0
-17.78,17.78,2.10701,1.00469056e+06,30.0,0.0,8.205026,0.0,1.0610342,0.0,0.97077954,0.0,46.048706,2.0,,15.972593,,15.972593,15.972593,,10.711081,,0.066882454,238.8159,1.0,0.0,0.0,2001.0,-17.78,,19.0,,,,Master only (1),-17.8,,19.0,15.973657,15.973657,,46.048706,3.8296998,-1.9952236,-0.81914574,143.74344,0.0,0.0,1.0
-17.77,17.77,2.10701,1.00469056e+06,30.0,0.0,8.205153,0.0,1.0609868,0.0,0.97078466,0.0,46.05102,2.0,,15.973112,,15.973112,15.973112,,10.711271,,0.06688126,238.82791,1.0,0.0,0.0,2001.0,-17.77,,19.0,,,,Master only (1),-17.8,,19.0,15.973657,15.973657,,46.05102,3.82975,-1.9952236,-0.81914574,143.74344,0.0,0.0,1.0
-17.76,17.76,2.10701,1.00469056e+06,30.0,0.0,8.205288,0.0,1.0609397,0.0,0.9707901,0.0,46.05346,2.0,,15.973657,,15.973657,15.973657,,10.7114725,,0.06688001,238.84053,1.0,0.0,0.0,2001.0,-17.76,,19.0,,,,Master only (1),-17.8,,19.0,15.973657,15.973657,,46.05346,3.829803,-1.9952236,-0.81914574,143.74344,0.0,0.0,1.0
-17.75,17.75,2.10701,1.00469056e+06,30.0,0.0,0.0,0.0,0.0,0.0,0.0,0.0,0.0,3.0,,24.302814,,,,,,,,,0.0,0.0,0.0,0.0,-17.75,,,,,,Master only (1),-17.7,,,,,,0.0,,,,0.0,0.0,,0.0
-17.74,17.74,2.10701,1.00469056e+06,30.0,0.0,0.0,0.0,0.0,0.0,0.0,0.0,0.0,3.0,,24.310266,,,,,,,,,0.0,0.0,0.0,0.0,-17.74,,,,,,Master only (1),-17.7,,,,,,0.0,,,,0.0,0.0,,0.0
-17.73,17.73,2.10701,1.00469056e+06,30.0,0.0,0.0,0.0,0.0,0.0,0.0,0.0,0.0,3.0,,24.317719,,,,,,,,,0.0,0.0,0.0,0.0,-17.73,,,,,,Master only (1),-17.7,,,,,,0.0,,,,0.0,0.0,,0.0
-17.72,17.72,2.10701,1.00469056e+06,30.0,0.0,0.0,0.0,0.0,0.0,0.0,0.0,0.0,3.0,,24.325161,,,,,,,,,0.0,0.0,0.0,0.0,-17.72,,,,,,Master only (1),-17.7,,,,,,0.0,,,,0.0,0.0,,0.0
-17.71,17.71,2.10701,1.00469056e+06,30.0,0.0,0.0,0.0,0.0,0.0,0.0,0.0,0.0,3.0,,24.332617,,,,,,,,,0.0,0.0,0.0,0.0,-17.71,,,,,,Master only (1),-17.7,,,,,,0.0,,,,0.0,0.0,,0.0
-17.7,17.7,2.10701,1.00469056e+06,30.0,0.0,0.0,0.0,0.0,0.0,0.0,0.0,0.0,3.0,,24.340076,,,,,,,,,0.0,0.0,0.0,0.0,-17.7,,,,,,Master only (1),-17.7,,,,,,0.0,,,,0.0,0.0,,0.0
-17.69,17.69,2.10701,1.00469056e+06,30.0,0.0,0.0,0.0,0.0,0.0,0.0,0.0,0.0,3.0,,24.347534,,,,,,,,,0.0,0.0,0.0,0.0,-17.69,,,,,,Master only (1),-17.7,,,,,,0.0,,,,0.0,0.0,,0.0
-17.68,17.68,2.10701,1.00469056e+06,30.0,0.0,0.0,0.0,0.0,0.0,0.0,0.0,0.0,3.0,,24.354998,,,,,,,,,0.0,0.0,0.0,0.0,-17.68,,,,,,Master only (1),-17.7,,,,,,0.0,,,,0.0,0.0,,0.0
-17.67,17.67,2.10701,1.00469056e+06,30.0,0.0,0.0,0.0,0.0,0.0,0.0,0.0,0.0,3.0,,24.362463,,,,,,,,,0.0,0.0,0.0,0.0,-17.67,,,,,,Master only (1),-17.7,,,,,,0.0,,,,0.0,0.0,,0.0
-17.66,17.66,2.10701,1.00469056e+06,30.0,0.0,0.0,0.0,0.0,0.0,0.0,0.0,0.0,3.0,,24.369928,,,,,,,,,0.0,0.0,0.0,0.0,-17.66,,,,,,Master only (1),-17.7,,,,,,0.0,,,,0.0,0.0,,0.0
-17.65,17.65,2.10701,1.00469056e+06,30.0,0.0,8.569122,0.0,1.0761139,0.0,0.98521674,0.0,52.979504,2.0,,17.484756,,17.484756,17.484756,,11.257438,,0.06363645,274.76007,1.0,0.0,0.0,2001.0,-17.65,,21.0,,,,Master only (1),-17.6,,21.0,17.48928,17.48928,,52.979504,3.9699051,-2.1181216,-0.6786426,174.87029,0.0,0.0,1.0
-17.64,17.64,2.10701,1.00469056e+06,30.0,0.0,8.569245,0.0,1.0760654,0.0,0.98522156,0.0,52.98196,2.0,,17.48528,,17.48528,17.48528,,11.257623,,0.0636354,274.77283,1.0,0.0,0.0,2001.0,-17.64,,21.0,,,,Master only (1),-17.6,,21.0,17.48928,17.48928,,52.98196,3.9699514,-2.1181216,-0.6786426,174.87029,0.0,0.0,1.0
-17.63,17.63,2.10701,1.00469056e+06,30.0,0.0,8.569364,0.0,1.0760167,0.0,0.98522615,0.0,52.98432,2.0,,17.485783,,17.485783,17.485783,,11.257801,,0.063634396,274.7851,1.0,0.0,0.0,2001.0,-17.63,,21.0,,,,Master only (1),-17.6,,21.0,17.48928,17.48928,,52.98432,3.969996,-2.1181216,-0.6786426,174.87029,0.0,0.0,1.0
-17.62,17.62,2.10701,1.00469056e+06,30.0,0.0,8.569487,0.0,1.0759681,0.0,0.985231,0.0,52.986774,2.0,,17.486305,,17.486305,17.486305,,11.257986,,0.06363335,274.7978,1.0,0.0,0.0,2001.0,-17.62,,21.0,,,,Master only (1),-17.6,,21.0,17.48928,17.48928,,52.986774,3.9700422,-2.1181216,-0.6786426,174.87029,0.0,0.0,1.0
-17.61,17.61,2.10701,1.00469056e+06,30.0,0.0,8.569603,0.0,1.0759193,0.0,0.9852355,0.0,52.989098,2.0,,17.486801,,17.486801,17.486801,,11.258162,,0.063632354,274.8099,1.0,0.0,0.0,2001.0,-17.61,,21.0,,,,Master only (1),-17.6,,21.0,17.48928,17.48928,,52.989098,3.970086,-2.1181216,-0.6786426,174.87029,0.0,0.0,1.0
-17.6,17.6,2.10701,1.00469056e+06,30.0,0.0,8.569718,0.0,1.0758704,0.0,0.98524004,0.0,52.9914,2.0,,17.487291,,17.487291,17.487291,,11.258335,,0.06363138,274.8218,1.0,0.0,0.0,2001.0,-17.6,,21.0,,,,Master only (1),-17.6,,21.0,17.48928,17.48928,,52.9914,3.9701297,-2.1181216,-0.6786426,174.87029,0.0,0.0,1.0
-17.59,17.59,2.10701,1.00469056e+06,30.0,0.0,8.569833,0.0,1.0758215,0.0,0.9852445,0.0,52.993687,2.0,,17.487778,,17.487778,17.487778,,11.258508,,0.0636304,274.83368,1.0,0.0,0.0,2001.0,-17.59,,21.0,,,,Master only (1),-17.6,,21.0,17.48928,17.48928,,52.993687,3.970173,-2.1181216,-0.6786426,174.87029,0.0,0.0,1.0
-17.58,17.58,2.10701,1.00469056e+06,30.0,0.0,8.56994,0.0,1.0757723,0.0,0.9852487,0.0,52.995823,2.0,,17.488232,,17.488232,17.488232,,11.258668,,0.06362949,274.84476,1.0,0.0,0.0,2001.0,-17.58,,21.0,,,,Master only (1),-17.6,,21.0,17.48928,17.48928,,52.995823,3.9702132,-2.1181216,-0.6786426,174.87029,0.0,0.0,1.0
-17.57,17.57,2.10701,1.00469056e+06,30.0,0.0,8.570069,0.0,1.075724,0.0,0.98525375,0.0,52.998413,2.0,,17.488783,,17.488783,17.488783,,11.258863,,0.06362839,274.85815,1.0,0.0,0.0,2001.0,-17.57,,21.0,2.0175,3.282341,1.4663371,Matched (3),-17.6,,21.0,17.48928,17.48928,,52.998413,3.970262,-2.1181216,-0.6786426,174.87029,0.0,0.0,1.0
-17.56,17.56,2.10701,1.00469056e+06,30.0,0.0,8.570187,0.0,1.0756752,0.0,0.98525834,0.0,53.000755,2.0,,17.48928,,17.48928,17.48928,,11.25904,,0.06362739,274.8703,1.0,0.0,0.0,2001.0,-17.56,,21.0,,,,Master only (1),-17.6,,21.0,17.48928,17.48928,,53.000755,3.9703062,-2.1181216,-0.6786426,174.87029,0.0,0.0,1.0
-17.55,17.55,2.10701,1.00469056e+06,30.0,0.0,0.0,0.0,0.0,0.0,0.0,0.0,0.0,3.0,,24.452198,,,,,,,,,0.0,0.0,0.0,0.0,-17.55,,,,,,Master only (1),-17.5,,,,,,0.0,,,,0.0,0.0,,0.0
-17.54,17.54,2.10701,1.00469056e+06,30.0,0.0,0.0,0.0,0.0,0.0,0.0,0.0,0.0,3.0,,24.459682,,,,,,,,,0.0,0.0,0.0,0.0,-17.54,,,,,,Master only (1),-17.5,,,,,,0.0,,,,0.0,0.0,,0.0
-17.53,17.53,2.10701,1.00469056e+06,30.0,0.0,0.0,0.0,0.0,0.0,0.0,0.0,0.0,3.0,,24.467175,,,,,,,,,0.0,0.0,0.0,0.0,-17.53,,,,,,Master only (1),-17.5,,,,,,0.0,,,,0.0,0.0,,0.0
-17.52,17.52,2.10701,1.00469056e+06,30.0,0.0,0.0,0.0,0.0,0.0,0.0,0.0,0.0,3.0,,24.474678,,,,,,,,,0.0,0.0,0.0,0.0,-17.52,,,,,,Master only (1),-17.5,,,,,,0.0,,,,0.0,0.0,,0.0
-17.51,17.51,2.10701,1.00469056e+06,30.0,0.0,0.0,0.0,0.0,0.0,0.0,0.0,0.0,3.0,,24.482172,,,,,,,,,0.0,0.0,0.0,0.0,-17.51,,,,,,Master only (1),-17.5,,,,,,0.0,,,,0.0,0.0,,0.0
-17.5,17.5,2.10701,1.00469056e+06,30.0,0.0,0.0,0.0,0.0,0.0,0.0,0.0,0.0,3.0,,24.489677,,,,,,,,,0.0,0.0,0.0,0.0,-17.5,,,,,,Master only (1),-17.5,,,,,,0.0,,,,0.0,0.0,,0.0
-17.49,17.49,2.10701,1.00469056e+06,30.0,0.0,0.0,0.0,0.0,0.0,0.0,0.0,0.0,3.0,,24.497185,,,,,,,,,0.0,0.0,0.0,0.0,-17.49,,,,,,Master only (1),-17.5,,,,,,0.0,,,,0.0,0.0,,0.0
-17.48,17.48,2.10701,1.00469056e+06,30.0,0.0,0.0,0.0,0.0,0.0,0.0,0.0,0.0,3.0,,24.504686,,,,,,,,,0.0,0.0,0.0,0.0,-17.48,,,,,,Master only (1),-17.5,,,,,,0.0,,,,0.0,0.0,,0.0
-17.47,17.47,2.10701,1.00469056e+06,30.0,0.0,0.0,0.0,0.0,0.0,0.0,0.0,0.0,3.0,,24.512196,,,,,,,,,0.0,0.0,0.0,0.0,-17.47,,,,,,Master only (1),-17.5,,,,,,0.0,,,,0.0,0.0,,0.0
-17.46,17.46,2.10701,1.00469056e+06,30.0,0.0,0.0,0.0,0.0,0.0,0.0,0.0,0.0,3.0,,24.519712,,,,,,,,,0.0,0.0,0.0,0.0,-17.46,,,,,,Master only (1),-17.5,,,,,,0.0,,,,0.0,0.0,,0.0
-17.45,17.45,2.10701,1.00469056e+06,30.0,0.0,0.0,0.0,0.0,0.0,0.0,0.0,0.0,3.0,,24.527218,,,,,,,,,0.0,0.0,0.0,0.0,-17.45,,,,,,Master only (1),-17.5,,,,,,0.0,,,,0.0,0.0,,0.0
-17.44,17.44,2.10701,1.00469056e+06,30.0,0.0,0.0,0.0,0.0,0.0,0.0,0.0,0.0,3.0,,24.534737,,,,,,,,,0.0,0.0,0.0,0.0,-17.44,,,,,,Master only (1),-17.4,,,,,,0.0,,,,0.0,0.0,,0.0
-17.43,17.43,2.10701,1.00469056e+06,30.0,0.0,0.0,0.0,0.0,0.0,0.0,0.0,0.0,3.0,,24.542255,,,,,,,,,0.0,0.0,0.0,0.0,-17.43,,,,,,Master only (1),-17.4,,,,,,0.0,,,,0.0,0.0,,0.0
-17.42,17.42,2.10701,1.00469056e+06,30.0,0.0,0.0,0.0,0.0,0.0,0.0,0.0,0.0,3.0,,24.549776,,,,,,,,,0.0,0.0,0.0,0.0,-17.42,,,,,,Master only (1),-17.4,,,,,,0.0,,,,0.0,0.0,,0.0
-17.41,17.41,2.10701,1.00469056e+06,30.0,0.0,0.0,0.0,0.0,0.0,0.0,0.0,0.0,3.0,,24.557297,,,,,,,,,0.0,0.0,0.0,0.0,-17.41,,,,,,Master only (1),-17.4,,,,,,0.0,,,,0.0,0.0,,0.0
-17.4,17.4,2.10701,1.00469056e+06,30.0,0.0,0.0,0.0,0.0,0.0,0.0,0.0,0.0,3.0,,24.564825,,,,,,,,,0.0,0.0,0.0,0.0,-17.4,,,,,,Master only (1),-17.4,,,,,,0.0,,,,0.0,0.0,,0.0
-17.39,17.39,2.10701,1.00469056e+06,30.0,0.0,0.0,0.0,0.0,0.0,0.0,0.0,0.0,3.0,,24.57235,,,,,,,,,0.0,0.0,0.0,0.0,-17.39,,,,,,Master only (1),-17.4,,,,,,0.0,,,,0.0,0.0,,0.0
-17.38,17.38,2.10701,1.00469056e+06,30.0,0.0,0.0,0.0,0.0,0.0,0.0,0.0,0.0,3.0,,24.57988,,,,,,,,,0.0,0.0,0.0,0.0,-17.38,,,,,,Master only (1),-17.4,,,,,,0.0,,,,0.0,0.0,,0.0
-17.37,17.37,2.10701,1.00469056e+06,30.0,0.0,0.0,0.0,0.0,0.0,0.0,0.0,0.0,3.0,,24.587412,,,,,,,,,0.0,0.0,0.0,0.0,-17.37,,,,,,Master only (1),-17.4,,,,,,0.0,,,,0.0,0.0,,0.0
-17.36,17.36,2.10701,1.00469056e+06,30.0,0.0,0.0,0.0,0.0,0.0,0.0,0.0,0.0,3.0,,24.594944,,,,,,,,,0.0,0.0,0.0,0.0,-17.36,,,,,,Master only (1),-17.4,,,,,,0.0,,,,0.0,0.0,,0.0
-17.35,17.35,2.10701,1.00469056e+06,30.0,0.0,0.0,0.0,0.0,0.0,0.0,0.0,0.0,3.0,,24.602478,,,,,,,,,0.0,0.0,0.0,0.0,-17.35,,,,,,Master only (1),-17.4,,,,,,0.0,,,,0.0,0.0,,0.0
-17.34,17.34,2.10701,1.00469056e+06,30.0,0.0,0.0,0.0,0.0,0.0,0.0,0.0,0.0,3.0,,24.610018,,,,,,,,,0.0,0.0,0.0,0.0,-17.34,,,,,,Master only (1),-17.3,,,,,,0.0,,,,0.0,0.0,,0.0
-17.33,17.33,2.10701,1.00469056e+06,30.0,0.0,0.0,0.0,0.0,0.0,0.0,0.0,0.0,3.0,,24.617556,,,,,,,,,0.0,0.0,0.0,0.0,-17.33,,,,,,Master only (1),-17.3,,,,,,0.0,,,,0.0,0.0,,0.0
-17.32,17.32,2.10701,1.00469056e+06,30.0,0.0,0.0,0.0,0.0,0.0,0.0,0.0,0.0,3.0,,24.625109,,,,,,,,,0.0,0.0,0.0,0.0,-17.32,,,,,,Master only (1),-17.3,,,,,,0.0,,,,0.0,0.0,,0.0
-17.31,17.31,2.10701,1.00469056e+06,30.0,0.0,0.0,0.0,0.0,0.0,0.0,0.0,0.0,3.0,,24.632647,,,,,,,,,0.0,0.0,0.0,0.0,-17.31,,,,,,Master only (1),-17.3,,,,,,0.0,,,,0.0,0.0,,0.0
-17.3,17.3,2.10701,1.00469056e+06,30.0,0.0,0.0,0.0,0.0,0.0,0.0,0.0,0.0,3.0,,24.640192,,,,,,,,,0.0,0.0,0.0,0.0,-17.3,,,,,,Master only (1),-17.3,,,,,,0.0,,,,0.0,0.0,,0.0
-17.29,17.29,2.10701,1.00469056e+06,30.0,0.0,0.0,0.0,0.0,0.0,0.0,0.0,0.0,3.0,,24.647749,,,,,,,,,0.0,0.0,0.0,0.0,-17.29,,,,,,Master only (1),-17.3,,,,,,0.0,,,,0.0,0.0,,0.0
-17.28,17.28,2.10701,1.00469056e+06,30.0,0.0,0.0,0.0,0.0,0.0,0.0,0.0,0.0,3.0,,24.655296,,,,,,,,,0.0,0.0,0.0,0.0,-17.28,,,,,,Master only (1),-17.3,,,,,,0.0,,,,0.0,0.0,,0.0
-17.27,17.27,2.10701,1.00469056e+06,30.0,0.0,0.0,0.0,0.0,0.0,0.0,0.0,0.0,3.0,,24.662851,,,,,,,,,0.0,0.0,0.0,0.0,-17.27,,,,,,Master only (1),-17.3,,,,,,0.0,,,,0.0,0.0,,0.0
-17.26,17.26,2.10701,1.00469056e+06,30.0,0.0,0.0,0.0,0.0,0.0,0.0,0.0,0.0,3.0,,24.670412,,,,,,,,,0.0,0.0,0.0,0.0,-17.26,,,,,,Master only (1),-17.3,,,,,,0.0,,,,0.0,0.0,,0.0
-17.25,17.25,2.10701,1.00469056e+06,30.0,0.0,7.437426,0.0,1.0234698,0.0,0.9388952,0.0,33.53281,2.0,,13.016856,,13.016856,13.016856,,9.570952,,0.07484975,173.90648,1.0,0.0,0.0,2001.0,-17.25,,15.0,,,,Master only (1),-17.2,,15.0,13.022123,13.022123,,33.53281,3.5125244,-1.9750209,-1.1357974,130.19493,0.0,0.0,1.0
-17.24,17.24,2.10701,1.00469056e+06,30.0,0.0,7.4375844,0.0,1.023426,0.0,0.938902,0.0,33.535114,2.0,,13.017433,,13.017433,13.017433,,9.571185,,0.07484793,173.91841,1.0,0.0,0.0,2001.0,-17.24,,15.0,,,,Master only (1),-17.2,,15.0,13.022123,13.022123,,33.535114,3.512593,-1.9750209,-1.1357974,130.19493,0.0,0.0,1.0
-17.23,17.23,2.10701,1.00469056e+06,30.0,0.0,7.4377484,0.0,1.0233825,0.0,0.93890905,0.0,33.537502,2.0,,13.018031,,13.018031,13.018031,,9.571427,,0.07484603,173.93082,1.0,0.0,0.0,2001.0,-17.23,,15.0,,,,Master only (1),-17.2,,15.0,13.022123,13.022123,,33.537502,3.5126643,-1.9750209,-1.1357974,130.19493,0.0,0.0,1.0
-17.22,17.22,2.10701,1.00469056e+06,30.0,0.0,7.4379025,0.0,1.0233386,0.0,0.93891567,0.0,33.539745,2.0,,13.018593,,13.018593,13.018593,,9.571654,,0.074844256,173.94244,1.0,0.0,0.0,2001.0,-17.22,,15.0,,,,Master only (1),-17.2,,15.0,13.022123,13.022123,,33.539745,3.512731,-1.9750209,-1.1357974,130.19493,0.0,0.0,1.0
-17.21,17.21,2.10701,1.00469056e+06,30.0,0.0,7.438069,0.0,1.0232952,0.0,0.9389228,0.0,33.54217,2.0,,13.0192,,13.0192,13.0192,,9.5719,,0.074842334,173.95503,1.0,0.0,0.0,2001.0,-17.21,,15.0,,,,Master only (1),-17.2,,15.0,13.022123,13.022123,,33.54217,3.5128036,-1.9750209,-1.1357974,130.19493,0.0,0.0,1.0
-17.2,17.2,2.10701,1.00469056e+06,30.0,0.0,7.4382315,0.0,1.0232517,0.0,0.9389298,0.0,33.544537,2.0,,13.019793,,13.019793,13.019793,,9.57214,,0.07484046,173.96729,1.0,0.0,0.0,2001.0,-17.2,,15.0,,,,Master only (1),-17.2,,15.0,13.022123,13.022123,,33.544537,3.512874,-1.9750209,-1.1357974,130.19493,0.0,0.0,1.0
-17.19,17.19,2.10701,1.00469056e+06,30.0,0.0,7.4383926,0.0,1.023208,0.0,0.9389367,0.0,33.546886,2.0,,13.020381,,13.020381,13.020381,,9.572377,,0.07483861,173.97946,1.0,0.0,0.0,2001.0,-17.19,,15.0,2.0372372,3.3474526,1.609438,Matched (3),-17.2,,15.0,13.022123,13.022123,,33.546886,3.512944,-1.9750209,-1.1357974,130.19493,0.0,0.0,1.0
-17.18,17.18,2.10701,1.00469056e+06,30.0,0.0,7.438554,0.0,1.0231644,0.0,0.9389436,0.0,33.549232,2.0,,13.020968,,13.020968,13.020968,,9.572615,,0.074836746,173.99164,1.0,0.0,0.0,2001.0,-17.18,,15.0,,,,Master only (1),-17.2,,15.0,13.022123,13.022123,,33.549232,3.513014,-1.9750209,-1.1357974,130.19493,0.0,0.0,1.0
-17.17,17.17,2.10701,1.00469056e+06,30.0,0.0,7.438712,0.0,1.0231206,0.0,0.9389504,0.0,33.551537,2.0,,13.021545,,13.021545,13.021545,,9.572848,,0.07483492,174.0036,1.0,0.0,0.0,2001.0,-17.17,,15.0,,,,Master only (1),-17.2,,15.0,13.022123,13.022123,,33.551537,3.5130827,-1.9750209,-1.1357974,130.19493,0.0,0.0,1.0
-17.16,17.16,2.10701,1.00469056e+06,30.0,0.0,7.4388704,0.0,1.0230769,0.0,0.9389572,0.0,33.553844,2.0,,13.022123,,13.022123,13.022123,,9.573082,,0.074833095,174.01556,1.0,0.0,0.0,2001.0,-17.16,,15.0,,,,Master only (1),-17.2,,15.0,13.022123,13.022123,,33.553844,3.5131514,-1.9750209,-1.1357974,130.19493,0.0,0.0,1.0
-17.15,17.15,2.10701,1.00469056e+06,30.0,0.0,7.639599,0.0,1.0323291,0.0,0.94749606,0.0,36.566463,2.0,,13.764884,,13.764884,13.764884,,9.869649,,0.07258448,189.6395,1.0,0.0,0.0,2001.0,-17.15,,16.0,,,,Master only (1),-17.1,,16.0,13.770079,13.770079,,36.566463,3.5991316,-1.9750209,-1.0492326,137.6749,0.0,0.0,1.0
-17.14,17.14,2.10701,1.00469056e+06,30.0,0.0,7.6397543,0.0,1.0322846,0.0,0.9475026,0.0,36.568863,2.0,,13.765467,,13.765467,13.765467,,9.869879,,0.07258279,189.65195,1.0,0.0,0.0,2001.0,-17.14,,16.0,,,,Master only (1),-17.1,,16.0,13.770079,13.770079,,36.568863,3.5991971,-1.9750209,-1.0492326,137.6749,0.0,0.0,1.0
-17.13,17.13,2.10701,1.00469056e+06,30.0,0.0,7.639907,0.0,1.03224,0.0,0.94750905,0.0,36.571224,2.0,,13.76604,,13.76604,13.76604,,9.870105,,0.07258113,189.66418,1.0,0.0,0.0,2001.0,-17.13,,16.0,2.0551903,3.37086,1.609438,Matched (3),-17.1,,16.0,13.770079,13.770079,,36.571224,3.5992618,-1.9750209,-1.0492326,137.6749,0.0,0.0,1.0
-17.12,17.12,2.10701,1.00469056e+06,30.0,0.0,7.640065,0.0,1.0321957,0.0,0.9475157,0.0,36.57367,2.0,,13.766634,,13.766634,13.766634,,9.870338,,0.07257941,189.67685,1.0,0.0,0.0,2001.0,-17.12,,16.0,,,,Master only (1),-17.1,,16.0,13.770079,13.770079,,36.57367,3.5993285,-1.9750209,-1.0492326,137.6749,0.0,0.0,1.0
-17.11,17.11,2.10701,1.00469056e+06,30.0,0.0,7.6402164,0.0,1.032151,0.0,0.9475221,0.0,36.576008,2.0,,13.767201,,13.767201,13.767201,,9.870563,,0.07257777,189.68896,1.0,0.0,0.0,2001.0,-17.11,,16.0,,,,Master only (1),-17.1,,16.0,13.770079,13.770079,,36.576008,3.5993924,-1.9750209,-1.0492326,137.6749,0.0,0.0,1.0
-17.1,17.1,2.10701,1.00469056e+06,30.0,0.0,7.640379,0.0,1.0321069,0.0,0.94752896,0.0,36.57852,2.0,,13.767812,,13.767812,13.767812,,9.870803,,0.072575994,189.70201,1.0,0.0,0.0,2001.0,-17.1,,16.0,,,,Master only (1),-17.1,,16.0,13.770079,13.770079,,36.57852,3.5994613,-1.9750209,-1.0492326,137.6749,0.0,0.0,1.0
-17.09,17.09,2.10701,1.00469056e+06,30.0,0.0,7.6405163,0.0,1.0320616,0.0,0.94753474,0.0,36.580643,2.0,,13.768328,,13.768328,13.768328,,9.871007,,0.072574496,189.71303,1.0,0.0,0.0,2001.0,-17.09,,16.0,,,,Master only (1),-17.1,,16.0,13.770079,13.770079,,36.580643,3.5995193,-1.9750209,-1.0492326,137.6749,0.0,0.0,1.0
-17.08,17.08,2.10701,1.00469056e+06,30.0,0.0,7.640677,0.0,1.0320174,0.0,0.94754153,0.0,36.583126,2.0,,13.76893,,13.76893,13.76893,,9.871244,,0.07257275,189.72589,1.0,0.0,0.0,2001.0,-17.08,,16.0,,,,Master only (1),-17.1,,16.0,13.770079,13.770079,,36.583126,3.5995872,-1.9750209,-1.0492326,137.6749,0.0,0.0,1.0
-17.07,17.07,2.10701,1.00469056e+06,30.0,0.0,7.640836,0.0,1.031973,0.0,0.9475482,0.0,36.585583,2.0,,13.769527,,13.769527,13.769527,,9.87148,,0.07257102,189.73866,1.0,0.0,0.0,2001.0,-17.07,,16.0,,,,Master only (1),-17.1,,16.0,13.770079,13.770079,,36.585583,3.5996542,-1.9750209,-1.0492326,137.6749,0.0,0.0,1.0
-17.06,17.06,2.10701,1.00469056e+06,30.0,0.0,7.6409826,0.0,1.0319282,0.0,0.9475544,0.0,36.587852,2.0,,13.770079,,13.770079,13.770079,,9.871696,,0.07256943,189.7504,1.0,0.0,0.0,2001.0,-17.06,,16.0,,,,Master only (1),-17.1,,16.0,13.770079,13.770079,,36.587852,3.5997162,-1.9750209,-1.0492326,137.6749,0.0,0.0,1.0
-17.05,17.05,2.10701,1.00469056e+06,30.0,0.0,0.0,0.0,0.0,0.0,0.0,0.0,0.0,3.0,,24.829649,,,,,,,,,0.0,0.0,0.0,0.0,-17.05,,,,,,Master only (1),-17.0,,,,,,0.0,,,,0.0,0.0,,0.0
-17.04,17.04,2.10701,1.00469056e+06,30.0,0.0,0.0,0.0,0.0,0.0,0.0,0.0,0.0,3.0,,24.837252,,,,,,,,,0.0,0.0,0.0,0.0,-17.04,,,,,,Master only (1),-17.0,,,,,,0.0,,,,0.0,0.0,,0.0
-17.03,17.03,2.10701,1.00469056e+06,30.0,0.0,0.0,0.0,0.0,0.0,0.0,0.0,0.0,3.0,,24.844872,,,,,,,,,0.0,0.0,0.0,0.0,-17.03,,,,,,Master only (1),-17.0,,,,,,0.0,,,,0.0,0.0,,0.0
-17.02,17.02,2.10701,1.00469056e+06,30.0,0.0,0.0,0.0,0.0,0.0,0.0,0.0,0.0,3.0,,24.852482,,,,,,,,,0.0,0.0,0.0,0.0,-17.02,,,,,,Master only (1),-17.0,,,,,,0.0,,,,0.0,0.0,,0.0
-17.01,17.01,2.10701,1.00469056e+06,30.0,0.0,0.0,0.0,0.0,0.0,0.0,0.0,0.0,3.0,,24.860088,,,,,,,,,0.0,0.0,0.0,0.0,-17.01,,,,,,Master only (1),-17.0,,,,,,0.0,,,,0.0,0.0,,0.0
-17.0,17.0,2.10701,1.00469056e+06,30.0,0.0,0.0,0.0,0.0,0.0,0.0,0.0,0.0,3.0,,24.86771,,,,,,,,,0.0,0.0,0.0,0.0,-17.0,,,,,,Master only (1),-17.0,,,,,,0.0,,,,0.0,0.0,,0.0
-16.99,16.99,2.10701,1.00469056e+06,30.0,0.0,0.0,0.0,0.0,0.0,0.0,0.0,0.0,3.0,,24.875336,,,,,,,,,0.0,0.0,0.0,0.0,-16.99,,,,,,Master only (1),-17.0,,,,,,0.0,,,,0.0,0.0,,0.0
-16.98,16.98,2.10701,1.00469056e+06,30.0,0.0,0.0,0.0,0.0,0.0,0.0,0.0,0.0,3.0,,24.882956,,,,,,,,,0.0,0.0,0.0,0.0,-16.98,,,,,,Master only (1),-17.0,,,,,,0.0,,,,0.0,0.0,,0.0
-16.97,16.97,2.10701,1.00469056e+06,30.0,0.0,0.0,0.0,0.0,0.0,0.0,0.0,0.0,3.0,,24.890583,,,,,,,,,0.0,0.0,0.0,0.0,-16.97,,,,,,Master only (1),-17.0,,,,,,0.0,,,,0.0,0.0,,0.0
-16.96,16.96,2.10701,1.00469056e+06,30.0,0.0,0.0,0.0,0.0,0.0,0.0,0.0,0.0,3.0,,24.898201,,,,,,,,,0.0,0.0,0.0,0.0,-16.96,,,,,,Master only (1),-17.0,,,,,,0.0,,,,0.0,0.0,,0.0
-16.95,16.95,2.10701,1.00469056e+06,30.0,0.0,0.0,0.0,0.0,0.0,0.0,0.0,0.0,3.0,,24.905836,,,,,,,,,0.0,0.0,0.0,0.0,-16.95,,,,,,Master only (1),-17.0,,,,,,0.0,,,,0.0,0.0,,0.0
-16.94,16.94,2.10701,1.00469056e+06,30.0,0.0,0.0,0.0,0.0,0.0,0.0,0.0,0.0,3.0,,24.913471,,,,,,,,,0.0,0.0,0.0,0.0,-16.94,,,,,,Master only (1),-16.9,,,,,,0.0,,,,0.0,0.0,,0.0
-16.93,16.93,2.10701,1.00469056e+06,30.0,0.0,0.0,0.0,0.0,0.0,0.0,0.0,0.0,3.0,,24.921099,,,,,,,,,0.0,0.0,0.0,0.0,-16.93,,,,,,Master only (1),-16.9,,,,,,0.0,,,,0.0,0.0,,0.0
-16.92,16.92,2.10701,1.00469056e+06,30.0,0.0,0.0,0.0,0.0,0.0,0.0,0.0,0.0,3.0,,24.928736,,,,,,,,,0.0,0.0,0.0,0.0,-16.92,,,,,,Master only (1),-16.9,,,,,,0.0,,,,0.0,0.0,,0.0
-16.91,16.91,2.10701,1.00469056e+06,30.0,0.0,0.0,0.0,0.0,0.0,0.0,0.0,0.0,3.0,,24.936375,,,,,,,,,0.0,0.0,0.0,0.0,-16.91,,,,,,Master only (1),-16.9,,,,,,0.0,,,,0.0,0.0,,0.0
-16.9,16.9,2.10701,1.00469056e+06,30.0,0.0,0.0,0.0,0.0,0.0,0.0,0.0,0.0,3.0,,24.944016,,,,,,,,,0.0,0.0,0.0,0.0,-16.9,,,,,,Master only (1),-16.9,,,,,,0.0,,,,0.0,0.0,,0.0
-16.89,16.89,2.10701,1.00469056e+06,30.0,0.0,0.0,0.0,0.0,0.0,0.0,0.0,0.0,3.0,,24.951664,,,,,,,,,0.0,0.0,0.0,0.0,-16.89,,,,,,Master only (1),-16.9,,,,,,0.0,,,,0.0,0.0,,0.0
-16.88,16.88,2.10701,1.00469056e+06,30.0,0.0,0.0,0.0,0.0,0.0,0.0,0.0,0.0,3.0,,24.959307,,,,,,,,,0.0,0.0,0.0,0.0,-16.88,,,,,,Master only (1),-16.9,,,,,,0.0,,,,0.0,0.0,,0.0
-16.87,16.87,2.10701,1.00469056e+06,30.0,0.0,0.0,0.0,0.0,0.0,0.0,0.0,0.0,3.0,,24.966957,,,,,,,,,0.0,0.0,0.0,0.0,-16.87,,,,,,Master only (1),-16.9,,,,,,0.0,,,,0.0,0.0,,0.0
-16.86,16.86,2.10701,1.00469056e+06,30.0,0.0,0.0,0.0,0.0,0.0,0.0,0.0,0.0,3.0,,24.974607,,,,,,,,,0.0,0.0,0.0,0.0,-16.86,,,,,,Master only (1),-16.9,,,,,,0.0,,,,0.0,0.0,,0.0
-16.85,16.85,2.10701,1.00469056e+06,30.0,0.0,0.0,0.0,0.0,0.0,0.0,0.0,0.0,3.0,,24.98226,,,,,,,,,0.0,0.0,0.0,0.0,-16.85,,,,,,Master only (1),-16.9,,,,,,0.0,,,,0.0,0.0,,0.0
-16.84,16.84,2.10701,1.00469056e+06,30.0,0.0,0.0,0.0,0.0,0.0,0.0,0.0,0.0,3.0,,24.989912,,,,,,,,,0.0,0.0,0.0,0.0,-16.84,,,,,,Master only (1),-16.8,,,,,,0.0,,,,0.0,0.0,,0.0
-16.83,16.83,2.10701,1.00469056e+06,30.0,0.0,0.0,0.0,0.0,0.0,0.0,0.0,0.0,3.0,,24.997566,,,,,,,,,0.0,0.0,0.0,0.0,-16.83,,,,,,Master only (1),-16.8,,,,,,0.0,,,,0.0,0.0,,0.0
-16.82,16.82,2.10701,1.00469056e+06,30.0,0.0,0.0,0.0,0.0,0.0,0.0,0.0,0.0,3.0,,25.005228,,,,,,,,,0.0,0.0,0.0,0.0,-16.82,,,,,,Master only (1),-16.8,,,,,,0.0,,,,0.0,0.0,,0.0
-16.81,16.81,2.10701,1.00469056e+06,30.0,0.0,0.0,0.0,0.0,0.0,0.0,0.0,0.0,3.0,,25.012896,,,,,,,,,0.0,0.0,0.0,0.0,-16.81,,,,,,Master only (1),-16.8,,,,,,0.0,,,,0.0,0.0,,0.0
-16.8,16.8,2.10701,1.00469056e+06,30.0,0.0,0.0,0.0,0.0,0.0,0.0,0.0,0.0,3.0,,25.02056,,,,,,,,,0.0,0.0,0.0,0.0,-16.8,,,,,,Master only (1),-16.8,,,,,,0.0,,,,0.0,0.0,,0.0
-16.79,16.79,2.10701,1.00469056e+06,30.0,0.0,0.0,0.0,0.0,0.0,0.0,0.0,0.0,3.0,,25.028223,,,,,,,,,0.0,0.0,0.0,0.0,-16.79,,,,,,Master only (1),-16.8,,,,,,0.0,,,,0.0,0.0,,0.0
-16.78,16.78,2.10701,1.00469056e+06,30.0,0.0,0.0,0.0,0.0,0.0,0.0,0.0,0.0,3.0,,25.035889,,,,,,,,,0.0,0.0,0.0,0.0,-16.78,,,,,,Master only (1),-16.8,,,,,,0.0,,,,0.0,0.0,,0.0
-16.77,16.77,2.10701,1.00469056e+06,30.0,0.0,0.0,0.0,0.0,0.0,0.0,0.0,0.0,3.0,,25.043568,,,,,,,,,0.0,0.0,0.0,0.0,-16.77,,,,,,Master only (1),-16.8,,,,,,0.0,,,,0.0,0.0,,0.0
-16.76,16.76,2.10701,1.00469056e+06,30.0,0.0,0.0,0.0,0.0,0.0,0.0,0.0,0.0,3.0,,25.051235,,,,,,,,,0.0,0.0,0.0,0.0,-16.76,,,,,,Master only (1),-16.8,,,,,,0.0,,,,0.0,0.0,,0.0
-16.75,16.75,2.10701,1.00469056e+06,30.0,0.0,0.0,0.0,0.0,0.0,0.0,0.0,0.0,3.0,,25.058916,,,,,,,,,0.0,0.0,0.0,0.0,-16.75,,,,,,Master only (1),-16.7,,,,,,0.0,,,,0.0,0.0,,0.0
-16.74,16.74,2.10701,1.00469056e+06,30.0,0.0,0.0,0.0,0.0,0.0,0.0,0.0,0.0,3.0,,25.066591,,,,,,,,,0.0,0.0,0.0,0.0,-16.74,,,,,,Master only (1),-16.7,,,,,,0.0,,,,0.0,0.0,,0.0
-16.73,16.73,2.10701,1.00469056e+06,30.0,0.0,0.0,0.0,0.0,0.0,0.0,0.0,0.0,3.0,,25.074274,,,,,,,,,0.0,0.0,0.0,0.0,-16.73,,,,,,Master only (1),-16.7,,,,,,0.0,,,,0.0,0.0,,0.0
-16.72,16.72,2.10701,1.00469056e+06,30.0,0.0,0.0,0.0,0.0,0.0,0.0,0.0,0.0,3.0,,25.081953,,,,,,,,,0.0,0.0,0.0,0.0,-16.72,,,,,,Master only (1),-16.7,,,,,,0.0,,,,0.0,0.0,,0.0
-16.71,16.71,2.10701,1.00469056e+06,30.0,0.0,0.0,0.0,0.0,0.0,0.0,0.0,0.0,3.0,,25.089643,,,,,,,,,0.0,0.0,0.0,0.0,-16.71,,,,,,Master only (1),-16.7,,,,,,0.0,,,,0.0,0.0,,0.0
-16.7,16.7,2.10701,1.00469056e+06,30.0,0.0,0.0,0.0,0.0,0.0,0.0,0.0,0.0,3.0,,25.097324,,,,,,,,,0.0,0.0,0.0,0.0,-16.7,,,,,,Master only (1),-16.7,,,,,,0.0,,,,0.0,0.0,,0.0
-16.69,16.69,2.10701,1.00469056e+06,30.0,0.0,0.0,0.0,0.0,0.0,0.0,0.0,0.0,3.0,,25.105017,,,,,,,,,0.0,0.0,0.0,0.0,-16.69,,,,,,Master only (1),-16.7,,,,,,0.0,,,,0.0,0.0,,0.0
-16.68,16.68,2.10701,1.00469056e+06,30.0,0.0,0.0,0.0,0.0,0.0,0.0,0.0,0.0,3.0,,25.112715,,,,,,,,,0.0,0.0,0.0,0.0,-16.68,,,,,,Master only (1),-16.7,,,,,,0.0,,,,0.0,0.0,,0.0
-16.67,16.67,2.10701,1.00469056e+06,30.0,0.0,0.0,0.0,0.0,0.0,0.0,0.0,0.0,3.0,,25.12041,,,,,,,,,0.0,0.0,0.0,0.0,-16.67,,,,,,Master only (1),-16.7,,,,,,0.0,,,,0.0,0.0,,0.0
-16.66,16.66,2.10701,1.00469056e+06,30.0,0.0,0.0,0.0,0.0,0.0,0.0,0.0,0.0,3.0,,25.128101,,,,,,,,,0.0,0.0,0.0,0.0,-16.66,,,,,,Master only (1),-16.7,,,,,,0.0,,,,0.0,0.0,,0.0
-16.65,16.65,2.10701,1.00469056e+06,30.0,0.0,0.0,0.0,0.0,0.0,0.0,0.0,0.0,3.0,,25.135805,,,,,,,,,0.0,0.0,0.0,0.0,-16.65,,,,,,Master only (1),-16.6,,,,,,0.0,,,,0.0,0.0,,0.0
-16.64,16.64,2.10701,1.00469056e+06,30.0,0.0,0.0,0.0,0.0,0.0,0.0,0.0,0.0,3.0,,25.143503,,,,,,,,,0.0,0.0,0.0,0.0,-16.64,,,,,,Master only (1),-16.6,,,,,,0.0,,,,0.0,0.0,,0.0
-16.63,16.63,2.10701,1.00469056e+06,30.0,0.0,0.0,0.0,0.0,0.0,0.0,0.0,0.0,3.0,,25.151209,,,,,,,,,0.0,0.0,0.0,0.0,-16.63,,,,,,Master only (1),-16.6,,,,,,0.0,,,,0.0,0.0,,0.0
-16.62,16.62,2.10701,1.00469056e+06,30.0,0.0,0.0,0.0,0.0,0.0,0.0,0.0,0.0,3.0,,25.15892,,,,,,,,,0.0,0.0,0.0,0.0,-16.62,,,,,,Master only (1),-16.6,,,,,,0.0,,,,0.0,0.0,,0.0
-16.61,16.61,2.10701,1.00469056e+06,30.0,0.0,0.0,0.0,0.0,0.0,0.0,0.0,0.0,3.0,,25.166628,,,,,,,,,0.0,0.0,0.0,0.0,-16.61,,,,,,Master only (1),-16.6,,,,,,0.0,,,,0.0,0.0,,0.0
-16.6,16.6,2.10701,1.00469056e+06,30.0,0.0,0.0,0.0,0.0,0.0,0.0,0.0,0.0,3.0,,25.174337,,,,,,,,,0.0,0.0,0.0,0.0,-16.6,,,,,,Master only (1),-16.6,,,,,,0.0,,,,0.0,0.0,,0.0
-16.59,16.59,2.10701,1.00469056e+06,30.0,0.0,0.0,0.0,0.0,0.0,0.0,0.0,0.0,3.0,,25.182053,,,,,,,,,0.0,0.0,0.0,0.0,-16.59,,,,,,Master only (1),-16.6,,,,,,0.0,,,,0.0,0.0,,0.0
-16.58,16.58,2.10701,1.00469056e+06,30.0,0.0,0.0,0.0,0.0,0.0,0.0,0.0,0.0,3.0,,25.18977,,,,,,,,,0.0,0.0,0.0,0.0,-16.58,,,,,,Master only (1),-16.6,,,,,,0.0,,,,0.0,0.0,,0.0
-16.57,16.57,2.10701,1.00469056e+06,30.0,0.0,0.0,0.0,0.0,0.0,0.0,0.0,0.0,3.0,,25.197487,,,,,,,,,0.0,0.0,0.0,0.0,-16.57,,,,,,Master only (1),-16.6,,,,,,0.0,,,,0.0,0.0,,0.0
-16.56,16.56,2.10701,1.00469056e+06,30.0,0.0,0.0,0.0,0.0,0.0,0.0,0.0,0.0,3.0,,25.205212,,,,,,,,,0.0,0.0,0.0,0.0,-16.56,,,,,,Master only (1),-16.6,,,,,,0.0,,,,0.0,0.0,,0.0
-16.55,16.55,2.10701,1.00469056e+06,30.0,0.0,8.403738,0.0,1.0631436,0.0,0.9787101,0.0,49.748127,2.0,,16.789068,,16.789068,16.789068,,11.008837,,0.06507348,258.00168,1.0,0.0,0.0,2001.0,-16.55,,20.0,,,,Master only (1),-16.5,,20.0,16.794476,16.794476,,49.748127,3.906973,,-0.74147683,184.70963,0.0,0.0,1.0
-16.54,16.54,2.10701,1.00469056e+06,30.0,0.0,8.403873,0.0,1.0630963,0.0,0.9787155,0.0,49.750717,2.0,,16.789633,,16.789633,16.789633,,11.00904,,0.06507228,258.0151,1.0,0.0,0.0,2001.0,-16.54,,20.0,,,,Master only (1),-16.5,,20.0,16.794476,16.794476,,49.750717,3.9070249,,-0.74147683,184.70963,0.0,0.0,1.0
-16.53,16.53,2.10701,1.00469056e+06,30.0,0.0,8.404006,0.0,1.0630488,0.0,0.9787207,0.0,49.75325,2.0,,16.790184,,16.790184,16.790184,,11.009238,,0.06507111,258.02823,1.0,0.0,0.0,2001.0,-16.53,,20.0,,,,Master only (1),-16.5,,20.0,16.794476,16.794476,,49.75325,3.907076,,-0.74147683,184.70963,0.0,0.0,1.0
-16.52,16.52,2.10701,1.00469056e+06,30.0,0.0,8.404136,0.0,1.0630013,0.0,0.97872585,0.0,49.75573,2.0,,16.790724,,16.790724,16.790724,,11.009434,,0.06506996,258.0411,1.0,0.0,0.0,2001.0,-16.52,,20.0,,,,Master only (1),-16.5,,20.0,16.794476,16.794476,,49.75573,3.9071257,,-0.74147683,184.70963,0.0,0.0,1.0
-16.51,16.51,2.10701,1.00469056e+06,30.0,0.0,8.404257,0.0,1.0629534,0.0,0.9787307,0.0,49.758045,2.0,,16.791227,,16.791227,16.791227,,11.009615,,0.065068886,258.0531,1.0,0.0,0.0,2001.0,-16.51,,20.0,,,,Master only (1),-16.5,,20.0,16.794476,16.794476,,49.758045,3.9071722,,-0.74147683,184.70963,0.0,0.0,1.0
-16.5,16.5,2.10701,1.00469056e+06,30.0,0.0,8.4043865,0.0,1.0629058,0.0,0.9787358,0.0,49.760525,2.0,,16.791767,,16.791767,16.791767,,11.0098095,,0.06506774,258.06595,1.0,0.0,0.0,2001.0,-16.5,,20.0,,,,Master only (1),-16.5,,20.0,16.794476,16.794476,,49.760525,3.907222,,-0.74147683,184.70963,0.0,0.0,1.0
-16.49,16.49,2.10701,1.00469056e+06,30.0,0.0,8.404522,0.0,1.0628585,0.0,0.97874117,0.0,49.763115,2.0,,16.792332,,16.792332,16.792332,,11.010014,,0.06506653,258.0794,1.0,0.0,0.0,2001.0,-16.49,,20.0,,,,Matched (3),-16.5,,20.0,16.794476,16.794476,,49.763115,3.907274,,-0.74147683,184.70963,0.0,0.0,1.0
-16.48,16.48,2.10701,1.00469056e+06,30.0,0.0,8.404644,0.0,1.0628105,0.0,0.978746,0.0,49.76545,2.0,,16.79284,,16.79284,16.79284,,11.010197,,0.06506544,258.09152,1.0,0.0,0.0,2001.0,-16.48,,20.0,,,,Master only (1),-16.5,,20.0,16.794476,16.794476,,49.76545,3.907321,,-0.74147683,184.70963,0.0,0.0,1.0
-16.47,16.47,2.10701,1.00469056e+06,30.0,0.0,8.404777,0.0,1.0627631,0.0,0.97875124,0.0,49.767982,2.0,,16.793392,,16.793392,16.793392,,11.010395,,0.065064274,258.10464,1.0,0.0,0.0,2001.0,-16.47,,20.0,,,,Master only (1),-16.5,,20.0,16.794476,16.794476,,49.767982,3.9073718,,-0.74147683,184.70963,0.0,0.0,1.0
-16.46,16.46,2.10701,1.00469056e+06,30.0,0.0,8.404917,0.0,1.062716,0.0,0.9787568,0.0,49.770664,2.0,,16.793976,,16.793976,16.793976,,11.010606,,0.06506303,258.11856,1.0,0.0,0.0,2001.0,-16.46,,20.0,,,,Master only (1),-16.5,,20.0,16.794476,16.794476,,49.770664,3.9074256,,-0.74147683,184.70963,0.0,0.0,1.0
-16.45,16.45,2.10701,1.00469056e+06,30.0,0.0,8.405037,0.0,1.0626681,0.0,0.97876155,0.0,49.77296,2.0,,16.794476,,16.794476,16.794476,,11.010786,,0.065061964,258.13046,1.0,0.0,0.0,2001.0,-16.45,,20.0,,,,Master only (1),-16.5,,20.0,16.794476,16.794476,,49.77296,3.907472,,-0.74147683,184.70963,0.0,0.0,1.0
-16.44,16.44,2.10701,1.00469056e+06,30.0,0.0,7.6505756,0.0,1.0291731,0.0,0.9479587,0.0,36.736393,2.0,,13.806119,,13.806119,13.806119,,9.8859,,0.07246517,190.52077,1.0,0.0,0.0,2001.0,-16.44,,16.0,,,,Master only (1),-16.4,,16.0,13.811396,13.811396,,36.736393,3.6037679,-1.8439927,-1.0445887,138.08763,0.0,0.0,1.0
-16.43,16.43,2.10701,1.00469056e+06,30.0,0.0,7.650734,0.0,1.0291289,0.0,0.9479654,0.0,36.73885,2.0,,13.806715,,13.806715,13.806715,,9.886133,,0.07246345,190.5335,1.0,0.0,0.0,2001.0,-16.43,,16.0,2.1892064,3.640767,1.7404661,Matched (3),-16.4,,16.0,13.811396,13.811396,,36.73885,3.6038349,-1.8439927,-1.0445887,138.08763,0.0,0.0,1.0
-16.42,16.42,2.10701,1.00469056e+06,30.0,0.0,7.6508894,0.0,1.0290846,0.0,0.94797194,0.0,36.741257,2.0,,13.807299,,13.807299,13.807299,,9.886364,,0.07246176,190.546,1.0,0.0,0.0,2001.0,-16.42,,16.0,,,,Master only (1),-16.4,,16.0,13.811396,13.811396,,36.741257,3.6039002,-1.8439927,-1.0445887,138.08763,0.0,0.0,1.0
-16.41,16.41,2.10701,1.00469056e+06,30.0,0.0,7.6510396,0.0,1.02904,0.0,0.94797826,0.0,36.743587,2.0,,13.807863,,13.807863,13.807863,,9.886586,,0.07246014,190.55806,1.0,0.0,0.0,2001.0,-16.41,,16.0,,,,Master only (1),-16.4,,16.0,13.811396,13.811396,,36.743587,3.6039636,-1.8439927,-1.0445887,138.08763,0.0,0.0,1.0
-16.4,16.4,2.10701,1.00469056e+06,30.0,0.0,7.6512036,0.0,1.028996,0.0,0.9479852,0.0,36.74613,2.0,,13.80848,,13.80848,13.80848,,9.886829,,0.07245835,190.57127,1.0,0.0,0.0,2001.0,-16.4,,16.0,,,,Master only (1),-16.4,,16.0,13.811396,13.811396,,36.74613,3.604033,-1.8439927,-1.0445887,138.08763,0.0,0.0,1.0
-16.39,16.39,2.10701,1.00469056e+06,30.0,0.0,7.6513605,0.0,1.0289518,0.0,0.9479918,0.0,36.748566,2.0,,13.809071,,13.809071,13.809071,,9.887061,,0.07245665,190.5839,1.0,0.0,0.0,2001.0,-16.39,,16.0,,,,Master only (1),-16.4,,16.0,13.811396,13.811396,,36.748566,3.6040993,-1.8439927,-1.0445887,138.08763,0.0,0.0,1.0
-16.38,16.38,2.10701,1.00469056e+06,30.0,0.0,7.6515107,0.0,1.0289072,0.0,0.9479981,0.0,36.750893,2.0,,13.809635,,13.809635,13.809635,,9.887283,,0.072455026,190.59596,1.0,0.0,0.0,2001.0,-16.38,,16.0,,,,Master only (1),-16.4,,16.0,13.811396,13.811396,,36.750893,3.6041625,-1.8439927,-1.0445887,138.08763,0.0,0.0,1.0
-16.37,16.37,2.10701,1.00469056e+06,30.0,0.0,7.651669,0.0,1.028863,0.0,0.9480048,0.0,36.75335,2.0,,13.81023,,13.81023,13.81023,,9.887518,,0.072453305,190.6087,1.0,0.0,0.0,2001.0,-16.37,,16.0,,,,Master only (1),-16.4,,16.0,13.811396,13.811396,,36.75335,3.6042295,-1.8439927,-1.0445887,138.08763,0.0,0.0,1.0
-16.36,16.36,2.10701,1.00469056e+06,30.0,0.0,7.651825,0.0,1.0288186,0.0,0.94801134,0.0,36.755768,2.0,,13.810817,,13.810817,13.810817,,9.887749,,0.072451614,190.62125,1.0,0.0,0.0,2001.0,-16.36,,16.0,,,,Master only (1),-16.4,,16.0,13.811396,13.811396,,36.755768,3.6042953,-1.8439927,-1.0445887,138.08763,0.0,0.0,1.0
-16.35,16.35,2.10701,1.00469056e+06,30.0,0.0,7.651979,0.0,1.0287743,0.0,0.94801784,0.0,36.758156,2.0,,13.811396,,13.811396,13.811396,,9.887977,,0.072449945,190.63362,1.0,0.0,0.0,2001.0,-16.35,,16.0,,,,Master only (1),-16.4,,16.0,13.811396,13.811396,,36.758156,3.60436,-1.8439927,-1.0445887,138.08763,0.0,0.0,1.0
-16.34,16.34,2.10701,1.00469056e+06,30.0,0.0,9.745782,0.0,1.1168965,0.0,1.0292742,0.0,80.27029,2.0,,22.86004,,22.86004,22.86004,,13.045753,,0.05491315,416.2945,1.0,0.0,0.0,2001.0,-16.34,,28.0,,,,Master only (1),-16.3,,28.0,22.863722,22.863722,,80.27029,4.3853993,-1.7281609,-0.26329952,205.75703,0.0,0.0,1.0
-16.33,16.33,2.10701,1.00469056e+06,30.0,0.0,9.745874,0.0,1.1168443,0.0,1.0292776,0.0,80.27275,2.0,,22.860493,,22.860493,22.860493,,13.045895,,0.054912552,416.30722,1.0,0.0,0.0,2001.0,-16.33,,28.0,2.378012,3.6962554,1.7227666,Matched (3),-16.3,,28.0,22.863722,22.863722,,80.27275,4.3854303,-1.7281609,-0.26329952,205.75703,0.0,0.0,1.0
-16.32,16.32,2.10701,1.00469056e+06,30.0,0.0,9.745975,0.0,1.1167924,0.0,1.0292811,0.0,80.27541,2.0,,22.860981,,22.860981,22.860981,,13.046048,,0.054911904,416.32104,1.0,0.0,0.0,2001.0,-16.32,,28.0,2.410568,3.7501843,1.7917595,Matched (3),-16.3,,28.0,22.863722,22.863722,,80.27541,4.385463,-1.7281609,-0.26329952,205.75703,0.0,0.0,1.0
-16.31,16.31,2.10701,1.00469056e+06,30.0,0.0,9.746067,0.0,1.1167401,0.0,1.0292845,0.0,80.27787,2.0,,22.861433,,22.861433,22.861433,,13.046189,,0.05491131,416.33377,1.0,0.0,0.0,2001.0,-16.31,,28.0,2.4283776,3.7861295,1.856298,Matched (3),-16.3,,28.0,22.863722,22.863722,,80.27787,4.3854938,-1.7281609,-0.26329952,205.75703,0.0,0.0,1.0
-16.3,16.3,2.10701,1.00469056e+06,30.0,0.0,9.746157,0.0,1.1166878,0.0,1.0292877,0.0,80.28026,2.0,,22.861872,,22.861872,22.861872,,13.046328,,0.05491073,416.34616,1.0,0.0,0.0,2001.0,-16.3,,28.0,,,,Master only (1),-16.3,,28.0,22.863722,22.863722,,80.28026,4.385524,-1.7281609,-0.26329952,205.75703,0.0,0.0,1.0
-16.29,16.29,2.10701,1.00469056e+06,30.0,0.0,9.74626,0.0,1.116636,0.0,1.0292914,0.0,80.283,2.0,,22.862375,,22.862375,22.862375,,13.046485,,0.054910067,416.36035,1.0,0.0,0.0,2001.0,-16.29,,28.0,,,,Master only (1),-16.3,,28.0,22.863722,22.863722,,80.283,4.3855577,-1.7281609,-0.26329952,205.75703,0.0,0.0,1.0
-16.28,16.28,2.10701,1.00469056e+06,30.0,0.0,9.746353,0.0,1.1165838,0.0,1.0292947,0.0,80.285484,2.0,,22.862831,,22.862831,22.862831,,13.046629,,0.05490946,416.37326,1.0,0.0,0.0,2001.0,-16.28,,28.0,,,,Master only (1),-16.3,,28.0,22.863722,22.863722,,80.285484,4.3855886,-1.7281609,-0.26329952,205.75703,0.0,0.0,1.0
-16.27,16.27,2.10701,1.00469056e+06,30.0,0.0,9.746446,0.0,1.1165316,0.0,1.0292981,0.0,80.28794,2.0,,22.863283,,22.863283,22.863283,,13.04677,,0.054908868,416.386,1.0,0.0,0.0,2001.0,-16.27,,28.0,,,,Master only (1),-16.3,,28.0,22.863722,22.863722,,80.28794,4.3856196,-1.7281609,-0.26329952,205.75703,0.0,0.0,1.0
-16.26,16.26,2.10701,1.00469056e+06,30.0,0.0,9.746535,0.0,1.1164793,0.0,1.0293013,0.0,80.29033,2.0,,22.863722,,22.863722,22.863722,,13.046907,,0.05490829,416.39835,1.0,0.0,0.0,2001.0,-16.26,,28.0,,,,Master only (1),-16.3,,28.0,22.863722,22.863722,,80.29033,4.385649,-1.7281609,-0.26329952,205.75703,0.0,0.0,1.0
-16.25,16.25,2.10701,1.00469056e+06,30.0,0.0,0.0,0.0,0.0,0.0,0.0,0.0,0.0,3.0,,25.445732,,,,,,,,,0.0,0.0,0.0,0.0,-16.25,,,,,,Master only (1),-16.2,,,,,,0.0,,,,0.0,0.0,,0.0
-16.24,16.24,2.10701,1.00469056e+06,30.0,0.0,0.0,0.0,0.0,0.0,0.0,0.0,0.0,3.0,,25.453539,,,,,,,,,0.0,0.0,0.0,0.0,-16.24,,,,,,Master only (1),-16.2,,,,,,0.0,,,,0.0,0.0,,0.0
-16.23,16.23,2.10701,1.00469056e+06,30.0,0.0,0.0,0.0,0.0,0.0,0.0,0.0,0.0,3.0,,25.46133,,,,,,,,,0.0,0.0,0.0,0.0,-16.23,,,,,,Master only (1),-16.2,,,,,,0.0,,,,0.0,0.0,,0.0
-16.22,16.22,2.10701,1.00469056e+06,30.0,0.0,0.0,0.0,0.0,0.0,0.0,0.0,0.0,3.0,,25.46914,,,,,,,,,0.0,0.0,0.0,0.0,-16.22,,,,,,Master only (1),-16.2,,,,,,0.0,,,,0.0,0.0,,0.0
-16.21,16.21,2.10701,1.00469056e+06,30.0,0.0,0.0,0.0,0.0,0.0,0.0,0.0,0.0,3.0,,25.476938,,,,,,,,,0.0,0.0,0.0,0.0,-16.21,,,,,,Master only (1),-16.2,,,,,,0.0,,,,0.0,0.0,,0.0
-16.2,16.2,2.10701,1.00469056e+06,30.0,0.0,0.0,0.0,0.0,0.0,0.0,0.0,0.0,3.0,,25.48475,,,,,,,,,0.0,0.0,0.0,0.0,-16.2,,,,,,Master only (1),-16.2,,,,,,0.0,,,,0.0,0.0,,0.0
-16.19,16.19,2.10701,1.00469056e+06,30.0,0.0,0.0,0.0,0.0,0.0,0.0,0.0,0.0,3.0,,25.492552,,,,,,,,,0.0,0.0,0.0,0.0,-16.19,,,,,,Master only (1),-16.2,,,,,,0.0,,,,0.0,0.0,,0.0
-16.18,16.18,2.10701,1.00469056e+06,30.0,0.0,0.0,0.0,0.0,0.0,0.0,0.0,0.0,3.0,,25.500366,,,,,,,,,0.0,0.0,0.0,0.0,-16.18,,,,,,Master only (1),-16.2,,,,,,0.0,,,,0.0,0.0,,0.0
-16.17,16.17,2.10701,1.00469056e+06,30.0,0.0,0.0,0.0,0.0,0.0,0.0,0.0,0.0,3.0,,25.50818,,,,,,,,,0.0,0.0,0.0,0.0,-16.17,,,,,,Master only (1),-16.2,,,,,,0.0,,,,0.0,0.0,,0.0
-16.16,16.16,2.10701,1.00469056e+06,30.0,0.0,0.0,0.0,0.0,0.0,0.0,0.0,0.0,3.0,,25.515991,,,,,,,,,0.0,0.0,0.0,0.0,-16.16,,,,,,Master only (1),-16.2,,,,,,0.0,,,,0.0,0.0,,0.0
-16.15,16.15,2.10701,1.00469056e+06,30.0,0.0,0.0,0.0,0.0,0.0,0.0,0.0,0.0,3.0,,25.523815,,,,,,,,,0.0,0.0,0.0,0.0,-16.15,,,,,,Master only (1),-16.1,,,,,,0.0,,,,0.0,0.0,,0.0
-16.14,16.14,2.10701,1.00469056e+06,30.0,0.0,0.0,0.0,0.0,0.0,0.0,0.0,0.0,3.0,,25.531633,,,,,,,,,0.0,0.0,0.0,0.0,-16.14,,,,,,Master only (1),-16.1,,,,,,0.0,,,,0.0,0.0,,0.0
-16.13,16.13,2.10701,1.00469056e+06,30.0,0.0,0.0,0.0,0.0,0.0,0.0,0.0,0.0,3.0,,25.53946,,,,,,,,,0.0,0.0,0.0,0.0,-16.13,,,,,,Master only (1),-16.1,,,,,,0.0,,,,0.0,0.0,,0.0
-16.12,16.12,2.10701,1.00469056e+06,30.0,0.0,0.0,0.0,0.0,0.0,0.0,0.0,0.0,3.0,,25.547285,,,,,,,,,0.0,0.0,0.0,0.0,-16.12,,,,,,Master only (1),-16.1,,,,,,0.0,,,,0.0,0.0,,0.0
-16.11,16.11,2.10701,1.00469056e+06,30.0,0.0,0.0,0.0,0.0,0.0,0.0,0.0,0.0,3.0,,25.555119,,,,,,,,,0.0,0.0,0.0,0.0,-16.11,,,,,,Master only (1),-16.1,,,,,,0.0,,,,0.0,0.0,,0.0
-16.1,16.1,2.10701,1.00469056e+06,30.0,0.0,0.0,0.0,0.0,0.0,0.0,0.0,0.0,3.0,,25.562948,,,,,,,,,0.0,0.0,0.0,0.0,-16.1,,,,,,Master only (1),-16.1,,,,,,0.0,,,,0.0,0.0,,0.0
-16.09,16.09,2.10701,1.00469056e+06,30.0,0.0,0.0,0.0,0.0,0.0,0.0,0.0,0.0,3.0,,25.570778,,,,,,,,,0.0,0.0,0.0,0.0,-16.09,,,,,,Master only (1),-16.1,,,,,,0.0,,,,0.0,0.0,,0.0
-16.08,16.08,2.10701,1.00469056e+06,30.0,0.0,0.0,0.0,0.0,0.0,0.0,0.0,0.0,3.0,,25.578615,,,,,,,,,0.0,0.0,0.0,0.0,-16.08,,,,,,Master only (1),-16.1,,,,,,0.0,,,,0.0,0.0,,0.0
-16.07,16.07,2.10701,1.00469056e+06,30.0,0.0,0.0,0.0,0.0,0.0,0.0,0.0,0.0,3.0,,25.586454,,,,,,,,,0.0,0.0,0.0,0.0,-16.07,,,,,,Master only (1),-16.1,,,,,,0.0,,,,0.0,0.0,,0.0
-16.06,16.06,2.10701,1.00469056e+06,30.0,0.0,0.0,0.0,0.0,0.0,0.0,0.0,0.0,3.0,,25.594294,,,,,,,,,0.0,0.0,0.0,0.0,-16.06,,,,,,Master only (1),-16.1,,,,,,0.0,,,,0.0,0.0,,0.0
-16.05,16.05,2.10701,1.00469056e+06,30.0,0.0,0.0,0.0,0.0,0.0,0.0,0.0,0.0,3.0,,25.602135,,,,,,,,,0.0,0.0,0.0,0.0,-16.05,,,,,,Master only (1),-16.0,,,,,,0.0,,,,0.0,0.0,,0.0
-16.04,16.04,2.10701,1.00469056e+06,30.0,0.0,0.0,0.0,0.0,0.0,0.0,0.0,0.0,3.0,,25.609976,,,,,,,,,0.0,0.0,0.0,0.0,-16.04,,,,,,Master only (1),-16.0,,,,,,0.0,,,,0.0,0.0,,0.0
-16.03,16.03,2.10701,1.00469056e+06,30.0,0.0,0.0,0.0,0.0,0.0,0.0,0.0,0.0,3.0,,25.617819,,,,,,,,,0.0,0.0,0.0,0.0,-16.03,,,,,,Master only (1),-16.0,,,,,,0.0,,,,0.0,0.0,,0.0
-16.02,16.02,2.10701,1.00469056e+06,30.0,0.0,0.0,0.0,0.0,0.0,0.0,0.0,0.0,3.0,,25.625679,,,,,,,,,0.0,0.0,0.0,0.0,-16.02,,,,,,Master only (1),-16.0,,,,,,0.0,,,,0.0,0.0,,0.0
-16.01,16.01,2.10701,1.00469056e+06,30.0,0.0,0.0,0.0,0.0,0.0,0.0,0.0,0.0,3.0,,25.633526,,,,,,,,,0.0,0.0,0.0,0.0,-16.01,,,,,,Master only (1),-16.0,,,,,,0.0,,,,0.0,0.0,,0.0
-16.0,16.0,2.10701,1.00469056e+06,30.0,0.0,0.0,0.0,0.0,0.0,0.0,0.0,0.0,3.0,,25.641378,,,,,,,,,0.0,0.0,0.0,0.0,-16.0,,,,,,Master only (1),-16.0,,,,,,0.0,,,,0.0,0.0,,0.0
-15.99,15.99,2.10701,1.00469056e+06,30.0,0.0,0.0,0.0,0.0,0.0,0.0,0.0,0.0,3.0,,25.649242,,,,,,,,,0.0,0.0,0.0,0.0,-15.99,,,,,,Master only (1),-16.0,,,,,,0.0,,,,0.0,0.0,,0.0
-15.98,15.98,2.10701,1.00469056e+06,30.0,0.0,0.0,0.0,0.0,0.0,0.0,0.0,0.0,3.0,,25.657097,,,,,,,,,0.0,0.0,0.0,0.0,-15.98,,,,,,Master only (1),-16.0,,,,,,0.0,,,,0.0,0.0,,0.0
-15.97,15.97,2.10701,1.00469056e+06,30.0,0.0,0.0,0.0,0.0,0.0,0.0,0.0,0.0,3.0,,25.664963,,,,,,,,,0.0,0.0,0.0,0.0,-15.97,,,,,,Master only (1),-16.0,,,,,,0.0,,,,0.0,0.0,,0.0
-15.96,15.96,2.10701,1.00469056e+06,30.0,0.0,0.0,0.0,0.0,0.0,0.0,0.0,0.0,3.0,,25.672827,,,,,,,,,0.0,0.0,0.0,0.0,-15.96,,,,,,Master only (1),-16.0,,,,,,0.0,,,,0.0,0.0,,0.0
-15.95,15.95,2.10701,1.00469056e+06,30.0,0.0,0.0,0.0,0.0,0.0,0.0,0.0,0.0,3.0,,25.680695,,,,,,,,,0.0,0.0,0.0,0.0,-15.95,,,,,,Master only (1),-15.9,,,,,,0.0,,,,0.0,0.0,,0.0
-15.94,15.94,2.10701,1.00469056e+06,30.0,0.0,0.0,0.0,0.0,0.0,0.0,0.0,0.0,3.0,,25.68856,,,,,,,,,0.0,0.0,0.0,0.0,-15.94,,,,,,Master only (1),-15.9,,,,,,0.0,,,,0.0,0.0,,0.0
-15.93,15.93,2.10701,1.00469056e+06,30.0,0.0,0.0,0.0,0.0,0.0,0.0,0.0,0.0,3.0,,25.696432,,,,,,,,,0.0,0.0,0.0,0.0,-15.93,,,,,,Master only (1),-15.9,,,,,,0.0,,,,0.0,0.0,,0.0
-15.92,15.92,2.10701,1.00469056e+06,30.0,0.0,0.0,0.0,0.0,0.0,0.0,0.0,0.0,3.0,,25.7043,,,,,,,,,0.0,0.0,0.0,0.0,-15.92,,,,,,Master only (1),-15.9,,,,,,0.0,,,,0.0,0.0,,0.0
-15.91,15.91,2.10701,1.00469056e+06,30.0,0.0,0.0,0.0,0.0,0.0,0.0,0.0,0.0,3.0,,25.71218,,,,,,,,,0.0,0.0,0.0,0.0,-15.91,,,,,,Master only (1),-15.9,,,,,,0.0,,,,0.0,0.0,,0.0
-15.9,15.9,2.10701,1.00469056e+06,30.0,0.0,0.0,0.0,0.0,0.0,0.0,0.0,0.0,3.0,,25.72006,,,,,,,,,0.0,0.0,0.0,0.0,-15.9,,,,,,Master only (1),-15.9,,,,,,0.0,,,,0.0,0.0,,0.0
-15.89,15.89,2.10701,1.00469056e+06,30.0,0.0,0.0,0.0,0.0,0.0,0.0,0.0,0.0,3.0,,25.727947,,,,,,,,,0.0,0.0,0.0,0.0,-15.89,,,,,,Master only (1),-15.9,,,,,,0.0,,,,0.0,0.0,,0.0
-15.88,15.88,2.10701,1.00469056e+06,30.0,0.0,0.0,0.0,0.0,0.0,0.0,0.0,0.0,3.0,,25.73583,,,,,,,,,0.0,0.0,0.0,0.0,-15.88,,,,,,Master only (1),-15.9,,,,,,0.0,,,,0.0,0.0,,0.0
-15.87,15.87,2.10701,1.00469056e+06,30.0,0.0,0.0,0.0,0.0,0.0,0.0,0.0,0.0,3.0,,25.74371,,,,,,,,,0.0,0.0,0.0,0.0,-15.87,,,,,,Master only (1),-15.9,,,,,,0.0,,,,0.0,0.0,,0.0
-15.86,15.86,2.10701,1.00469056e+06,30.0,0.0,0.0,0.0,0.0,0.0,0.0,0.0,0.0,3.0,,25.751596,,,,,,,,,0.0,0.0,0.0,0.0,-15.86,,,,,,Master only (1),-15.9,,,,,,0.0,,,,0.0,0.0,,0.0
-15.85,15.85,2.10701,1.00469056e+06,30.0,0.0,0.0,0.0,0.0,0.0,0.0,0.0,0.0,3.0,,25.75949,,,,,,,,,0.0,0.0,0.0,0.0,-15.85,,,,,,Master only (1),-15.9,,,,,,0.0,,,,0.0,0.0,,0.0
-15.84,15.84,2.10701,1.00469056e+06,30.0,0.0,0.0,0.0,0.0,0.0,0.0,0.0,0.0,3.0,,25.767382,,,,,,,,,0.0,0.0,0.0,0.0,-15.84,,,,,,Master only (1),-15.8,,,,,,0.0,,,,0.0,0.0,,0.0
-15.83,15.83,2.10701,1.00469056e+06,30.0,0.0,0.0,0.0,0.0,0.0,0.0,0.0,0.0,3.0,,25.775276,,,,,,,,,0.0,0.0,0.0,0.0,-15.83,,,,,,Master only (1),-15.8,,,,,,0.0,,,,0.0,0.0,,0.0
-15.82,15.82,2.10701,1.00469056e+06,30.0,0.0,0.0,0.0,0.0,0.0,0.0,0.0,0.0,3.0,,25.783173,,,,,,,,,0.0,0.0,0.0,0.0,-15.82,,,,,,Master only (1),-15.8,,,,,,0.0,,,,0.0,0.0,,0.0
-15.81,15.81,2.10701,1.00469056e+06,30.0,0.0,0.0,0.0,0.0,0.0,0.0,0.0,0.0,3.0,,25.791077,,,,,,,,,0.0,0.0,0.0,0.0,-15.81,,,,,,Master only (1),-15.8,,,,,,0.0,,,,0.0,0.0,,0.0
-15.8,15.8,2.10701,1.00469056e+06,30.0,0.0,0.0,0.0,0.0,0.0,0.0,0.0,0.0,3.0,,25.798975,,,,,,,,,0.0,0.0,0.0,0.0,-15.8,,,,,,Master only (1),-15.8,,,,,,0.0,,,,0.0,0.0,,0.0
-15.79,15.79,2.10701,1.00469056e+06,30.0,0.0,0.0,0.0,0.0,0.0,0.0,0.0,0.0,3.0,,25.80689,,,,,,,,,0.0,0.0,0.0,0.0,-15.79,,,,,,Master only (1),-15.8,,,,,,0.0,,,,0.0,0.0,,0.0
-15.78,15.78,2.10701,1.00469056e+06,30.0,0.0,0.0,0.0,0.0,0.0,0.0,0.0,0.0,3.0,,25.814796,,,,,,,,,0.0,0.0,0.0,0.0,-15.78,,,,,,Master only (1),-15.8,,,,,,0.0,,,,0.0,0.0,,0.0
-15.77,15.77,2.10701,1.00469056e+06,30.0,0.0,0.0,0.0,0.0,0.0,0.0,0.0,0.0,3.0,,25.822704,,,,,,,,,0.0,0.0,0.0,0.0,-15.77,,,,,,Master only (1),-15.8,,,,,,0.0,,,,0.0,0.0,,0.0
-15.76,15.76,2.10701,1.00469056e+06,30.0,0.0,0.0,0.0,0.0,0.0,0.0,0.0,0.0,3.0,,25.830614,,,,,,,,,0.0,0.0,0.0,0.0,-15.76,,,,,,Master only (1),-15.8,,,,,,0.0,,,,0.0,0.0,,0.0
-15.75,15.75,2.10701,1.00469056e+06,30.0,0.0,8.93867,0.0,1.0813515,0.0,0.9994618,0.0,60.718315,2.0,,19.092411,,19.092411,19.092411,,11.815449,,0.060631074,314.8948,1.0,0.0,0.0,2001.0,-15.75,,23.0,,,,Master only (1),-15.7,,23.0,19.097157,19.097157,,60.718315,4.1062455,-2.6193779,-0.5423184,190.94765,0.0,0.0,1.0
-15.74,15.74,2.10701,1.00469056e+06,30.0,0.0,8.938785,0.0,1.0813022,0.0,0.9994662,0.0,60.720825,2.0,,19.09292,,19.09292,19.09292,,11.815622,,0.060630184,314.90784,1.0,0.0,0.0,2001.0,-15.74,,23.0,,,,Master only (1),-15.7,,23.0,19.097157,19.097157,,60.720825,4.1062865,-2.6193779,-0.5423184,190.94765,0.0,0.0,1.0
-15.73,15.73,2.10701,1.00469056e+06,30.0,0.0,8.938892,0.0,1.0812526,0.0,0.9994703,0.0,60.72319,2.0,,19.093401,,19.093401,19.093401,,11.815785,,0.06062935,314.9201,1.0,0.0,0.0,2001.0,-15.73,,23.0,0.8204773,1.378987,-0.040822018,Matched (3),-15.7,,23.0,19.097157,19.097157,,60.72319,4.1063256,-2.6193779,-0.5423184,190.94765,0.0,0.0,1.0
-15.72,15.72,2.10701,1.00469056e+06,30.0,0.0,8.939024,0.0,1.0812039,0.0,0.9994753,0.0,60.726078,2.0,,19.093987,,19.093987,19.093987,,11.815985,,0.060628325,314.9351,1.0,0.0,0.0,2001.0,-15.72,,23.0,,,,Master only (1),-15.7,,23.0,19.097157,19.097157,,60.726078,4.1063733,-2.6193779,-0.5423184,190.94765,0.0,0.0,1.0
-15.71,15.71,2.10701,1.00469056e+06,30.0,0.0,8.939138,0.0,1.0811546,0.0,0.99947965,0.0,60.72859,2.0,,19.094496,,19.094496,19.094496,,11.816158,,0.060627434,314.94812,1.0,0.0,0.0,2001.0,-15.71,,23.0,,,,Master only (1),-15.7,,23.0,19.097157,19.097157,,60.72859,4.106415,-2.6193779,-0.5423184,190.94765,0.0,0.0,1.0
-15.7,15.7,2.10701,1.00469056e+06,30.0,0.0,8.93926,0.0,1.0811055,0.0,0.99948424,0.0,60.731243,2.0,,19.095034,,19.095034,19.095034,,11.816341,,0.060626496,314.96185,1.0,0.0,0.0,2001.0,-15.7,,23.0,,,,Master only (1),-15.7,,23.0,19.097157,19.097157,,60.731243,4.106458,-2.6193779,-0.5423184,190.94765,0.0,0.0,1.0
-15.69,15.69,2.10701,1.00469056e+06,30.0,0.0,8.939377,0.0,1.0810562,0.0,0.9994887,0.0,60.733818,2.0,,19.095556,,19.095556,19.095556,,11.816519,,0.060625587,314.9752,1.0,0.0,0.0,2001.0,-15.69,,23.0,,,,Master only (1),-15.7,,23.0,19.097157,19.097157,,60.733818,4.1065006,-2.6193779,-0.5423184,190.94765,0.0,0.0,1.0
-15.68,15.68,2.10701,1.00469056e+06,30.0,0.0,8.939491,0.0,1.0810069,0.0,0.99949306,0.0,60.73633,2.0,,19.096066,,19.096066,19.096066,,11.816692,,0.060624693,314.98825,1.0,0.0,0.0,2001.0,-15.68,,23.0,,,,Master only (1),-15.7,,23.0,19.097157,19.097157,,60.73633,4.106542,-2.6193779,-0.5423184,190.94765,0.0,0.0,1.0
-15.67,15.67,2.10701,1.00469056e+06,30.0,0.0,8.939617,0.0,1.080958,0.0,0.99949783,0.0,60.73909,2.0,,19.096626,,19.096626,19.096626,,11.816883,,0.060623717,315.00256,1.0,0.0,0.0,2001.0,-15.67,,23.0,,,,Master only (1),-15.7,,23.0,19.097157,19.097157,,60.73909,4.1065874,-2.6193779,-0.5423184,190.94765,0.0,0.0,1.0
-15.66,15.66,2.10701,1.00469056e+06,30.0,0.0,8.939736,0.0,1.0809089,0.0,0.99950236,0.0,60.741707,2.0,,19.097157,,19.097157,19.097157,,11.817063,,0.060622793,315.0161,1.0,0.0,0.0,2001.0,-15.66,,23.0,1.7846656,2.8593225,0.9650809,Matched (3),-15.7,,23.0,19.097157,19.097157,,60.741707,4.1066303,-2.6193779,-0.5423184,190.94765,0.0,0.0,1.0
-15.65,15.65,2.10701,1.00469056e+06,30.0,0.0,0.0,0.0,0.0,0.0,0.0,0.0,0.0,3.0,,25.917816,,,,,,,,,0.0,0.0,0.0,0.0,-15.65,,,,,,Master only (1),-15.6,,,,,,0.0,,,,0.0,0.0,,0.0
-15.64,15.64,2.10701,1.00469056e+06,30.0,0.0,0.0,0.0,0.0,0.0,0.0,0.0,0.0,3.0,,25.92576,,,,,,,,,0.0,0.0,0.0,0.0,-15.64,,,,,,Master only (1),-15.6,,,,,,0.0,,,,0.0,0.0,,0.0
-15.63,15.63,2.10701,1.00469056e+06,30.0,0.0,0.0,0.0,0.0,0.0,0.0,0.0,0.0,3.0,,25.933697,,,,,,,,,0.0,0.0,0.0,0.0,-15.63,,,,,,Master only (1),-15.6,,,,,,0.0,,,,0.0,0.0,,0.0
-15.62,15.62,2.10701,1.00469056e+06,30.0,0.0,0.0,0.0,0.0,0.0,0.0,0.0,0.0,3.0,,25.941645,,,,,,,,,0.0,0.0,0.0,0.0,-15.62,,,,,,Master only (1),-15.6,,,,,,0.0,,,,0.0,0.0,,0.0
-15.61,15.61,2.10701,1.00469056e+06,30.0,0.0,0.0,0.0,0.0,0.0,0.0,0.0,0.0,3.0,,25.949594,,,,,,,,,0.0,0.0,0.0,0.0,-15.61,,,,,,Master only (1),-15.6,,,,,,0.0,,,,0.0,0.0,,0.0
-15.6,15.6,2.10701,1.00469056e+06,30.0,0.0,0.0,0.0,0.0,0.0,0.0,0.0,0.0,3.0,,25.957546,,,,,,,,,0.0,0.0,0.0,0.0,-15.6,,,,,,Master only (1),-15.6,,,,,,0.0,,,,0.0,0.0,,0.0
-15.59,15.59,2.10701,1.00469056e+06,30.0,0.0,0.0,0.0,0.0,0.0,0.0,0.0,0.0,3.0,,25.965504,,,,,,,,,0.0,0.0,0.0,0.0,-15.59,,,,,,Master only (1),-15.6,,,,,,0.0,,,,0.0,0.0,,0.0
-15.58,15.58,2.10701,1.00469056e+06,30.0,0.0,0.0,0.0,0.0,0.0,0.0,0.0,0.0,3.0,,25.973461,,,,,,,,,0.0,0.0,0.0,0.0,-15.58,,,,,,Master only (1),-15.6,,,,,,0.0,,,,0.0,0.0,,0.0
-15.57,15.57,2.10701,1.00469056e+06,30.0,0.0,0.0,0.0,0.0,0.0,0.0,0.0,0.0,3.0,,25.981417,,,,,,,,,0.0,0.0,0.0,0.0,-15.57,,,,,,Master only (1),-15.6,,,,,,0.0,,,,0.0,0.0,,0.0
-15.56,15.56,2.10701,1.00469056e+06,30.0,0.0,0.0,0.0,0.0,0.0,0.0,0.0,0.0,3.0,,25.989378,,,,,,,,,0.0,0.0,0.0,0.0,-15.56,,,,,,Master only (1),-15.6,,,,,,0.0,,,,0.0,0.0,,0.0
-15.55,15.55,2.10701,1.00469056e+06,30.0,0.0,0.0,0.0,0.0,0.0,0.0,0.0,0.0,3.0,,25.99734,,,,,,,,,0.0,0.0,0.0,0.0,-15.55,,,,,,Master only (1),-15.6,,,,,,0.0,,,,0.0,0.0,,0.0
-15.54,15.54,2.10701,1.00469056e+06,30.0,0.0,0.0,0.0,0.0,0.0,0.0,0.0,0.0,3.0,,26.005308,,,,,,,,,0.0,0.0,0.0,0.0,-15.54,,,,,,Master only (1),-15.5,,,,,,0.0,,,,0.0,0.0,,0.0
-15.53,15.53,2.10701,1.00469056e+06,30.0,0.0,0.0,0.0,0.0,0.0,0.0,0.0,0.0,3.0,,26.013273,,,,,,,,,0.0,0.0,0.0,0.0,-15.53,,,,,,Master only (1),-15.5,,,,,,0.0,,,,0.0,0.0,,0.0
-15.52,15.52,2.10701,1.00469056e+06,30.0,0.0,0.0,0.0,0.0,0.0,0.0,0.0,0.0,3.0,,26.021252,,,,,,,,,0.0,0.0,0.0,0.0,-15.52,,,,,,Master only (1),-15.5,,,,,,0.0,,,,0.0,0.0,,0.0
-15.51,15.51,2.10701,1.00469056e+06,30.0,0.0,0.0,0.0,0.0,0.0,0.0,0.0,0.0,3.0,,26.029224,,,,,,,,,0.0,0.0,0.0,0.0,-15.51,,,,,,Master only (1),-15.5,,,,,,0.0,,,,0.0,0.0,,0.0
-15.5,15.5,2.10701,1.00469056e+06,30.0,0.0,0.0,0.0,0.0,0.0,0.0,0.0,0.0,3.0,,26.037197,,,,,,,,,0.0,0.0,0.0,0.0,-15.5,,,,,,Master only (1),-15.5,,,,,,0.0,,,,0.0,0.0,,0.0
-15.49,15.49,2.10701,1.00469056e+06,30.0,0.0,0.0,0.0,0.0,0.0,0.0,0.0,0.0,3.0,,26.045174,,,,,,,,,0.0,0.0,0.0,0.0,-15.49,,,,,,Master only (1),-15.5,,,,,,0.0,,,,0.0,0.0,,0.0
-15.48,15.48,2.10701,1.00469056e+06,30.0,0.0,0.0,0.0,0.0,0.0,0.0,0.0,0.0,3.0,,26.053162,,,,,,,,,0.0,0.0,0.0,0.0,-15.48,,,,,,Master only (1),-15.5,,,,,,0.0,,,,0.0,0.0,,0.0
-15.47,15.47,2.10701,1.00469056e+06,30.0,0.0,0.0,0.0,0.0,0.0,0.0,0.0,0.0,3.0,,26.061138,,,,,,,,,0.0,0.0,0.0,0.0,-15.47,,,,,,Master only (1),-15.5,,,,,,0.0,,,,0.0,0.0,,0.0
-15.46,15.46,2.10701,1.00469056e+06,30.0,0.0,0.0,0.0,0.0,0.0,0.0,0.0,0.0,3.0,,26.069128,,,,,,,,,0.0,0.0,0.0,0.0,-15.46,,,,,,Master only (1),-15.5,,,,,,0.0,,,,0.0,0.0,,0.0
-15.45,15.45,2.10701,1.00469056e+06,30.0,0.0,0.0,0.0,0.0,0.0,0.0,0.0,0.0,3.0,,26.077108,,,,,,,,,0.0,0.0,0.0,0.0,-15.45,,,,,,Master only (1),-15.4,,,,,,0.0,,,,0.0,0.0,,0.0
-15.44,15.44,2.10701,1.00469056e+06,30.0,0.0,0.0,0.0,0.0,0.0,0.0,0.0,0.0,3.0,,26.085108,,,,,,,,,0.0,0.0,0.0,0.0,-15.44,,,,,,Master only (1),-15.4,,,,,,0.0,,,,0.0,0.0,,0.0
-15.43,15.43,2.10701,1.00469056e+06,30.0,0.0,0.0,0.0,0.0,0.0,0.0,0.0,0.0,3.0,,26.093096,,,,,,,,,0.0,0.0,0.0,0.0,-15.43,,,,,,Master only (1),-15.4,,,,,,0.0,,,,0.0,0.0,,0.0
-15.42,15.42,2.10701,1.00469056e+06,30.0,0.0,0.0,0.0,0.0,0.0,0.0,0.0,0.0,3.0,,26.101095,,,,,,,,,0.0,0.0,0.0,0.0,-15.42,,,,,,Master only (1),-15.4,,,,,,0.0,,,,0.0,0.0,,0.0
-15.41,15.41,2.10701,1.00469056e+06,30.0,0.0,0.0,0.0,0.0,0.0,0.0,0.0,0.0,3.0,,26.109087,,,,,,,,,0.0,0.0,0.0,0.0,-15.41,,,,,,Master only (1),-15.4,,,,,,0.0,,,,0.0,0.0,,0.0
-15.4,15.4,2.10701,1.00469056e+06,30.0,0.0,0.0,0.0,0.0,0.0,0.0,0.0,0.0,3.0,,26.11709,,,,,,,,,0.0,0.0,0.0,0.0,-15.4,,,,,,Master only (1),-15.4,,,,,,0.0,,,,0.0,0.0,,0.0
-15.39,15.39,2.10701,1.00469056e+06,30.0,0.0,0.0,0.0,0.0,0.0,0.0,0.0,0.0,3.0,,26.125093,,,,,,,,,0.0,0.0,0.0,0.0,-15.39,,,,,,Master only (1),-15.4,,,,,,0.0,,,,0.0,0.0,,0.0
-15.38,15.38,2.10701,1.00469056e+06,30.0,0.0,0.0,0.0,0.0,0.0,0.0,0.0,0.0,3.0,,26.133104,,,,,,,,,0.0,0.0,0.0,0.0,-15.38,,,,,,Master only (1),-15.4,,,,,,0.0,,,,0.0,0.0,,0.0
-15.37,15.37,2.10701,1.00469056e+06,30.0,0.0,0.0,0.0,0.0,0.0,0.0,0.0,0.0,3.0,,26.141102,,,,,,,,,0.0,0.0,0.0,0.0,-15.37,,,,,,Master only (1),-15.4,,,,,,0.0,,,,0.0,0.0,,0.0
-15.36,15.36,2.10701,1.00469056e+06,30.0,0.0,0.0,0.0,0.0,0.0,0.0,0.0,0.0,3.0,,26.149115,,,,,,,,,0.0,0.0,0.0,0.0,-15.36,,,,,,Master only (1),-15.4,,,,,,0.0,,,,0.0,0.0,,0.0
-15.35,15.35,2.10701,1.00469056e+06,30.0,0.0,0.0,0.0,0.0,0.0,0.0,0.0,0.0,3.0,,26.15713,,,,,,,,,0.0,0.0,0.0,0.0,-15.35,,,,,,Master only (1),-15.4,,,,,,0.0,,,,0.0,0.0,,0.0
-15.34,15.34,2.10701,1.00469056e+06,30.0,0.0,0.0,0.0,0.0,0.0,0.0,0.0,0.0,3.0,,26.165146,,,,,,,,,0.0,0.0,0.0,0.0,-15.34,,,,,,Master only (1),-15.3,,,,,,0.0,,,,0.0,0.0,,0.0
-15.33,15.33,2.10701,1.00469056e+06,30.0,0.0,0.0,0.0,0.0,0.0,0.0,0.0,0.0,3.0,,26.173162,,,,,,,,,0.0,0.0,0.0,0.0,-15.33,,,,,,Master only (1),-15.3,,,,,,0.0,,,,0.0,0.0,,0.0
-15.32,15.32,2.10701,1.00469056e+06,30.0,0.0,0.0,0.0,0.0,0.0,0.0,0.0,0.0,3.0,,26.181181,,,,,,,,,0.0,0.0,0.0,0.0,-15.32,,,,,,Master only (1),-15.3,,,,,,0.0,,,,0.0,0.0,,0.0
-15.31,15.31,2.10701,1.00469056e+06,30.0,0.0,0.0,0.0,0.0,0.0,0.0,0.0,0.0,3.0,,26.189207,,,,,,,,,0.0,0.0,0.0,0.0,-15.31,,,,,,Master only (1),-15.3,,,,,,0.0,,,,0.0,0.0,,0.0
-15.3,15.3,2.10701,1.00469056e+06,30.0,0.0,0.0,0.0,0.0,0.0,0.0,0.0,0.0,3.0,,26.197227,,,,,,,,,0.0,0.0,0.0,0.0,-15.3,,,,,,Master only (1),-15.3,,,,,,0.0,,,,0.0,0.0,,0.0
-15.29,15.29,2.10701,1.00469056e+06,30.0,0.0,0.0,0.0,0.0,0.0,0.0,0.0,0.0,3.0,,26.205256,,,,,,,,,0.0,0.0,0.0,0.0,-15.29,,,,,,Master only (1),-15.3,,,,,,0.0,,,,0.0,0.0,,0.0
-15.28,15.28,2.10701,1.00469056e+06,30.0,0.0,0.0,0.0,0.0,0.0,0.0,0.0,0.0,3.0,,26.213285,,,,,,,,,0.0,0.0,0.0,0.0,-15.28,,,,,,Master only (1),-15.3,,,,,,0.0,,,,0.0,0.0,,0.0
-15.27,15.27,2.10701,1.00469056e+06,30.0,0.0,0.0,0.0,0.0,0.0,0.0,0.0,0.0,3.0,,26.221315,,,,,,,,,0.0,0.0,0.0,0.0,-15.27,,,,,,Master only (1),-15.3,,,,,,0.0,,,,0.0,0.0,,0.0
-15.26,15.26,2.10701,1.00469056e+06,30.0,0.0,0.0,0.0,0.0,0.0,0.0,0.0,0.0,3.0,,26.229357,,,,,,,,,0.0,0.0,0.0,0.0,-15.26,,,,,,Master only (1),-15.3,,,,,,0.0,,,,0.0,0.0,,0.0
-15.25,15.25,2.10701,1.00469056e+06,30.0,0.0,9.112637,0.0,1.0857438,0.0,1.0060334,0.0,64.61771,2.0,,19.874704,,19.874704,19.874704,,12.07931,,0.059306644,335.11768,1.0,0.0,0.0,2001.0,-15.25,,24.0,,,,Master only (1),-15.2,,24.0,19.879553,19.879553,,64.61771,4.1684885,-3.2128952,-0.4800821,198.77084,0.0,0.0,1.0
-15.24,15.24,2.10701,1.00469056e+06,30.0,0.0,9.112751,0.0,1.0856942,0.0,1.0060377,0.0,64.62032,2.0,,19.875223,,19.875223,19.875223,,12.079484,,0.05930579,335.13123,1.0,0.0,0.0,2001.0,-15.24,,24.0,1.5128148,2.278761,0.37156358,Matched (3),-15.2,,24.0,19.879553,19.879553,,64.62032,4.168529,-3.2128952,-0.4800821,198.77084,0.0,0.0,1.0
-15.23,15.23,2.10701,1.00469056e+06,30.0,0.0,9.112859,0.0,1.0856442,0.0,1.0060418,0.0,64.62279,2.0,,19.875713,,19.875713,19.875713,,12.079648,,0.059304986,335.14404,1.0,0.0,0.0,2001.0,-15.23,,24.0,,,,Master only (1),-15.2,,24.0,19.879553,19.879553,,64.62279,4.168567,-3.2128952,-0.4800821,198.77084,0.0,0.0,1.0
-15.22,15.22,2.10701,1.00469056e+06,30.0,0.0,9.11298,0.0,1.0855949,0.0,1.0060463,0.0,64.625565,2.0,,19.876263,,19.876263,19.876263,,12.079832,,0.059304085,335.15842,1.0,0.0,0.0,2001.0,-15.22,,24.0,,,,Master only (1),-15.2,,24.0,19.879553,19.879553,,64.625565,4.16861,-3.2128952,-0.4800821,198.77084,0.0,0.0,1.0
-15.21,15.21,2.10701,1.00469056e+06,30.0,0.0,9.113101,0.0,1.0855454,0.0,1.0060508,0.0,64.62834,2.0,,19.876814,,19.876814,19.876814,,12.080016,,0.05930318,335.17282,1.0,0.0,0.0,2001.0,-15.21,,24.0,,,,Master only (1),-15.2,,24.0,19.879553,19.879553,,64.62834,4.168653,-3.2128952,-0.4800821,198.77084,0.0,0.0,1.0
-15.2,15.2,2.10701,1.00469056e+06,30.0,0.0,9.113218,0.0,1.085496,0.0,1.0060552,0.0,64.63103,2.0,,19.877346,,19.877346,19.877346,,12.080194,,0.059302304,335.18674,1.0,0.0,0.0,2001.0,-15.2,,24.0,,,,Master only (1),-15.2,,24.0,19.879553,19.879553,,64.63103,4.1686945,-3.2128952,-0.4800821,198.77084,0.0,0.0,1.0
-15.19,15.19,2.10701,1.00469056e+06,30.0,0.0,9.113329,0.0,1.0854461,0.0,1.0060594,0.0,64.63356,2.0,,19.87785,,19.87785,19.87785,,12.080362,,0.05930148,335.1999,1.0,0.0,0.0,2001.0,-15.19,,24.0,,,,Master only (1),-15.2,,24.0,19.879553,19.879553,,64.63356,4.1687336,-3.2128952,-0.4800821,198.77084,0.0,0.0,1.0
-15.18,15.18,2.10701,1.00469056e+06,30.0,0.0,9.113457,0.0,1.085397,0.0,1.0060642,0.0,64.63648,2.0,,19.87843,,19.87843,19.87843,,12.080556,,0.05930053,335.21503,1.0,0.0,0.0,2001.0,-15.18,,24.0,,,,Master only (1),-15.2,,24.0,19.879553,19.879553,,64.63648,4.168779,-3.2128952,-0.4800821,198.77084,0.0,0.0,1.0
-15.17,15.17,2.10701,1.00469056e+06,30.0,0.0,9.11357,0.0,1.0853474,0.0,1.0060685,0.0,64.639084,2.0,,19.878946,,19.878946,19.878946,,12.080729,,0.05929968,335.22855,1.0,0.0,0.0,2001.0,-15.17,,24.0,,,,Master only (1),-15.2,,24.0,19.879553,19.879553,,64.639084,4.1688194,-3.2128952,-0.4800821,198.77084,0.0,0.0,1.0
-15.16,15.16,2.10701,1.00469056e+06,30.0,0.0,9.113704,0.0,1.0852985,0.0,1.0060735,0.0,64.64214,2.0,,19.879553,,19.879553,19.879553,,12.080932,,0.059298687,335.24442,1.0,0.0,0.0,2001.0,-15.16,,24.0,,,,Master only (1),-15.2,,24.0,19.879553,19.879553,,64.64214,4.1688666,-3.2128952,-0.4800821,198.77084,0.0,0.0,1.0
-15.15,15.15,2.10701,1.00469056e+06,30.0,0.0,8.055257,0.0,1.0406345,0.0,0.9647181,0.0,43.389267,2.0,,15.371195,,15.371195,15.371195,,10.487355,,0.06830925,225.02364,1.0,0.0,0.0,2001.0,-15.15,,18.0,,,,Master only (1),-15.1,,18.0,15.377075,15.377075,,43.389267,3.7702122,-2.4858465,-0.8781436,169.11543,0.0,0.0,1.0
-15.14,15.14,2.10701,1.00469056e+06,30.0,0.0,8.055393,0.0,1.0405885,0.0,0.96472365,0.0,43.39164,2.0,,15.371737,,15.371737,15.371737,,10.487558,,0.06830793,225.0359,1.0,0.0,0.0,2001.0,-15.14,,18.0,,,,Master only (1),-15.1,,18.0,15.377075,15.377075,,43.39164,3.7702668,-2.4858465,-0.8781436,169.11543,0.0,0.0,1.0
-15.13,15.13,2.10701,1.00469056e+06,30.0,0.0,8.055547,0.0,1.0405432,0.0,0.9647299,0.0,43.39431,2.0,,15.372347,,15.372347,15.372347,,10.487787,,0.06830644,225.04974,1.0,0.0,0.0,2001.0,-15.13,,18.0,,,,Master only (1),-15.1,,18.0,15.377075,15.377075,,43.39431,3.7703283,-2.4858465,-0.8781436,169.11543,0.0,0.0,1.0
-15.12,15.12,2.10701,1.00469056e+06,30.0,0.0,8.055692,0.0,1.0404975,0.0,0.9647358,0.0,43.39683,2.0,,15.372924,,15.372924,15.372924,,10.488004,,0.06830502,225.06287,1.0,0.0,0.0,2001.0,-15.12,,18.0,,,,Master only (1),-15.1,,18.0,15.377075,15.377075,,43.39683,3.7703865,-2.4858465,-0.8781436,169.11543,0.0,0.0,1.0
-15.11,15.11,2.10701,1.00469056e+06,30.0,0.0,8.055842,0.0,1.0404521,0.0,0.96474195,0.0,43.399452,2.0,,15.373523,,15.373523,15.373523,,10.488229,,0.06830356,225.07645,1.0,0.0,0.0,2001.0,-15.11,,18.0,,,,Master only (1),-15.1,,18.0,15.377075,15.377075,,43.399452,3.7704468,-2.4858465,-0.8781436,169.11543,0.0,0.0,1.0
-15.1,15.1,2.10701,1.00469056e+06,30.0,0.0,8.056001,0.0,1.0404071,0.0,0.9647484,0.0,43.402206,2.0,,15.374152,,15.374152,15.374152,,10.488465,,0.06830202,225.09074,1.0,0.0,0.0,2001.0,-15.1,,18.0,,,,Master only (1),-15.1,,18.0,15.377075,15.377075,,43.402206,3.7705102,-2.4858465,-0.8781436,169.11543,0.0,0.0,1.0
-15.09,15.09,2.10701,1.00469056e+06,30.0,0.0,8.056151,0.0,1.0403616,0.0,0.9647545,0.0,43.404827,2.0,,15.374751,,15.374751,15.374751,,10.488689,,0.06830056,225.10432,1.0,0.0,0.0,2001.0,-15.09,,18.0,1.9324727,3.0602381,1.0986123,Matched (3),-15.1,,18.0,15.377075,15.377075,,43.404827,3.7705708,-2.4858465,-0.8781436,169.11543,0.0,0.0,1.0
-15.08,15.08,2.10701,1.00469056e+06,30.0,0.0,8.056296,0.0,1.040316,0.0,0.9647604,0.0,43.40735,2.0,,15.375327,,15.375327,15.375327,,10.488906,,0.06829915,225.1174,1.0,0.0,0.0,2001.0,-15.08,,18.0,,,,Master only (1),-15.1,,18.0,15.377075,15.377075,,43.40735,3.7706287,-2.4858465,-0.8781436,169.11543,0.0,0.0,1.0
-15.07,15.07,2.10701,1.00469056e+06,30.0,0.0,8.056441,0.0,1.0402703,0.0,0.9647663,0.0,43.409874,2.0,,15.375904,,15.375904,15.375904,,10.489122,,0.068297744,225.13048,1.0,0.0,0.0,2001.0,-15.07,,18.0,,,,Master only (1),-15.1,,18.0,15.377075,15.377075,,43.409874,3.7706869,-2.4858465,-0.8781436,169.11543,0.0,0.0,1.0
-15.06,15.06,2.10701,1.00469056e+06,30.0,0.0,8.056591,0.0,1.0402249,0.0,0.9647724,0.0,43.41248,2.0,,15.376499,,15.376499,15.376499,,10.489346,,0.06829629,225.14398,1.0,0.0,0.0,2001.0,-15.06,,18.0,,,,Master only (1),-15.1,,18.0,15.377075,15.377075,,43.41248,3.770747,-2.4858465,-0.8781436,169.11543,0.0,0.0,1.0
-15.05,15.05,2.10701,1.00469056e+06,30.0,0.0,8.056736,0.0,1.0401793,0.0,0.9647783,0.0,43.415,2.0,,15.377075,,15.377075,15.377075,,10.489562,,0.068294875,225.15709,1.0,0.0,0.0,2001.0,-15.05,,18.0,,,,Master only (1),-15.1,,18.0,15.377075,15.377075,,43.415,3.7708051,-2.4858465,-0.8781436,169.11543,0.0,0.0,1.0
-15.04,15.04,2.10701,1.00469056e+06,30.0,0.0,0.0,0.0,0.0,0.0,0.0,0.0,0.0,3.0,,26.40674,,,,,,,,,0.0,0.0,0.0,0.0,-15.04,,,,,,Master only (1),-15.0,,,,,,0.0,,,,0.0,0.0,,0.0
-15.03,15.03,2.10701,1.00469056e+06,30.0,0.0,0.0,0.0,0.0,0.0,0.0,0.0,0.0,3.0,,26.414827,,,,,,,,,0.0,0.0,0.0,0.0,-15.03,,,,,,Master only (1),-15.0,,,,,,0.0,,,,0.0,0.0,,0.0
-15.02,15.02,2.10701,1.00469056e+06,30.0,0.0,0.0,0.0,0.0,0.0,0.0,0.0,0.0,3.0,,26.422924,,,,,,,,,0.0,0.0,0.0,0.0,-15.02,,,,,,Master only (1),-15.0,,,,,,0.0,,,,0.0,0.0,,0.0
-15.01,15.01,2.10701,1.00469056e+06,30.0,0.0,0.0,0.0,0.0,0.0,0.0,0.0,0.0,3.0,,26.431025,,,,,,,,,0.0,0.0,0.0,0.0,-15.01,,,,,,Master only (1),-15.0,,,,,,0.0,,,,0.0,0.0,,0.0
-15.0,15.0,2.10701,1.00469056e+06,30.0,0.0,0.0,0.0,0.0,0.0,0.0,0.0,0.0,3.0,,26.439123,,,,,,,,,0.0,0.0,0.0,0.0,-15.0,,,,,,Master only (1),-15.0,,,,,,0.0,,,,0.0,0.0,,0.0
-14.99,14.99,2.10701,1.00469056e+06,30.0,0.0,0.0,0.0,0.0,0.0,0.0,0.0,0.0,3.0,,26.447222,,,,,,,,,0.0,0.0,0.0,0.0,-14.99,,,,,,Master only (1),-15.0,,,,,,0.0,,,,0.0,0.0,,0.0
-14.98,14.98,2.10701,1.00469056e+06,30.0,0.0,0.0,0.0,0.0,0.0,0.0,0.0,0.0,3.0,,26.45532,,,,,,,,,0.0,0.0,0.0,0.0,-14.98,,,,,,Master only (1),-15.0,,,,,,0.0,,,,0.0,0.0,,0.0
-14.97,14.97,2.10701,1.00469056e+06,30.0,0.0,0.0,0.0,0.0,0.0,0.0,0.0,0.0,3.0,,26.463432,,,,,,,,,0.0,0.0,0.0,0.0,-14.97,,,,,,Master only (1),-15.0,,,,,,0.0,,,,0.0,0.0,,0.0
-14.96,14.96,2.10701,1.00469056e+06,30.0,0.0,0.0,0.0,0.0,0.0,0.0,0.0,0.0,3.0,,26.47154,,,,,,,,,0.0,0.0,0.0,0.0,-14.96,,,,,,Master only (1),-15.0,,,,,,0.0,,,,0.0,0.0,,0.0
-14.95,14.95,2.10701,1.00469056e+06,30.0,0.0,0.0,0.0,0.0,0.0,0.0,0.0,0.0,3.0,,26.479656,,,,,,,,,0.0,0.0,0.0,0.0,-14.95,,,,,,Master only (1),-14.9,,,,,,0.0,,,,0.0,0.0,,0.0
-14.94,14.94,2.10701,1.00469056e+06,30.0,0.0,0.0,0.0,0.0,0.0,0.0,0.0,0.0,3.0,,26.487766,,,,,,,,,0.0,0.0,0.0,0.0,-14.94,,,,,,Master only (1),-14.9,,,,,,0.0,,,,0.0,0.0,,0.0
-14.93,14.93,2.10701,1.00469056e+06,30.0,0.0,0.0,0.0,0.0,0.0,0.0,0.0,0.0,3.0,,26.49589,,,,,,,,,0.0,0.0,0.0,0.0,-14.93,,,,,,Master only (1),-14.9,,,,,,0.0,,,,0.0,0.0,,0.0
-14.92,14.92,2.10701,1.00469056e+06,30.0,0.0,0.0,0.0,0.0,0.0,0.0,0.0,0.0,3.0,,26.504004,,,,,,,,,0.0,0.0,0.0,0.0,-14.92,,,,,,Master only (1),-14.9,,,,,,0.0,,,,0.0,0.0,,0.0
-14.91,14.91,2.10701,1.00469056e+06,30.0,0.0,0.0,0.0,0.0,0.0,0.0,0.0,0.0,3.0,,26.512129,,,,,,,,,0.0,0.0,0.0,0.0,-14.91,,,,,,Master only (1),-14.9,,,,,,0.0,,,,0.0,0.0,,0.0
-14.9,14.9,2.10701,1.00469056e+06,30.0,0.0,0.0,0.0,0.0,0.0,0.0,0.0,0.0,3.0,,26.520245,,,,,,,,,0.0,0.0,0.0,0.0,-14.9,,,,,,Master only (1),-14.9,,,,,,0.0,,,,0.0,0.0,,0.0
-14.89,14.89,2.10701,1.00469056e+06,30.0,0.0,0.0,0.0,0.0,0.0,0.0,0.0,0.0,3.0,,26.528378,,,,,,,,,0.0,0.0,0.0,0.0,-14.89,,,,,,Master only (1),-14.9,,,,,,0.0,,,,0.0,0.0,,0.0
-14.88,14.88,2.10701,1.00469056e+06,30.0,0.0,0.0,0.0,0.0,0.0,0.0,0.0,0.0,3.0,,26.536507,,,,,,,,,0.0,0.0,0.0,0.0,-14.88,,,,,,Master only (1),-14.9,,,,,,0.0,,,,0.0,0.0,,0.0
-14.87,14.87,2.10701,1.00469056e+06,30.0,0.0,0.0,0.0,0.0,0.0,0.0,0.0,0.0,3.0,,26.544632,,,,,,,,,0.0,0.0,0.0,0.0,-14.87,,,,,,Master only (1),-14.9,,,,,,0.0,,,,0.0,0.0,,0.0
-14.86,14.86,2.10701,1.00469056e+06,30.0,0.0,0.0,0.0,0.0,0.0,0.0,0.0,0.0,3.0,,26.552769,,,,,,,,,0.0,0.0,0.0,0.0,-14.86,,,,,,Master only (1),-14.9,,,,,,0.0,,,,0.0,0.0,,0.0
-14.85,14.85,2.10701,1.00469056e+06,30.0,0.0,0.0,0.0,0.0,0.0,0.0,0.0,0.0,3.0,,26.560907,,,,,,,,,0.0,0.0,0.0,0.0,-14.85,,,,,,Master only (1),-14.9,,,,,,0.0,,,,0.0,0.0,,0.0
-14.84,14.84,2.10701,1.00469056e+06,30.0,0.0,0.0,0.0,0.0,0.0,0.0,0.0,0.0,3.0,,26.569048,,,,,,,,,0.0,0.0,0.0,0.0,-14.84,,,,,,Master only (1),-14.8,,,,,,0.0,,,,0.0,0.0,,0.0
-14.83,14.83,2.10701,1.00469056e+06,30.0,0.0,0.0,0.0,0.0,0.0,0.0,0.0,0.0,3.0,,26.577188,,,,,,,,,0.0,0.0,0.0,0.0,-14.83,,,,,,Master only (1),-14.8,,,,,,0.0,,,,0.0,0.0,,0.0
-14.82,14.82,2.10701,1.00469056e+06,30.0,0.0,0.0,0.0,0.0,0.0,0.0,0.0,0.0,3.0,,26.585331,,,,,,,,,0.0,0.0,0.0,0.0,-14.82,,,,,,Master only (1),-14.8,,,,,,0.0,,,,0.0,0.0,,0.0
-14.81,14.81,2.10701,1.00469056e+06,30.0,0.0,0.0,0.0,0.0,0.0,0.0,0.0,0.0,3.0,,26.59348,,,,,,,,,0.0,0.0,0.0,0.0,-14.81,,,,,,Master only (1),-14.8,,,,,,0.0,,,,0.0,0.0,,0.0
-14.8,14.8,2.10701,1.00469056e+06,30.0,0.0,0.0,0.0,0.0,0.0,0.0,0.0,0.0,3.0,,26.601625,,,,,,,,,0.0,0.0,0.0,0.0,-14.8,,,,,,Master only (1),-14.8,,,,,,0.0,,,,0.0,0.0,,0.0
-14.79,14.79,2.10701,1.00469056e+06,30.0,0.0,0.0,0.0,0.0,0.0,0.0,0.0,0.0,3.0,,26.609777,,,,,,,,,0.0,0.0,0.0,0.0,-14.79,,,,,,Master only (1),-14.8,,,,,,0.0,,,,0.0,0.0,,0.0
-14.78,14.78,2.10701,1.00469056e+06,30.0,0.0,0.0,0.0,0.0,0.0,0.0,0.0,0.0,3.0,,26.61793,,,,,,,,,0.0,0.0,0.0,0.0,-14.78,,,,,,Master only (1),-14.8,,,,,,0.0,,,,0.0,0.0,,0.0
-14.77,14.77,2.10701,1.00469056e+06,30.0,0.0,0.0,0.0,0.0,0.0,0.0,0.0,0.0,3.0,,26.626083,,,,,,,,,0.0,0.0,0.0,0.0,-14.77,,,,,,Master only (1),-14.8,,,,,,0.0,,,,0.0,0.0,,0.0
-14.76,14.76,2.10701,1.00469056e+06,30.0,0.0,0.0,0.0,0.0,0.0,0.0,0.0,0.0,3.0,,26.634245,,,,,,,,,0.0,0.0,0.0,0.0,-14.76,,,,,,Master only (1),-14.8,,,,,,0.0,,,,0.0,0.0,,0.0
-14.75,14.75,2.10701,1.00469056e+06,30.0,0.0,0.0,0.0,0.0,0.0,0.0,0.0,0.0,3.0,,26.642403,,,,,,,,,0.0,0.0,0.0,0.0,-14.75,,,,,,Master only (1),-14.7,,,,,,0.0,,,,0.0,0.0,,0.0
-14.74,14.74,2.10701,1.00469056e+06,30.0,0.0,0.0,0.0,0.0,0.0,0.0,0.0,0.0,3.0,,26.650566,,,,,,,,,0.0,0.0,0.0,0.0,-14.74,,,,,,Master only (1),-14.7,,,,,,0.0,,,,0.0,0.0,,0.0
-14.73,14.73,2.10701,1.00469056e+06,30.0,0.0,0.0,0.0,0.0,0.0,0.0,0.0,0.0,3.0,,26.658735,,,,,,,,,0.0,0.0,0.0,0.0,-14.73,,,,,,Master only (1),-14.7,,,,,,0.0,,,,0.0,0.0,,0.0
-14.72,14.72,2.10701,1.00469056e+06,30.0,0.0,0.0,0.0,0.0,0.0,0.0,0.0,0.0,3.0,,26.666903,,,,,,,,,0.0,0.0,0.0,0.0,-14.72,,,,,,Master only (1),-14.7,,,,,,0.0,,,,0.0,0.0,,0.0
-14.71,14.71,2.10701,1.00469056e+06,30.0,0.0,0.0,0.0,0.0,0.0,0.0,0.0,0.0,3.0,,26.67507,,,,,,,,,0.0,0.0,0.0,0.0,-14.71,,,,,,Master only (1),-14.7,,,,,,0.0,,,,0.0,0.0,,0.0
-14.7,14.7,2.10701,1.00469056e+06,30.0,0.0,0.0,0.0,0.0,0.0,0.0,0.0,0.0,3.0,,26.68325,,,,,,,,,0.0,0.0,0.0,0.0,-14.7,,,,,,Master only (1),-14.7,,,,,,0.0,,,,0.0,0.0,,0.0
-14.69,14.69,2.10701,1.00469056e+06,30.0,0.0,0.0,0.0,0.0,0.0,0.0,0.0,0.0,3.0,,26.69142,,,,,,,,,0.0,0.0,0.0,0.0,-14.69,,,,,,Master only (1),-14.7,,,,,,0.0,,,,0.0,0.0,,0.0
-14.68,14.68,2.10701,1.00469056e+06,30.0,0.0,0.0,0.0,0.0,0.0,0.0,0.0,0.0,3.0,,26.699608,,,,,,,,,0.0,0.0,0.0,0.0,-14.68,,,,,,Master only (1),-14.7,,,,,,0.0,,,,0.0,0.0,,0.0
-14.67,14.67,2.10701,1.00469056e+06,30.0,0.0,0.0,0.0,0.0,0.0,0.0,0.0,0.0,3.0,,26.70778,,,,,,,,,0.0,0.0,0.0,0.0,-14.67,,,,,,Master only (1),-14.7,,,,,,0.0,,,,0.0,0.0,,0.0
-14.66,14.66,2.10701,1.00469056e+06,30.0,0.0,0.0,0.0,0.0,0.0,0.0,0.0,0.0,3.0,,26.715971,,,,,,,,,0.0,0.0,0.0,0.0,-14.66,,,,,,Master only (1),-14.7,,,,,,0.0,,,,0.0,0.0,,0.0
-14.65,14.65,2.10701,1.00469056e+06,30.0,0.0,7.48111,0.0,1.0122644,0.0,0.9407666,0.0,34.17299,2.0,,13.176644,,13.176644,13.176644,,9.635393,,0.07434916,177.22655,1.0,0.0,0.0,2001.0,-14.65,,15.0,,,,Master only (1),-14.6,,15.0,13.183131,13.183131,,34.17299,3.5314355,-3.2043116,-1.1167504,144.97855,0.0,0.0,1.0
-14.64,14.64,2.10701,1.00469056e+06,30.0,0.0,7.481277,0.0,1.0122215,0.0,0.9407737,0.0,34.17545,2.0,,13.177257,,13.177257,13.177257,,9.635639,,0.07434726,177.2393,1.0,0.0,0.0,2001.0,-14.64,,15.0,,,,Master only (1),-14.6,,15.0,13.183131,13.183131,,34.17545,3.5315075,-3.2043116,-1.1167504,144.97855,0.0,0.0,1.0
-14.63,14.63,2.10701,1.00469056e+06,30.0,0.0,7.481457,0.0,1.0121791,0.0,0.9407814,0.0,34.17811,2.0,,13.177918,,13.177918,13.177918,,9.635905,,0.07434521,177.2531,1.0,0.0,0.0,2001.0,-14.63,,15.0,1.5367776,2.3678503,0.38014728,Matched (3),-14.6,,15.0,13.183131,13.183131,,34.17811,3.5315852,-3.2043116,-1.1167504,144.97855,0.0,0.0,1.0
-14.62,14.62,2.10701,1.00469056e+06,30.0,0.0,7.4816327,0.0,1.0121366,0.0,0.9407889,0.0,34.1807,2.0,,13.178562,,13.178562,13.178562,,9.636165,,0.074343204,177.26654,1.0,0.0,0.0,2001.0,-14.62,,15.0,,,,Master only (1),-14.6,,15.0,13.183131,13.183131,,34.1807,3.531661,-3.2043116,-1.1167504,144.97855,0.0,0.0,1.0
-14.61,14.61,2.10701,1.00469056e+06,30.0,0.0,7.481818,0.0,1.0120945,0.0,0.94079685,0.0,34.183434,2.0,,13.179242,,13.179242,13.179242,,9.636438,,0.074341096,177.2807,1.0,0.0,0.0,2001.0,-14.61,,15.0,,,,Master only (1),-14.6,,15.0,13.183131,13.183131,,34.183434,3.5317411,-3.2043116,-1.1167504,144.97855,0.0,0.0,1.0
-14.6,14.6,2.10701,1.00469056e+06,30.0,0.0,7.481988,0.0,1.0120517,0.0,0.9408041,0.0,34.18594,2.0,,13.179866,,13.179866,13.179866,,9.636688,,0.07433917,177.2937,1.0,0.0,0.0,2001.0,-14.6,,15.0,,,,Master only (1),-14.6,,15.0,13.183131,13.183131,,34.18594,3.5318143,-3.2043116,-1.1167504,144.97855,0.0,0.0,1.0
-14.59,14.59,2.10701,1.00469056e+06,30.0,0.0,7.482168,0.0,1.0120094,0.0,0.9408118,0.0,34.1886,2.0,,13.180527,,13.180527,13.180527,,9.636954,,0.07433711,177.3075,1.0,0.0,0.0,2001.0,-14.59,,15.0,,,,Master only (1),-14.6,,15.0,13.183131,13.183131,,34.1886,3.5318923,-3.2043116,-1.1167504,144.97855,0.0,0.0,1.0
-14.58,14.58,2.10701,1.00469056e+06,30.0,0.0,7.4823394,0.0,1.0119667,0.0,0.94081914,0.0,34.191124,2.0,,13.181155,,13.181155,13.181155,,9.637207,,0.074335165,177.32059,1.0,0.0,0.0,2001.0,-14.58,,15.0,,,,Master only (1),-14.6,,15.0,13.183131,13.183131,,34.191124,3.531966,-3.2043116,-1.1167504,144.97855,0.0,0.0,1.0
-14.57,14.57,2.10701,1.00469056e+06,30.0,0.0,7.4825125,0.0,1.011924,0.0,0.94082654,0.0,34.19368,2.0,,13.18179,,13.18179,13.18179,,9.637463,,0.07433319,177.33385,1.0,0.0,0.0,2001.0,-14.57,,15.0,,,,Master only (1),-14.6,,15.0,13.183131,13.183131,,34.19368,3.5320408,-3.2043116,-1.1167504,144.97855,0.0,0.0,1.0
-14.56,14.56,2.10701,1.00469056e+06,30.0,0.0,7.482695,0.0,1.0118818,0.0,0.94083434,0.0,34.196373,2.0,,13.182461,,13.182461,13.182461,,9.6377325,,0.07433111,177.34782,1.0,0.0,0.0,2001.0,-14.56,,15.0,,,,Master only (1),-14.6,,15.0,13.183131,13.183131,,34.196373,3.5321195,-3.2043116,-1.1167504,144.97855,0.0,0.0,1.0
-14.55,14.55,2.10701,1.00469056e+06,30.0,0.0,7.4828777,0.0,1.0118396,0.0,0.94084215,0.0,34.19907,2.0,,13.183131,,13.183131,13.183131,,9.638001,,0.07432903,177.3618,1.0,0.0,0.0,2001.0,-14.55,,15.0,,,,Master only (1),-14.6,,15.0,13.183131,13.183131,,34.19907,3.5321984,-3.2043116,-1.1167504,144.97855,0.0,0.0,1.0
-14.54,14.54,2.10701,1.00469056e+06,30.0,0.0,0.0,0.0,0.0,0.0,0.0,0.0,0.0,3.0,,26.814363,,,,,,,,,0.0,0.0,0.0,0.0,-14.54,,,,,,Master only (1),-14.5,,,,,,0.0,,,,0.0,0.0,,0.0
-14.53,14.53,2.10701,1.00469056e+06,30.0,0.0,0.0,0.0,0.0,0.0,0.0,0.0,0.0,3.0,,26.822594,,,,,,,,,0.0,0.0,0.0,0.0,-14.53,,,,,,Master only (1),-14.5,,,,,,0.0,,,,0.0,0.0,,0.0
-14.52,14.52,2.10701,1.00469056e+06,30.0,0.0,0.0,0.0,0.0,0.0,0.0,0.0,0.0,3.0,,26.830807,,,,,,,,,0.0,0.0,0.0,0.0,-14.52,,,,,,Master only (1),-14.5,,,,,,0.0,,,,0.0,0.0,,0.0
-14.51,14.51,2.10701,1.00469056e+06,30.0,0.0,0.0,0.0,0.0,0.0,0.0,0.0,0.0,3.0,,26.839027,,,,,,,,,0.0,0.0,0.0,0.0,-14.51,,,,,,Master only (1),-14.5,,,,,,0.0,,,,0.0,0.0,,0.0
-14.5,14.5,2.10701,1.00469056e+06,30.0,0.0,0.0,0.0,0.0,0.0,0.0,0.0,0.0,3.0,,26.84725,,,,,,,,,0.0,0.0,0.0,0.0,-14.5,,,,,,Master only (1),-14.5,,,,,,0.0,,,,0.0,0.0,,0.0
-14.49,14.49,2.10701,1.00469056e+06,30.0,0.0,0.0,0.0,0.0,0.0,0.0,0.0,0.0,3.0,,26.855474,,,,,,,,,0.0,0.0,0.0,0.0,-14.49,,,,,,Master only (1),-14.5,,,,,,0.0,,,,0.0,0.0,,0.0
-14.48,14.48,2.10701,1.00469056e+06,30.0,0.0,0.0,0.0,0.0,0.0,0.0,0.0,0.0,3.0,,26.863705,,,,,,,,,0.0,0.0,0.0,0.0,-14.48,,,,,,Master only (1),-14.5,,,,,,0.0,,,,0.0,0.0,,0.0
-14.47,14.47,2.10701,1.00469056e+06,30.0,0.0,0.0,0.0,0.0,0.0,0.0,0.0,0.0,3.0,,26.87194,,,,,,,,,0.0,0.0,0.0,0.0,-14.47,,,,,,Master only (1),-14.5,,,,,,0.0,,,,0.0,0.0,,0.0
-14.46,14.46,2.10701,1.00469056e+06,30.0,0.0,0.0,0.0,0.0,0.0,0.0,0.0,0.0,3.0,,26.880175,,,,,,,,,0.0,0.0,0.0,0.0,-14.46,,,,,,Master only (1),-14.5,,,,,,0.0,,,,0.0,0.0,,0.0
-14.45,14.45,2.10701,1.00469056e+06,30.0,0.0,0.0,0.0,0.0,0.0,0.0,0.0,0.0,3.0,,26.888403,,,,,,,,,0.0,0.0,0.0,0.0,-14.45,,,,,,Master only (1),-14.4,,,,,,0.0,,,,0.0,0.0,,0.0
-14.44,14.44,2.10701,1.00469056e+06,30.0,0.0,0.0,0.0,0.0,0.0,0.0,0.0,0.0,3.0,,26.896648,,,,,,,,,0.0,0.0,0.0,0.0,-14.44,,,,,,Master only (1),-14.4,,,,,,0.0,,,,0.0,0.0,,0.0
-14.43,14.43,2.10701,1.00469056e+06,30.0,0.0,0.0,0.0,0.0,0.0,0.0,0.0,0.0,3.0,,26.904886,,,,,,,,,0.0,0.0,0.0,0.0,-14.43,,,,,,Master only (1),-14.4,,,,,,0.0,,,,0.0,0.0,,0.0
-14.42,14.42,2.10701,1.00469056e+06,30.0,0.0,0.0,0.0,0.0,0.0,0.0,0.0,0.0,3.0,,26.913136,,,,,,,,,0.0,0.0,0.0,0.0,-14.42,,,,,,Master only (1),-14.4,,,,,,0.0,,,,0.0,0.0,,0.0
-14.41,14.41,2.10701,1.00469056e+06,30.0,0.0,0.0,0.0,0.0,0.0,0.0,0.0,0.0,3.0,,26.921375,,,,,,,,,0.0,0.0,0.0,0.0,-14.41,,,,,,Master only (1),-14.4,,,,,,0.0,,,,0.0,0.0,,0.0
-14.4,14.4,2.10701,1.00469056e+06,30.0,0.0,0.0,0.0,0.0,0.0,0.0,0.0,0.0,3.0,,26.929632,,,,,,,,,0.0,0.0,0.0,0.0,-14.4,,,,,,Master only (1),-14.4,,,,,,0.0,,,,0.0,0.0,,0.0
-14.39,14.39,2.10701,1.00469056e+06,30.0,0.0,0.0,0.0,0.0,0.0,0.0,0.0,0.0,3.0,,26.937874,,,,,,,,,0.0,0.0,0.0,0.0,-14.39,,,,,,Master only (1),-14.4,,,,,,0.0,,,,0.0,0.0,,0.0
-14.38,14.38,2.10701,1.00469056e+06,30.0,0.0,0.0,0.0,0.0,0.0,0.0,0.0,0.0,3.0,,26.946135,,,,,,,,,0.0,0.0,0.0,0.0,-14.38,,,,,,Master only (1),-14.4,,,,,,0.0,,,,0.0,0.0,,0.0
-14.37,14.37,2.10701,1.00469056e+06,30.0,0.0,0.0,0.0,0.0,0.0,0.0,0.0,0.0,3.0,,26.954395,,,,,,,,,0.0,0.0,0.0,0.0,-14.37,,,,,,Master only (1),-14.4,,,,,,0.0,,,,0.0,0.0,,0.0
-14.36,14.36,2.10701,1.00469056e+06,30.0,0.0,0.0,0.0,0.0,0.0,0.0,0.0,0.0,3.0,,26.962658,,,,,,,,,0.0,0.0,0.0,0.0,-14.36,,,,,,Master only (1),-14.4,,,,,,0.0,,,,0.0,0.0,,0.0
-14.35,14.35,2.10701,1.00469056e+06,30.0,0.0,0.0,0.0,0.0,0.0,0.0,0.0,0.0,3.0,,26.970911,,,,,,,,,0.0,0.0,0.0,0.0,-14.35,,,,,,Master only (1),-14.4,,,,,,0.0,,,,0.0,0.0,,0.0
-14.34,14.34,2.10701,1.00469056e+06,30.0,0.0,0.0,0.0,0.0,0.0,0.0,0.0,0.0,3.0,,26.979176,,,,,,,,,0.0,0.0,0.0,0.0,-14.34,,,,,,Master only (1),-14.3,,,,,,0.0,,,,0.0,0.0,,0.0
-14.33,14.33,2.10701,1.00469056e+06,30.0,0.0,0.0,0.0,0.0,0.0,0.0,0.0,0.0,3.0,,26.987448,,,,,,,,,0.0,0.0,0.0,0.0,-14.33,,,,,,Master only (1),-14.3,,,,,,0.0,,,,0.0,0.0,,0.0
-14.32,14.32,2.10701,1.00469056e+06,30.0,0.0,0.0,0.0,0.0,0.0,0.0,0.0,0.0,3.0,,26.995716,,,,,,,,,0.0,0.0,0.0,0.0,-14.32,,,,,,Master only (1),-14.3,,,,,,0.0,,,,0.0,0.0,,0.0
-14.31,14.31,2.10701,1.00469056e+06,30.0,0.0,0.0,0.0,0.0,0.0,0.0,0.0,0.0,3.0,,27.00399,,,,,,,,,0.0,0.0,0.0,0.0,-14.31,,,,,,Master only (1),-14.3,,,,,,0.0,,,,0.0,0.0,,0.0
-14.3,14.3,2.10701,1.00469056e+06,30.0,0.0,0.0,0.0,0.0,0.0,0.0,0.0,0.0,3.0,,27.012266,,,,,,,,,0.0,0.0,0.0,0.0,-14.3,,,,,,Master only (1),-14.3,,,,,,0.0,,,,0.0,0.0,,0.0
-14.29,14.29,2.10701,1.00469056e+06,30.0,0.0,0.0,0.0,0.0,0.0,0.0,0.0,0.0,3.0,,27.020542,,,,,,,,,0.0,0.0,0.0,0.0,-14.29,,,,,,Master only (1),-14.3,,,,,,0.0,,,,0.0,0.0,,0.0
-14.28,14.28,2.10701,1.00469056e+06,30.0,0.0,0.0,0.0,0.0,0.0,0.0,0.0,0.0,3.0,,27.028822,,,,,,,,,0.0,0.0,0.0,0.0,-14.28,,,,,,Master only (1),-14.3,,,,,,0.0,,,,0.0,0.0,,0.0
-14.27,14.27,2.10701,1.00469056e+06,30.0,0.0,0.0,0.0,0.0,0.0,0.0,0.0,0.0,3.0,,27.037102,,,,,,,,,0.0,0.0,0.0,0.0,-14.27,,,,,,Master only (1),-14.3,,,,,,0.0,,,,0.0,0.0,,0.0
-14.26,14.26,2.10701,1.00469056e+06,30.0,0.0,0.0,0.0,0.0,0.0,0.0,0.0,0.0,3.0,,27.045387,,,,,,,,,0.0,0.0,0.0,0.0,-14.26,,,,,,Master only (1),-14.3,,,,,,0.0,,,,0.0,0.0,,0.0
-14.25,14.25,2.10701,1.00469056e+06,30.0,0.0,0.0,0.0,0.0,0.0,0.0,0.0,0.0,3.0,,27.05367,,,,,,,,,0.0,0.0,0.0,0.0,-14.25,,,,,,Master only (1),-14.2,,,,,,0.0,,,,0.0,0.0,,0.0
-14.24,14.24,2.10701,1.00469056e+06,30.0,0.0,0.0,0.0,0.0,0.0,0.0,0.0,0.0,3.0,,27.06196,,,,,,,,,0.0,0.0,0.0,0.0,-14.24,,,,,,Master only (1),-14.2,,,,,,0.0,,,,0.0,0.0,,0.0
-14.23,14.23,2.10701,1.00469056e+06,30.0,0.0,0.0,0.0,0.0,0.0,0.0,0.0,0.0,3.0,,27.07025,,,,,,,,,0.0,0.0,0.0,0.0,-14.23,,,,,,Master only (1),-14.2,,,,,,0.0,,,,0.0,0.0,,0.0
-14.22,14.22,2.10701,1.00469056e+06,30.0,0.0,0.0,0.0,0.0,0.0,0.0,0.0,0.0,3.0,,27.078552,,,,,,,,,0.0,0.0,0.0,0.0,-14.22,,,,,,Master only (1),-14.2,,,,,,0.0,,,,0.0,0.0,,0.0
-14.21,14.21,2.10701,1.00469056e+06,30.0,0.0,0.0,0.0,0.0,0.0,0.0,0.0,0.0,3.0,,27.086845,,,,,,,,,0.0,0.0,0.0,0.0,-14.21,,,,,,Master only (1),-14.2,,,,,,0.0,,,,0.0,0.0,,0.0
-14.2,14.2,2.10701,1.00469056e+06,30.0,0.0,0.0,0.0,0.0,0.0,0.0,0.0,0.0,3.0,,27.09514,,,,,,,,,0.0,0.0,0.0,0.0,-14.2,,,,,,Master only (1),-14.2,,,,,,0.0,,,,0.0,0.0,,0.0
-14.19,14.19,2.10701,1.00469056e+06,30.0,0.0,0.0,0.0,0.0,0.0,0.0,0.0,0.0,3.0,,27.103453,,,,,,,,,0.0,0.0,0.0,0.0,-14.19,,,,,,Master only (1),-14.2,,,,,,0.0,,,,0.0,0.0,,0.0
-14.18,14.18,2.10701,1.00469056e+06,30.0,0.0,0.0,0.0,0.0,0.0,0.0,0.0,0.0,3.0,,27.11175,,,,,,,,,0.0,0.0,0.0,0.0,-14.18,,,,,,Master only (1),-14.2,,,,,,0.0,,,,0.0,0.0,,0.0
-14.17,14.17,2.10701,1.00469056e+06,30.0,0.0,0.0,0.0,0.0,0.0,0.0,0.0,0.0,3.0,,27.120066,,,,,,,,,0.0,0.0,0.0,0.0,-14.17,,,,,,Master only (1),-14.2,,,,,,0.0,,,,0.0,0.0,,0.0
-14.16,14.16,2.10701,1.00469056e+06,30.0,0.0,0.0,0.0,0.0,0.0,0.0,0.0,0.0,3.0,,27.12837,,,,,,,,,0.0,0.0,0.0,0.0,-14.16,,,,,,Master only (1),-14.2,,,,,,0.0,,,,0.0,0.0,,0.0
-14.15,14.15,2.10701,1.00469056e+06,30.0,0.0,0.0,0.0,0.0,0.0,0.0,0.0,0.0,3.0,,27.136688,,,,,,,,,0.0,0.0,0.0,0.0,-14.15,,,,,,Master only (1),-14.1,,,,,,0.0,,,,0.0,0.0,,0.0
-14.14,14.14,2.10701,1.00469056e+06,30.0,0.0,0.0,0.0,0.0,0.0,0.0,0.0,0.0,3.0,,27.144997,,,,,,,,,0.0,0.0,0.0,0.0,-14.14,,,,,,Master only (1),-14.1,,,,,,0.0,,,,0.0,0.0,,0.0
-14.13,14.13,2.10701,1.00469056e+06,30.0,0.0,0.0,0.0,0.0,0.0,0.0,0.0,0.0,3.0,,27.153316,,,,,,,,,0.0,0.0,0.0,0.0,-14.13,,,,,,Master only (1),-14.1,,,,,,0.0,,,,0.0,0.0,,0.0
-14.12,14.12,2.10701,1.00469056e+06,30.0,0.0,0.0,0.0,0.0,0.0,0.0,0.0,0.0,3.0,,27.161644,,,,,,,,,0.0,0.0,0.0,0.0,-14.12,,,,,,Master only (1),-14.1,,,,,,0.0,,,,0.0,0.0,,0.0
-14.11,14.11,2.10701,1.00469056e+06,30.0,0.0,0.0,0.0,0.0,0.0,0.0,0.0,0.0,3.0,,27.169954,,,,,,,,,0.0,0.0,0.0,0.0,-14.11,,,,,,Master only (1),-14.1,,,,,,0.0,,,,0.0,0.0,,0.0
-14.1,14.1,2.10701,1.00469056e+06,30.0,0.0,0.0,0.0,0.0,0.0,0.0,0.0,0.0,3.0,,27.178286,,,,,,,,,0.0,0.0,0.0,0.0,-14.1,,,,,,Master only (1),-14.1,,,,,,0.0,,,,0.0,0.0,,0.0
-14.09,14.09,2.10701,1.00469056e+06,30.0,0.0,0.0,0.0,0.0,0.0,0.0,0.0,0.0,3.0,,27.186615,,,,,,,,,0.0,0.0,0.0,0.0,-14.09,,,,,,Master only (1),-14.1,,,,,,0.0,,,,0.0,0.0,,0.0
-14.08,14.08,2.10701,1.00469056e+06,30.0,0.0,0.0,0.0,0.0,0.0,0.0,0.0,0.0,3.0,,27.194948,,,,,,,,,0.0,0.0,0.0,0.0,-14.08,,,,,,Master only (1),-14.1,,,,,,0.0,,,,0.0,0.0,,0.0
-14.07,14.07,2.10701,1.00469056e+06,30.0,0.0,0.0,0.0,0.0,0.0,0.0,0.0,0.0,3.0,,27.20327,,,,,,,,,0.0,0.0,0.0,0.0,-14.07,,,,,,Master only (1),-14.1,,,,,,0.0,,,,0.0,0.0,,0.0
-14.06,14.06,2.10701,1.00469056e+06,30.0,0.0,0.0,0.0,0.0,0.0,0.0,0.0,0.0,3.0,,27.21161,,,,,,,,,0.0,0.0,0.0,0.0,-14.06,,,,,,Master only (1),-14.1,,,,,,0.0,,,,0.0,0.0,,0.0
-14.05,14.05,2.10701,1.00469056e+06,30.0,0.0,0.0,0.0,0.0,0.0,0.0,0.0,0.0,3.0,,27.219948,,,,,,,,,0.0,0.0,0.0,0.0,-14.05,,,,,,Master only (1),-14.1,,,,,,0.0,,,,0.0,0.0,,0.0
-14.04,14.04,2.10701,1.00469056e+06,30.0,0.0,7.4919915,0.0,1.0096805,0.0,0.9412316,0.0,34.333755,2.0,,13.216604,,13.216604,13.216604,,9.651453,,0.07422544,178.0603,1.0,0.0,0.0,2001.0,-14.04,,15.0,,,,Master only (1),-14.0,,15.0,13.221878,13.221878,,34.333755,3.536129,-1.3437493,-1.1122016,118.973175,0.0,0.0,1.0
-14.03,14.03,2.10701,1.00469056e+06,30.0,0.0,7.4921746,0.0,1.0096384,0.0,0.9412394,0.0,34.336464,2.0,,13.217278,,13.217278,13.217278,,9.651724,,0.07422336,178.07436,1.0,0.0,0.0,2001.0,-14.03,,15.0,,,,Master only (1),-14.0,,15.0,13.221878,13.221878,,34.336464,3.536208,-1.3437493,-1.1122016,118.973175,0.0,0.0,1.0
-14.02,14.02,2.10701,1.00469056e+06,30.0,0.0,7.492356,0.0,1.0095962,0.0,0.94124717,0.0,34.339146,2.0,,13.217943,,13.217943,13.217943,,9.651991,,0.074221306,178.08826,1.0,0.0,0.0,2001.0,-14.02,,15.0,,,,Master only (1),-14.0,,15.0,13.221878,13.221878,,34.339146,3.5362859,-1.3437493,-1.1122016,118.973175,0.0,0.0,1.0
-14.01,14.01,2.10701,1.00469056e+06,30.0,0.0,7.492529,0.0,1.0095537,0.0,0.94125456,0.0,34.34171,2.0,,13.218579,,13.218579,13.218579,,9.652246,,0.07421934,178.10155,1.0,0.0,0.0,2001.0,-14.01,,15.0,2.5966153,4.1595554,2.2407095,Matched (3),-14.0,,15.0,13.221878,13.221878,,34.34171,3.5363607,-1.3437493,-1.1122016,118.973175,0.0,0.0,1.0
-14.0,14.0,2.10701,1.00469056e+06,30.0,0.0,7.4927115,0.0,1.0095116,0.0,0.94126236,0.0,34.344414,2.0,,13.219251,,13.219251,13.219251,,9.652516,,0.07421727,178.11557,1.0,0.0,0.0,2001.0,-14.0,,15.0,,,,Master only (1),-14.0,,15.0,13.221878,13.221878,,34.344414,3.5364394,-1.3437493,-1.1122016,118.973175,0.0,0.0,1.0
-13.99,13.99,2.10701,1.00469056e+06,30.0,0.0,7.4928904,0.0,1.0094693,0.0,0.94127,0.0,34.347057,2.0,,13.219908,,13.219908,13.219908,,9.652781,,0.07421523,178.1293,1.0,0.0,0.0,2001.0,-13.99,,15.0,,,,Master only (1),-14.0,,15.0,13.221878,13.221878,,34.347057,3.5365164,-1.3437493,-1.1122016,118.973175,0.0,0.0,1.0
-13.98,13.98,2.10701,1.00469056e+06,30.0,0.0,7.493062,0.0,1.0094267,0.0,0.9412773,0.0,34.3496,2.0,,13.220539,,13.220539,13.220539,,9.653033,,0.07421329,178.14247,1.0,0.0,0.0,2001.0,-13.98,,15.0,,,,Master only (1),-14.0,,15.0,13.221878,13.221878,,34.3496,3.5365903,-1.3437493,-1.1122016,118.973175,0.0,0.0,1.0
-13.97,13.97,2.10701,1.00469056e+06,30.0,0.0,7.493241,0.0,1.0093844,0.0,0.94128495,0.0,34.352245,2.0,,13.221196,,13.221196,13.221196,,9.653297,,0.07421126,178.15619,1.0,0.0,0.0,2001.0,-13.97,,15.0,,,,Master only (1),-14.0,,15.0,13.221878,13.221878,,34.352245,3.5366673,-1.3437493,-1.1122016,118.973175,0.0,0.0,1.0
-13.96,13.96,2.10701,1.00469056e+06,30.0,0.0,7.4934263,0.0,1.0093424,0.0,0.9412929,0.0,34.354992,2.0,,13.221878,,13.221878,13.221878,,9.653571,,0.07420915,178.17044,1.0,0.0,0.0,2001.0,-13.96,,15.0,,,,Master only (1),-14.0,,15.0,13.221878,13.221878,,34.354992,3.5367472,-1.3437493,-1.1122016,118.973175,0.0,0.0,1.0
-13.95,13.95,2.10701,1.00469056e+06,30.0,0.0,0.0,0.0,0.0,0.0,0.0,0.0,0.0,3.0,,27.303478,,,,,,,,,0.0,0.0,0.0,0.0,-13.95,,,,,,Master only (1),-13.9,,,,,,0.0,,,,0.0,0.0,,0.0
-13.94,13.94,2.10701,1.00469056e+06,30.0,0.0,0.0,0.0,0.0,0.0,0.0,0.0,0.0,3.0,,27.31184,,,,,,,,,0.0,0.0,0.0,0.0,-13.94,,,,,,Master only (1),-13.9,,,,,,0.0,,,,0.0,0.0,,0.0
-13.93,13.93,2.10701,1.00469056e+06,30.0,0.0,0.0,0.0,0.0,0.0,0.0,0.0,0.0,3.0,,27.320204,,,,,,,,,0.0,0.0,0.0,0.0,-13.93,,,,,,Master only (1),-13.9,,,,,,0.0,,,,0.0,0.0,,0.0
-13.92,13.92,2.10701,1.00469056e+06,30.0,0.0,0.0,0.0,0.0,0.0,0.0,0.0,0.0,3.0,,27.328579,,,,,,,,,0.0,0.0,0.0,0.0,-13.92,,,,,,Master only (1),-13.9,,,,,,0.0,,,,0.0,0.0,,0.0
-13.91,13.91,2.10701,1.00469056e+06,30.0,0.0,0.0,0.0,0.0,0.0,0.0,0.0,0.0,3.0,,27.33695,,,,,,,,,0.0,0.0,0.0,0.0,-13.91,,,,,,Master only (1),-13.9,,,,,,0.0,,,,0.0,0.0,,0.0
-13.9,13.9,2.10701,1.00469056e+06,30.0,0.0,0.0,0.0,0.0,0.0,0.0,0.0,0.0,3.0,,27.34533,,,,,,,,,0.0,0.0,0.0,0.0,-13.9,,,,,,Master only (1),-13.9,,,,,,0.0,,,,0.0,0.0,,0.0
-13.89,13.89,2.10701,1.00469056e+06,30.0,0.0,0.0,0.0,0.0,0.0,0.0,0.0,0.0,3.0,,27.353703,,,,,,,,,0.0,0.0,0.0,0.0,-13.89,,,,,,Master only (1),-13.9,,,,,,0.0,,,,0.0,0.0,,0.0
-13.88,13.88,2.10701,1.00469056e+06,30.0,0.0,0.0,0.0,0.0,0.0,0.0,0.0,0.0,3.0,,27.36209,,,,,,,,,0.0,0.0,0.0,0.0,-13.88,,,,,,Master only (1),-13.9,,,,,,0.0,,,,0.0,0.0,,0.0
-13.87,13.87,2.10701,1.00469056e+06,30.0,0.0,0.0,0.0,0.0,0.0,0.0,0.0,0.0,3.0,,27.370478,,,,,,,,,0.0,0.0,0.0,0.0,-13.87,,,,,,Master only (1),-13.9,,,,,,0.0,,,,0.0,0.0,,0.0
-13.86,13.86,2.10701,1.00469056e+06,30.0,0.0,0.0,0.0,0.0,0.0,0.0,0.0,0.0,3.0,,27.378855,,,,,,,,,0.0,0.0,0.0,0.0,-13.86,,,,,,Master only (1),-13.9,,,,,,0.0,,,,0.0,0.0,,0.0
-13.85,13.85,2.10701,1.00469056e+06,30.0,0.0,0.0,0.0,0.0,0.0,0.0,0.0,0.0,3.0,,27.38725,,,,,,,,,0.0,0.0,0.0,0.0,-13.85,,,,,,Master only (1),-13.9,,,,,,0.0,,,,0.0,0.0,,0.0
-13.84,13.84,2.10701,1.00469056e+06,30.0,0.0,0.0,0.0,0.0,0.0,0.0,0.0,0.0,3.0,,27.395643,,,,,,,,,0.0,0.0,0.0,0.0,-13.84,,,,,,Master only (1),-13.8,,,,,,0.0,,,,0.0,0.0,,0.0
-13.83,13.83,2.10701,1.00469056e+06,30.0,0.0,0.0,0.0,0.0,0.0,0.0,0.0,0.0,3.0,,27.404041,,,,,,,,,0.0,0.0,0.0,0.0,-13.83,,,,,,Master only (1),-13.8,,,,,,0.0,,,,0.0,0.0,,0.0
-13.82,13.82,2.10701,1.00469056e+06,30.0,0.0,0.0,0.0,0.0,0.0,0.0,0.0,0.0,3.0,,27.412441,,,,,,,,,0.0,0.0,0.0,0.0,-13.82,,,,,,Master only (1),-13.8,,,,,,0.0,,,,0.0,0.0,,0.0
-13.81,13.81,2.10701,1.00469056e+06,30.0,0.0,0.0,0.0,0.0,0.0,0.0,0.0,0.0,3.0,,27.420832,,,,,,,,,0.0,0.0,0.0,0.0,-13.81,,,,,,Master only (1),-13.8,,,,,,0.0,,,,0.0,0.0,,0.0
-13.8,13.8,2.10701,1.00469056e+06,30.0,0.0,0.0,0.0,0.0,0.0,0.0,0.0,0.0,3.0,,27.429235,,,,,,,,,0.0,0.0,0.0,0.0,-13.8,,,,,,Master only (1),-13.8,,,,,,0.0,,,,0.0,0.0,,0.0
-13.79,13.79,2.10701,1.00469056e+06,30.0,0.0,0.0,0.0,0.0,0.0,0.0,0.0,0.0,3.0,,27.43764,,,,,,,,,0.0,0.0,0.0,0.0,-13.79,,,,,,Master only (1),-13.8,,,,,,0.0,,,,0.0,0.0,,0.0
-13.78,13.78,2.10701,1.00469056e+06,30.0,0.0,0.0,0.0,0.0,0.0,0.0,0.0,0.0,3.0,,27.446045,,,,,,,,,0.0,0.0,0.0,0.0,-13.78,,,,,,Master only (1),-13.8,,,,,,0.0,,,,0.0,0.0,,0.0
-13.77,13.77,2.10701,1.00469056e+06,30.0,0.0,0.0,0.0,0.0,0.0,0.0,0.0,0.0,3.0,,27.454456,,,,,,,,,0.0,0.0,0.0,0.0,-13.77,,,,,,Master only (1),-13.8,,,,,,0.0,,,,0.0,0.0,,0.0
-13.76,13.76,2.10701,1.00469056e+06,30.0,0.0,0.0,0.0,0.0,0.0,0.0,0.0,0.0,3.0,,27.46287,,,,,,,,,0.0,0.0,0.0,0.0,-13.76,,,,,,Master only (1),-13.8,,,,,,0.0,,,,0.0,0.0,,0.0
-13.75,13.75,2.10701,1.00469056e+06,30.0,0.0,0.0,0.0,0.0,0.0,0.0,0.0,0.0,3.0,,27.47128,,,,,,,,,0.0,0.0,0.0,0.0,-13.75,,,,,,Master only (1),-13.7,,,,,,0.0,,,,0.0,0.0,,0.0
-13.74,13.74,2.10701,1.00469056e+06,30.0,0.0,0.0,0.0,0.0,0.0,0.0,0.0,0.0,3.0,,27.479708,,,,,,,,,0.0,0.0,0.0,0.0,-13.74,,,,,,Master only (1),-13.7,,,,,,0.0,,,,0.0,0.0,,0.0
-13.73,13.73,2.10701,1.00469056e+06,30.0,0.0,0.0,0.0,0.0,0.0,0.0,0.0,0.0,3.0,,27.488125,,,,,,,,,0.0,0.0,0.0,0.0,-13.73,,,,,,Master only (1),-13.7,,,,,,0.0,,,,0.0,0.0,,0.0
-13.72,13.72,2.10701,1.00469056e+06,30.0,0.0,0.0,0.0,0.0,0.0,0.0,0.0,0.0,3.0,,27.49655,,,,,,,,,0.0,0.0,0.0,0.0,-13.72,,,,,,Master only (1),-13.7,,,,,,0.0,,,,0.0,0.0,,0.0
-13.71,13.71,2.10701,1.00469056e+06,30.0,0.0,0.0,0.0,0.0,0.0,0.0,0.0,0.0,3.0,,27.50497,,,,,,,,,0.0,0.0,0.0,0.0,-13.71,,,,,,Master only (1),-13.7,,,,,,0.0,,,,0.0,0.0,,0.0
-13.7,13.7,2.10701,1.00469056e+06,30.0,0.0,0.0,0.0,0.0,0.0,0.0,0.0,0.0,3.0,,27.513409,,,,,,,,,0.0,0.0,0.0,0.0,-13.7,,,,,,Master only (1),-13.7,,,,,,0.0,,,,0.0,0.0,,0.0
-13.69,13.69,2.10701,1.00469056e+06,30.0,0.0,0.0,0.0,0.0,0.0,0.0,0.0,0.0,3.0,,27.521832,,,,,,,,,0.0,0.0,0.0,0.0,-13.69,,,,,,Master only (1),-13.7,,,,,,0.0,,,,0.0,0.0,,0.0
-13.68,13.68,2.10701,1.00469056e+06,30.0,0.0,0.0,0.0,0.0,0.0,0.0,0.0,0.0,3.0,,27.53026,,,,,,,,,0.0,0.0,0.0,0.0,-13.68,,,,,,Master only (1),-13.7,,,,,,0.0,,,,0.0,0.0,,0.0
-13.67,13.67,2.10701,1.00469056e+06,30.0,0.0,0.0,0.0,0.0,0.0,0.0,0.0,0.0,3.0,,27.538704,,,,,,,,,0.0,0.0,0.0,0.0,-13.67,,,,,,Master only (1),-13.7,,,,,,0.0,,,,0.0,0.0,,0.0
-13.66,13.66,2.10701,1.00469056e+06,30.0,0.0,0.0,0.0,0.0,0.0,0.0,0.0,0.0,3.0,,27.547136,,,,,,,,,0.0,0.0,0.0,0.0,-13.66,,,,,,Master only (1),-13.7,,,,,,0.0,,,,0.0,0.0,,0.0
-13.65,13.65,2.10701,1.00469056e+06,30.0,0.0,0.0,0.0,0.0,0.0,0.0,0.0,0.0,3.0,,27.555586,,,,,,,,,0.0,0.0,0.0,0.0,-13.65,,,,,,Master only (1),-13.6,,,,,,0.0,,,,0.0,0.0,,0.0
-13.64,13.64,2.10701,1.00469056e+06,30.0,0.0,0.0,0.0,0.0,0.0,0.0,0.0,0.0,3.0,,27.564022,,,,,,,,,0.0,0.0,0.0,0.0,-13.64,,,,,,Master only (1),-13.6,,,,,,0.0,,,,0.0,0.0,,0.0
-13.63,13.63,2.10701,1.00469056e+06,30.0,0.0,0.0,0.0,0.0,0.0,0.0,0.0,0.0,3.0,,27.572474,,,,,,,,,0.0,0.0,0.0,0.0,-13.63,,,,,,Master only (1),-13.6,,,,,,0.0,,,,0.0,0.0,,0.0
-13.62,13.62,2.10701,1.00469056e+06,30.0,0.0,0.0,0.0,0.0,0.0,0.0,0.0,0.0,3.0,,27.580912,,,,,,,,,0.0,0.0,0.0,0.0,-13.62,,,,,,Master only (1),-13.6,,,,,,0.0,,,,0.0,0.0,,0.0
-13.61,13.61,2.10701,1.00469056e+06,30.0,0.0,0.0,0.0,0.0,0.0,0.0,0.0,0.0,3.0,,27.589369,,,,,,,,,0.0,0.0,0.0,0.0,-13.61,,,,,,Master only (1),-13.6,,,,,,0.0,,,,0.0,0.0,,0.0
-13.6,13.6,2.10701,1.00469056e+06,30.0,0.0,0.0,0.0,0.0,0.0,0.0,0.0,0.0,3.0,,27.597826,,,,,,,,,0.0,0.0,0.0,0.0,-13.6,,,,,,Master only (1),-13.6,,,,,,0.0,,,,0.0,0.0,,0.0
-13.59,13.59,2.10701,1.00469056e+06,30.0,0.0,0.0,0.0,0.0,0.0,0.0,0.0,0.0,3.0,,27.606274,,,,,,,,,0.0,0.0,0.0,0.0,-13.59,,,,,,Master only (1),-13.6,,,,,,0.0,,,,0.0,0.0,,0.0
-13.58,13.58,2.10701,1.00469056e+06,30.0,0.0,0.0,0.0,0.0,0.0,0.0,0.0,0.0,3.0,,27.614738,,,,,,,,,0.0,0.0,0.0,0.0,-13.58,,,,,,Master only (1),-13.6,,,,,,0.0,,,,0.0,0.0,,0.0
-13.57,13.57,2.10701,1.00469056e+06,30.0,0.0,0.0,0.0,0.0,0.0,0.0,0.0,0.0,3.0,,27.6232,,,,,,,,,0.0,0.0,0.0,0.0,-13.57,,,,,,Master only (1),-13.6,,,,,,0.0,,,,0.0,0.0,,0.0
-13.56,13.56,2.10701,1.00469056e+06,30.0,0.0,0.0,0.0,0.0,0.0,0.0,0.0,0.0,3.0,,27.631668,,,,,,,,,0.0,0.0,0.0,0.0,-13.56,,,,,,Master only (1),-13.6,,,,,,0.0,,,,0.0,0.0,,0.0
-13.55,13.55,2.10701,1.00469056e+06,30.0,0.0,0.0,0.0,0.0,0.0,0.0,0.0,0.0,3.0,,27.640137,,,,,,,,,0.0,0.0,0.0,0.0,-13.55,,,,,,Master only (1),-13.6,,,,,,0.0,,,,0.0,0.0,,0.0
-13.54,13.54,2.10701,1.00469056e+06,30.0,0.0,0.0,0.0,0.0,0.0,0.0,0.0,0.0,3.0,,27.648603,,,,,,,,,0.0,0.0,0.0,0.0,-13.54,,,,,,Master only (1),-13.5,,,,,,0.0,,,,0.0,0.0,,0.0
-13.53,13.53,2.10701,1.00469056e+06,30.0,0.0,0.0,0.0,0.0,0.0,0.0,0.0,0.0,3.0,,27.657074,,,,,,,,,0.0,0.0,0.0,0.0,-13.53,,,,,,Master only (1),-13.5,,,,,,0.0,,,,0.0,0.0,,0.0
-13.52,13.52,2.10701,1.00469056e+06,30.0,0.0,0.0,0.0,0.0,0.0,0.0,0.0,0.0,3.0,,27.665554,,,,,,,,,0.0,0.0,0.0,0.0,-13.52,,,,,,Master only (1),-13.5,,,,,,0.0,,,,0.0,0.0,,0.0
-13.51,13.51,2.10701,1.00469056e+06,30.0,0.0,0.0,0.0,0.0,0.0,0.0,0.0,0.0,3.0,,27.674028,,,,,,,,,0.0,0.0,0.0,0.0,-13.51,,,,,,Master only (1),-13.5,,,,,,0.0,,,,0.0,0.0,,0.0
-13.5,13.5,2.10701,1.00469056e+06,30.0,0.0,0.0,0.0,0.0,0.0,0.0,0.0,0.0,3.0,,27.682505,,,,,,,,,0.0,0.0,0.0,0.0,-13.5,,,,,,Master only (1),-13.5,,,,,,0.0,,,,0.0,0.0,,0.0
-13.49,13.49,2.10701,1.00469056e+06,30.0,0.0,0.0,0.0,0.0,0.0,0.0,0.0,0.0,3.0,,27.690989,,,,,,,,,0.0,0.0,0.0,0.0,-13.49,,,,,,Master only (1),-13.5,,,,,,0.0,,,,0.0,0.0,,0.0
-13.48,13.48,2.10701,1.00469056e+06,30.0,0.0,0.0,0.0,0.0,0.0,0.0,0.0,0.0,3.0,,27.699472,,,,,,,,,0.0,0.0,0.0,0.0,-13.48,,,,,,Master only (1),-13.5,,,,,,0.0,,,,0.0,0.0,,0.0
-13.47,13.47,2.10701,1.00469056e+06,30.0,0.0,0.0,0.0,0.0,0.0,0.0,0.0,0.0,3.0,,27.707958,,,,,,,,,0.0,0.0,0.0,0.0,-13.47,,,,,,Master only (1),-13.5,,,,,,0.0,,,,0.0,0.0,,0.0
-13.46,13.46,2.10701,1.00469056e+06,30.0,0.0,0.0,0.0,0.0,0.0,0.0,0.0,0.0,3.0,,27.716457,,,,,,,,,0.0,0.0,0.0,0.0,-13.46,,,,,,Master only (1),-13.5,,,,,,0.0,,,,0.0,0.0,,0.0
-13.45,13.45,2.10701,1.00469056e+06,30.0,0.0,0.0,0.0,0.0,0.0,0.0,0.0,0.0,3.0,,27.724945,,,,,,,,,0.0,0.0,0.0,0.0,-13.45,,,,,,Master only (1),-13.4,,,,,,0.0,,,,0.0,0.0,,0.0
-13.44,13.44,2.10701,1.00469056e+06,30.0,0.0,0.0,0.0,0.0,0.0,0.0,0.0,0.0,3.0,,27.733435,,,,,,,,,0.0,0.0,0.0,0.0,-13.44,,,,,,Master only (1),-13.4,,,,,,0.0,,,,0.0,0.0,,0.0
-13.43,13.43,2.10701,1.00469056e+06,30.0,0.0,0.0,0.0,0.0,0.0,0.0,0.0,0.0,3.0,,27.741943,,,,,,,,,0.0,0.0,0.0,0.0,-13.43,,,,,,Master only (1),-13.4,,,,,,0.0,,,,0.0,0.0,,0.0
-13.42,13.42,2.10701,1.00469056e+06,30.0,0.0,0.0,0.0,0.0,0.0,0.0,0.0,0.0,3.0,,27.75044,,,,,,,,,0.0,0.0,0.0,0.0,-13.42,,,,,,Master only (1),-13.4,,,,,,0.0,,,,0.0,0.0,,0.0
-13.41,13.41,2.10701,1.00469056e+06,30.0,0.0,0.0,0.0,0.0,0.0,0.0,0.0,0.0,3.0,,27.758936,,,,,,,,,0.0,0.0,0.0,0.0,-13.41,,,,,,Master only (1),-13.4,,,,,,0.0,,,,0.0,0.0,,0.0
-13.4,13.4,2.10701,1.00469056e+06,30.0,0.0,0.0,0.0,0.0,0.0,0.0,0.0,0.0,3.0,,27.767447,,,,,,,,,0.0,0.0,0.0,0.0,-13.4,,,,,,Master only (1),-13.4,,,,,,0.0,,,,0.0,0.0,,0.0
-13.39,13.39,2.10701,1.00469056e+06,30.0,0.0,0.0,0.0,0.0,0.0,0.0,0.0,0.0,3.0,,27.77595,,,,,,,,,0.0,0.0,0.0,0.0,-13.39,,,,,,Master only (1),-13.4,,,,,,0.0,,,,0.0,0.0,,0.0
-13.38,13.38,2.10701,1.00469056e+06,30.0,0.0,0.0,0.0,0.0,0.0,0.0,0.0,0.0,3.0,,27.78447,,,,,,,,,0.0,0.0,0.0,0.0,-13.38,,,,,,Master only (1),-13.4,,,,,,0.0,,,,0.0,0.0,,0.0
-13.37,13.37,2.10701,1.00469056e+06,30.0,0.0,0.0,0.0,0.0,0.0,0.0,0.0,0.0,3.0,,27.792986,,,,,,,,,0.0,0.0,0.0,0.0,-13.37,,,,,,Master only (1),-13.4,,,,,,0.0,,,,0.0,0.0,,0.0
-13.36,13.36,2.10701,1.00469056e+06,30.0,0.0,0.0,0.0,0.0,0.0,0.0,0.0,0.0,3.0,,27.801498,,,,,,,,,0.0,0.0,0.0,0.0,-13.36,,,,,,Master only (1),-13.4,,,,,,0.0,,,,0.0,0.0,,0.0
-13.35,13.35,2.10701,1.00469056e+06,30.0,0.0,0.0,0.0,0.0,0.0,0.0,0.0,0.0,3.0,,27.810017,,,,,,,,,0.0,0.0,0.0,0.0,-13.35,,,,,,Master only (1),-13.4,,,,,,0.0,,,,0.0,0.0,,0.0
-13.34,13.34,2.10701,1.00469056e+06,30.0,0.0,11.219994,0.0,1.154246,0.0,1.0797691,0.0,126.503365,2.0,,30.6568,,30.6568,30.6568,,15.330861,,0.046728186,656.0665,1.0,0.0,0.0,2001.0,-13.34,,38.0,,,,Master only (1),-13.3,,38.0,30.660448,30.660448,,126.503365,4.840269,-0.94540143,0.1915044,275.92767,0.0,0.0,1.0
-13.33,13.33,2.10701,1.00469056e+06,30.0,0.0,11.22008,0.0,1.1541913,0.0,1.079772,0.0,126.50652,2.0,,30.657293,,30.657293,30.657293,,15.3309965,,0.046727777,656.0829,1.0,0.0,0.0,2001.0,-13.33,,38.0,,,,Master only (1),-13.3,,38.0,30.660448,30.660448,,126.50652,4.840294,-0.94540143,0.1915044,275.92767,0.0,0.0,1.0
-13.32,13.32,2.10701,1.00469056e+06,30.0,0.0,11.2201605,0.0,1.1541364,0.0,1.0797746,0.0,126.50944,2.0,,30.657751,,30.657751,30.657751,,15.331122,,0.046727393,656.098,1.0,0.0,0.0,2001.0,-13.32,,38.0,,,,Master only (1),-13.3,,38.0,30.660448,30.660448,,126.50944,4.840317,-0.94540143,0.1915044,275.92767,0.0,0.0,1.0
-13.31,13.31,2.10701,1.00469056e+06,30.0,0.0,11.220241,0.0,1.1540815,0.0,1.0797772,0.0,126.51236,2.0,,30.658207,,30.658207,30.658207,,15.331247,,0.04672701,656.11316,1.0,0.0,0.0,2001.0,-13.31,,38.0,,,,Master only (1),-13.3,,38.0,30.660448,30.660448,,126.51236,4.84034,-0.94540143,0.1915044,275.92767,0.0,0.0,1.0
-13.3,13.3,2.10701,1.00469056e+06,30.0,0.0,11.22031,0.0,1.1540262,0.0,1.0797795,0.0,126.51489,2.0,,30.658602,,30.658602,30.658602,,15.331356,,0.04672668,656.1262,1.0,0.0,0.0,2001.0,-13.3,,38.0,2.593042,4.1189895,2.2407095,Matched (3),-13.3,,38.0,30.660448,30.660448,,126.51489,4.84036,-0.94540143,0.1915044,275.92767,0.0,0.0,1.0
-13.29,13.29,2.10701,1.00469056e+06,30.0,0.0,11.220394,0.0,1.1539714,0.0,1.0797822,0.0,126.517944,2.0,,30.65908,,30.65908,30.65908,,15.331488,,0.04672628,656.14215,1.0,0.0,0.0,2001.0,-13.29,,38.0,2.80132,4.583328,2.6390574,Matched (3),-13.3,,38.0,30.660448,30.660448,,126.517944,4.840384,-0.94540143,0.1915044,275.92767,0.0,0.0,1.0
-13.28,13.28,2.10701,1.00469056e+06,30.0,0.0,11.22047,0.0,1.1539164,0.0,1.0797848,0.0,126.52072,2.0,,30.659515,,30.659515,30.659515,,15.331607,,0.046725914,656.15656,1.0,0.0,0.0,2001.0,-13.28,,38.0,,,,Matched (3),-13.3,,38.0,30.660448,30.660448,,126.52072,4.840406,-0.94540143,0.1915044,275.92767,0.0,0.0,1.0
-13.27,13.27,2.10701,1.00469056e+06,30.0,0.0,11.220551,0.0,1.1538615,0.0,1.0797874,0.0,126.52364,2.0,,30.659971,,30.659971,30.659971,,15.331733,,0.04672553,656.1717,1.0,0.0,0.0,2001.0,-13.27,,38.0,2.721459,4.4445505,2.4849067,Matched (3),-13.3,,38.0,30.660448,30.660448,,126.52364,4.8404293,-0.94540143,0.1915044,275.92767,0.0,0.0,1.0
-13.26,13.26,2.10701,1.00469056e+06,30.0,0.0,11.220634,0.0,1.1538067,0.0,1.0797901,0.0,126.526695,2.0,,30.660448,,30.660448,30.660448,,15.331864,,0.04672513,656.1875,1.0,0.0,0.0,2001.0,-13.26,,38.0,,,,Master only (1),-13.3,,38.0,30.660448,30.660448,,126.526695,4.840453,-0.94540143,0.1915044,275.92767,0.0,0.0,1.0
-13.25,13.25,2.10701,1.00469056e+06,30.0,0.0,0.0,0.0,0.0,0.0,0.0,0.0,0.0,3.0,,27.895351,,,,,,,,,0.0,0.0,0.0,0.0,-13.25,,,,,,Master only (1),-13.2,,,,,,0.0,,,,0.0,0.0,,0.0
-13.24,13.24,2.10701,1.00469056e+06,30.0,0.0,0.0,0.0,0.0,0.0,0.0,0.0,0.0,3.0,,27.903896,,,,,,,,,0.0,0.0,0.0,0.0,-13.24,,,,,,Master only (1),-13.2,,,,,,0.0,,,,0.0,0.0,,0.0
-13.23,13.23,2.10701,1.00469056e+06,30.0,0.0,0.0,0.0,0.0,0.0,0.0,0.0,0.0,3.0,,27.912447,,,,,,,,,0.0,0.0,0.0,0.0,-13.23,,,,,,Master only (1),-13.2,,,,,,0.0,,,,0.0,0.0,,0.0
-13.22,13.22,2.10701,1.00469056e+06,30.0,0.0,0.0,0.0,0.0,0.0,0.0,0.0,0.0,3.0,,27.921001,,,,,,,,,0.0,0.0,0.0,0.0,-13.22,,,,,,Master only (1),-13.2,,,,,,0.0,,,,0.0,0.0,,0.0
-13.21,13.21,2.10701,1.00469056e+06,30.0,0.0,0.0,0.0,0.0,0.0,0.0,0.0,0.0,3.0,,27.92955,,,,,,,,,0.0,0.0,0.0,0.0,-13.21,,,,,,Master only (1),-13.2,,,,,,0.0,,,,0.0,0.0,,0.0
-13.2,13.2,2.10701,1.00469056e+06,30.0,0.0,0.0,0.0,0.0,0.0,0.0,0.0,0.0,3.0,,27.938116,,,,,,,,,0.0,0.0,0.0,0.0,-13.2,,,,,,Master only (1),-13.2,,,,,,0.0,,,,0.0,0.0,,0.0
-13.19,13.19,2.10701,1.00469056e+06,30.0,0.0,0.0,0.0,0.0,0.0,0.0,0.0,0.0,3.0,,27.946674,,,,,,,,,0.0,0.0,0.0,0.0,-13.19,,,,,,Master only (1),-13.2,,,,,,0.0,,,,0.0,0.0,,0.0
-13.18,13.18,2.10701,1.00469056e+06,30.0,0.0,0.0,0.0,0.0,0.0,0.0,0.0,0.0,3.0,,27.955233,,,,,,,,,0.0,0.0,0.0,0.0,-13.18,,,,,,Master only (1),-13.2,,,,,,0.0,,,,0.0,0.0,,0.0
-13.17,13.17,2.10701,1.00469056e+06,30.0,0.0,0.0,0.0,0.0,0.0,0.0,0.0,0.0,3.0,,27.963808,,,,,,,,,0.0,0.0,0.0,0.0,-13.17,,,,,,Master only (1),-13.2,,,,,,0.0,,,,0.0,0.0,,0.0
-13.16,13.16,2.10701,1.00469056e+06,30.0,0.0,0.0,0.0,0.0,0.0,0.0,0.0,0.0,3.0,,27.97237,,,,,,,,,0.0,0.0,0.0,0.0,-13.16,,,,,,Master only (1),-13.2,,,,,,0.0,,,,0.0,0.0,,0.0
-13.15,13.15,2.10701,1.00469056e+06,30.0,0.0,8.086476,0.0,1.0316359,0.0,0.9659877,0.0,43.93464,2.0,,15.495567,,15.495567,15.495567,,10.533941,,0.068007156,227.852,1.0,0.0,0.0,2001.0,-13.15,,18.0,,,,Master only (1),-13.1,,18.0,15.50204,15.50204,,43.93464,3.7827032,-0.8118701,-0.86559826,170.48676,0.0,0.0,1.0
-13.14,13.14,2.10701,1.00469056e+06,30.0,0.0,8.086635,0.0,1.0315912,0.0,0.9659941,0.0,43.937416,2.0,,15.496199,,15.496199,15.496199,,10.534178,,0.06800563,227.86641,1.0,0.0,0.0,2001.0,-13.14,,18.0,3.0206869,4.785676,2.7725887,Matched (3),-13.1,,18.0,15.50204,15.50204,,43.937416,3.7827663,-0.8118701,-0.86559826,170.48676,0.0,0.0,1.0
-13.13,13.13,2.10701,1.00469056e+06,30.0,0.0,8.086795,0.0,1.0315466,0.0,0.9660006,0.0,43.940228,2.0,,15.496839,,15.496839,15.496839,,10.534417,,0.06800408,227.88101,1.0,0.0,0.0,2001.0,-13.13,,18.0,,,,Master only (1),-13.1,,18.0,15.50204,15.50204,,43.940228,3.7828302,-0.8118701,-0.86559826,170.48676,0.0,0.0,1.0
-13.12,13.12,2.10701,1.00469056e+06,30.0,0.0,8.086965,0.0,1.0315024,0.0,0.96600753,0.0,43.943207,2.0,,15.497517,,15.497517,15.497517,,10.53467,,0.06800245,227.89645,1.0,0.0,0.0,2001.0,-13.12,,18.0,,,,Master only (1),-13.1,,18.0,15.50204,15.50204,,43.943207,3.782898,-0.8118701,-0.86559826,170.48676,0.0,0.0,1.0
-13.11,13.11,2.10701,1.00469056e+06,30.0,0.0,8.087126,0.0,1.0314578,0.0,0.9660141,0.0,43.946037,2.0,,15.498159,,15.498159,15.498159,,10.534911,,0.06800089,227.91112,1.0,0.0,0.0,2001.0,-13.11,,18.0,,,,Master only (1),-13.1,,18.0,15.50204,15.50204,,43.946037,3.7829626,-0.8118701,-0.86559826,170.48676,0.0,0.0,1.0
-13.1,13.1,2.10701,1.00469056e+06,30.0,0.0,8.087289,0.0,1.0314133,0.0,0.9660207,0.0,43.9489,2.0,,15.498811,,15.498811,15.498811,,10.535154,,0.067999326,227.92595,1.0,0.0,0.0,2001.0,-13.1,,18.0,,,,Master only (1),-13.1,,18.0,15.50204,15.50204,,43.9489,3.7830276,-0.8118701,-0.86559826,170.48676,0.0,0.0,1.0
-13.09,13.09,2.10701,1.00469056e+06,30.0,0.0,8.08745,0.0,1.0313687,0.0,0.96602726,0.0,43.951725,2.0,,15.4994545,,15.4994545,15.4994545,,10.535395,,0.06799777,227.94063,1.0,0.0,0.0,2001.0,-13.09,,18.0,,,,Master only (1),-13.1,,18.0,15.50204,15.50204,,43.951725,3.7830918,-0.8118701,-0.86559826,170.48676,0.0,0.0,1.0
-13.08,13.08,2.10701,1.00469056e+06,30.0,0.0,8.087609,0.0,1.031324,0.0,0.9660337,0.0,43.95452,2.0,,15.500091,,15.500091,15.500091,,10.535632,,0.06799624,227.95511,1.0,0.0,0.0,2001.0,-13.08,,18.0,,,,Master only (1),-13.1,,18.0,15.50204,15.50204,,43.95452,3.7831554,-0.8118701,-0.86559826,170.48676,0.0,0.0,1.0
-13.07,13.07,2.10701,1.00469056e+06,30.0,0.0,8.087762,0.0,1.0312791,0.0,0.9660399,0.0,43.9572,2.0,,15.500699,,15.500699,15.500699,,10.53586,,0.067994766,227.96901,1.0,0.0,0.0,2001.0,-13.07,,18.0,,,,Master only (1),-13.1,,18.0,15.50204,15.50204,,43.9572,3.7832165,-0.8118701,-0.86559826,170.48676,0.0,0.0,1.0
-13.06,13.06,2.10701,1.00469056e+06,30.0,0.0,8.087931,0.0,1.0312349,0.0,0.96604675,0.0,43.96016,2.0,,15.501373,,15.501373,15.501373,,10.536112,,0.06799314,227.98436,1.0,0.0,0.0,2001.0,-13.06,,18.0,,,,Master only (1),-13.1,,18.0,15.50204,15.50204,,43.96016,3.7832837,-0.8118701,-0.86559826,170.48676,0.0,0.0,1.0
-13.05,13.05,2.10701,1.00469056e+06,30.0,0.0,8.088098,0.0,1.0311905,0.0,0.96605355,0.0,43.96309,2.0,,15.50204,,15.50204,15.50204,,10.536362,,0.06799153,227.99957,1.0,0.0,0.0,2001.0,-13.05,,18.0,,,,Master only (1),-13.1,,18.0,15.50204,15.50204,,43.96309,3.7833505,-0.8118701,-0.86559826,170.48676,0.0,0.0,1.0
-13.04,13.04,2.10701,1.00469056e+06,30.0,0.0,0.0,0.0,0.0,0.0,0.0,0.0,0.0,3.0,,28.075396,,,,,,,,,0.0,0.0,0.0,0.0,-13.04,,,,,,Master only (1),-13.0,,,,,,0.0,,,,0.0,0.0,,0.0
-13.03,13.03,2.10701,1.00469056e+06,30.0,0.0,0.0,0.0,0.0,0.0,0.0,0.0,0.0,3.0,,28.084003,,,,,,,,,0.0,0.0,0.0,0.0,-13.03,,,,,,Master only (1),-13.0,,,,,,0.0,,,,0.0,0.0,,0.0
-13.02,13.02,2.10701,1.00469056e+06,30.0,0.0,0.0,0.0,0.0,0.0,0.0,0.0,0.0,3.0,,28.092606,,,,,,,,,0.0,0.0,0.0,0.0,-13.02,,,,,,Master only (1),-13.0,,,,,,0.0,,,,0.0,0.0,,0.0
-13.01,13.01,2.10701,1.00469056e+06,30.0,0.0,0.0,0.0,0.0,0.0,0.0,0.0,0.0,3.0,,28.101215,,,,,,,,,0.0,0.0,0.0,0.0,-13.01,,,,,,Master only (1),-13.0,,,,,,0.0,,,,0.0,0.0,,0.0
-13.0,13.0,2.10701,1.00469056e+06,30.0,0.0,0.0,0.0,0.0,0.0,0.0,0.0,0.0,3.0,,28.109827,,,,,,,,,0.0,0.0,0.0,0.0,-13.0,,,,,,Master only (1),-13.0,,,,,,0.0,,,,0.0,0.0,,0.0
-12.99,12.99,2.10701,1.00469056e+06,30.0,0.0,0.0,0.0,0.0,0.0,0.0,0.0,0.0,3.0,,28.118439,,,,,,,,,0.0,0.0,0.0,0.0,-12.99,,,,,,Master only (1),-13.0,,,,,,0.0,,,,0.0,0.0,,0.0
-12.98,12.98,2.10701,1.00469056e+06,30.0,0.0,0.0,0.0,0.0,0.0,0.0,0.0,0.0,3.0,,28.127052,,,,,,,,,0.0,0.0,0.0,0.0,-12.98,,,,,,Master only (1),-13.0,,,,,,0.0,,,,0.0,0.0,,0.0
-12.97,12.97,2.10701,1.00469056e+06,30.0,0.0,0.0,0.0,0.0,0.0,0.0,0.0,0.0,3.0,,28.13568,,,,,,,,,0.0,0.0,0.0,0.0,-12.97,,,,,,Master only (1),-13.0,,,,,,0.0,,,,0.0,0.0,,0.0
-12.96,12.96,2.10701,1.00469056e+06,30.0,0.0,0.0,0.0,0.0,0.0,0.0,0.0,0.0,3.0,,28.144302,,,,,,,,,0.0,0.0,0.0,0.0,-12.96,,,,,,Master only (1),-13.0,,,,,,0.0,,,,0.0,0.0,,0.0
-12.95,12.95,2.10701,1.00469056e+06,30.0,0.0,8.089725,0.0,1.0307455,0.0,0.9661196,0.0,43.991653,2.0,,15.508537,,15.508537,15.508537,,10.53879,,0.067975864,228.1477,1.0,0.0,0.0,2001.0,-12.95,,18.0,,,,Master only (1),-12.9,,18.0,15.515127,15.515127,,43.991653,3.784,-0.94540143,-0.8642903,170.63019,0.0,0.0,1.0
-12.94,12.94,2.10701,1.00469056e+06,30.0,0.0,8.089893,0.0,1.0307013,0.0,0.96612644,0.0,43.994617,2.0,,15.509212,,15.509212,15.509212,,10.5390415,,0.06797424,228.16307,1.0,0.0,0.0,2001.0,-12.94,,18.0,,,,Master only (1),-12.9,,18.0,15.515127,15.515127,,43.994617,3.7840674,-0.94540143,-0.8642903,170.63019,0.0,0.0,1.0
-12.93,12.93,2.10701,1.00469056e+06,30.0,0.0,8.090065,0.0,1.0306572,0.0,0.9661334,0.0,43.99763,2.0,,15.509897,,15.509897,15.509897,,10.539298,,0.067972586,228.17871,1.0,0.0,0.0,2001.0,-12.93,,18.0,,,,Master only (1),-12.9,,18.0,15.515127,15.515127,,43.99763,3.7841358,-0.94540143,-0.8642903,170.63019,0.0,0.0,1.0
-12.92,12.92,2.10701,1.00469056e+06,30.0,0.0,8.090213,0.0,1.0306121,0.0,0.96613944,0.0,44.00023,2.0,,15.510488,,15.510488,15.510488,,10.539518,,0.06797117,228.19215,1.0,0.0,0.0,2001.0,-12.92,,18.0,2.879217,4.523162,2.6390574,Matched (3),-12.9,,18.0,15.515127,15.515127,,44.00023,3.784195,-0.94540143,-0.8642903,170.63019,0.0,0.0,1.0
-12.91,12.91,2.10701,1.00469056e+06,30.0,0.0,8.090382,0.0,1.0305679,0.0,0.9661463,0.0,44.003193,2.0,,15.511162,,15.511162,15.511162,,10.539771,,0.06796954,228.20755,1.0,0.0,0.0,2001.0,-12.91,,18.0,,,,Master only (1),-12.9,,18.0,15.515127,15.515127,,44.003193,3.7842622,-0.94540143,-0.8642903,170.63019,0.0,0.0,1.0
-12.9,12.9,2.10701,1.00469056e+06,30.0,0.0,8.090548,0.0,1.0305235,0.0,0.966153,0.0,44.006107,2.0,,15.511825,,15.511825,15.511825,,10.540018,,0.067967944,228.22266,1.0,0.0,0.0,2001.0,-12.9,,18.0,,,,Master only (1),-12.9,,18.0,15.515127,15.515127,,44.006107,3.7843285,-0.94540143,-0.8642903,170.63019,0.0,0.0,1.0
-12.89,12.89,2.10701,1.00469056e+06,30.0,0.0,8.0907135,0.0,1.0304792,0.0,0.96615976,0.0,44.00902,2.0,,15.512487,,15.512487,15.512487,,10.540266,,0.06796634,228.2378,1.0,0.0,0.0,2001.0,-12.89,,18.0,,,,Master only (1),-12.9,,18.0,15.515127,15.515127,,44.00902,3.7843947,-0.94540143,-0.8642903,170.63019,0.0,0.0,1.0
-12.88,12.88,2.10701,1.00469056e+06,30.0,0.0,8.090879,0.0,1.0304348,0.0,0.9661665,0.0,44.011936,2.0,,15.51315,,15.51315,15.51315,,10.540514,,0.06796475,228.2529,1.0,0.0,0.0,2001.0,-12.88,,18.0,,,,Master only (1),-12.9,,18.0,15.515127,15.515127,,44.011936,3.7844608,-0.94540143,-0.8642903,170.63019,0.0,0.0,1.0
-12.87,12.87,2.10701,1.00469056e+06,30.0,0.0,8.091053,0.0,1.0303909,0.0,0.9661735,0.0,44.014984,2.0,,15.513844,,15.513844,15.513844,,10.540772,,0.06796308,228.26869,1.0,0.0,0.0,2001.0,-12.87,,18.0,,,,Master only (1),-12.9,,18.0,15.515127,15.515127,,44.014984,3.7845302,-0.94540143,-0.8642903,170.63019,0.0,0.0,1.0
-12.86,12.86,2.10701,1.00469056e+06,30.0,0.0,8.091208,0.0,1.030346,0.0,0.96617985,0.0,44.017715,2.0,,15.514464,,15.514464,15.514464,,10.541005,,0.06796158,228.28287,1.0,0.0,0.0,2001.0,-12.86,,18.0,,,,Master only (1),-12.9,,18.0,15.515127,15.515127,,44.017715,3.7845922,-0.94540143,-0.8642903,170.63019,0.0,0.0,1.0
-12.85,12.85,2.10701,1.00469056e+06,30.0,0.0,8.091374,0.0,1.0303017,0.0,0.9661866,0.0,44.020634,2.0,,15.515127,,15.515127,15.515127,,10.541253,,0.06795998,228.298,1.0,0.0,0.0,2001.0,-12.85,,18.0,,,,Master only (1),-12.9,,18.0,15.515127,15.515127,,44.020634,3.7846584,-0.94540143,-0.8642903,170.63019,0.0,0.0,1.0
-12.84,12.84,2.10701,1.00469056e+06,30.0,0.0,0.0,0.0,0.0,0.0,0.0,0.0,0.0,3.0,,28.24796,,,,,,,,,0.0,0.0,0.0,0.0,-12.84,,,,,,Master only (1),-12.8,,,,,,0.0,,,,0.0,0.0,,0.0
-12.83,12.83,2.10701,1.00469056e+06,30.0,0.0,0.0,0.0,0.0,0.0,0.0,0.0,0.0,3.0,,28.256617,,,,,,,,,0.0,0.0,0.0,0.0,-12.83,,,,,,Master only (1),-12.8,,,,,,0.0,,,,0.0,0.0,,0.0
-12.82,12.82,2.10701,1.00469056e+06,30.0,0.0,0.0,0.0,0.0,0.0,0.0,0.0,0.0,3.0,,28.265274,,,,,,,,,0.0,0.0,0.0,0.0,-12.82,,,,,,Master only (1),-12.8,,,,,,0.0,,,,0.0,0.0,,0.0
-12.81,12.81,2.10701,1.00469056e+06,30.0,0.0,0.0,0.0,0.0,0.0,0.0,0.0,0.0,3.0,,28.27394,,,,,,,,,0.0,0.0,0.0,0.0,-12.81,,,,,,Master only (1),-12.8,,,,,,0.0,,,,0.0,0.0,,0.0
-12.8,12.8,2.10701,1.00469056e+06,30.0,0.0,0.0,0.0,0.0,0.0,0.0,0.0,0.0,3.0,,28.282595,,,,,,,,,0.0,0.0,0.0,0.0,-12.8,,,,,,Master only (1),-12.8,,,,,,0.0,,,,0.0,0.0,,0.0
-12.79,12.79,2.10701,1.00469056e+06,30.0,0.0,0.0,0.0,0.0,0.0,0.0,0.0,0.0,3.0,,28.291264,,,,,,,,,0.0,0.0,0.0,0.0,-12.79,,,,,,Master only (1),-12.8,,,,,,0.0,,,,0.0,0.0,,0.0
-12.78,12.78,2.10701,1.00469056e+06,30.0,0.0,0.0,0.0,0.0,0.0,0.0,0.0,0.0,3.0,,28.299932,,,,,,,,,0.0,0.0,0.0,0.0,-12.78,,,,,,Master only (1),-12.8,,,,,,0.0,,,,0.0,0.0,,0.0
-12.77,12.77,2.10701,1.00469056e+06,30.0,0.0,0.0,0.0,0.0,0.0,0.0,0.0,0.0,3.0,,28.308603,,,,,,,,,0.0,0.0,0.0,0.0,-12.77,,,,,,Master only (1),-12.8,,,,,,0.0,,,,0.0,0.0,,0.0
-12.76,12.76,2.10701,1.00469056e+06,30.0,0.0,0.0,0.0,0.0,0.0,0.0,0.0,0.0,3.0,,28.31728,,,,,,,,,0.0,0.0,0.0,0.0,-12.76,,,,,,Master only (1),-12.8,,,,,,0.0,,,,0.0,0.0,,0.0
-12.75,12.75,2.10701,1.00469056e+06,30.0,0.0,7.905037,0.0,1.0216615,0.0,0.9585632,0.0,40.830273,2.0,,14.780031,,14.780031,14.780031,,10.263565,,0.069798686,211.75229,1.0,0.0,0.0,2001.0,-12.75,,17.0,,,,Master only (1),-12.7,,17.0,14.78612,14.78612,,40.830273,3.7094238,-0.94540143,-0.93888646,147.83064,0.0,0.0,1.0
-12.74,12.74,2.10701,1.00469056e+06,30.0,0.0,7.905199,0.0,1.0216175,0.0,0.9585699,0.0,40.832977,2.0,,14.780663,,14.780663,14.780663,,10.263806,,0.06979705,211.7663,1.0,0.0,0.0,2001.0,-12.74,,17.0,,,,Master only (1),-12.7,,17.0,14.78612,14.78612,,40.832977,3.70949,-0.94540143,-0.93888646,147.83064,0.0,0.0,1.0
-12.73,12.73,2.10701,1.00469056e+06,30.0,0.0,7.90538,0.0,1.0215744,0.0,0.95857733,0.0,40.83599,2.0,,14.781366,,14.781366,14.781366,,10.264075,,0.06979521,211.78195,1.0,0.0,0.0,2001.0,-12.73,,17.0,2.8721437,4.503492,2.6390574,Matched (3),-12.7,,17.0,14.78612,14.78612,,40.83599,3.7095637,-0.94540143,-0.93888646,147.83064,0.0,0.0,1.0
-12.72,12.72,2.10701,1.00469056e+06,30.0,0.0,7.9055576,0.0,1.0215311,0.0,0.95858467,0.0,40.83896,2.0,,14.78206,,14.78206,14.78206,,10.264339,,0.06979342,211.79733,1.0,0.0,0.0,2001.0,-12.72,,17.0,,,,Master only (1),-12.7,,17.0,14.78612,14.78612,,40.83896,3.7096364,-0.94540143,-0.93888646,147.83064,0.0,0.0,1.0
-12.71,12.71,2.10701,1.00469056e+06,30.0,0.0,7.90573,0.0,1.0214876,0.0,0.95859176,0.0,40.84183,2.0,,14.78273,,14.78273,14.78273,,10.264596,,0.069791675,211.81223,1.0,0.0,0.0,2001.0,-12.71,,17.0,,,,Master only (1),-12.7,,17.0,14.78612,14.78612,,40.84183,3.7097068,-0.94540143,-0.93888646,147.83064,0.0,0.0,1.0
-12.7,12.7,2.10701,1.00469056e+06,30.0,0.0,7.905906,0.0,1.0214443,0.0,0.95859903,0.0,40.844772,2.0,,14.783418,,14.783418,14.783418,,10.264858,,0.069789894,211.82748,1.0,0.0,0.0,2001.0,-12.7,,17.0,,,,Master only (1),-12.7,,17.0,14.78612,14.78612,,40.844772,3.7097788,-0.94540143,-0.93888646,147.83064,0.0,0.0,1.0
-12.69,12.69,2.10701,1.00469056e+06,30.0,0.0,7.9060736,0.0,1.0214006,0.0,0.95860595,0.0,40.847565,2.0,,14.784069,,14.784069,14.784069,,10.265107,,0.0697882,211.84195,1.0,0.0,0.0,2001.0,-12.69,,17.0,,,,Master only (1),-12.7,,17.0,14.78612,14.78612,,40.847565,3.7098472,-0.94540143,-0.93888646,147.83064,0.0,0.0,1.0
-12.68,12.68,2.10701,1.00469056e+06,30.0,0.0,7.906253,0.0,1.0213574,0.0,0.95861334,0.0,40.85056,2.0,,14.784768,,14.784768,14.784768,,10.265374,,0.069786385,211.85748,1.0,0.0,0.0,2001.0,-12.68,,17.0,,,,Master only (1),-12.7,,17.0,14.78612,14.78612,,40.85056,3.7099204,-0.94540143,-0.93888646,147.83064,0.0,0.0,1.0
-12.67,12.67,2.10701,1.00469056e+06,30.0,0.0,7.9064207,0.0,1.0213137,0.0,0.95862025,0.0,40.85336,2.0,,14.785422,,14.785422,14.785422,,10.265623,,0.06978469,211.872,1.0,0.0,0.0,2001.0,-12.67,,17.0,,,,Master only (1),-12.7,,17.0,14.78612,14.78612,,40.85336,3.709989,-0.94540143,-0.93888646,147.83064,0.0,0.0,1.0
-12.66,12.66,2.10701,1.00469056e+06,30.0,0.0,7.9066,0.0,1.0212705,0.0,0.95862764,0.0,40.85635,2.0,,14.78612,,14.78612,14.78612,,10.26589,,0.069782875,211.88753,1.0,0.0,0.0,2001.0,-12.66,,17.0,,,,Master only (1),-12.7,,17.0,14.78612,14.78612,,40.85635,3.7100623,-0.94540143,-0.93888646,147.83064,0.0,0.0,1.0
-12.65,12.65,2.10701,1.00469056e+06,30.0,0.0,8.807984,0.0,1.0594015,0.0,0.99446946,0.0,57.89816,2.0,,18.515482,,18.515482,18.515482,,11.617723,,0.061662972,300.26904,1.0,0.0,0.0,2001.0,-12.65,,22.0,,,,Master only (1),-12.6,,22.0,18.521671,18.521671,,57.89816,4.058686,-0.94540143,-0.5897451,203.7044,0.0,0.0,1.0
-12.64,12.64,2.10701,1.00469056e+06,30.0,0.0,8.8081255,0.0,1.0593543,0.0,0.9944749,0.0,57.901154,2.0,,18.5161,,18.5161,18.5161,,11.617937,,0.06166184,300.28458,1.0,0.0,0.0,2001.0,-12.64,,22.0,2.9063241,4.5247135,2.6390574,Matched (3),-12.6,,22.0,18.521671,18.521671,,57.901154,4.0587373,-0.94540143,-0.5897451,203.7044,0.0,0.0,1.0
-12.63,12.63,2.10701,1.00469056e+06,30.0,0.0,8.80827,0.0,1.0593072,0.0,0.99448043,0.0,57.904232,2.0,,18.516733,,18.516733,18.516733,,11.6181555,,0.06166068,300.3005,1.0,0.0,0.0,2001.0,-12.63,,22.0,,,,Master only (1),-12.6,,22.0,18.521671,18.521671,,57.904232,4.0587907,-0.94540143,-0.5897451,203.7044,0.0,0.0,1.0
-12.62,12.62,2.10701,1.00469056e+06,30.0,0.0,8.808405,0.0,1.0592598,0.0,0.9944856,0.0,57.907085,2.0,,18.517323,,18.517323,18.517323,,11.61836,,0.061659597,300.31534,1.0,0.0,0.0,2001.0,-12.62,,22.0,,,,Master only (1),-12.6,,22.0,18.521671,18.521671,,57.907085,4.05884,-0.94540143,-0.5897451,203.7044,0.0,0.0,1.0
-12.61,12.61,2.10701,1.00469056e+06,30.0,0.0,8.8085575,0.0,1.059213,0.0,0.99449146,0.0,57.910324,2.0,,18.517992,,18.517992,18.517992,,11.618589,,0.061658375,300.33215,1.0,0.0,0.0,2001.0,-12.61,,22.0,,,,Master only (1),-12.6,,22.0,18.521671,18.521671,,57.910324,4.0588956,-0.94540143,-0.5897451,203.7044,0.0,0.0,1.0
-12.6,12.6,2.10701,1.00469056e+06,30.0,0.0,8.808693,0.0,1.0591656,0.0,0.99449664,0.0,57.9132,2.0,,18.518585,,18.518585,18.518585,,11.618794,,0.061657287,300.34708,1.0,0.0,0.0,2001.0,-12.6,,22.0,,,,Master only (1),-12.6,,22.0,18.521671,18.521671,,57.9132,4.058945,-0.94540143,-0.5897451,203.7044,0.0,0.0,1.0
-12.59,12.59,2.10701,1.00469056e+06,30.0,0.0,8.808827,0.0,1.0591182,0.0,0.9945018,0.0,57.916054,2.0,,18.519173,,18.519173,18.519173,,11.618998,,0.06165621,300.36185,1.0,0.0,0.0,2001.0,-12.59,,22.0,,,,Master only (1),-12.6,,22.0,18.521671,18.521671,,57.916054,4.058995,-0.94540143,-0.5897451,203.7044,0.0,0.0,1.0
-12.58,12.58,2.10701,1.00469056e+06,30.0,0.0,8.808977,0.0,1.0590713,0.0,0.99450755,0.0,57.919235,2.0,,18.519829,,18.519829,18.519829,,11.619224,,0.06165501,300.37833,1.0,0.0,0.0,2001.0,-12.58,,22.0,,,,Master only (1),-12.6,,22.0,18.521671,18.521671,,57.919235,4.0590496,-0.94540143,-0.5897451,203.7044,0.0,0.0,1.0
-12.57,12.57,2.10701,1.00469056e+06,30.0,0.0,8.809116,0.0,1.0590241,0.0,0.9945129,0.0,57.92219,2.0,,18.52044,,18.52044,18.52044,,11.619434,,0.061653893,300.39368,1.0,0.0,0.0,2001.0,-12.57,,22.0,,,,Master only (1),-12.6,,22.0,18.521671,18.521671,,57.92219,4.0591006,-0.94540143,-0.5897451,203.7044,0.0,0.0,1.0
-12.56,12.56,2.10701,1.00469056e+06,30.0,0.0,8.809261,0.0,1.058977,0.0,0.99451846,0.0,57.925266,2.0,,18.521074,,18.521074,18.521074,,11.619654,,0.061652727,300.40964,1.0,0.0,0.0,2001.0,-12.56,,22.0,,,,Master only (1),-12.6,,22.0,18.521671,18.521671,,57.925266,4.0591536,-0.94540143,-0.5897451,203.7044,0.0,0.0,1.0
-12.55,12.55,2.10701,1.00469056e+06,30.0,0.0,8.809398,0.0,1.0589297,0.0,0.9945237,0.0,57.928165,2.0,,18.521671,,18.521671,18.521671,,11.61986,,0.061651636,300.42465,1.0,0.0,0.0,2001.0,-12.55,,22.0,,,,Master only (1),-12.6,,22.0,18.521671,18.521671,,57.928165,4.0592036,-0.94540143,-0.5897451,203.7044,0.0,0.0,1.0
-12.54,12.54,2.10701,1.00469056e+06,30.0,0.0,0.0,0.0,0.0,0.0,0.0,0.0,0.0,3.0,,28.50879,,,,,,,,,0.0,0.0,0.0,0.0,-12.54,,,,,,Master only (1),-12.5,,,,,,0.0,,,,0.0,0.0,,0.0
-12.53,12.53,2.10701,1.00469056e+06,30.0,0.0,0.0,0.0,0.0,0.0,0.0,0.0,0.0,3.0,,28.517527,,,,,,,,,0.0,0.0,0.0,0.0,-12.53,,,,,,Master only (1),-12.5,,,,,,0.0,,,,0.0,0.0,,0.0
-12.52,12.52,2.10701,1.00469056e+06,30.0,0.0,0.0,0.0,0.0,0.0,0.0,0.0,0.0,3.0,,28.526266,,,,,,,,,0.0,0.0,0.0,0.0,-12.52,,,,,,Master only (1),-12.5,,,,,,0.0,,,,0.0,0.0,,0.0
-12.51,12.51,2.10701,1.00469056e+06,30.0,0.0,0.0,0.0,0.0,0.0,0.0,0.0,0.0,3.0,,28.535006,,,,,,,,,0.0,0.0,0.0,0.0,-12.51,,,,,,Master only (1),-12.5,,,,,,0.0,,,,0.0,0.0,,0.0
-12.5,12.5,2.10701,1.00469056e+06,30.0,0.0,0.0,0.0,0.0,0.0,0.0,0.0,0.0,3.0,,28.543747,,,,,,,,,0.0,0.0,0.0,0.0,-12.5,,,,,,Master only (1),-12.5,,,,,,0.0,,,,0.0,0.0,,0.0
-12.49,12.49,2.10701,1.00469056e+06,30.0,0.0,0.0,0.0,0.0,0.0,0.0,0.0,0.0,3.0,,28.552496,,,,,,,,,0.0,0.0,0.0,0.0,-12.49,,,,,,Master only (1),-12.5,,,,,,0.0,,,,0.0,0.0,,0.0
-12.48,12.48,2.10701,1.00469056e+06,30.0,0.0,0.0,0.0,0.0,0.0,0.0,0.0,0.0,3.0,,28.561241,,,,,,,,,0.0,0.0,0.0,0.0,-12.48,,,,,,Master only (1),-12.5,,,,,,0.0,,,,0.0,0.0,,0.0
-12.47,12.47,2.10701,1.00469056e+06,30.0,0.0,0.0,0.0,0.0,0.0,0.0,0.0,0.0,3.0,,28.569992,,,,,,,,,0.0,0.0,0.0,0.0,-12.47,,,,,,Master only (1),-12.5,,,,,,0.0,,,,0.0,0.0,,0.0
-12.46,12.46,2.10701,1.00469056e+06,30.0,0.0,0.0,0.0,0.0,0.0,0.0,0.0,0.0,3.0,,28.578747,,,,,,,,,0.0,0.0,0.0,0.0,-12.46,,,,,,Master only (1),-12.5,,,,,,0.0,,,,0.0,0.0,,0.0
-12.45,12.45,2.10701,1.00469056e+06,30.0,0.0,0.0,0.0,0.0,0.0,0.0,0.0,0.0,3.0,,28.587511,,,,,,,,,0.0,0.0,0.0,0.0,-12.45,,,,,,Master only (1),-12.4,,,,,,0.0,,,,0.0,0.0,,0.0
-12.44,12.44,2.10701,1.00469056e+06,30.0,0.0,0.0,0.0,0.0,0.0,0.0,0.0,0.0,3.0,,28.596268,,,,,,,,,0.0,0.0,0.0,0.0,-12.44,,,,,,Master only (1),-12.4,,,,,,0.0,,,,0.0,0.0,,0.0
-12.43,12.43,2.10701,1.00469056e+06,30.0,0.0,0.0,0.0,0.0,0.0,0.0,0.0,0.0,3.0,,28.605024,,,,,,,,,0.0,0.0,0.0,0.0,-12.43,,,,,,Master only (1),-12.4,,,,,,0.0,,,,0.0,0.0,,0.0
-12.42,12.42,2.10701,1.00469056e+06,30.0,0.0,0.0,0.0,0.0,0.0,0.0,0.0,0.0,3.0,,28.613789,,,,,,,,,0.0,0.0,0.0,0.0,-12.42,,,,,,Master only (1),-12.4,,,,,,0.0,,,,0.0,0.0,,0.0
-12.41,12.41,2.10701,1.00469056e+06,30.0,0.0,0.0,0.0,0.0,0.0,0.0,0.0,0.0,3.0,,28.622566,,,,,,,,,0.0,0.0,0.0,0.0,-12.41,,,,,,Master only (1),-12.4,,,,,,0.0,,,,0.0,0.0,,0.0
-12.4,12.4,2.10701,1.00469056e+06,30.0,0.0,0.0,0.0,0.0,0.0,0.0,0.0,0.0,3.0,,28.631329,,,,,,,,,0.0,0.0,0.0,0.0,-12.4,,,,,,Master only (1),-12.4,,,,,,0.0,,,,0.0,0.0,,0.0
-12.39,12.39,2.10701,1.00469056e+06,30.0,0.0,0.0,0.0,0.0,0.0,0.0,0.0,0.0,3.0,,28.640108,,,,,,,,,0.0,0.0,0.0,0.0,-12.39,,,,,,Master only (1),-12.4,,,,,,0.0,,,,0.0,0.0,,0.0
-12.38,12.38,2.10701,1.00469056e+06,30.0,0.0,0.0,0.0,0.0,0.0,0.0,0.0,0.0,3.0,,28.648878,,,,,,,,,0.0,0.0,0.0,0.0,-12.38,,,,,,Master only (1),-12.4,,,,,,0.0,,,,0.0,0.0,,0.0
-12.37,12.37,2.10701,1.00469056e+06,30.0,0.0,0.0,0.0,0.0,0.0,0.0,0.0,0.0,3.0,,28.657665,,,,,,,,,0.0,0.0,0.0,0.0,-12.37,,,,,,Master only (1),-12.4,,,,,,0.0,,,,0.0,0.0,,0.0
-12.36,12.36,2.10701,1.00469056e+06,30.0,0.0,0.0,0.0,0.0,0.0,0.0,0.0,0.0,3.0,,28.66644,,,,,,,,,0.0,0.0,0.0,0.0,-12.36,,,,,,Master only (1),-12.4,,,,,,0.0,,,,0.0,0.0,,0.0
-12.35,12.35,2.10701,1.00469056e+06,30.0,0.0,0.0,0.0,0.0,0.0,0.0,0.0,0.0,3.0,,28.675224,,,,,,,,,0.0,0.0,0.0,0.0,-12.35,,,,,,Master only (1),-12.4,,,,,,0.0,,,,0.0,0.0,,0.0
-12.34,12.34,2.10701,1.00469056e+06,30.0,0.0,0.0,0.0,0.0,0.0,0.0,0.0,0.0,3.0,,28.684006,,,,,,,,,0.0,0.0,0.0,0.0,-12.34,,,,,,Master only (1),-12.3,,,,,,0.0,,,,0.0,0.0,,0.0
-12.33,12.33,2.10701,1.00469056e+06,30.0,0.0,0.0,0.0,0.0,0.0,0.0,0.0,0.0,3.0,,28.692799,,,,,,,,,0.0,0.0,0.0,0.0,-12.33,,,,,,Master only (1),-12.3,,,,,,0.0,,,,0.0,0.0,,0.0
-12.32,12.32,2.10701,1.00469056e+06,30.0,0.0,0.0,0.0,0.0,0.0,0.0,0.0,0.0,3.0,,28.701595,,,,,,,,,0.0,0.0,0.0,0.0,-12.32,,,,,,Master only (1),-12.3,,,,,,0.0,,,,0.0,0.0,,0.0
-12.31,12.31,2.10701,1.00469056e+06,30.0,0.0,0.0,0.0,0.0,0.0,0.0,0.0,0.0,3.0,,28.710392,,,,,,,,,0.0,0.0,0.0,0.0,-12.31,,,,,,Master only (1),-12.3,,,,,,0.0,,,,0.0,0.0,,0.0
-12.3,12.3,2.10701,1.00469056e+06,30.0,0.0,0.0,0.0,0.0,0.0,0.0,0.0,0.0,3.0,,28.719177,,,,,,,,,0.0,0.0,0.0,0.0,-12.3,,,,,,Master only (1),-12.3,,,,,,0.0,,,,0.0,0.0,,0.0
-12.29,12.29,2.10701,1.00469056e+06,30.0,0.0,0.0,0.0,0.0,0.0,0.0,0.0,0.0,3.0,,28.727983,,,,,,,,,0.0,0.0,0.0,0.0,-12.29,,,,,,Master only (1),-12.3,,,,,,0.0,,,,0.0,0.0,,0.0
-12.28,12.28,2.10701,1.00469056e+06,30.0,0.0,0.0,0.0,0.0,0.0,0.0,0.0,0.0,3.0,,28.736784,,,,,,,,,0.0,0.0,0.0,0.0,-12.28,,,,,,Master only (1),-12.3,,,,,,0.0,,,,0.0,0.0,,0.0
-12.27,12.27,2.10701,1.00469056e+06,30.0,0.0,0.0,0.0,0.0,0.0,0.0,0.0,0.0,3.0,,28.745592,,,,,,,,,0.0,0.0,0.0,0.0,-12.27,,,,,,Master only (1),-12.3,,,,,,0.0,,,,0.0,0.0,,0.0
-12.26,12.26,2.10701,1.00469056e+06,30.0,0.0,0.0,0.0,0.0,0.0,0.0,0.0,0.0,3.0,,28.7544,,,,,,,,,0.0,0.0,0.0,0.0,-12.26,,,,,,Master only (1),-12.3,,,,,,0.0,,,,0.0,0.0,,0.0
-12.25,12.25,2.10701,1.00469056e+06,30.0,0.0,9.632534,0.0,1.0899479,0.0,1.025192,0.0,77.29709,2.0,,22.31011,,22.31011,22.31011,,12.872198,,0.05565354,400.87497,1.0,0.0,0.0,2001.0,-12.25,,27.0,,,,Master only (1),-12.2,,27.0,22.315199,22.315199,,77.29709,4.3476562,-1.0995522,-0.30093867,223.12662,0.0,0.0,1.0
-12.24,12.24,2.10701,1.00469056e+06,30.0,0.0,9.632656,0.0,1.0898981,0.0,1.0251964,0.0,77.300255,2.0,,22.3107,,22.3107,22.3107,,12.872385,,0.05565273,400.8914,1.0,0.0,0.0,2001.0,-12.24,,27.0,2.656522,4.1192102,2.3025851,Matched (3),-12.2,,27.0,22.315199,22.315199,,77.300255,4.3476973,-1.0995522,-0.30093867,223.12662,0.0,0.0,1.0
-12.23,12.23,2.10701,1.00469056e+06,30.0,0.0,9.632762,0.0,1.0898477,0.0,1.0252002,0.0,77.30299,2.0,,22.311209,,22.311209,22.311209,,12.872547,,0.05565203,400.90558,1.0,0.0,0.0,2001.0,-12.23,,27.0,,,,Master only (1),-12.2,,27.0,22.315199,22.315199,,77.30299,4.3477325,-1.0995522,-0.30093867,223.12662,0.0,0.0,1.0
-12.22,12.22,2.10701,1.00469056e+06,30.0,0.0,9.632887,0.0,1.089798,0.0,1.0252048,0.0,77.30624,2.0,,22.311811,,22.311811,22.311811,,12.872739,,0.0556512,400.9224,1.0,0.0,0.0,2001.0,-12.22,,27.0,2.814608,4.3385267,2.4849067,Matched (3),-12.2,,27.0,22.315199,22.315199,,77.30624,4.3477745,-1.0995522,-0.30093867,223.12662,0.0,0.0,1.0
-12.21,12.21,2.10701,1.00469056e+06,30.0,0.0,9.633012,0.0,1.0897484,0.0,1.0252093,0.0,77.30947,2.0,,22.312416,,22.312416,22.312416,,12.87293,,0.055650376,400.93918,1.0,0.0,0.0,2001.0,-12.21,,27.0,,,,Master only (1),-12.2,,27.0,22.315199,22.315199,,77.30947,4.3478165,-1.0995522,-0.30093867,223.12662,0.0,0.0,1.0
-12.2,12.2,2.10701,1.00469056e+06,30.0,0.0,9.633118,0.0,1.089698,0.0,1.0252131,0.0,77.31221,2.0,,22.312925,,22.312925,22.312925,,12.873092,,0.055649675,400.95337,1.0,0.0,0.0,2001.0,-12.2,,27.0,,,,Master only (1),-12.2,,27.0,22.315199,22.315199,,77.31221,4.3478518,-1.0995522,-0.30093867,223.12662,0.0,0.0,1.0
-12.19,12.19,2.10701,1.00469056e+06,30.0,0.0,9.633233,0.0,1.0896479,0.0,1.0252173,0.0,77.3152,2.0,,22.313482,,22.313482,22.313482,,12.873269,,0.055648908,400.9689,1.0,0.0,0.0,2001.0,-12.19,,27.0,,,,Master only (1),-12.2,,27.0,22.315199,22.315199,,77.3152,4.3478904,-1.0995522,-0.30093867,223.12662,0.0,0.0,1.0
-12.18,12.18,2.10701,1.00469056e+06,30.0,0.0,9.633358,0.0,1.0895982,0.0,1.0252218,0.0,77.31844,2.0,,22.314085,,22.314085,22.314085,,12.87346,,0.055648085,400.9857,1.0,0.0,0.0,2001.0,-12.18,,27.0,,,,Master only (1),-12.2,,27.0,22.315199,22.315199,,77.31844,4.3479323,-1.0995522,-0.30093867,223.12662,0.0,0.0,1.0
-12.17,12.17,2.10701,1.00469056e+06,30.0,0.0,9.63348,0.0,1.0895483,0.0,1.0252262,0.0,77.32161,2.0,,22.314674,,22.314674,22.314674,,12.873647,,0.055647276,401.0021,1.0,0.0,0.0,2001.0,-12.17,,27.0,,,,Master only (1),-12.2,,27.0,22.315199,22.315199,,77.32161,4.3479733,-1.0995522,-0.30093867,223.12662,0.0,0.0,1.0
-12.16,12.16,2.10701,1.00469056e+06,30.0,0.0,9.633589,0.0,1.0894982,0.0,1.0252302,0.0,77.324425,2.0,,22.315199,,22.315199,22.315199,,12.873814,,0.055646554,401.01672,1.0,0.0,0.0,2001.0,-12.16,,27.0,,,,Master only (1),-12.2,,27.0,22.315199,22.315199,,77.324425,4.34801,-1.0995522,-0.30093867,223.12662,0.0,0.0,1.0
-12.15,12.15,2.10701,1.00469056e+06,30.0,0.0,8.815081,0.0,1.0570457,0.0,0.9947418,0.0,58.048923,2.0,,18.546572,,18.546572,18.546572,,11.628449,,0.061606094,301.05093,1.0,0.0,0.0,2001.0,-12.15,,22.0,2.8232815,4.3324747,2.4849067,Matched (3),-12.1,,22.0,18.552927,18.552927,,58.048923,4.061286,-1.0995522,-0.58713156,204.04698,0.0,0.0,1.0
-12.14,12.14,2.10701,1.00469056e+06,30.0,0.0,8.815226,0.0,1.0569987,0.0,0.99474734,0.0,58.052006,2.0,,18.547207,,18.547207,18.547207,,11.628668,,0.06160494,301.0669,1.0,0.0,0.0,2001.0,-12.14,,22.0,,,,Master only (1),-12.1,,22.0,18.552927,18.552927,,58.052006,4.0613394,-1.0995522,-0.58713156,204.04698,0.0,0.0,1.0
-12.13,12.13,2.10701,1.00469056e+06,30.0,0.0,8.815367,0.0,1.0569516,0.0,0.99475276,0.0,58.055008,2.0,,18.547827,,18.547827,18.547827,,11.628881,,0.061603807,301.0825,1.0,0.0,0.0,2001.0,-12.13,,22.0,,,,Master only (1),-12.1,,22.0,18.552927,18.552927,,58.055008,4.061391,-1.0995522,-0.58713156,204.04698,0.0,0.0,1.0
-12.12,12.12,2.10701,1.00469056e+06,30.0,0.0,8.815502,0.0,1.0569043,0.0,0.99475795,0.0,58.057888,2.0,,18.54842,,18.54842,18.54842,,11.6290865,,0.06160272,301.0974,1.0,0.0,0.0,2001.0,-12.12,,22.0,,,,Master only (1),-12.1,,22.0,18.552927,18.552927,,58.057888,4.0614405,-1.0995522,-0.58713156,204.04698,0.0,0.0,1.0
-12.11,12.11,2.10701,1.00469056e+06,30.0,0.0,8.815659,0.0,1.0568578,0.0,0.994764,0.0,58.061214,2.0,,18.549105,,18.549105,18.549105,,11.629323,,0.061601467,301.11465,1.0,0.0,0.0,2001.0,-12.11,,22.0,1.8348584,2.7362297,0.7419373,Matched (3),-12.1,,22.0,18.552927,18.552927,,58.061214,4.0614977,-1.0995522,-0.58713156,204.04698,0.0,0.0,1.0
-12.1,12.1,2.10701,1.00469056e+06,30.0,0.0,8.815794,0.0,1.0568105,0.0,0.99476916,0.0,58.064095,2.0,,18.5497,,18.5497,18.5497,,11.629527,,0.061600387,301.1296,1.0,0.0,0.0,2001.0,-12.1,,22.0,,,,Master only (1),-12.1,,22.0,18.552927,18.552927,,58.064095,4.0615473,-1.0995522,-0.58713156,204.04698,0.0,0.0,1.0
-12.09,12.09,2.10701,1.00469056e+06,30.0,0.0,8.815943,0.0,1.0567638,0.0,0.9947749,0.0,58.067257,2.0,,18.550352,,18.550352,18.550352,,11.629752,,0.061599195,301.14603,1.0,0.0,0.0,2001.0,-12.09,,22.0,,,,Master only (1),-12.1,,22.0,18.552927,18.552927,,58.067257,4.061602,-1.0995522,-0.58713156,204.04698,0.0,0.0,1.0
-12.08,12.08,2.10701,1.00469056e+06,30.0,0.0,8.816091,0.0,1.0567169,0.0,0.99478054,0.0,58.0704,2.0,,18.550999,,18.550999,18.550999,,11.629975,,0.06159801,301.1623,1.0,0.0,0.0,2001.0,-12.08,,22.0,,,,Master only (1),-12.1,,22.0,18.552927,18.552927,,58.0704,4.061656,-1.0995522,-0.58713156,204.04698,0.0,0.0,1.0
-12.07,12.07,2.10701,1.00469056e+06,30.0,0.0,8.816232,0.0,1.0566698,0.0,0.99478596,0.0,58.073402,2.0,,18.551619,,18.551619,18.551619,,11.630189,,0.06159688,301.1779,1.0,0.0,0.0,2001.0,-12.07,,22.0,,,,Master only (1),-12.1,,22.0,18.552927,18.552927,,58.073402,4.061708,-1.0995522,-0.58713156,204.04698,0.0,0.0,1.0
-12.06,12.06,2.10701,1.00469056e+06,30.0,0.0,8.816378,0.0,1.056623,0.0,0.99479157,0.0,58.076508,2.0,,18.552258,,18.552258,18.552258,,11.630409,,0.061595716,301.19397,1.0,0.0,0.0,2001.0,-12.06,,22.0,,,,Master only (1),-12.1,,22.0,18.552927,18.552927,,58.076508,4.0617614,-1.0995522,-0.58713156,204.04698,0.0,0.0,1.0
-12.05,12.05,2.10701,1.00469056e+06,30.0,0.0,8.81653,0.0,1.0565764,0.0,0.9947974,0.0,58.079754,2.0,,18.552927,,18.552927,18.552927,,11.63064,,0.06159449,301.21082,1.0,0.0,0.0,2001.0,-12.05,,22.0,,,,Master only (1),-12.1,,22.0,18.552927,18.552927,,58.079754,4.061817,-1.0995522,-0.58713156,204.04698,0.0,0.0,1.0
-12.04,12.04,2.10701,1.00469056e+06,30.0,0.0,9.152552,0.0,1.0700456,0.0,1.0075295,0.0,65.53615,2.0,,20.056498,,20.056498,20.056498,,12.1399555,,0.05901038,339.88086,1.0,0.0,0.0,2001.0,-12.04,,24.0,,,,Master only (1),-12.0,,24.0,20.061428,20.061428,,65.53615,4.182602,,-0.4659658,180.53078,0.0,0.0,1.0
-12.03,12.03,2.10701,1.00469056e+06,30.0,0.0,9.152692,0.0,1.0699977,0.0,1.0075347,0.0,65.53939,2.0,,20.057138,,20.057138,20.057138,,12.140168,,0.059009343,339.89767,1.0,0.0,0.0,2001.0,-12.03,,24.0,,,,Master only (1),-12.0,,24.0,20.061428,20.061428,,65.53939,4.1826515,,-0.4659658,180.53078,0.0,0.0,1.0
-12.02,12.02,2.10701,1.00469056e+06,30.0,0.0,9.152835,0.0,1.0699499,0.0,1.0075401,0.0,65.5427,2.0,,20.05779,,20.05779,20.05779,,12.140386,,0.059008285,339.91483,1.0,0.0,0.0,2001.0,-12.02,,24.0,,,,Matched (3),-12.0,,24.0,20.061428,20.061428,,65.5427,4.182702,,-0.4659658,180.53078,0.0,0.0,1.0
-12.01,12.01,2.10701,1.00469056e+06,30.0,0.0,9.152956,0.0,1.0699012,0.0,1.0075446,0.0,65.5455,2.0,,20.058344,,20.058344,20.058344,,12.14057,,0.05900739,339.92935,1.0,0.0,0.0,2001.0,-12.01,,24.0,,,,Master only (1),-12.0,,24.0,20.061428,20.061428,,65.5455,4.1827445,,-0.4659658,180.53078,0.0,0.0,1.0
-12.0,12.0,2.10701,1.00469056e+06,30.0,0.0,9.153099,0.0,1.0698534,0.0,1.00755,0.0,65.548805,2.0,,20.058998,,20.058998,20.058998,,12.140787,,0.059006337,339.9465,1.0,0.0,0.0,2001.0,-12.0,,24.0,,,,Master only (1),-12.0,,24.0,20.061428,20.061428,,65.548805,4.182795,,-0.4659658,180.53078,0.0,0.0,1.0
-11.99,11.99,2.10701,1.00469056e+06,30.0,0.0,9.15323,0.0,1.0698051,0.0,1.0075549,0.0,65.55183,2.0,,20.059593,,20.059593,20.059593,,12.140986,,0.05900537,339.96216,1.0,0.0,0.0,2001.0,-11.99,,24.0,,,,Master only (1),-12.0,,24.0,20.061428,20.061428,,65.55183,4.1828413,,-0.4659658,180.53078,0.0,0.0,1.0
-11.98,11.98,2.10701,1.00469056e+06,30.0,0.0,9.1533575,0.0,1.0697567,0.0,1.0075597,0.0,65.55479,2.0,,20.060177,,20.060177,20.060177,,12.14118,,0.059004426,339.9775,1.0,0.0,0.0,2001.0,-11.98,,24.0,,,,Master only (1),-12.0,,24.0,20.061428,20.061428,,65.55479,4.182886,,-0.4659658,180.53078,0.0,0.0,1.0
-11.97,11.97,2.10701,1.00469056e+06,30.0,0.0,9.153495,0.0,1.0697086,0.0,1.0075648,0.0,65.55796,2.0,,20.060804,,20.060804,20.060804,,12.141389,,0.059003413,339.99396,1.0,0.0,0.0,2001.0,-11.97,,24.0,,,,Master only (1),-12.0,,24.0,20.061428,20.061428,,65.55796,4.1829348,,-0.4659658,180.53078,0.0,0.0,1.0
-11.96,11.96,2.10701,1.00469056e+06,30.0,0.0,9.153631,0.0,1.0696605,0.0,1.0075699,0.0,65.56111,2.0,,20.061428,,20.061428,20.061428,,12.141597,,0.0590024,340.01038,1.0,0.0,0.0,2001.0,-11.96,,24.0,,,,Master only (1),-12.0,,24.0,20.061428,20.061428,,65.56111,4.182983,,-0.4659658,180.53078,0.0,0.0,1.0
-11.95,11.95,2.10701,1.00469056e+06,30.0,0.0,11.095542,0.0,1.1419129,0.0,1.075682,0.0,122.02806,2.0,,29.952631,,29.952631,29.952631,,15.13617,,0.047329236,632.8569,1.0,0.0,0.0,2001.0,-11.95,,37.0,,,,Master only (1),-11.9,,37.0,29.957264,29.957264,,122.02806,4.804251,-0.694087,0.15554182,329.5042,0.0,0.0,1.0
-11.94,11.94,2.10701,1.00469056e+06,30.0,0.0,11.095621,0.0,1.1418587,0.0,1.0756847,0.0,122.03087,2.0,,29.953075,,29.953075,29.953075,,15.136294,,0.04732885,632.8714,1.0,0.0,0.0,2001.0,-11.94,,37.0,2.9642596,4.70893,2.8903718,Matched (3),-11.9,,37.0,29.957264,29.957264,,122.03087,4.804274,-0.694087,0.15554182,329.5042,0.0,0.0,1.0
-11.93,11.93,2.10701,1.00469056e+06,30.0,0.0,11.095697,0.0,1.1418042,0.0,1.0756872,0.0,122.03358,2.0,,29.953505,,29.953505,29.953505,,15.136414,,0.047328476,632.88544,1.0,0.0,0.0,2001.0,-11.93,,37.0,2.9573734,4.482451,2.6390574,Matched (3),-11.9,,37.0,29.957264,29.957264,,122.03358,4.804296,-0.694087,0.15554182,329.5042,0.0,0.0,1.0
-11.92,11.92,2.10701,1.00469056e+06,30.0,0.0,11.09578,0.0,1.1417501,0.0,1.0756899,0.0,122.03652,2.0,,29.953972,,29.953972,29.953972,,15.136543,,0.04732807,632.90076,1.0,0.0,0.0,2001.0,-11.92,,37.0,,,,Master only (1),-11.9,,37.0,29.957264,29.957264,,122.03652,4.8043203,-0.694087,0.15554182,329.5042,0.0,0.0,1.0
-11.91,11.91,2.10701,1.00469056e+06,30.0,0.0,11.095875,0.0,1.1416962,0.0,1.075693,0.0,122.03988,2.0,,29.954502,,29.954502,29.954502,,15.136691,,0.047327608,632.91815,1.0,0.0,0.0,2001.0,-11.91,,37.0,,,,Master only (1),-11.9,,37.0,29.957264,29.957264,,122.03988,4.804348,-0.694087,0.15554182,329.5042,0.0,0.0,1.0
-11.9,11.9,2.10701,1.00469056e+06,30.0,0.0,11.095954,0.0,1.141642,0.0,1.0756956,0.0,122.04269,2.0,,29.954948,,29.954948,29.954948,,15.136815,,0.04732722,632.93274,1.0,0.0,0.0,2001.0,-11.9,,37.0,,,,Master only (1),-11.9,,37.0,29.957264,29.957264,,122.04269,4.804371,-0.694087,0.15554182,329.5042,0.0,0.0,1.0
-11.89,11.89,2.10701,1.00469056e+06,30.0,0.0,11.096037,0.0,1.1415879,0.0,1.0756984,0.0,122.04564,2.0,,29.955414,,29.955414,29.955414,,15.136945,,0.047326814,632.948,1.0,0.0,0.0,2001.0,-11.89,,37.0,,,,Master only (1),-11.9,,37.0,29.957264,29.957264,,122.04564,4.804395,-0.694087,0.15554182,329.5042,0.0,0.0,1.0
-11.88,11.88,2.10701,1.00469056e+06,30.0,0.0,11.096117,0.0,1.1415335,0.0,1.075701,0.0,122.048485,2.0,,29.955864,,29.955864,29.955864,,15.13707,,0.047326423,632.96277,1.0,0.0,0.0,2001.0,-11.88,,37.0,,,,Master only (1),-11.9,,37.0,29.957264,29.957264,,122.048485,4.8044186,-0.694087,0.15554182,329.5042,0.0,0.0,1.0
-11.87,11.87,2.10701,1.00469056e+06,30.0,0.0,11.096182,0.0,1.1414787,0.0,1.0757031,0.0,122.05079,2.0,,29.95623,,29.95623,29.95623,,15.137171,,0.047326107,632.97473,1.0,0.0,0.0,2001.0,-11.87,,37.0,,,,Master only (1),-11.9,,37.0,29.957264,29.957264,,122.05079,4.804437,-0.694087,0.15554182,329.5042,0.0,0.0,1.0
-11.86,11.86,2.10701,1.00469056e+06,30.0,0.0,11.096283,0.0,1.1414251,0.0,1.0757065,0.0,122.054375,2.0,,29.956799,,29.956799,29.956799,,15.137329,,0.04732561,632.9934,1.0,0.0,0.0,2001.0,-11.86,,37.0,2.9573734,4.482451,2.6390574,Matched (3),-11.9,,37.0,29.957264,29.957264,,122.054375,4.8044667,-0.694087,0.15554182,329.5042,0.0,0.0,1.0
-11.85,11.85,2.10701,1.00469056e+06,30.0,0.0,11.096366,0.0,1.141371,0.0,1.0757092,0.0,122.05732,2.0,,29.957264,,29.957264,29.957264,,15.137459,,0.047325205,633.00867,1.0,0.0,0.0,2001.0,-11.85,,37.0,,,,Master only (1),-11.9,,37.0,29.957264,29.957264,,122.05732,4.8044906,-0.694087,0.15554182,329.5042,0.0,0.0,1.0
-11.84,11.84,2.10701,1.00469056e+06,30.0,0.0,10.959236,0.0,1.1364988,0.0,1.0711708,0.0,117.25322,2.0,,29.191147,,29.191147,29.191147,,14.923302,,0.048004348,608.0938,1.0,0.0,0.0,2001.0,-11.84,,36.0,,,,Master only (1),-11.8,,36.0,29.19519,29.19519,,117.25322,4.7643356,-0.8118701,0.11560195,262.73886,0.0,0.0,1.0
-11.83,11.83,2.10701,1.00469056e+06,30.0,0.0,10.95934,0.0,1.1364456,0.0,1.0711743,0.0,117.25681,2.0,,29.191723,,29.191723,29.191723,,14.923464,,0.048003826,608.1124,1.0,0.0,0.0,2001.0,-11.83,,36.0,,,,Master only (1),-11.8,,36.0,29.19519,29.19519,,117.25681,4.7643666,-0.8118701,0.11560195,262.73886,0.0,0.0,1.0
-11.82,11.82,2.10701,1.00469056e+06,30.0,0.0,10.95943,0.0,1.1363919,0.0,1.0711772,0.0,117.25991,2.0,,29.19222,,29.19222,29.19222,,14.923604,,0.048003376,608.1285,1.0,0.0,0.0,2001.0,-11.82,,36.0,,,,Master only (1),-11.8,,36.0,29.19519,29.19519,,117.25991,4.764393,-0.8118701,0.11560195,262.73886,0.0,0.0,1.0
-11.81,11.81,2.10701,1.00469056e+06,30.0,0.0,10.959517,0.0,1.1363381,0.0,1.0711801,0.0,117.26291,2.0,,29.192701,,29.192701,29.192701,,14.923739,,0.04800294,608.14404,1.0,0.0,0.0,2001.0,-11.81,,36.0,2.9573734,4.482451,2.6390574,Matched (3),-11.8,,36.0,29.19519,29.19519,,117.26291,4.7644186,-0.8118701,0.11560195,262.73886,0.0,0.0,1.0
-11.8,11.8,2.10701,1.00469056e+06,30.0,0.0,10.95961,0.0,1.1362846,0.0,1.0711832,0.0,117.266136,2.0,,29.19322,,29.19322,29.19322,,14.923885,,0.04800247,608.16077,1.0,0.0,0.0,2001.0,-11.8,,36.0,3.0408363,4.606159,2.7725887,Matched (3),-11.8,,36.0,29.19519,29.19519,,117.266136,4.764446,-0.8118701,0.11560195,262.73886,0.0,0.0,1.0
-11.79,11.79,2.10701,1.00469056e+06,30.0,0.0,10.9597025,0.0,1.1362311,0.0,1.0711863,0.0,117.26933,2.0,,29.193733,,29.193733,29.193733,,14.924029,,0.04800201,608.1773,1.0,0.0,0.0,2001.0,-11.79,,36.0,,,,Master only (1),-11.8,,36.0,29.19519,29.19519,,117.26933,4.7644734,-0.8118701,0.11560195,262.73886,0.0,0.0,1.0
-11.78,11.78,2.10701,1.00469056e+06,30.0,0.0,10.959792,0.0,1.1361774,0.0,1.0711893,0.0,117.27243,2.0,,29.194231,,29.194231,29.194231,,14.92417,,0.048001558,608.1934,1.0,0.0,0.0,2001.0,-11.78,,36.0,,,,Master only (1),-11.8,,36.0,29.19519,29.19519,,117.27243,4.7644997,-0.8118701,0.11560195,262.73886,0.0,0.0,1.0
-11.77,11.77,2.10701,1.00469056e+06,30.0,0.0,10.959875,0.0,1.1361235,0.0,1.071192,0.0,117.2753,2.0,,29.194693,,29.194693,29.194693,,14.924298,,0.04800114,608.2083,1.0,0.0,0.0,2001.0,-11.77,,36.0,,,,Master only (1),-11.8,,36.0,29.19519,29.19519,,117.2753,4.764524,-0.8118701,0.11560195,262.73886,0.0,0.0,1.0
-11.76,11.76,2.10701,1.00469056e+06,30.0,0.0,10.959965,0.0,1.1360699,0.0,1.071195,0.0,117.2784,2.0,,29.19519,,29.19519,29.19519,,14.924438,,0.04800069,608.2244,1.0,0.0,0.0,2001.0,-11.76,,36.0,,,,Master only (1),-11.8,,36.0,29.19519,29.19519,,117.2784,4.7645507,-0.8118701,0.11560195,262.73886,0.0,0.0,1.0
-11.75,11.75,2.10701,1.00469056e+06,30.0,0.0,8.82083,0.0,1.0551676,0.0,0.99496233,0.0,58.171276,2.0,,18.571783,,18.571783,18.571783,,11.63714,,0.061560087,301.68546,1.0,0.0,0.0,2001.0,-11.75,,22.0,,,,Master only (1),-11.7,,22.0,18.577675,18.577675,,58.171276,4.0633917,-0.77104807,-0.5850654,185.74725,0.0,0.0,1.0
-11.74,11.74,2.10701,1.00469056e+06,30.0,0.0,8.820984,0.0,1.0551211,0.0,0.99496824,0.0,58.174545,2.0,,18.572456,,18.572456,18.572456,,11.637372,,0.06155886,301.7024,1.0,0.0,0.0,2001.0,-11.74,,22.0,3.0872247,4.6456733,2.8134108,Matched (3),-11.7,,22.0,18.577675,18.577675,,58.174545,4.063448,-0.77104807,-0.5850654,185.74725,0.0,0.0,1.0
-11.73,11.73,2.10701,1.00469056e+06,30.0,0.0,8.821125,0.0,1.0550741,0.0,0.99497366,0.0,58.17755,2.0,,18.573076,,18.573076,18.573076,,11.637586,,0.06155773,301.71802,1.0,0.0,0.0,2001.0,-11.73,,22.0,,,,Master only (1),-11.7,,22.0,18.577675,18.577675,,58.17755,4.0634995,-0.77104807,-0.5850654,185.74725,0.0,0.0,1.0
-11.72,11.72,2.10701,1.00469056e+06,30.0,0.0,8.821276,0.0,1.0550275,0.0,0.99497944,0.0,58.180763,2.0,,18.573738,,18.573738,18.573738,,11.637814,,0.061556526,301.73468,1.0,0.0,0.0,2001.0,-11.72,,22.0,3.0872247,4.6456733,2.8134108,Matched (3),-11.7,,22.0,18.577675,18.577675,,58.180763,4.063555,-0.77104807,-0.5850654,185.74725,0.0,0.0,1.0
-11.71,11.71,2.10701,1.00469056e+06,30.0,0.0,8.821433,0.0,1.0549811,0.0,0.99498546,0.0,58.184113,2.0,,18.574427,,18.574427,18.574427,,11.638051,,0.06155527,301.752,1.0,0.0,0.0,2001.0,-11.71,,22.0,,,,Master only (1),-11.7,,22.0,18.577675,18.577675,,58.184113,4.0636125,-0.77104807,-0.5850654,185.74725,0.0,0.0,1.0
-11.7,11.7,2.10701,1.00469056e+06,30.0,0.0,8.821569,0.0,1.0549339,0.0,0.9949907,0.0,58.18702,2.0,,18.575026,,18.575026,18.575026,,11.638258,,0.061554175,301.76712,1.0,0.0,0.0,2001.0,-11.7,,22.0,2.969982,4.4778304,2.6390574,Matched (3),-11.7,,22.0,18.577675,18.577675,,58.18702,4.0636625,-0.77104807,-0.5850654,185.74725,0.0,0.0,1.0
-11.69,11.69,2.10701,1.00469056e+06,30.0,0.0,8.82173,0.0,1.0548877,0.0,0.99499685,0.0,58.19043,2.0,,18.57573,,18.57573,18.57573,,11.6385,,0.061552893,301.78482,1.0,0.0,0.0,2001.0,-11.69,,22.0,,,,Master only (1),-11.7,,22.0,18.577675,18.577675,,58.19043,4.0637207,-0.77104807,-0.5850654,185.74725,0.0,0.0,1.0
-11.68,11.68,2.10701,1.00469056e+06,30.0,0.0,8.821868,0.0,1.0548406,0.0,0.99500215,0.0,58.193375,2.0,,18.576336,,18.576336,18.576336,,11.638709,,0.061551787,301.8001,1.0,0.0,0.0,2001.0,-11.68,,22.0,,,,Master only (1),-11.7,,22.0,18.577675,18.577675,,58.193375,4.0637717,-0.77104807,-0.5850654,185.74725,0.0,0.0,1.0
-11.67,11.67,2.10701,1.00469056e+06,30.0,0.0,8.822022,0.0,1.0547941,0.0,0.99500805,0.0,58.196667,2.0,,18.577013,,18.577013,18.577013,,11.638943,,0.061550554,301.81717,1.0,0.0,0.0,2001.0,-11.67,,22.0,,,,Master only (1),-11.7,,22.0,18.577675,18.577675,,58.196667,4.063828,-0.77104807,-0.5850654,185.74725,0.0,0.0,1.0
-11.66,11.66,2.10701,1.00469056e+06,30.0,0.0,8.822173,0.0,1.0547475,0.0,0.99501383,0.0,58.19988,2.0,,18.577675,,18.577675,18.577675,,11.639171,,0.061549347,301.83383,1.0,0.0,0.0,2001.0,-11.66,,22.0,3.0872247,4.6456733,2.8134108,Matched (3),-11.7,,22.0,18.577675,18.577675,,58.19988,4.0638833,-0.77104807,-0.5850654,185.74725,0.0,0.0,1.0
-11.65,11.65,2.10701,1.00469056e+06,30.0,0.0,8.474069,0.0,1.0403569,0.0,0.98148733,0.0,51.105145,2.0,,17.083118,,17.083118,17.083118,,11.11447,,0.06445502,265.0394,1.0,0.0,0.0,2001.0,-11.65,,20.0,,,,Master only (1),-11.6,,20.0,17.089737,17.089737,,51.105145,3.933885,-0.89888144,-0.7144633,187.95042,0.0,0.0,1.0
-11.64,11.64,2.10701,1.00469056e+06,30.0,0.0,8.474223,0.0,1.0403113,0.0,0.9814934,0.0,51.108154,2.0,,17.083769,,17.083769,17.083769,,11.114701,,0.06445368,265.055,1.0,0.0,0.0,2001.0,-11.64,,20.0,,,,Master only (1),-11.6,,20.0,17.089737,17.089737,,51.108154,3.933944,-0.89888144,-0.7144633,187.95042,0.0,0.0,1.0
-11.63,11.63,2.10701,1.00469056e+06,30.0,0.0,8.474376,0.0,1.0402657,0.0,0.98149943,0.0,51.111126,2.0,,17.08441,,17.08441,17.08441,,11.114931,,0.06445234,265.07043,1.0,0.0,0.0,2001.0,-11.63,,20.0,,,,Master only (1),-11.6,,20.0,17.089737,17.089737,,51.111126,3.9340022,-0.89888144,-0.7144633,187.95042,0.0,0.0,1.0
-11.62,11.62,2.10701,1.00469056e+06,30.0,0.0,8.474533,0.0,1.0402203,0.0,0.98150563,0.0,51.11419,2.0,,17.08507,,17.08507,17.08507,,11.115168,,0.06445097,265.0863,1.0,0.0,0.0,2001.0,-11.62,,20.0,,,,Master only (1),-11.6,,20.0,17.089737,17.089737,,51.11419,3.9340622,-0.89888144,-0.7144633,187.95042,0.0,0.0,1.0
-11.61,11.61,2.10701,1.00469056e+06,30.0,0.0,8.474687,0.0,1.0401746,0.0,0.98151165,0.0,51.11718,2.0,,17.085714,,17.085714,17.085714,,11.115398,,0.06444963,265.1018,1.0,0.0,0.0,2001.0,-11.61,,20.0,,,,Master only (1),-11.6,,20.0,17.089737,17.089737,,51.11718,3.9341207,-0.89888144,-0.7144633,187.95042,0.0,0.0,1.0
-11.6,11.6,2.10701,1.00469056e+06,30.0,0.0,8.474844,0.0,1.0401292,0.0,0.98151785,0.0,51.120243,2.0,,17.086376,,17.086376,17.086376,,11.115635,,0.06444826,265.11774,1.0,0.0,0.0,2001.0,-11.6,,20.0,3.0311136,4.533113,2.6855774,Matched (3),-11.6,,20.0,17.089737,17.089737,,51.120243,3.9341805,-0.89888144,-0.7144633,187.95042,0.0,0.0,1.0
-11.59,11.59,2.10701,1.00469056e+06,30.0,0.0,8.475004,0.0,1.0400839,0.0,0.98152417,0.0,51.123367,2.0,,17.08705,,17.08705,17.08705,,11.115875,,0.06444687,265.1339,1.0,0.0,0.0,2001.0,-11.59,,20.0,,,,Master only (1),-11.6,,20.0,17.089737,17.089737,,51.123367,3.9342418,-0.89888144,-0.7144633,187.95042,0.0,0.0,1.0
-11.58,11.58,2.10701,1.00469056e+06,30.0,0.0,8.47516,0.0,1.0400383,0.0,0.9815303,0.0,51.126392,2.0,,17.087702,,17.087702,17.087702,,11.116109,,0.06444552,265.14957,1.0,0.0,0.0,2001.0,-11.58,,20.0,,,,Master only (1),-11.6,,20.0,17.089737,17.089737,,51.126392,3.934301,-0.89888144,-0.7144633,187.95042,0.0,0.0,1.0
-11.57,11.57,2.10701,1.00469056e+06,30.0,0.0,8.475331,0.0,1.0399935,0.0,0.98153704,0.0,51.129738,2.0,,17.088423,,17.088423,17.088423,,11.116367,,0.06444401,265.16696,1.0,0.0,0.0,2001.0,-11.57,,20.0,,,,Master only (1),-11.6,,20.0,17.089737,17.089737,,51.129738,3.9343662,-0.89888144,-0.7144633,187.95042,0.0,0.0,1.0
-11.56,11.56,2.10701,1.00469056e+06,30.0,0.0,8.475481,0.0,1.0399477,0.0,0.98154294,0.0,51.132656,2.0,,17.089052,,17.089052,17.089052,,11.116592,,0.06444271,265.1821,1.0,0.0,0.0,2001.0,-11.56,,20.0,,,,Master only (1),-11.6,,20.0,17.089737,17.089737,,51.132656,3.9344234,-0.89888144,-0.7144633,187.95042,0.0,0.0,1.0
-11.55,11.55,2.10701,1.00469056e+06,30.0,0.0,8.475644,0.0,1.0399026,0.0,0.9815494,0.0,51.13583,2.0,,17.089737,,17.089737,17.089737,,11.1168375,,0.06444129,265.19855,1.0,0.0,0.0,2001.0,-11.55,,20.0,,,,Master only (1),-11.6,,20.0,17.089737,17.089737,,51.13583,3.9344854,-0.89888144,-0.7144633,187.95042,0.0,0.0,1.0
-11.54,11.54,2.10701,1.00469056e+06,30.0,0.0,0.0,0.0,0.0,0.0,0.0,0.0,0.0,3.0,,29.395737,,,,,,,,,0.0,0.0,0.0,0.0,-11.54,,,,,,Master only (1),-11.5,,,,,,0.0,,,,0.0,0.0,,0.0
-11.53,11.53,2.10701,1.00469056e+06,30.0,0.0,0.0,0.0,0.0,0.0,0.0,0.0,0.0,3.0,,29.404741,,,,,,,,,0.0,0.0,0.0,0.0,-11.53,,,,,,Master only (1),-11.5,,,,,,0.0,,,,0.0,0.0,,0.0
-11.52,11.52,2.10701,1.00469056e+06,30.0,0.0,0.0,0.0,0.0,0.0,0.0,0.0,0.0,3.0,,29.413757,,,,,,,,,0.0,0.0,0.0,0.0,-11.52,,,,,,Master only (1),-11.5,,,,,,0.0,,,,0.0,0.0,,0.0
-11.51,11.51,2.10701,1.00469056e+06,30.0,0.0,0.0,0.0,0.0,0.0,0.0,0.0,0.0,3.0,,29.422771,,,,,,,,,0.0,0.0,0.0,0.0,-11.51,,,,,,Master only (1),-11.5,,,,,,0.0,,,,0.0,0.0,,0.0
-11.5,11.5,2.10701,1.00469056e+06,30.0,0.0,0.0,0.0,0.0,0.0,0.0,0.0,0.0,3.0,,29.431784,,,,,,,,,0.0,0.0,0.0,0.0,-11.5,,,,,,Master only (1),-11.5,,,,,,0.0,,,,0.0,0.0,,0.0
-11.49,11.49,2.10701,1.00469056e+06,30.0,0.0,0.0,0.0,0.0,0.0,0.0,0.0,0.0,3.0,,29.440805,,,,,,,,,0.0,0.0,0.0,0.0,-11.49,,,,,,Master only (1),-11.5,,,,,,0.0,,,,0.0,0.0,,0.0
-11.48,11.48,2.10701,1.00469056e+06,30.0,0.0,0.0,0.0,0.0,0.0,0.0,0.0,0.0,3.0,,29.449821,,,,,,,,,0.0,0.0,0.0,0.0,-11.48,,,,,,Master only (1),-11.5,,,,,,0.0,,,,0.0,0.0,,0.0
-11.47,11.47,2.10701,1.00469056e+06,30.0,0.0,0.0,0.0,0.0,0.0,0.0,0.0,0.0,3.0,,29.458847,,,,,,,,,0.0,0.0,0.0,0.0,-11.47,,,,,,Master only (1),-11.5,,,,,,0.0,,,,0.0,0.0,,0.0
-11.46,11.46,2.10701,1.00469056e+06,30.0,0.0,0.0,0.0,0.0,0.0,0.0,0.0,0.0,3.0,,29.467873,,,,,,,,,0.0,0.0,0.0,0.0,-11.46,,,,,,Master only (1),-11.5,,,,,,0.0,,,,0.0,0.0,,0.0
-11.45,11.45,2.10701,1.00469056e+06,30.0,0.0,9.642111,0.0,1.0859637,0.0,1.0255384,0.0,77.545525,2.0,,22.356344,,22.356344,22.356344,,12.886864,,0.0555902,402.1634,1.0,0.0,0.0,2001.0,-11.45,,27.0,,,,Master only (1),-11.4,,27.0,22.362333,22.362333,,77.545525,4.3508654,-0.94540143,-0.29766852,245.95294,0.0,0.0,1.0
-11.44,11.44,2.10701,1.00469056e+06,30.0,0.0,9.64224,0.0,1.0859143,0.0,1.0255431,0.0,77.54887,2.0,,22.356966,,22.356966,22.356966,,12.88706,,0.055589356,402.1807,1.0,0.0,0.0,2001.0,-11.44,,27.0,,,,Master only (1),-11.4,,27.0,22.362333,22.362333,,77.54887,4.3509083,-0.94540143,-0.29766852,245.95294,0.0,0.0,1.0
-11.43,11.43,2.10701,1.00469056e+06,30.0,0.0,9.642368,0.0,1.0858649,0.0,1.0255477,0.0,77.552216,2.0,,22.35759,,22.35759,22.35759,,12.887258,,0.055588502,402.1981,1.0,0.0,0.0,2001.0,-11.43,,27.0,,,,Master only (1),-11.4,,27.0,22.362333,22.362333,,77.552216,4.3509517,-0.94540143,-0.29766852,245.95294,0.0,0.0,1.0
-11.42,11.42,2.10701,1.00469056e+06,30.0,0.0,9.642489,0.0,1.0858153,0.0,1.0255522,0.0,77.55536,2.0,,22.358173,,22.358173,22.358173,,12.887444,,0.0555877,402.2144,1.0,0.0,0.0,2001.0,-11.42,,27.0,,,,Master only (1),-11.4,,27.0,22.362333,22.362333,,77.55536,4.350992,-0.94540143,-0.29766852,245.95294,0.0,0.0,1.0
-11.41,11.41,2.10701,1.00469056e+06,30.0,0.0,9.642618,0.0,1.085766,0.0,1.0255568,0.0,77.5587,2.0,,22.358795,,22.358795,22.358795,,12.88764,,0.055586852,402.23172,1.0,0.0,0.0,2001.0,-11.41,,27.0,3.0154312,4.485278,2.6390574,Matched (3),-11.4,,27.0,22.362333,22.362333,,77.5587,4.351035,-0.94540143,-0.29766852,245.95294,0.0,0.0,1.0
-11.4,11.4,2.10701,1.00469056e+06,30.0,0.0,9.642727,0.0,1.0857158,0.0,1.0255607,0.0,77.56152,2.0,,22.359322,,22.359322,22.359322,,12.887807,,0.055586133,402.2464,1.0,0.0,0.0,2001.0,-11.4,,27.0,,,,Master only (1),-11.4,,27.0,22.362333,22.362333,,77.56152,4.3510714,-0.94540143,-0.29766852,245.95294,0.0,0.0,1.0
-11.39,11.39,2.10701,1.00469056e+06,30.0,0.0,9.642856,0.0,1.0856664,0.0,1.0255654,0.0,77.56487,2.0,,22.359943,,22.359943,22.359943,,12.888004,,0.055585284,402.26373,1.0,0.0,0.0,2001.0,-11.39,,27.0,,,,Master only (1),-11.4,,27.0,22.362333,22.362333,,77.56487,4.3511147,-0.94540143,-0.29766852,245.95294,0.0,0.0,1.0
-11.38,11.38,2.10701,1.00469056e+06,30.0,0.0,9.642987,0.0,1.0856172,0.0,1.0255702,0.0,77.56829,2.0,,22.360579,,22.360579,22.360579,,12.888206,,0.055584416,402.28143,1.0,0.0,0.0,2001.0,-11.38,,27.0,,,,Master only (1),-11.4,,27.0,22.362333,22.362333,,77.56829,4.3511586,-0.94540143,-0.29766852,245.95294,0.0,0.0,1.0
-11.37,11.37,2.10701,1.00469056e+06,30.0,0.0,9.643103,0.0,1.0855674,0.0,1.0255743,0.0,77.57129,2.0,,22.361135,,22.361135,22.361135,,12.888382,,0.055583652,402.297,1.0,0.0,0.0,2001.0,-11.37,,27.0,,,,Master only (1),-11.4,,27.0,22.362333,22.362333,,77.57129,4.3511972,-0.94540143,-0.29766852,245.95294,0.0,0.0,1.0
-11.36,11.36,2.10701,1.00469056e+06,30.0,0.0,9.643231,0.0,1.085518,0.0,1.025579,0.0,77.57463,2.0,,22.361757,,22.361757,22.361757,,12.888579,,0.055582803,402.31433,1.0,0.0,0.0,2001.0,-11.36,,27.0,,,,Master only (1),-11.4,,27.0,22.362333,22.362333,,77.57463,4.3512406,-0.94540143,-0.29766852,245.95294,0.0,0.0,1.0
-11.35,11.35,2.10701,1.00469056e+06,30.0,0.0,9.643351,0.0,1.0854683,0.0,1.0255833,0.0,77.57773,2.0,,22.362333,,22.362333,22.362333,,12.888762,,0.055582013,402.33038,1.0,0.0,0.0,2001.0,-11.35,,27.0,,,,Master only (1),-11.4,,27.0,22.362333,22.362333,,77.57773,4.35128,-0.94540143,-0.29766852,245.95294,0.0,0.0,1.0
-11.34,11.34,2.10701,1.00469056e+06,30.0,0.0,9.643473,0.0,1.0854187,0.0,1.0255877,0.0,77.580894,2.0,,22.362925,,22.362925,22.362925,,12.888949,,0.05558121,402.34686,1.0,0.0,0.0,2001.0,-11.34,,27.0,,,,Master only (1),-11.3,,27.0,22.367878,22.367878,,77.580894,4.351321,-0.94540143,-0.2972842,201.28896,0.0,0.0,1.0
-11.33,11.33,2.10701,1.00469056e+06,30.0,0.0,9.643607,0.0,1.0853696,0.0,1.0255926,0.0,77.58439,2.0,,22.363573,,22.363573,22.363573,,12.889155,,0.055580318,402.36496,1.0,0.0,0.0,2001.0,-11.33,,27.0,,,,Master only (1),-11.3,,27.0,22.367878,22.367878,,77.58439,4.351366,-0.94540143,-0.2972842,201.28896,0.0,0.0,1.0
-11.32,11.32,2.10701,1.00469056e+06,30.0,0.0,9.64374,0.0,1.0853204,0.0,1.0255973,0.0,77.58784,2.0,,22.364214,,22.364214,22.364214,,12.889358,,0.055579446,402.3828,1.0,0.0,0.0,2001.0,-11.32,,27.0,3.0154312,4.485278,2.6390574,Matched (3),-11.3,,27.0,22.367878,22.367878,,77.58784,4.351411,-0.94540143,-0.2972842,201.28896,0.0,0.0,1.0
-11.31,11.31,2.10701,1.00469056e+06,30.0,0.0,9.643871,0.0,1.0852711,0.0,1.0256021,0.0,77.591255,2.0,,22.36485,,22.36485,22.36485,,12.88956,,0.055578575,402.40054,1.0,0.0,0.0,2001.0,-11.31,,27.0,,,,Master only (1),-11.3,,27.0,22.367878,22.367878,,77.591255,4.3514547,-0.94540143,-0.2972842,201.28896,0.0,0.0,1.0
-11.3,11.3,2.10701,1.00469056e+06,30.0,0.0,9.644007,0.0,1.085222,0.0,1.025607,0.0,77.59477,2.0,,22.365503,,22.365503,22.365503,,12.889767,,0.055577684,402.41876,1.0,0.0,0.0,2001.0,-11.3,,27.0,2.404654,3.6328514,1.856298,Matched (3),-11.3,,27.0,22.367878,22.367878,,77.59477,4.3515,-0.94540143,-0.2972842,201.28896,0.0,0.0,1.0
-11.29,11.29,2.10701,1.00469056e+06,30.0,0.0,9.644122,0.0,1.0851722,0.0,1.0256112,0.0,77.59777,2.0,,22.366062,,22.366062,22.366062,,12.889944,,0.055576917,402.4344,1.0,0.0,0.0,2001.0,-11.29,,27.0,,,,Master only (1),-11.3,,27.0,22.367878,22.367878,,77.59777,4.3515387,-0.94540143,-0.2972842,201.28896,0.0,0.0,1.0
-11.28,11.28,2.10701,1.00469056e+06,30.0,0.0,9.644247,0.0,1.0851227,0.0,1.0256157,0.0,77.60101,2.0,,22.366665,,22.366665,22.366665,,12.890135,,0.055576097,402.45117,1.0,0.0,0.0,2001.0,-11.28,,27.0,,,,Master only (1),-11.3,,27.0,22.367878,22.367878,,77.60101,4.3515806,-0.94540143,-0.2972842,201.28896,0.0,0.0,1.0
-11.27,11.27,2.10701,1.00469056e+06,30.0,0.0,9.644376,0.0,1.0850735,0.0,1.0256203,0.0,77.60436,2.0,,22.367287,,22.367287,22.367287,,12.890332,,0.055575244,402.46854,1.0,0.0,0.0,2001.0,-11.27,,27.0,,,,Master only (1),-11.3,,27.0,22.367878,22.367878,,77.60436,4.3516235,-0.94540143,-0.2972842,201.28896,0.0,0.0,1.0
-11.26,11.26,2.10701,1.00469056e+06,30.0,0.0,9.644498,0.0,1.0850239,0.0,1.0256248,0.0,77.60754,2.0,,22.367878,,22.367878,22.367878,,12.890519,,0.05557444,402.485,1.0,0.0,0.0,2001.0,-11.26,,27.0,,,,Master only (1),-11.3,,27.0,22.367878,22.367878,,77.60754,4.3516645,-0.94540143,-0.2972842,201.28896,0.0,0.0,1.0
-11.25,11.25,2.10701,1.00469056e+06,30.0,0.0,0.0,0.0,0.0,0.0,0.0,0.0,0.0,3.0,,29.658077,,,,,,,,,0.0,0.0,0.0,0.0,-11.25,,,,,,Master only (1),-11.2,,,,,,0.0,,,,0.0,0.0,,0.0
-11.24,11.24,2.10701,1.00469056e+06,30.0,0.0,0.0,0.0,0.0,0.0,0.0,0.0,0.0,3.0,,29.667168,,,,,,,,,0.0,0.0,0.0,0.0,-11.24,,,,,,Master only (1),-11.2,,,,,,0.0,,,,0.0,0.0,,0.0
-11.23,11.23,2.10701,1.00469056e+06,30.0,0.0,0.0,0.0,0.0,0.0,0.0,0.0,0.0,3.0,,29.676256,,,,,,,,,0.0,0.0,0.0,0.0,-11.23,,,,,,Master only (1),-11.2,,,,,,0.0,,,,0.0,0.0,,0.0
-11.22,11.22,2.10701,1.00469056e+06,30.0,0.0,0.0,0.0,0.0,0.0,0.0,0.0,0.0,3.0,,29.68535,,,,,,,,,0.0,0.0,0.0,0.0,-11.22,,,,,,Master only (1),-11.2,,,,,,0.0,,,,0.0,0.0,,0.0
-11.21,11.21,2.10701,1.00469056e+06,30.0,0.0,0.0,0.0,0.0,0.0,0.0,0.0,0.0,3.0,,29.694447,,,,,,,,,0.0,0.0,0.0,0.0,-11.21,,,,,,Master only (1),-11.2,,,,,,0.0,,,,0.0,0.0,,0.0
-11.2,11.2,2.10701,1.00469056e+06,30.0,0.0,0.0,0.0,0.0,0.0,0.0,0.0,0.0,3.0,,29.703537,,,,,,,,,0.0,0.0,0.0,0.0,-11.2,,,,,,Master only (1),-11.2,,,,,,0.0,,,,0.0,0.0,,0.0
-11.19,11.19,2.10701,1.00469056e+06,30.0,0.0,0.0,0.0,0.0,0.0,0.0,0.0,0.0,3.0,,29.712654,,,,,,,,,0.0,0.0,0.0,0.0,-11.19,,,,,,Master only (1),-11.2,,,,,,0.0,,,,0.0,0.0,,0.0
-11.18,11.18,2.10701,1.00469056e+06,30.0,0.0,0.0,0.0,0.0,0.0,0.0,0.0,0.0,3.0,,29.721754,,,,,,,,,0.0,0.0,0.0,0.0,-11.18,,,,,,Master only (1),-11.2,,,,,,0.0,,,,0.0,0.0,,0.0
-11.17,11.17,2.10701,1.00469056e+06,30.0,0.0,0.0,0.0,0.0,0.0,0.0,0.0,0.0,3.0,,29.730856,,,,,,,,,0.0,0.0,0.0,0.0,-11.17,,,,,,Master only (1),-11.2,,,,,,0.0,,,,0.0,0.0,,0.0
-11.16,11.16,2.10701,1.00469056e+06,30.0,0.0,0.0,0.0,0.0,0.0,0.0,0.0,0.0,3.0,,29.739964,,,,,,,,,0.0,0.0,0.0,0.0,-11.16,,,,,,Master only (1),-11.2,,,,,,0.0,,,,0.0,0.0,,0.0
-11.15,11.15,2.10701,1.00469056e+06,30.0,0.0,0.0,0.0,0.0,0.0,0.0,0.0,0.0,3.0,,29.749086,,,,,,,,,0.0,0.0,0.0,0.0,-11.15,,,,,,Master only (1),-11.1,,,,,,0.0,,,,0.0,0.0,,0.0
-11.14,11.14,2.10701,1.00469056e+06,30.0,0.0,0.0,0.0,0.0,0.0,0.0,0.0,0.0,3.0,,29.758192,,,,,,,,,0.0,0.0,0.0,0.0,-11.14,,,,,,Master only (1),-11.1,,,,,,0.0,,,,0.0,0.0,,0.0
-11.13,11.13,2.10701,1.00469056e+06,30.0,0.0,0.0,0.0,0.0,0.0,0.0,0.0,0.0,3.0,,29.767323,,,,,,,,,0.0,0.0,0.0,0.0,-11.13,,,,,,Master only (1),-11.1,,,,,,0.0,,,,0.0,0.0,,0.0
-11.12,11.12,2.10701,1.00469056e+06,30.0,0.0,0.0,0.0,0.0,0.0,0.0,0.0,0.0,3.0,,29.776438,,,,,,,,,0.0,0.0,0.0,0.0,-11.12,,,,,,Master only (1),-11.1,,,,,,0.0,,,,0.0,0.0,,0.0
-11.11,11.11,2.10701,1.00469056e+06,30.0,0.0,0.0,0.0,0.0,0.0,0.0,0.0,0.0,3.0,,29.785564,,,,,,,,,0.0,0.0,0.0,0.0,-11.11,,,,,,Master only (1),-11.1,,,,,,0.0,,,,0.0,0.0,,0.0
-11.1,11.1,2.10701,1.00469056e+06,30.0,0.0,0.0,0.0,0.0,0.0,0.0,0.0,0.0,3.0,,29.79469,,,,,,,,,0.0,0.0,0.0,0.0,-11.1,,,,,,Master only (1),-11.1,,,,,,0.0,,,,0.0,0.0,,0.0
-11.09,11.09,2.10701,1.00469056e+06,30.0,0.0,0.0,0.0,0.0,0.0,0.0,0.0,0.0,3.0,,29.80382,,,,,,,,,0.0,0.0,0.0,0.0,-11.09,,,,,,Master only (1),-11.1,,,,,,0.0,,,,0.0,0.0,,0.0
-11.08,11.08,2.10701,1.00469056e+06,30.0,0.0,0.0,0.0,0.0,0.0,0.0,0.0,0.0,3.0,,29.812946,,,,,,,,,0.0,0.0,0.0,0.0,-11.08,,,,,,Master only (1),-11.1,,,,,,0.0,,,,0.0,0.0,,0.0
-11.07,11.07,2.10701,1.00469056e+06,30.0,0.0,0.0,0.0,0.0,0.0,0.0,0.0,0.0,3.0,,29.822084,,,,,,,,,0.0,0.0,0.0,0.0,-11.07,,,,,,Master only (1),-11.1,,,,,,0.0,,,,0.0,0.0,,0.0
-11.06,11.06,2.10701,1.00469056e+06,30.0,0.0,0.0,0.0,0.0,0.0,0.0,0.0,0.0,3.0,,29.831226,,,,,,,,,0.0,0.0,0.0,0.0,-11.06,,,,,,Master only (1),-11.1,,,,,,0.0,,,,0.0,0.0,,0.0
-11.05,11.05,2.10701,1.00469056e+06,30.0,0.0,0.0,0.0,0.0,0.0,0.0,0.0,0.0,3.0,,29.840357,,,,,,,,,0.0,0.0,0.0,0.0,-11.05,,,,,,Master only (1),-11.1,,,,,,0.0,,,,0.0,0.0,,0.0
-11.04,11.04,2.10701,1.00469056e+06,30.0,0.0,0.0,0.0,0.0,0.0,0.0,0.0,0.0,3.0,,29.849506,,,,,,,,,0.0,0.0,0.0,0.0,-11.04,,,,,,Master only (1),-11.0,,,,,,0.0,,,,0.0,0.0,,0.0
-11.03,11.03,2.10701,1.00469056e+06,30.0,0.0,0.0,0.0,0.0,0.0,0.0,0.0,0.0,3.0,,29.85865,,,,,,,,,0.0,0.0,0.0,0.0,-11.03,,,,,,Master only (1),-11.0,,,,,,0.0,,,,0.0,0.0,,0.0
-11.02,11.02,2.10701,1.00469056e+06,30.0,0.0,0.0,0.0,0.0,0.0,0.0,0.0,0.0,3.0,,29.867804,,,,,,,,,0.0,0.0,0.0,0.0,-11.02,,,,,,Master only (1),-11.0,,,,,,0.0,,,,0.0,0.0,,0.0
-11.01,11.01,2.10701,1.00469056e+06,30.0,0.0,0.0,0.0,0.0,0.0,0.0,0.0,0.0,3.0,,29.876957,,,,,,,,,0.0,0.0,0.0,0.0,-11.01,,,,,,Master only (1),-11.0,,,,,,0.0,,,,0.0,0.0,,0.0
-11.0,11.0,2.10701,1.00469056e+06,30.0,0.0,0.0,0.0,0.0,0.0,0.0,0.0,0.0,3.0,,29.886112,,,,,,,,,0.0,0.0,0.0,0.0,-11.0,,,,,,Master only (1),-11.0,,,,,,0.0,,,,0.0,0.0,,0.0
-10.99,10.99,2.10701,1.00469056e+06,30.0,0.0,0.0,0.0,0.0,0.0,0.0,0.0,0.0,3.0,,29.89527,,,,,,,,,0.0,0.0,0.0,0.0,-10.99,,,,,,Master only (1),-11.0,,,,,,0.0,,,,0.0,0.0,,0.0
-10.98,10.98,2.10701,1.00469056e+06,30.0,0.0,0.0,0.0,0.0,0.0,0.0,0.0,0.0,3.0,,29.904432,,,,,,,,,0.0,0.0,0.0,0.0,-10.98,,,,,,Master only (1),-11.0,,,,,,0.0,,,,0.0,0.0,,0.0
-10.97,10.97,2.10701,1.00469056e+06,30.0,0.0,0.0,0.0,0.0,0.0,0.0,0.0,0.0,3.0,,29.913593,,,,,,,,,0.0,0.0,0.0,0.0,-10.97,,,,,,Master only (1),-11.0,,,,,,0.0,,,,0.0,0.0,,0.0
-10.96,10.96,2.10701,1.00469056e+06,30.0,0.0,0.0,0.0,0.0,0.0,0.0,0.0,0.0,3.0,,29.92276,,,,,,,,,0.0,0.0,0.0,0.0,-10.96,,,,,,Master only (1),-11.0,,,,,,0.0,,,,0.0,0.0,,0.0
-10.95,10.95,2.10701,1.00469056e+06,30.0,0.0,9.490638,0.0,1.077436,0.0,1.0200322,0.0,73.680176,2.0,,21.630886,,21.630886,21.630886,,12.65516,,0.056608006,382.11707,1.0,0.0,0.0,2001.0,-10.95,,26.0,2.8030849,4.048376,2.0794415,Matched (3),-10.9,,26.0,21.637022,21.637022,,73.680176,4.2997336,-1.5050173,-0.34877545,237.97353,0.0,0.0,1.0
-10.94,10.94,2.10701,1.00469056e+06,30.0,0.0,9.490768,0.0,1.0773872,0.0,1.0200369,0.0,73.68346,2.0,,21.631506,,21.631506,21.631506,,12.65536,,0.05660711,382.1341,1.0,0.0,0.0,2001.0,-10.94,,26.0,,,,Master only (1),-10.9,,26.0,21.637022,21.637022,,73.68346,4.2997785,-1.5050173,-0.34877545,237.97353,0.0,0.0,1.0
-10.93,10.93,2.10701,1.00469056e+06,30.0,0.0,9.490906,0.0,1.0773386,0.0,1.020042,0.0,73.6869,2.0,,21.632158,,21.632158,21.632158,,12.65557,,0.05660617,382.15195,1.0,0.0,0.0,2001.0,-10.93,,26.0,,,,Master only (1),-10.9,,26.0,21.637022,21.637022,,73.6869,4.299825,-1.5050173,-0.34877545,237.97353,0.0,0.0,1.0
-10.92,10.92,2.10701,1.00469056e+06,30.0,0.0,9.49102,0.0,1.0772891,0.0,1.0200461,0.0,73.689766,2.0,,21.632702,,21.632702,21.632702,,12.655745,,0.05660539,382.1668,1.0,0.0,0.0,2001.0,-10.92,,26.0,,,,Master only (1),-10.9,,26.0,21.637022,21.637022,,73.689766,4.299864,-1.5050173,-0.34877545,237.97353,0.0,0.0,1.0
-10.91,10.91,2.10701,1.00469056e+06,30.0,0.0,9.49115,0.0,1.0772403,0.0,1.0200509,0.0,73.693016,2.0,,21.633318,,21.633318,21.633318,,12.655943,,0.056604505,382.1837,1.0,0.0,0.0,2001.0,-10.91,,26.0,,,,Master only (1),-10.9,,26.0,21.637022,21.637022,,73.693016,4.299908,-1.5050173,-0.34877545,237.97353,0.0,0.0,1.0
-10.9,10.9,2.10701,1.00469056e+06,30.0,0.0,9.491284,0.0,1.0771916,0.0,1.0200558,0.0,73.69639,2.0,,21.633955,,21.633955,21.633955,,12.656148,,0.056603584,382.20114,1.0,0.0,0.0,2001.0,-10.9,,26.0,,,,Master only (1),-10.9,,26.0,21.637022,21.637022,,73.69639,4.299954,-1.5050173,-0.34877545,237.97353,0.0,0.0,1.0
-10.89,10.89,2.10701,1.00469056e+06,30.0,0.0,9.491411,0.0,1.0771427,0.0,1.0200604,0.0,73.69957,2.0,,21.634558,,21.634558,21.634558,,12.656342,,0.05660272,382.21762,1.0,0.0,0.0,2001.0,-10.89,,26.0,,,,Master only (1),-10.9,,26.0,21.637022,21.637022,,73.69957,4.299997,-1.5050173,-0.34877545,237.97353,0.0,0.0,1.0
-10.88,10.88,2.10701,1.00469056e+06,30.0,0.0,9.491542,0.0,1.0770938,0.0,1.0200652,0.0,73.70284,2.0,,21.63518,,21.63518,21.63518,,12.656542,,0.056601826,382.23465,1.0,0.0,0.0,2001.0,-10.88,,26.0,,,,Master only (1),-10.9,,26.0,21.637022,21.637022,,73.70284,4.300041,-1.5050173,-0.34877545,237.97353,0.0,0.0,1.0
-10.87,10.87,2.10701,1.00469056e+06,30.0,0.0,9.491669,0.0,1.0770448,0.0,1.0200698,0.0,73.706024,2.0,,21.63578,,21.63578,21.63578,,12.656735,,0.056600958,382.25113,1.0,0.0,0.0,2001.0,-10.87,,26.0,,,,Master only (1),-10.9,,26.0,21.637022,21.637022,,73.706024,4.3000846,-1.5050173,-0.34877545,237.97353,0.0,0.0,1.0
-10.86,10.86,2.10701,1.00469056e+06,30.0,0.0,9.491813,0.0,1.0769966,0.0,1.0200751,0.0,73.70963,2.0,,21.636465,,21.636465,21.636465,,12.656956,,0.056599975,382.26987,1.0,0.0,0.0,2001.0,-10.86,,26.0,,,,Master only (1),-10.9,,26.0,21.637022,21.637022,,73.70963,4.3001337,-1.5050173,-0.34877545,237.97353,0.0,0.0,1.0
-10.85,10.85,2.10701,1.00469056e+06,30.0,0.0,9.49193,0.0,1.0769473,0.0,1.0200794,0.0,73.71258,2.0,,21.637022,,21.637022,21.637022,,12.657135,,0.056599174,382.28513,1.0,0.0,0.0,2001.0,-10.85,,26.0,,,,Master only (1),-10.9,,26.0,21.637022,21.637022,,73.71258,4.3001733,-1.5050173,-0.34877545,237.97353,0.0,0.0,1.0
-10.84,10.84,2.10701,1.00469056e+06,30.0,0.0,0.0,0.0,0.0,0.0,0.0,0.0,0.0,3.0,,30.032969,,,,,,,,,0.0,0.0,0.0,0.0,-10.84,,,,,,Master only (1),-10.8,,,,,,0.0,,,,0.0,0.0,,0.0
-10.83,10.83,2.10701,1.00469056e+06,30.0,0.0,0.0,0.0,0.0,0.0,0.0,0.0,0.0,3.0,,30.042171,,,,,,,,,0.0,0.0,0.0,0.0,-10.83,,,,,,Master only (1),-10.8,,,,,,0.0,,,,0.0,0.0,,0.0
-10.82,10.82,2.10701,1.00469056e+06,30.0,0.0,0.0,0.0,0.0,0.0,0.0,0.0,0.0,3.0,,30.051382,,,,,,,,,0.0,0.0,0.0,0.0,-10.82,,,,,,Master only (1),-10.8,,,,,,0.0,,,,0.0,0.0,,0.0
-10.81,10.81,2.10701,1.00469056e+06,30.0,0.0,0.0,0.0,0.0,0.0,0.0,0.0,0.0,3.0,,30.060583,,,,,,,,,0.0,0.0,0.0,0.0,-10.81,,,,,,Master only (1),-10.8,,,,,,0.0,,,,0.0,0.0,,0.0
-10.8,10.8,2.10701,1.00469056e+06,30.0,0.0,0.0,0.0,0.0,0.0,0.0,0.0,0.0,3.0,,30.069796,,,,,,,,,0.0,0.0,0.0,0.0,-10.8,,,,,,Master only (1),-10.8,,,,,,0.0,,,,0.0,0.0,,0.0
-10.79,10.79,2.10701,1.00469056e+06,30.0,0.0,0.0,0.0,0.0,0.0,0.0,0.0,0.0,3.0,,30.07901,,,,,,,,,0.0,0.0,0.0,0.0,-10.79,,,,,,Master only (1),-10.8,,,,,,0.0,,,,0.0,0.0,,0.0
-10.78,10.78,2.10701,1.00469056e+06,30.0,0.0,0.0,0.0,0.0,0.0,0.0,0.0,0.0,3.0,,30.088232,,,,,,,,,0.0,0.0,0.0,0.0,-10.78,,,,,,Master only (1),-10.8,,,,,,0.0,,,,0.0,0.0,,0.0
-10.77,10.77,2.10701,1.00469056e+06,30.0,0.0,0.0,0.0,0.0,0.0,0.0,0.0,0.0,3.0,,30.09745,,,,,,,,,0.0,0.0,0.0,0.0,-10.77,,,,,,Master only (1),-10.8,,,,,,0.0,,,,0.0,0.0,,0.0
-10.76,10.76,2.10701,1.00469056e+06,30.0,0.0,0.0,0.0,0.0,0.0,0.0,0.0,0.0,3.0,,30.106665,,,,,,,,,0.0,0.0,0.0,0.0,-10.76,,,,,,Master only (1),-10.8,,,,,,0.0,,,,0.0,0.0,,0.0
-10.75,10.75,2.10701,1.00469056e+06,30.0,0.0,0.0,0.0,0.0,0.0,0.0,0.0,0.0,3.0,,30.11589,,,,,,,,,0.0,0.0,0.0,0.0,-10.75,,,,,,Master only (1),-10.7,,,,,,0.0,,,,0.0,0.0,,0.0
-10.74,10.74,2.10701,1.00469056e+06,30.0,0.0,0.0,0.0,0.0,0.0,0.0,0.0,0.0,3.0,,30.125118,,,,,,,,,0.0,0.0,0.0,0.0,-10.74,,,,,,Master only (1),-10.7,,,,,,0.0,,,,0.0,0.0,,0.0
-10.73,10.73,2.10701,1.00469056e+06,30.0,0.0,0.0,0.0,0.0,0.0,0.0,0.0,0.0,3.0,,30.134348,,,,,,,,,0.0,0.0,0.0,0.0,-10.73,,,,,,Master only (1),-10.7,,,,,,0.0,,,,0.0,0.0,,0.0
-10.72,10.72,2.10701,1.00469056e+06,30.0,0.0,0.0,0.0,0.0,0.0,0.0,0.0,0.0,3.0,,30.143585,,,,,,,,,0.0,0.0,0.0,0.0,-10.72,,,,,,Master only (1),-10.7,,,,,,0.0,,,,0.0,0.0,,0.0
-10.71,10.71,2.10701,1.00469056e+06,30.0,0.0,0.0,0.0,0.0,0.0,0.0,0.0,0.0,3.0,,30.152828,,,,,,,,,0.0,0.0,0.0,0.0,-10.71,,,,,,Master only (1),-10.7,,,,,,0.0,,,,0.0,0.0,,0.0
-10.7,10.7,2.10701,1.00469056e+06,30.0,0.0,0.0,0.0,0.0,0.0,0.0,0.0,0.0,3.0,,30.162067,,,,,,,,,0.0,0.0,0.0,0.0,-10.7,,,,,,Master only (1),-10.7,,,,,,0.0,,,,0.0,0.0,,0.0
-10.69,10.69,2.10701,1.00469056e+06,30.0,0.0,0.0,0.0,0.0,0.0,0.0,0.0,0.0,3.0,,30.17131,,,,,,,,,0.0,0.0,0.0,0.0,-10.69,,,,,,Master only (1),-10.7,,,,,,0.0,,,,0.0,0.0,,0.0
-10.68,10.68,2.10701,1.00469056e+06,30.0,0.0,0.0,0.0,0.0,0.0,0.0,0.0,0.0,3.0,,30.180552,,,,,,,,,0.0,0.0,0.0,0.0,-10.68,,,,,,Master only (1),-10.7,,,,,,0.0,,,,0.0,0.0,,0.0
-10.67,10.67,2.10701,1.00469056e+06,30.0,0.0,0.0,0.0,0.0,0.0,0.0,0.0,0.0,3.0,,30.189796,,,,,,,,,0.0,0.0,0.0,0.0,-10.67,,,,,,Master only (1),-10.7,,,,,,0.0,,,,0.0,0.0,,0.0
-10.66,10.66,2.10701,1.00469056e+06,30.0,0.0,0.0,0.0,0.0,0.0,0.0,0.0,0.0,3.0,,30.199053,,,,,,,,,0.0,0.0,0.0,0.0,-10.66,,,,,,Master only (1),-10.7,,,,,,0.0,,,,0.0,0.0,,0.0
-10.65,10.65,2.10701,1.00469056e+06,30.0,0.0,0.0,0.0,0.0,0.0,0.0,0.0,0.0,3.0,,30.208305,,,,,,,,,0.0,0.0,0.0,0.0,-10.65,,,,,,Master only (1),-10.6,,,,,,0.0,,,,0.0,0.0,,0.0
-10.64,10.64,2.10701,1.00469056e+06,30.0,0.0,0.0,0.0,0.0,0.0,0.0,0.0,0.0,3.0,,30.217554,,,,,,,,,0.0,0.0,0.0,0.0,-10.64,,,,,,Master only (1),-10.6,,,,,,0.0,,,,0.0,0.0,,0.0
-10.63,10.63,2.10701,1.00469056e+06,30.0,0.0,0.0,0.0,0.0,0.0,0.0,0.0,0.0,3.0,,30.226822,,,,,,,,,0.0,0.0,0.0,0.0,-10.63,,,,,,Master only (1),-10.6,,,,,,0.0,,,,0.0,0.0,,0.0
-10.62,10.62,2.10701,1.00469056e+06,30.0,0.0,0.0,0.0,0.0,0.0,0.0,0.0,0.0,3.0,,30.23608,,,,,,,,,0.0,0.0,0.0,0.0,-10.62,,,,,,Master only (1),-10.6,,,,,,0.0,,,,0.0,0.0,,0.0
-10.61,10.61,2.10701,1.00469056e+06,30.0,0.0,0.0,0.0,0.0,0.0,0.0,0.0,0.0,3.0,,30.24535,,,,,,,,,0.0,0.0,0.0,0.0,-10.61,,,,,,Master only (1),-10.6,,,,,,0.0,,,,0.0,0.0,,0.0
-10.6,10.6,2.10701,1.00469056e+06,30.0,0.0,0.0,0.0,0.0,0.0,0.0,0.0,0.0,3.0,,30.25461,,,,,,,,,0.0,0.0,0.0,0.0,-10.6,,,,,,Master only (1),-10.6,,,,,,0.0,,,,0.0,0.0,,0.0
-10.59,10.59,2.10701,1.00469056e+06,30.0,0.0,0.0,0.0,0.0,0.0,0.0,0.0,0.0,3.0,,30.263884,,,,,,,,,0.0,0.0,0.0,0.0,-10.59,,,,,,Master only (1),-10.6,,,,,,0.0,,,,0.0,0.0,,0.0
-10.58,10.58,2.10701,1.00469056e+06,30.0,0.0,0.0,0.0,0.0,0.0,0.0,0.0,0.0,3.0,,30.273165,,,,,,,,,0.0,0.0,0.0,0.0,-10.58,,,,,,Master only (1),-10.6,,,,,,0.0,,,,0.0,0.0,,0.0
-10.57,10.57,2.10701,1.00469056e+06,30.0,0.0,0.0,0.0,0.0,0.0,0.0,0.0,0.0,3.0,,30.282434,,,,,,,,,0.0,0.0,0.0,0.0,-10.57,,,,,,Master only (1),-10.6,,,,,,0.0,,,,0.0,0.0,,0.0
-10.56,10.56,2.10701,1.00469056e+06,30.0,0.0,0.0,0.0,0.0,0.0,0.0,0.0,0.0,3.0,,30.291718,,,,,,,,,0.0,0.0,0.0,0.0,-10.56,,,,,,Master only (1),-10.6,,,,,,0.0,,,,0.0,0.0,,0.0
-10.55,10.55,2.10701,1.00469056e+06,30.0,0.0,0.0,0.0,0.0,0.0,0.0,0.0,0.0,3.0,,30.301003,,,,,,,,,0.0,0.0,0.0,0.0,-10.55,,,,,,Master only (1),-10.6,,,,,,0.0,,,,0.0,0.0,,0.0
-10.54,10.54,2.10701,1.00469056e+06,30.0,0.0,0.0,0.0,0.0,0.0,0.0,0.0,0.0,3.0,,30.310278,,,,,,,,,0.0,0.0,0.0,0.0,-10.54,,,,,,Master only (1),-10.5,,,,,,0.0,,,,0.0,0.0,,0.0
-10.53,10.53,2.10701,1.00469056e+06,30.0,0.0,0.0,0.0,0.0,0.0,0.0,0.0,0.0,3.0,,30.319567,,,,,,,,,0.0,0.0,0.0,0.0,-10.53,,,,,,Master only (1),-10.5,,,,,,0.0,,,,0.0,0.0,,0.0
-10.52,10.52,2.10701,1.00469056e+06,30.0,0.0,0.0,0.0,0.0,0.0,0.0,0.0,0.0,3.0,,30.328856,,,,,,,,,0.0,0.0,0.0,0.0,-10.52,,,,,,Master only (1),-10.5,,,,,,0.0,,,,0.0,0.0,,0.0
-10.51,10.51,2.10701,1.00469056e+06,30.0,0.0,0.0,0.0,0.0,0.0,0.0,0.0,0.0,3.0,,30.338152,,,,,,,,,0.0,0.0,0.0,0.0,-10.51,,,,,,Master only (1),-10.5,,,,,,0.0,,,,0.0,0.0,,0.0
-10.5,10.5,2.10701,1.00469056e+06,30.0,0.0,0.0,0.0,0.0,0.0,0.0,0.0,0.0,3.0,,30.34745,,,,,,,,,0.0,0.0,0.0,0.0,-10.5,,,,,,Master only (1),-10.5,,,,,,0.0,,,,0.0,0.0,,0.0
-10.49,10.49,2.10701,1.00469056e+06,30.0,0.0,0.0,0.0,0.0,0.0,0.0,0.0,0.0,3.0,,30.35675,,,,,,,,,0.0,0.0,0.0,0.0,-10.49,,,,,,Master only (1),-10.5,,,,,,0.0,,,,0.0,0.0,,0.0
-10.48,10.48,2.10701,1.00469056e+06,30.0,0.0,0.0,0.0,0.0,0.0,0.0,0.0,0.0,3.0,,30.36605,,,,,,,,,0.0,0.0,0.0,0.0,-10.48,,,,,,Master only (1),-10.5,,,,,,0.0,,,,0.0,0.0,,0.0
-10.47,10.47,2.10701,1.00469056e+06,30.0,0.0,0.0,0.0,0.0,0.0,0.0,0.0,0.0,3.0,,30.375355,,,,,,,,,0.0,0.0,0.0,0.0,-10.47,,,,,,Master only (1),-10.5,,,,,,0.0,,,,0.0,0.0,,0.0
-10.46,10.46,2.10701,1.00469056e+06,30.0,0.0,0.0,0.0,0.0,0.0,0.0,0.0,0.0,3.0,,30.384659,,,,,,,,,0.0,0.0,0.0,0.0,-10.46,,,,,,Master only (1),-10.5,,,,,,0.0,,,,0.0,0.0,,0.0
-10.45,10.45,2.10701,1.00469056e+06,30.0,0.0,0.0,0.0,0.0,0.0,0.0,0.0,0.0,3.0,,30.39397,,,,,,,,,0.0,0.0,0.0,0.0,-10.45,,,,,,Master only (1),-10.4,,,,,,0.0,,,,0.0,0.0,,0.0
-10.44,10.44,2.10701,1.00469056e+06,30.0,0.0,0.0,0.0,0.0,0.0,0.0,0.0,0.0,3.0,,30.403282,,,,,,,,,0.0,0.0,0.0,0.0,-10.44,,,,,,Master only (1),-10.4,,,,,,0.0,,,,0.0,0.0,,0.0
-10.43,10.43,2.10701,1.00469056e+06,30.0,0.0,0.0,0.0,0.0,0.0,0.0,0.0,0.0,3.0,,30.41261,,,,,,,,,0.0,0.0,0.0,0.0,-10.43,,,,,,Master only (1),-10.4,,,,,,0.0,,,,0.0,0.0,,0.0
-10.42,10.42,2.10701,1.00469056e+06,30.0,0.0,0.0,0.0,0.0,0.0,0.0,0.0,0.0,3.0,,30.421925,,,,,,,,,0.0,0.0,0.0,0.0,-10.42,,,,,,Master only (1),-10.4,,,,,,0.0,,,,0.0,0.0,,0.0
-10.41,10.41,2.10701,1.00469056e+06,30.0,0.0,0.0,0.0,0.0,0.0,0.0,0.0,0.0,3.0,,30.431242,,,,,,,,,0.0,0.0,0.0,0.0,-10.41,,,,,,Master only (1),-10.4,,,,,,0.0,,,,0.0,0.0,,0.0
-10.4,10.4,2.10701,1.00469056e+06,30.0,0.0,0.0,0.0,0.0,0.0,0.0,0.0,0.0,3.0,,30.440561,,,,,,,,,0.0,0.0,0.0,0.0,-10.4,,,,,,Master only (1),-10.4,,,,,,0.0,,,,0.0,0.0,,0.0
-10.39,10.39,2.10701,1.00469056e+06,30.0,0.0,0.0,0.0,0.0,0.0,0.0,0.0,0.0,3.0,,30.4499,,,,,,,,,0.0,0.0,0.0,0.0,-10.39,,,,,,Master only (1),-10.4,,,,,,0.0,,,,0.0,0.0,,0.0
-10.38,10.38,2.10701,1.00469056e+06,30.0,0.0,0.0,0.0,0.0,0.0,0.0,0.0,0.0,3.0,,30.45922,,,,,,,,,0.0,0.0,0.0,0.0,-10.38,,,,,,Master only (1),-10.4,,,,,,0.0,,,,0.0,0.0,,0.0
-10.37,10.37,2.10701,1.00469056e+06,30.0,0.0,0.0,0.0,0.0,0.0,0.0,0.0,0.0,3.0,,30.468561,,,,,,,,,0.0,0.0,0.0,0.0,-10.37,,,,,,Master only (1),-10.4,,,,,,0.0,,,,0.0,0.0,,0.0
-10.36,10.36,2.10701,1.00469056e+06,30.0,0.0,0.0,0.0,0.0,0.0,0.0,0.0,0.0,3.0,,30.477892,,,,,,,,,0.0,0.0,0.0,0.0,-10.36,,,,,,Master only (1),-10.4,,,,,,0.0,,,,0.0,0.0,,0.0
-10.35,10.35,2.10701,1.00469056e+06,30.0,0.0,0.0,0.0,0.0,0.0,0.0,0.0,0.0,3.0,,30.487236,,,,,,,,,0.0,0.0,0.0,0.0,-10.35,,,,,,Master only (1),-10.4,,,,,,0.0,,,,0.0,0.0,,0.0
-10.34,10.34,2.10701,1.00469056e+06,30.0,0.0,0.0,0.0,0.0,0.0,0.0,0.0,0.0,3.0,,30.49657,,,,,,,,,0.0,0.0,0.0,0.0,-10.34,,,,,,Master only (1),-10.3,,,,,,0.0,,,,0.0,0.0,,0.0
-10.33,10.33,2.10701,1.00469056e+06,30.0,0.0,0.0,0.0,0.0,0.0,0.0,0.0,0.0,3.0,,30.505922,,,,,,,,,0.0,0.0,0.0,0.0,-10.33,,,,,,Master only (1),-10.3,,,,,,0.0,,,,0.0,0.0,,0.0
-10.32,10.32,2.10701,1.00469056e+06,30.0,0.0,0.0,0.0,0.0,0.0,0.0,0.0,0.0,3.0,,30.51527,,,,,,,,,0.0,0.0,0.0,0.0,-10.32,,,,,,Master only (1),-10.3,,,,,,0.0,,,,0.0,0.0,,0.0
-10.31,10.31,2.10701,1.00469056e+06,30.0,0.0,0.0,0.0,0.0,0.0,0.0,0.0,0.0,3.0,,30.524614,,,,,,,,,0.0,0.0,0.0,0.0,-10.31,,,,,,Master only (1),-10.3,,,,,,0.0,,,,0.0,0.0,,0.0
-10.3,10.3,2.10701,1.00469056e+06,30.0,0.0,0.0,0.0,0.0,0.0,0.0,0.0,0.0,3.0,,30.533972,,,,,,,,,0.0,0.0,0.0,0.0,-10.3,,,,,,Master only (1),-10.3,,,,,,0.0,,,,0.0,0.0,,0.0
-10.29,10.29,2.10701,1.00469056e+06,30.0,0.0,0.0,0.0,0.0,0.0,0.0,0.0,0.0,3.0,,30.543331,,,,,,,,,0.0,0.0,0.0,0.0,-10.29,,,,,,Master only (1),-10.3,,,,,,0.0,,,,0.0,0.0,,0.0
-10.28,10.28,2.10701,1.00469056e+06,30.0,0.0,0.0,0.0,0.0,0.0,0.0,0.0,0.0,3.0,,30.55269,,,,,,,,,0.0,0.0,0.0,0.0,-10.28,,,,,,Master only (1),-10.3,,,,,,0.0,,,,0.0,0.0,,0.0
-10.27,10.27,2.10701,1.00469056e+06,30.0,0.0,0.0,0.0,0.0,0.0,0.0,0.0,0.0,3.0,,30.562046,,,,,,,,,0.0,0.0,0.0,0.0,-10.27,,,,,,Master only (1),-10.3,,,,,,0.0,,,,0.0,0.0,,0.0
-10.26,10.26,2.10701,1.00469056e+06,30.0,0.0,0.0,0.0,0.0,0.0,0.0,0.0,0.0,3.0,,30.57141,,,,,,,,,0.0,0.0,0.0,0.0,-10.26,,,,,,Master only (1),-10.3,,,,,,0.0,,,,0.0,0.0,,0.0
-10.25,10.25,2.10701,1.00469056e+06,30.0,0.0,0.0,0.0,0.0,0.0,0.0,0.0,0.0,3.0,,30.58078,,,,,,,,,0.0,0.0,0.0,0.0,-10.25,,,,,,Master only (1),-10.2,,,,,,0.0,,,,0.0,0.0,,0.0
-10.24,10.24,2.10701,1.00469056e+06,30.0,0.0,0.0,0.0,0.0,0.0,0.0,0.0,0.0,3.0,,30.59015,,,,,,,,,0.0,0.0,0.0,0.0,-10.24,,,,,,Master only (1),-10.2,,,,,,0.0,,,,0.0,0.0,,0.0
-10.23,10.23,2.10701,1.00469056e+06,30.0,0.0,0.0,0.0,0.0,0.0,0.0,0.0,0.0,3.0,,30.599525,,,,,,,,,0.0,0.0,0.0,0.0,-10.23,,,,,,Master only (1),-10.2,,,,,,0.0,,,,0.0,0.0,,0.0
-10.22,10.22,2.10701,1.00469056e+06,30.0,0.0,0.0,0.0,0.0,0.0,0.0,0.0,0.0,3.0,,30.6089,,,,,,,,,0.0,0.0,0.0,0.0,-10.22,,,,,,Master only (1),-10.2,,,,,,0.0,,,,0.0,0.0,,0.0
-10.21,10.21,2.10701,1.00469056e+06,30.0,0.0,0.0,0.0,0.0,0.0,0.0,0.0,0.0,3.0,,30.618277,,,,,,,,,0.0,0.0,0.0,0.0,-10.21,,,,,,Master only (1),-10.2,,,,,,0.0,,,,0.0,0.0,,0.0
-10.2,10.2,2.10701,1.00469056e+06,30.0,0.0,0.0,0.0,0.0,0.0,0.0,0.0,0.0,3.0,,30.627672,,,,,,,,,0.0,0.0,0.0,0.0,-10.2,,,,,,Master only (1),-10.2,,,,,,0.0,,,,0.0,0.0,,0.0
-10.19,10.19,2.10701,1.00469056e+06,30.0,0.0,0.0,0.0,0.0,0.0,0.0,0.0,0.0,3.0,,30.63705,,,,,,,,,0.0,0.0,0.0,0.0,-10.19,,,,,,Master only (1),-10.2,,,,,,0.0,,,,0.0,0.0,,0.0
-10.18,10.18,2.10701,1.00469056e+06,30.0,0.0,0.0,0.0,0.0,0.0,0.0,0.0,0.0,3.0,,30.646437,,,,,,,,,0.0,0.0,0.0,0.0,-10.18,,,,,,Master only (1),-10.2,,,,,,0.0,,,,0.0,0.0,,0.0
-10.17,10.17,2.10701,1.00469056e+06,30.0,0.0,0.0,0.0,0.0,0.0,0.0,0.0,0.0,3.0,,30.655825,,,,,,,,,0.0,0.0,0.0,0.0,-10.17,,,,,,Master only (1),-10.2,,,,,,0.0,,,,0.0,0.0,,0.0
-10.16,10.16,2.10701,1.00469056e+06,30.0,0.0,0.0,0.0,0.0,0.0,0.0,0.0,0.0,3.0,,30.665215,,,,,,,,,0.0,0.0,0.0,0.0,-10.16,,,,,,Master only (1),-10.2,,,,,,0.0,,,,0.0,0.0,,0.0
-10.15,10.15,2.10701,1.00469056e+06,30.0,0.0,0.0,0.0,0.0,0.0,0.0,0.0,0.0,3.0,,30.674618,,,,,,,,,0.0,0.0,0.0,0.0,-10.15,,,,,,Master only (1),-10.1,,,,,,0.0,,,,0.0,0.0,,0.0
-10.14,10.14,2.10701,1.00469056e+06,30.0,0.0,0.0,0.0,0.0,0.0,0.0,0.0,0.0,3.0,,30.684017,,,,,,,,,0.0,0.0,0.0,0.0,-10.14,,,,,,Master only (1),-10.1,,,,,,0.0,,,,0.0,0.0,,0.0
-10.13,10.13,2.10701,1.00469056e+06,30.0,0.0,0.0,0.0,0.0,0.0,0.0,0.0,0.0,3.0,,30.693422,,,,,,,,,0.0,0.0,0.0,0.0,-10.13,,,,,,Master only (1),-10.1,,,,,,0.0,,,,0.0,0.0,,0.0
-10.12,10.12,2.10701,1.00469056e+06,30.0,0.0,0.0,0.0,0.0,0.0,0.0,0.0,0.0,3.0,,30.702824,,,,,,,,,0.0,0.0,0.0,0.0,-10.12,,,,,,Master only (1),-10.1,,,,,,0.0,,,,0.0,0.0,,0.0
-10.11,10.11,2.10701,1.00469056e+06,30.0,0.0,0.0,0.0,0.0,0.0,0.0,0.0,0.0,3.0,,30.712238,,,,,,,,,0.0,0.0,0.0,0.0,-10.11,,,,,,Master only (1),-10.1,,,,,,0.0,,,,0.0,0.0,,0.0
-10.1,10.1,2.10701,1.00469056e+06,30.0,0.0,0.0,0.0,0.0,0.0,0.0,0.0,0.0,3.0,,30.721643,,,,,,,,,0.0,0.0,0.0,0.0,-10.1,,,,,,Master only (1),-10.1,,,,,,0.0,,,,0.0,0.0,,0.0
-10.09,10.09,2.10701,1.00469056e+06,30.0,0.0,0.0,0.0,0.0,0.0,0.0,0.0,0.0,3.0,,30.73106,,,,,,,,,0.0,0.0,0.0,0.0,-10.09,,,,,,Master only (1),-10.1,,,,,,0.0,,,,0.0,0.0,,0.0
-10.08,10.08,2.10701,1.00469056e+06,30.0,0.0,0.0,0.0,0.0,0.0,0.0,0.0,0.0,3.0,,30.740469,,,,,,,,,0.0,0.0,0.0,0.0,-10.08,,,,,,Master only (1),-10.1,,,,,,0.0,,,,0.0,0.0,,0.0
-10.07,10.07,2.10701,1.00469056e+06,30.0,0.0,0.0,0.0,0.0,0.0,0.0,0.0,0.0,3.0,,30.749895,,,,,,,,,0.0,0.0,0.0,0.0,-10.07,,,,,,Master only (1),-10.1,,,,,,0.0,,,,0.0,0.0,,0.0
-10.06,10.06,2.10701,1.00469056e+06,30.0,0.0,0.0,0.0,0.0,0.0,0.0,0.0,0.0,3.0,,30.759317,,,,,,,,,0.0,0.0,0.0,0.0,-10.06,,,,,,Master only (1),-10.1,,,,,,0.0,,,,0.0,0.0,,0.0
-10.05,10.05,2.10701,1.00469056e+06,30.0,0.0,0.0,0.0,0.0,0.0,0.0,0.0,0.0,3.0,,30.768736,,,,,,,,,0.0,0.0,0.0,0.0,-10.05,,,,,,Master only (1),-10.1,,,,,,0.0,,,,0.0,0.0,,0.0
-10.04,10.04,2.10701,1.00469056e+06,30.0,0.0,0.0,0.0,0.0,0.0,0.0,0.0,0.0,3.0,,30.778166,,,,,,,,,0.0,0.0,0.0,0.0,-10.04,,,,,,Master only (1),-10.0,,,,,,0.0,,,,0.0,0.0,,0.0
-10.03,10.03,2.10701,1.00469056e+06,30.0,0.0,0.0,0.0,0.0,0.0,0.0,0.0,0.0,3.0,,30.7876,,,,,,,,,0.0,0.0,0.0,0.0,-10.03,,,,,,Master only (1),-10.0,,,,,,0.0,,,,0.0,0.0,,0.0
-10.02,10.02,2.10701,1.00469056e+06,30.0,0.0,0.0,0.0,0.0,0.0,0.0,0.0,0.0,3.0,,30.797033,,,,,,,,,0.0,0.0,0.0,0.0,-10.02,,,,,,Master only (1),-10.0,,,,,,0.0,,,,0.0,0.0,,0.0
-10.01,10.01,2.10701,1.00469056e+06,30.0,0.0,0.0,0.0,0.0,0.0,0.0,0.0,0.0,3.0,,30.806475,,,,,,,,,0.0,0.0,0.0,0.0,-10.01,,,,,,Master only (1),-10.0,,,,,,0.0,,,,0.0,0.0,,0.0
-10.0,10.0,2.10701,1.00469056e+06,30.0,0.0,0.0,0.0,0.0,0.0,0.0,0.0,0.0,3.0,,30.815912,,,,,,,,,0.0,0.0,0.0,0.0,-10.0,,,,,,Master only (1),-10.0,,,,,,0.0,,,,0.0,0.0,,0.0
-9.99,9.99,2.10701,1.00469056e+06,30.0,0.0,0.0,0.0,0.0,0.0,0.0,0.0,0.0,3.0,,30.825356,,,,,,,,,0.0,0.0,0.0,0.0,-9.99,,,,,,Master only (1),-10.0,,,,,,0.0,,,,0.0,0.0,,0.0
-9.98,9.98,2.10701,1.00469056e+06,30.0,0.0,0.0,0.0,0.0,0.0,0.0,0.0,0.0,3.0,,30.834803,,,,,,,,,0.0,0.0,0.0,0.0,-9.98,,,,,,Master only (1),-10.0,,,,,,0.0,,,,0.0,0.0,,0.0
-9.97,9.97,2.10701,1.00469056e+06,30.0,0.0,0.0,0.0,0.0,0.0,0.0,0.0,0.0,3.0,,30.84425,,,,,,,,,0.0,0.0,0.0,0.0,-9.97,,,,,,Master only (1),-10.0,,,,,,0.0,,,,0.0,0.0,,0.0
-9.96,9.96,2.10701,1.00469056e+06,30.0,0.0,0.0,0.0,0.0,0.0,0.0,0.0,0.0,3.0,,30.853699,,,,,,,,,0.0,0.0,0.0,0.0,-9.96,,,,,,Master only (1),-10.0,,,,,,0.0,,,,0.0,0.0,,0.0
-9.95,9.95,2.10701,1.00469056e+06,30.0,0.0,0.0,0.0,0.0,0.0,0.0,0.0,0.0,3.0,,30.863155,,,,,,,,,0.0,0.0,0.0,0.0,-9.95,,,,,,Master only (1),-9.9,,,,,,0.0,,,,0.0,0.0,,0.0
-9.94,9.94,2.10701,1.00469056e+06,30.0,0.0,0.0,0.0,0.0,0.0,0.0,0.0,0.0,3.0,,30.872606,,,,,,,,,0.0,0.0,0.0,0.0,-9.94,,,,,,Master only (1),-9.9,,,,,,0.0,,,,0.0,0.0,,0.0
-9.93,9.93,2.10701,1.00469056e+06,30.0,0.0,0.0,0.0,0.0,0.0,0.0,0.0,0.0,3.0,,30.882067,,,,,,,,,0.0,0.0,0.0,0.0,-9.93,,,,,,Master only (1),-9.9,,,,,,0.0,,,,0.0,0.0,,0.0
-9.92,9.92,2.10701,1.00469056e+06,30.0,0.0,0.0,0.0,0.0,0.0,0.0,0.0,0.0,3.0,,30.891527,,,,,,,,,0.0,0.0,0.0,0.0,-9.92,,,,,,Master only (1),-9.9,,,,,,0.0,,,,0.0,0.0,,0.0
-9.91,9.91,2.10701,1.00469056e+06,30.0,0.0,0.0,0.0,0.0,0.0,0.0,0.0,0.0,3.0,,30.901001,,,,,,,,,0.0,0.0,0.0,0.0,-9.91,,,,,,Master only (1),-9.9,,,,,,0.0,,,,0.0,0.0,,0.0
-9.9,9.9,2.10701,1.00469056e+06,30.0,0.0,0.0,0.0,0.0,0.0,0.0,0.0,0.0,3.0,,30.910465,,,,,,,,,0.0,0.0,0.0,0.0,-9.9,,,,,,Master only (1),-9.9,,,,,,0.0,,,,0.0,0.0,,0.0
-9.89,9.89,2.10701,1.00469056e+06,30.0,0.0,0.0,0.0,0.0,0.0,0.0,0.0,0.0,3.0,,30.91993,,,,,,,,,0.0,0.0,0.0,0.0,-9.89,,,,,,Master only (1),-9.9,,,,,,0.0,,,,0.0,0.0,,0.0
-9.88,9.88,2.10701,1.00469056e+06,30.0,0.0,0.0,0.0,0.0,0.0,0.0,0.0,0.0,3.0,,30.929415,,,,,,,,,0.0,0.0,0.0,0.0,-9.88,,,,,,Master only (1),-9.9,,,,,,0.0,,,,0.0,0.0,,0.0
-9.87,9.87,2.10701,1.00469056e+06,30.0,0.0,0.0,0.0,0.0,0.0,0.0,0.0,0.0,3.0,,30.938883,,,,,,,,,0.0,0.0,0.0,0.0,-9.87,,,,,,Master only (1),-9.9,,,,,,0.0,,,,0.0,0.0,,0.0
-9.86,9.86,2.10701,1.00469056e+06,30.0,0.0,0.0,0.0,0.0,0.0,0.0,0.0,0.0,3.0,,30.94837,,,,,,,,,0.0,0.0,0.0,0.0,-9.86,,,,,,Master only (1),-9.9,,,,,,0.0,,,,0.0,0.0,,0.0
-9.85,9.85,2.10701,1.00469056e+06,30.0,0.0,0.0,0.0,0.0,0.0,0.0,0.0,0.0,3.0,,30.957848,,,,,,,,,0.0,0.0,0.0,0.0,-9.85,,,,,,Master only (1),-9.9,,,,,,0.0,,,,0.0,0.0,,0.0
-9.84,9.84,2.10701,1.00469056e+06,30.0,0.0,0.0,0.0,0.0,0.0,0.0,0.0,0.0,3.0,,30.967339,,,,,,,,,0.0,0.0,0.0,0.0,-9.84,,,,,,Master only (1),-9.8,,,,,,0.0,,,,0.0,0.0,,0.0
-9.83,9.83,2.10701,1.00469056e+06,30.0,0.0,0.0,0.0,0.0,0.0,0.0,0.0,0.0,3.0,,30.976818,,,,,,,,,0.0,0.0,0.0,0.0,-9.83,,,,,,Master only (1),-9.8,,,,,,0.0,,,,0.0,0.0,,0.0
-9.82,9.82,2.10701,1.00469056e+06,30.0,0.0,0.0,0.0,0.0,0.0,0.0,0.0,0.0,3.0,,30.986319,,,,,,,,,0.0,0.0,0.0,0.0,-9.82,,,,,,Master only (1),-9.8,,,,,,0.0,,,,0.0,0.0,,0.0
-9.81,9.81,2.10701,1.00469056e+06,30.0,0.0,0.0,0.0,0.0,0.0,0.0,0.0,0.0,3.0,,30.99582,,,,,,,,,0.0,0.0,0.0,0.0,-9.81,,,,,,Master only (1),-9.8,,,,,,0.0,,,,0.0,0.0,,0.0
-9.8,9.8,2.10701,1.00469056e+06,30.0,0.0,0.0,0.0,0.0,0.0,0.0,0.0,0.0,3.0,,31.005304,,,,,,,,,0.0,0.0,0.0,0.0,-9.8,,,,,,Master only (1),-9.8,,,,,,0.0,,,,0.0,0.0,,0.0
-9.79,9.79,2.10701,1.00469056e+06,30.0,0.0,0.0,0.0,0.0,0.0,0.0,0.0,0.0,3.0,,31.014809,,,,,,,,,0.0,0.0,0.0,0.0,-9.79,,,,,,Master only (1),-9.8,,,,,,0.0,,,,0.0,0.0,,0.0
-9.78,9.78,2.10701,1.00469056e+06,30.0,0.0,0.0,0.0,0.0,0.0,0.0,0.0,0.0,3.0,,31.024313,,,,,,,,,0.0,0.0,0.0,0.0,-9.78,,,,,,Master only (1),-9.8,,,,,,0.0,,,,0.0,0.0,,0.0
-9.77,9.77,2.10701,1.00469056e+06,30.0,0.0,0.0,0.0,0.0,0.0,0.0,0.0,0.0,3.0,,31.033821,,,,,,,,,0.0,0.0,0.0,0.0,-9.77,,,,,,Master only (1),-9.8,,,,,,0.0,,,,0.0,0.0,,0.0
-9.76,9.76,2.10701,1.00469056e+06,30.0,0.0,0.0,0.0,0.0,0.0,0.0,0.0,0.0,3.0,,31.043335,,,,,,,,,0.0,0.0,0.0,0.0,-9.76,,,,,,Master only (1),-9.8,,,,,,0.0,,,,0.0,0.0,,0.0
-9.75,9.75,2.10701,1.00469056e+06,30.0,0.0,0.0,0.0,0.0,0.0,0.0,0.0,0.0,3.0,,31.052845,,,,,,,,,0.0,0.0,0.0,0.0,-9.75,,,,,,Master only (1),-9.7,,,,,,0.0,,,,0.0,0.0,,0.0
-9.74,9.74,2.10701,1.00469056e+06,30.0,0.0,0.0,0.0,0.0,0.0,0.0,0.0,0.0,3.0,,31.062363,,,,,,,,,0.0,0.0,0.0,0.0,-9.74,,,,,,Master only (1),-9.7,,,,,,0.0,,,,0.0,0.0,,0.0
-9.73,9.73,2.10701,1.00469056e+06,30.0,0.0,0.0,0.0,0.0,0.0,0.0,0.0,0.0,3.0,,31.071882,,,,,,,,,0.0,0.0,0.0,0.0,-9.73,,,,,,Master only (1),-9.7,,,,,,0.0,,,,0.0,0.0,,0.0
-9.72,9.72,2.10701,1.00469056e+06,30.0,0.0,0.0,0.0,0.0,0.0,0.0,0.0,0.0,3.0,,31.081402,,,,,,,,,0.0,0.0,0.0,0.0,-9.72,,,,,,Master only (1),-9.7,,,,,,0.0,,,,0.0,0.0,,0.0
-9.71,9.71,2.10701,1.00469056e+06,30.0,0.0,0.0,0.0,0.0,0.0,0.0,0.0,0.0,3.0,,31.090923,,,,,,,,,0.0,0.0,0.0,0.0,-9.71,,,,,,Master only (1),-9.7,,,,,,0.0,,,,0.0,0.0,,0.0
-9.7,9.7,2.10701,1.00469056e+06,30.0,0.0,0.0,0.0,0.0,0.0,0.0,0.0,0.0,3.0,,31.100447,,,,,,,,,0.0,0.0,0.0,0.0,-9.7,,,,,,Master only (1),-9.7,,,,,,0.0,,,,0.0,0.0,,0.0
-9.69,9.69,2.10701,1.00469056e+06,30.0,0.0,0.0,0.0,0.0,0.0,0.0,0.0,0.0,3.0,,31.109978,,,,,,,,,0.0,0.0,0.0,0.0,-9.69,,,,,,Master only (1),-9.7,,,,,,0.0,,,,0.0,0.0,,0.0
-9.68,9.68,2.10701,1.00469056e+06,30.0,0.0,0.0,0.0,0.0,0.0,0.0,0.0,0.0,3.0,,31.119505,,,,,,,,,0.0,0.0,0.0,0.0,-9.68,,,,,,Master only (1),-9.7,,,,,,0.0,,,,0.0,0.0,,0.0
-9.67,9.67,2.10701,1.00469056e+06,30.0,0.0,0.0,0.0,0.0,0.0,0.0,0.0,0.0,3.0,,31.129051,,,,,,,,,0.0,0.0,0.0,0.0,-9.67,,,,,,Master only (1),-9.7,,,,,,0.0,,,,0.0,0.0,,0.0
-9.66,9.66,2.10701,1.00469056e+06,30.0,0.0,0.0,0.0,0.0,0.0,0.0,0.0,0.0,3.0,,31.138586,,,,,,,,,0.0,0.0,0.0,0.0,-9.66,,,,,,Master only (1),-9.7,,,,,,0.0,,,,0.0,0.0,,0.0
-9.65,9.65,2.10701,1.00469056e+06,30.0,0.0,0.0,0.0,0.0,0.0,0.0,0.0,0.0,3.0,,31.148123,,,,,,,,,0.0,0.0,0.0,0.0,-9.65,,,,,,Master only (1),-9.6,,,,,,0.0,,,,0.0,0.0,,0.0
-9.64,9.64,2.10701,1.00469056e+06,30.0,0.0,0.0,0.0,0.0,0.0,0.0,0.0,0.0,3.0,,31.157673,,,,,,,,,0.0,0.0,0.0,0.0,-9.64,,,,,,Master only (1),-9.6,,,,,,0.0,,,,0.0,0.0,,0.0
-9.63,9.63,2.10701,1.00469056e+06,30.0,0.0,0.0,0.0,0.0,0.0,0.0,0.0,0.0,3.0,,31.16722,,,,,,,,,0.0,0.0,0.0,0.0,-9.63,,,,,,Master only (1),-9.6,,,,,,0.0,,,,0.0,0.0,,0.0
-9.62,9.62,2.10701,1.00469056e+06,30.0,0.0,0.0,0.0,0.0,0.0,0.0,0.0,0.0,3.0,,31.176762,,,,,,,,,0.0,0.0,0.0,0.0,-9.62,,,,,,Master only (1),-9.6,,,,,,0.0,,,,0.0,0.0,,0.0
-9.61,9.61,2.10701,1.00469056e+06,30.0,0.0,0.0,0.0,0.0,0.0,0.0,0.0,0.0,3.0,,31.186321,,,,,,,,,0.0,0.0,0.0,0.0,-9.61,,,,,,Master only (1),-9.6,,,,,,0.0,,,,0.0,0.0,,0.0
-9.6,9.6,2.10701,1.00469056e+06,30.0,0.0,0.0,0.0,0.0,0.0,0.0,0.0,0.0,3.0,,31.195873,,,,,,,,,0.0,0.0,0.0,0.0,-9.6,,,,,,Master only (1),-9.6,,,,,,0.0,,,,0.0,0.0,,0.0
-9.59,9.59,2.10701,1.00469056e+06,30.0,0.0,0.0,0.0,0.0,0.0,0.0,0.0,0.0,3.0,,31.205437,,,,,,,,,0.0,0.0,0.0,0.0,-9.59,,,,,,Master only (1),-9.6,,,,,,0.0,,,,0.0,0.0,,0.0
-9.58,9.58,2.10701,1.00469056e+06,30.0,0.0,0.0,0.0,0.0,0.0,0.0,0.0,0.0,3.0,,31.215002,,,,,,,,,0.0,0.0,0.0,0.0,-9.58,,,,,,Master only (1),-9.6,,,,,,0.0,,,,0.0,0.0,,0.0
-9.57,9.57,2.10701,1.00469056e+06,30.0,0.0,0.0,0.0,0.0,0.0,0.0,0.0,0.0,3.0,,31.224562,,,,,,,,,0.0,0.0,0.0,0.0,-9.57,,,,,,Master only (1),-9.6,,,,,,0.0,,,,0.0,0.0,,0.0
-9.56,9.56,2.10701,1.00469056e+06,30.0,0.0,0.0,0.0,0.0,0.0,0.0,0.0,0.0,3.0,,31.23413,,,,,,,,,0.0,0.0,0.0,0.0,-9.56,,,,,,Master only (1),-9.6,,,,,,0.0,,,,0.0,0.0,,0.0
-9.55,9.55,2.10701,1.00469056e+06,30.0,0.0,0.0,0.0,0.0,0.0,0.0,0.0,0.0,3.0,,31.243708,,,,,,,,,0.0,0.0,0.0,0.0,-9.55,,,,,,Master only (1),-9.6,,,,,,0.0,,,,0.0,0.0,,0.0
-9.54,9.54,2.10701,1.00469056e+06,30.0,0.0,0.0,0.0,0.0,0.0,0.0,0.0,0.0,3.0,,31.253273,,,,,,,,,0.0,0.0,0.0,0.0,-9.54,,,,,,Master only (1),-9.5,,,,,,0.0,,,,0.0,0.0,,0.0
-9.53,9.53,2.10701,1.00469056e+06,30.0,0.0,0.0,0.0,0.0,0.0,0.0,0.0,0.0,3.0,,31.262852,,,,,,,,,0.0,0.0,0.0,0.0,-9.53,,,,,,Master only (1),-9.5,,,,,,0.0,,,,0.0,0.0,,0.0
-9.52,9.52,2.10701,1.00469056e+06,30.0,0.0,0.0,0.0,0.0,0.0,0.0,0.0,0.0,3.0,,31.272432,,,,,,,,,0.0,0.0,0.0,0.0,-9.52,,,,,,Master only (1),-9.5,,,,,,0.0,,,,0.0,0.0,,0.0
-9.51,9.51,2.10701,1.00469056e+06,30.0,0.0,0.0,0.0,0.0,0.0,0.0,0.0,0.0,3.0,,31.282013,,,,,,,,,0.0,0.0,0.0,0.0,-9.51,,,,,,Master only (1),-9.5,,,,,,0.0,,,,0.0,0.0,,0.0
-9.5,9.5,2.10701,1.00469056e+06,30.0,0.0,0.0,0.0,0.0,0.0,0.0,0.0,0.0,3.0,,31.291603,,,,,,,,,0.0,0.0,0.0,0.0,-9.5,,,,,,Master only (1),-9.5,,,,,,0.0,,,,0.0,0.0,,0.0
-9.49,9.49,2.10701,1.00469056e+06,30.0,0.0,0.0,0.0,0.0,0.0,0.0,0.0,0.0,3.0,,31.301188,,,,,,,,,0.0,0.0,0.0,0.0,-9.49,,,,,,Master only (1),-9.5,,,,,,0.0,,,,0.0,0.0,,0.0
-9.48,9.48,2.10701,1.00469056e+06,30.0,0.0,0.0,0.0,0.0,0.0,0.0,0.0,0.0,3.0,,31.31078,,,,,,,,,0.0,0.0,0.0,0.0,-9.48,,,,,,Master only (1),-9.5,,,,,,0.0,,,,0.0,0.0,,0.0
-9.47,9.47,2.10701,1.00469056e+06,30.0,0.0,0.0,0.0,0.0,0.0,0.0,0.0,0.0,3.0,,31.320374,,,,,,,,,0.0,0.0,0.0,0.0,-9.47,,,,,,Master only (1),-9.5,,,,,,0.0,,,,0.0,0.0,,0.0
-9.46,9.46,2.10701,1.00469056e+06,30.0,0.0,0.0,0.0,0.0,0.0,0.0,0.0,0.0,3.0,,31.32997,,,,,,,,,0.0,0.0,0.0,0.0,-9.46,,,,,,Master only (1),-9.5,,,,,,0.0,,,,0.0,0.0,,0.0
-9.45,9.45,2.10701,1.00469056e+06,30.0,0.0,0.0,0.0,0.0,0.0,0.0,0.0,0.0,3.0,,31.339567,,,,,,,,,0.0,0.0,0.0,0.0,-9.45,,,,,,Master only (1),-9.4,,,,,,0.0,,,,0.0,0.0,,0.0
-9.44,9.44,2.10701,1.00469056e+06,30.0,0.0,0.0,0.0,0.0,0.0,0.0,0.0,0.0,3.0,,31.34917,,,,,,,,,0.0,0.0,0.0,0.0,-9.44,,,,,,Master only (1),-9.4,,,,,,0.0,,,,0.0,0.0,,0.0
-9.43,9.43,2.10701,1.00469056e+06,30.0,0.0,0.0,0.0,0.0,0.0,0.0,0.0,0.0,3.0,,31.358772,,,,,,,,,0.0,0.0,0.0,0.0,-9.43,,,,,,Master only (1),-9.4,,,,,,0.0,,,,0.0,0.0,,0.0
-9.42,9.42,2.10701,1.00469056e+06,30.0,0.0,0.0,0.0,0.0,0.0,0.0,0.0,0.0,3.0,,31.368391,,,,,,,,,0.0,0.0,0.0,0.0,-9.42,,,,,,Master only (1),-9.4,,,,,,0.0,,,,0.0,0.0,,0.0
-9.41,9.41,2.10701,1.00469056e+06,30.0,0.0,0.0,0.0,0.0,0.0,0.0,0.0,0.0,3.0,,31.378,,,,,,,,,0.0,0.0,0.0,0.0,-9.41,,,,,,Master only (1),-9.4,,,,,,0.0,,,,0.0,0.0,,0.0
-9.4,9.4,2.10701,1.00469056e+06,30.0,0.0,0.0,0.0,0.0,0.0,0.0,0.0,0.0,3.0,,31.38761,,,,,,,,,0.0,0.0,0.0,0.0,-9.4,,,,,,Master only (1),-9.4,,,,,,0.0,,,,0.0,0.0,,0.0
-9.39,9.39,2.10701,1.00469056e+06,30.0,0.0,0.0,0.0,0.0,0.0,0.0,0.0,0.0,3.0,,31.397234,,,,,,,,,0.0,0.0,0.0,0.0,-9.39,,,,,,Master only (1),-9.4,,,,,,0.0,,,,0.0,0.0,,0.0
-9.38,9.38,2.10701,1.00469056e+06,30.0,0.0,0.0,0.0,0.0,0.0,0.0,0.0,0.0,3.0,,31.406855,,,,,,,,,0.0,0.0,0.0,0.0,-9.38,,,,,,Master only (1),-9.4,,,,,,0.0,,,,0.0,0.0,,0.0
-9.37,9.37,2.10701,1.00469056e+06,30.0,0.0,0.0,0.0,0.0,0.0,0.0,0.0,0.0,3.0,,31.416481,,,,,,,,,0.0,0.0,0.0,0.0,-9.37,,,,,,Master only (1),-9.4,,,,,,0.0,,,,0.0,0.0,,0.0
-9.36,9.36,2.10701,1.00469056e+06,30.0,0.0,0.0,0.0,0.0,0.0,0.0,0.0,0.0,3.0,,31.426104,,,,,,,,,0.0,0.0,0.0,0.0,-9.36,,,,,,Master only (1),-9.4,,,,,,0.0,,,,0.0,0.0,,0.0
-9.35,9.35,2.10701,1.00469056e+06,30.0,0.0,0.0,0.0,0.0,0.0,0.0,0.0,0.0,3.0,,31.43574,,,,,,,,,0.0,0.0,0.0,0.0,-9.35,,,,,,Master only (1),-9.4,,,,,,0.0,,,,0.0,0.0,,0.0
-9.34,9.34,2.10701,1.00469056e+06,30.0,0.0,0.0,0.0,0.0,0.0,0.0,0.0,0.0,3.0,,31.445366,,,,,,,,,0.0,0.0,0.0,0.0,-9.34,,,,,,Master only (1),-9.3,,,,,,0.0,,,,0.0,0.0,,0.0
-9.33,9.33,2.10701,1.00469056e+06,30.0,0.0,0.0,0.0,0.0,0.0,0.0,0.0,0.0,3.0,,31.455004,,,,,,,,,0.0,0.0,0.0,0.0,-9.33,,,,,,Master only (1),-9.3,,,,,,0.0,,,,0.0,0.0,,0.0
-9.32,9.32,2.10701,1.00469056e+06,30.0,0.0,0.0,0.0,0.0,0.0,0.0,0.0,0.0,3.0,,31.464634,,,,,,,,,0.0,0.0,0.0,0.0,-9.32,,,,,,Master only (1),-9.3,,,,,,0.0,,,,0.0,0.0,,0.0
-9.31,9.31,2.10701,1.00469056e+06,30.0,0.0,0.0,0.0,0.0,0.0,0.0,0.0,0.0,3.0,,31.474281,,,,,,,,,0.0,0.0,0.0,0.0,-9.31,,,,,,Master only (1),-9.3,,,,,,0.0,,,,0.0,0.0,,0.0
-9.3,9.3,2.10701,1.00469056e+06,30.0,0.0,0.0,0.0,0.0,0.0,0.0,0.0,0.0,3.0,,31.48393,,,,,,,,,0.0,0.0,0.0,0.0,-9.3,,,,,,Master only (1),-9.3,,,,,,0.0,,,,0.0,0.0,,0.0
-9.29,9.29,2.10701,1.00469056e+06,30.0,0.0,0.0,0.0,0.0,0.0,0.0,0.0,0.0,3.0,,31.493576,,,,,,,,,0.0,0.0,0.0,0.0,-9.29,,,,,,Master only (1),-9.3,,,,,,0.0,,,,0.0,0.0,,0.0
-9.28,9.28,2.10701,1.00469056e+06,30.0,0.0,0.0,0.0,0.0,0.0,0.0,0.0,0.0,3.0,,31.503218,,,,,,,,,0.0,0.0,0.0,0.0,-9.28,,,,,,Master only (1),-9.3,,,,,,0.0,,,,0.0,0.0,,0.0
-9.27,9.27,2.10701,1.00469056e+06,30.0,0.0,0.0,0.0,0.0,0.0,0.0,0.0,0.0,3.0,,31.512877,,,,,,,,,0.0,0.0,0.0,0.0,-9.27,,,,,,Master only (1),-9.3,,,,,,0.0,,,,0.0,0.0,,0.0
-9.26,9.26,2.10701,1.00469056e+06,30.0,0.0,0.0,0.0,0.0,0.0,0.0,0.0,0.0,3.0,,31.522533,,,,,,,,,0.0,0.0,0.0,0.0,-9.26,,,,,,Master only (1),-9.3,,,,,,0.0,,,,0.0,0.0,,0.0
-9.25,9.25,2.10701,1.00469056e+06,30.0,0.0,0.0,0.0,0.0,0.0,0.0,0.0,0.0,3.0,,31.53219,,,,,,,,,0.0,0.0,0.0,0.0,-9.25,,,,,,Master only (1),-9.2,,,,,,0.0,,,,0.0,0.0,,0.0
-9.24,9.24,2.10701,1.00469056e+06,30.0,0.0,0.0,0.0,0.0,0.0,0.0,0.0,0.0,3.0,,31.541855,,,,,,,,,0.0,0.0,0.0,0.0,-9.24,,,,,,Master only (1),-9.2,,,,,,0.0,,,,0.0,0.0,,0.0
-9.23,9.23,2.10701,1.00469056e+06,30.0,0.0,0.0,0.0,0.0,0.0,0.0,0.0,0.0,3.0,,31.551521,,,,,,,,,0.0,0.0,0.0,0.0,-9.23,,,,,,Master only (1),-9.2,,,,,,0.0,,,,0.0,0.0,,0.0
-9.22,9.22,2.10701,1.00469056e+06,30.0,0.0,0.0,0.0,0.0,0.0,0.0,0.0,0.0,3.0,,31.56119,,,,,,,,,0.0,0.0,0.0,0.0,-9.22,,,,,,Master only (1),-9.2,,,,,,0.0,,,,0.0,0.0,,0.0
-9.21,9.21,2.10701,1.00469056e+06,30.0,0.0,0.0,0.0,0.0,0.0,0.0,0.0,0.0,3.0,,31.570858,,,,,,,,,0.0,0.0,0.0,0.0,-9.21,,,,,,Master only (1),-9.2,,,,,,0.0,,,,0.0,0.0,,0.0
-9.2,9.2,2.10701,1.00469056e+06,30.0,0.0,0.0,0.0,0.0,0.0,0.0,0.0,0.0,3.0,,31.58053,,,,,,,,,0.0,0.0,0.0,0.0,-9.2,,,,,,Master only (1),-9.2,,,,,,0.0,,,,0.0,0.0,,0.0
-9.19,9.19,2.10701,1.00469056e+06,30.0,0.0,0.0,0.0,0.0,0.0,0.0,0.0,0.0,3.0,,31.590202,,,,,,,,,0.0,0.0,0.0,0.0,-9.19,,,,,,Master only (1),-9.2,,,,,,0.0,,,,0.0,0.0,,0.0
-9.18,9.18,2.10701,1.00469056e+06,30.0,0.0,0.0,0.0,0.0,0.0,0.0,0.0,0.0,3.0,,31.599894,,,,,,,,,0.0,0.0,0.0,0.0,-9.18,,,,,,Master only (1),-9.2,,,,,,0.0,,,,0.0,0.0,,0.0
-9.17,9.17,2.10701,1.00469056e+06,30.0,0.0,0.0,0.0,0.0,0.0,0.0,0.0,0.0,3.0,,31.609575,,,,,,,,,0.0,0.0,0.0,0.0,-9.17,,,,,,Master only (1),-9.2,,,,,,0.0,,,,0.0,0.0,,0.0
-9.16,9.16,2.10701,1.00469056e+06,30.0,0.0,0.0,0.0,0.0,0.0,0.0,0.0,0.0,3.0,,31.619259,,,,,,,,,0.0,0.0,0.0,0.0,-9.16,,,,,,Master only (1),-9.2,,,,,,0.0,,,,0.0,0.0,,0.0
-9.15,9.15,2.10701,1.00469056e+06,30.0,0.0,0.0,0.0,0.0,0.0,0.0,0.0,0.0,3.0,,31.628954,,,,,,,,,0.0,0.0,0.0,0.0,-9.15,,,,,,Master only (1),-9.1,,,,,,0.0,,,,0.0,0.0,,0.0
-9.14,9.14,2.10701,1.00469056e+06,30.0,0.0,0.0,0.0,0.0,0.0,0.0,0.0,0.0,3.0,,31.638641,,,,,,,,,0.0,0.0,0.0,0.0,-9.14,,,,,,Master only (1),-9.1,,,,,,0.0,,,,0.0,0.0,,0.0
-9.13,9.13,2.10701,1.00469056e+06,30.0,0.0,0.0,0.0,0.0,0.0,0.0,0.0,0.0,3.0,,31.648329,,,,,,,,,0.0,0.0,0.0,0.0,-9.13,,,,,,Master only (1),-9.1,,,,,,0.0,,,,0.0,0.0,,0.0
-9.12,9.12,2.10701,1.00469056e+06,30.0,0.0,0.0,0.0,0.0,0.0,0.0,0.0,0.0,3.0,,31.658035,,,,,,,,,0.0,0.0,0.0,0.0,-9.12,,,,,,Master only (1),-9.1,,,,,,0.0,,,,0.0,0.0,,0.0
-9.11,9.11,2.10701,1.00469056e+06,30.0,0.0,0.0,0.0,0.0,0.0,0.0,0.0,0.0,3.0,,31.667727,,,,,,,,,0.0,0.0,0.0,0.0,-9.11,,,,,,Master only (1),-9.1,,,,,,0.0,,,,0.0,0.0,,0.0
-9.1,9.1,2.10701,1.00469056e+06,30.0,0.0,0.0,0.0,0.0,0.0,0.0,0.0,0.0,3.0,,31.677437,,,,,,,,,0.0,0.0,0.0,0.0,-9.1,,,,,,Master only (1),-9.1,,,,,,0.0,,,,0.0,0.0,,0.0
-9.09,9.09,2.10701,1.00469056e+06,30.0,0.0,0.0,0.0,0.0,0.0,0.0,0.0,0.0,3.0,,31.687136,,,,,,,,,0.0,0.0,0.0,0.0,-9.09,,,,,,Master only (1),-9.1,,,,,,0.0,,,,0.0,0.0,,0.0
-9.08,9.08,2.10701,1.00469056e+06,30.0,0.0,0.0,0.0,0.0,0.0,0.0,0.0,0.0,3.0,,31.69685,,,,,,,,,0.0,0.0,0.0,0.0,-9.08,,,,,,Master only (1),-9.1,,,,,,0.0,,,,0.0,0.0,,0.0
-9.07,9.07,2.10701,1.00469056e+06,30.0,0.0,0.0,0.0,0.0,0.0,0.0,0.0,0.0,3.0,,31.70657,,,,,,,,,0.0,0.0,0.0,0.0,-9.07,,,,,,Master only (1),-9.1,,,,,,0.0,,,,0.0,0.0,,0.0
-9.06,9.06,2.10701,1.00469056e+06,30.0,0.0,0.0,0.0,0.0,0.0,0.0,0.0,0.0,3.0,,31.716274,,,,,,,,,0.0,0.0,0.0,0.0,-9.06,,,,,,Master only (1),-9.1,,,,,,0.0,,,,0.0,0.0,,0.0
-9.05,9.05,2.10701,1.00469056e+06,30.0,0.0,0.0,0.0,0.0,0.0,0.0,0.0,0.0,3.0,,31.725998,,,,,,,,,0.0,0.0,0.0,0.0,-9.05,,,,,,Master only (1),-9.1,,,,,,0.0,,,,0.0,0.0,,0.0
-9.04,9.04,2.10701,1.00469056e+06,30.0,0.0,0.0,0.0,0.0,0.0,0.0,0.0,0.0,3.0,,31.735723,,,,,,,,,0.0,0.0,0.0,0.0,-9.04,,,,,,Master only (1),-9.0,,,,,,0.0,,,,0.0,0.0,,0.0
-9.03,9.03,2.10701,1.00469056e+06,30.0,0.0,0.0,0.0,0.0,0.0,0.0,0.0,0.0,3.0,,31.745451,,,,,,,,,0.0,0.0,0.0,0.0,-9.03,,,,,,Master only (1),-9.0,,,,,,0.0,,,,0.0,0.0,,0.0
-9.02,9.02,2.10701,1.00469056e+06,30.0,0.0,0.0,0.0,0.0,0.0,0.0,0.0,0.0,3.0,,31.755167,,,,,,,,,0.0,0.0,0.0,0.0,-9.02,,,,,,Master only (1),-9.0,,,,,,0.0,,,,0.0,0.0,,0.0
-9.01,9.01,2.10701,1.00469056e+06,30.0,0.0,0.0,0.0,0.0,0.0,0.0,0.0,0.0,3.0,,31.764896,,,,,,,,,0.0,0.0,0.0,0.0,-9.01,,,,,,Master only (1),-9.0,,,,,,0.0,,,,0.0,0.0,,0.0
-9.0,9.0,2.10701,1.00469056e+06,30.0,0.0,0.0,0.0,0.0,0.0,0.0,0.0,0.0,3.0,,31.77463,,,,,,,,,0.0,0.0,0.0,0.0,-9.0,,,,,,Master only (1),-9.0,,,,,,0.0,,,,0.0,0.0,,0.0
-8.99,8.99,2.10701,1.00469056e+06,30.0,0.0,0.0,0.0,0.0,0.0,0.0,0.0,0.0,3.0,,31.784369,,,,,,,,,0.0,0.0,0.0,0.0,-8.99,,,,,,Master only (1),-9.0,,,,,,0.0,,,,0.0,0.0,,0.0
-8.98,8.98,2.10701,1.00469056e+06,30.0,0.0,0.0,0.0,0.0,0.0,0.0,0.0,0.0,3.0,,31.79411,,,,,,,,,0.0,0.0,0.0,0.0,-8.98,,,,,,Master only (1),-9.0,,,,,,0.0,,,,0.0,0.0,,0.0
-8.97,8.97,2.10701,1.00469056e+06,30.0,0.0,0.0,0.0,0.0,0.0,0.0,0.0,0.0,3.0,,31.80385,,,,,,,,,0.0,0.0,0.0,0.0,-8.97,,,,,,Master only (1),-9.0,,,,,,0.0,,,,0.0,0.0,,0.0
-8.96,8.96,2.10701,1.00469056e+06,30.0,0.0,0.0,0.0,0.0,0.0,0.0,0.0,0.0,3.0,,31.813595,,,,,,,,,0.0,0.0,0.0,0.0,-8.96,,,,,,Master only (1),-9.0,,,,,,0.0,,,,0.0,0.0,,0.0
-8.95,8.95,2.10701,1.00469056e+06,30.0,0.0,7.5929136,0.0,0.98879665,0.0,0.94552344,0.0,35.84979,2.0,,13.59022,,13.59022,13.59022,,9.8005705,,0.07309609,185.92267,1.0,0.0,0.0,2001.0,-8.95,,15.0,,,,Master only (1),-8.9,,15.0,13.598329,13.598329,,35.84979,3.5793376,-2.4858465,-1.0686868,149.53691,0.0,0.0,1.0
-8.94,8.94,2.10701,1.00469056e+06,30.0,0.0,7.59313,0.0,0.9887568,0.0,0.9455326,0.0,35.85309,2.0,,13.591028,,13.591028,13.591028,,9.800891,,0.0730937,185.9398,1.0,0.0,0.0,2001.0,-8.94,,15.0,,,,Master only (1),-8.9,,15.0,13.598329,13.598329,,35.85309,3.5794296,-2.4858465,-1.0686868,149.53691,0.0,0.0,1.0
-8.93,8.93,2.10701,1.00469056e+06,30.0,0.0,7.5933414,0.0,0.9887167,0.0,0.94554156,0.0,35.856308,2.0,,13.591816,,13.591816,13.591816,,9.801204,,0.073091365,185.95651,1.0,0.0,0.0,2001.0,-8.93,,15.0,,,,Master only (1),-8.9,,15.0,13.598329,13.598329,,35.856308,3.5795195,-2.4858465,-1.0686868,149.53691,0.0,0.0,1.0
-8.92,8.92,2.10701,1.00469056e+06,30.0,0.0,7.593561,0.0,0.98867697,0.0,0.94555086,0.0,35.85966,2.0,,13.592635,,13.592635,13.592635,,9.801528,,0.073088944,185.97389,1.0,0.0,0.0,2001.0,-8.92,,15.0,2.3608816,3.2436936,1.0986123,Matched (3),-8.9,,15.0,13.598329,13.598329,,35.85966,3.579613,-2.4858465,-1.0686868,149.53691,0.0,0.0,1.0
-8.91,8.91,2.10701,1.00469056e+06,30.0,0.0,7.593779,0.0,0.9886372,0.0,0.9455601,0.0,35.862984,2.0,,13.593448,,13.593448,13.593448,,9.80185,,0.073086545,185.9911,1.0,0.0,0.0,2001.0,-8.91,,15.0,,,,Master only (1),-8.9,,15.0,13.598329,13.598329,,35.862984,3.5797057,-2.4858465,-1.0686868,149.53691,0.0,0.0,1.0
-8.9,8.9,2.10701,1.00469056e+06,30.0,0.0,7.593999,0.0,0.9885975,0.0,0.9455694,0.0,35.866337,2.0,,13.594268,,13.594268,13.594268,,9.8021755,,0.073084116,186.00851,1.0,0.0,0.0,2001.0,-8.9,,15.0,,,,Master only (1),-8.9,,15.0,13.598329,13.598329,,35.866337,3.5797992,-2.4858465,-1.0686868,149.53691,0.0,0.0,1.0
-8.89,8.89,2.10701,1.00469056e+06,30.0,0.0,7.594216,0.0,0.9885577,0.0,0.9455786,0.0,35.869648,2.0,,13.5950775,,13.5950775,13.5950775,,9.802497,,0.073081724,186.02568,1.0,0.0,0.0,2001.0,-8.89,,15.0,,,,Master only (1),-8.9,,15.0,13.598329,13.598329,,35.869648,3.5798914,-2.4858465,-1.0686868,149.53691,0.0,0.0,1.0
-8.88,8.88,2.10701,1.00469056e+06,30.0,0.0,7.594433,0.0,0.9885178,0.0,0.94558775,0.0,35.872955,2.0,,13.595886,,13.595886,13.595886,,9.802817,,0.07307933,186.04283,1.0,0.0,0.0,2001.0,-8.88,,15.0,,,,Master only (1),-8.9,,15.0,13.598329,13.598329,,35.872955,3.5799837,-2.4858465,-1.0686868,149.53691,0.0,0.0,1.0
-8.87,8.87,2.10701,1.00469056e+06,30.0,0.0,7.594648,0.0,0.98847795,0.0,0.9455969,0.0,35.876236,2.0,,13.596688,,13.596688,13.596688,,9.803136,,0.073076956,186.05986,1.0,0.0,0.0,2001.0,-8.87,,15.0,,,,Master only (1),-8.9,,15.0,13.598329,13.598329,,35.876236,3.580075,-2.4858465,-1.0686868,149.53691,0.0,0.0,1.0
-8.86,8.86,2.10701,1.00469056e+06,30.0,0.0,7.5948677,0.0,0.98843825,0.0,0.9456062,0.0,35.87959,2.0,,13.597508,,13.597508,13.597508,,9.803461,,0.073074535,186.07726,1.0,0.0,0.0,2001.0,-8.86,,15.0,,,,Master only (1),-8.9,,15.0,13.598329,13.598329,,35.87959,3.5801685,-2.4858465,-1.0686868,149.53691,0.0,0.0,1.0
-8.85,8.85,2.10701,1.00469056e+06,30.0,0.0,7.5950875,0.0,0.98839855,0.0,0.9456155,0.0,35.882942,2.0,,13.598329,,13.598329,13.598329,,9.803786,,0.07307211,186.09464,1.0,0.0,0.0,2001.0,-8.85,,15.0,,,,Master only (1),-8.9,,15.0,13.598329,13.598329,,35.882942,3.580262,-2.4858465,-1.0686868,149.53691,0.0,0.0,1.0
-8.84,8.84,2.10701,1.00469056e+06,30.0,0.0,7.595304,0.0,0.98835874,0.0,0.94562465,0.0,35.886246,2.0,,13.599135,,13.599135,13.599135,,9.804106,,0.07306973,186.11176,1.0,0.0,0.0,2001.0,-8.84,,15.0,,,,Master only (1),-8.8,,15.0,13.605644,13.605644,,35.886246,3.5803542,-2.015843,-1.0678531,122.421455,0.0,0.0,1.0
-8.83,8.83,2.10701,1.00469056e+06,30.0,0.0,7.5955195,0.0,0.98831886,0.0,0.94563377,0.0,35.889534,2.0,,13.599939,,13.599939,13.599939,,9.804425,,0.07306735,186.12881,1.0,0.0,0.0,2001.0,-8.83,,15.0,,,,Master only (1),-8.8,,15.0,13.605644,13.605644,,35.889534,3.5804458,-2.015843,-1.0678531,122.421455,0.0,0.0,1.0
-8.82,8.82,2.10701,1.00469056e+06,30.0,0.0,7.595735,0.0,0.988279,0.0,0.9456429,0.0,35.892822,2.0,,13.600743,,13.600743,13.600743,,9.804744,,0.073064975,186.14587,1.0,0.0,0.0,2001.0,-8.82,,15.0,,,,Master only (1),-8.8,,15.0,13.605644,13.605644,,35.892822,3.5805373,-2.015843,-1.0678531,122.421455,0.0,0.0,1.0
-8.81,8.81,2.10701,1.00469056e+06,30.0,0.0,7.5959563,0.0,0.98823935,0.0,0.94565225,0.0,35.8962,2.0,,13.601569,,13.601569,13.601569,,9.805071,,0.07306254,186.16338,1.0,0.0,0.0,2001.0,-8.81,,15.0,,,,Master only (1),-8.8,,15.0,13.605644,13.605644,,35.8962,3.5806315,-2.015843,-1.0678531,122.421455,0.0,0.0,1.0
-8.8,8.8,2.10701,1.00469056e+06,30.0,0.0,7.5961742,0.0,0.9881996,0.0,0.9456615,0.0,35.899525,2.0,,13.602382,,13.602382,13.602382,,9.805393,,0.07306013,186.18063,1.0,0.0,0.0,2001.0,-8.8,,15.0,,,,Master only (1),-8.8,,15.0,13.605644,13.605644,,35.899525,3.580724,-2.015843,-1.0678531,122.421455,0.0,0.0,1.0
-8.79,8.79,2.10701,1.00469056e+06,30.0,0.0,7.596394,0.0,0.9881599,0.0,0.9456708,0.0,35.902878,2.0,,13.603202,,13.603202,13.603202,,9.805718,,0.07305771,186.19803,1.0,0.0,0.0,2001.0,-8.79,,15.0,2.6229527,3.5431206,1.5686159,Matched (3),-8.8,,15.0,13.605644,13.605644,,35.902878,3.5808175,-2.015843,-1.0678531,122.421455,0.0,0.0,1.0
-8.78,8.78,2.10701,1.00469056e+06,30.0,0.0,7.596611,0.0,0.9881201,0.0,0.94567996,0.0,35.90619,2.0,,13.604012,,13.604012,13.604012,,9.806039,,0.07305533,186.2152,1.0,0.0,0.0,2001.0,-8.78,,15.0,,,,Master only (1),-8.8,,15.0,13.605644,13.605644,,35.90619,3.5809097,-2.015843,-1.0678531,122.421455,0.0,0.0,1.0
-8.77,8.77,2.10701,1.00469056e+06,30.0,0.0,7.596831,0.0,0.9880804,0.0,0.94568926,0.0,35.909546,2.0,,13.604832,,13.604832,13.604832,,9.806364,,0.073052905,186.23259,1.0,0.0,0.0,2001.0,-8.77,,15.0,,,,Master only (1),-8.8,,15.0,13.605644,13.605644,,35.909546,3.5810032,-2.015843,-1.0678531,122.421455,0.0,0.0,1.0
-8.76,8.76,2.10701,1.00469056e+06,30.0,0.0,7.5970488,0.0,0.9880406,0.0,0.9456985,0.0,35.912872,2.0,,13.605644,,13.605644,13.605644,,9.806686,,0.0730505,186.24985,1.0,0.0,0.0,2001.0,-8.76,,15.0,,,,Master only (1),-8.8,,15.0,13.605644,13.605644,,35.912872,3.5810957,-2.015843,-1.0678531,122.421455,0.0,0.0,1.0
-8.75,8.75,2.10701,1.00469056e+06,30.0,0.0,0.0,0.0,0.0,0.0,0.0,0.0,0.0,3.0,,32.018948,,,,,,,,,0.0,0.0,0.0,0.0,-8.75,,,,,,Master only (1),-8.7,,,,,,0.0,,,,0.0,0.0,,0.0
-8.74,8.74,2.10701,1.00469056e+06,30.0,0.0,0.0,0.0,0.0,0.0,0.0,0.0,0.0,3.0,,32.028744,,,,,,,,,0.0,0.0,0.0,0.0,-8.74,,,,,,Master only (1),-8.7,,,,,,0.0,,,,0.0,0.0,,0.0
-8.73,8.73,2.10701,1.00469056e+06,30.0,0.0,0.0,0.0,0.0,0.0,0.0,0.0,0.0,3.0,,32.03857,,,,,,,,,0.0,0.0,0.0,0.0,-8.73,,,,,,Master only (1),-8.7,,,,,,0.0,,,,0.0,0.0,,0.0
-8.72,8.72,2.10701,1.00469056e+06,30.0,0.0,0.0,0.0,0.0,0.0,0.0,0.0,0.0,3.0,,32.04839,,,,,,,,,0.0,0.0,0.0,0.0,-8.72,,,,,,Master only (1),-8.7,,,,,,0.0,,,,0.0,0.0,,0.0
-8.71,8.71,2.10701,1.00469056e+06,30.0,0.0,0.0,0.0,0.0,0.0,0.0,0.0,0.0,3.0,,32.05821,,,,,,,,,0.0,0.0,0.0,0.0,-8.71,,,,,,Master only (1),-8.7,,,,,,0.0,,,,0.0,0.0,,0.0
-8.7,8.7,2.10701,1.00469056e+06,30.0,0.0,0.0,0.0,0.0,0.0,0.0,0.0,0.0,3.0,,32.06803,,,,,,,,,0.0,0.0,0.0,0.0,-8.7,,,,,,Master only (1),-8.7,,,,,,0.0,,,,0.0,0.0,,0.0
-8.69,8.69,2.10701,1.00469056e+06,30.0,0.0,0.0,0.0,0.0,0.0,0.0,0.0,0.0,3.0,,32.077854,,,,,,,,,0.0,0.0,0.0,0.0,-8.69,,,,,,Master only (1),-8.7,,,,,,0.0,,,,0.0,0.0,,0.0
-8.68,8.68,2.10701,1.00469056e+06,30.0,0.0,0.0,0.0,0.0,0.0,0.0,0.0,0.0,3.0,,32.087677,,,,,,,,,0.0,0.0,0.0,0.0,-8.68,,,,,,Master only (1),-8.7,,,,,,0.0,,,,0.0,0.0,,0.0
-8.67,8.67,2.10701,1.00469056e+06,30.0,0.0,0.0,0.0,0.0,0.0,0.0,0.0,0.0,3.0,,32.097507,,,,,,,,,0.0,0.0,0.0,0.0,-8.67,,,,,,Master only (1),-8.7,,,,,,0.0,,,,0.0,0.0,,0.0
-8.66,8.66,2.10701,1.00469056e+06,30.0,0.0,0.0,0.0,0.0,0.0,0.0,0.0,0.0,3.0,,32.107353,,,,,,,,,0.0,0.0,0.0,0.0,-8.66,,,,,,Master only (1),-8.7,,,,,,0.0,,,,0.0,0.0,,0.0
-8.65,8.65,2.10701,1.00469056e+06,30.0,0.0,0.0,0.0,0.0,0.0,0.0,0.0,0.0,3.0,,32.117188,,,,,,,,,0.0,0.0,0.0,0.0,-8.65,,,,,,Master only (1),-8.6,,,,,,0.0,,,,0.0,0.0,,0.0
-8.64,8.64,2.10701,1.00469056e+06,30.0,0.0,0.0,0.0,0.0,0.0,0.0,0.0,0.0,3.0,,32.12702,,,,,,,,,0.0,0.0,0.0,0.0,-8.64,,,,,,Master only (1),-8.6,,,,,,0.0,,,,0.0,0.0,,0.0
-8.63,8.63,2.10701,1.00469056e+06,30.0,0.0,0.0,0.0,0.0,0.0,0.0,0.0,0.0,3.0,,32.13688,,,,,,,,,0.0,0.0,0.0,0.0,-8.63,,,,,,Master only (1),-8.6,,,,,,0.0,,,,0.0,0.0,,0.0
-8.62,8.62,2.10701,1.00469056e+06,30.0,0.0,0.0,0.0,0.0,0.0,0.0,0.0,0.0,3.0,,32.146717,,,,,,,,,0.0,0.0,0.0,0.0,-8.62,,,,,,Master only (1),-8.6,,,,,,0.0,,,,0.0,0.0,,0.0
-8.61,8.61,2.10701,1.00469056e+06,30.0,0.0,0.0,0.0,0.0,0.0,0.0,0.0,0.0,3.0,,32.156574,,,,,,,,,0.0,0.0,0.0,0.0,-8.61,,,,,,Master only (1),-8.6,,,,,,0.0,,,,0.0,0.0,,0.0
-8.6,8.6,2.10701,1.00469056e+06,30.0,0.0,0.0,0.0,0.0,0.0,0.0,0.0,0.0,3.0,,32.16642,,,,,,,,,0.0,0.0,0.0,0.0,-8.6,,,,,,Master only (1),-8.6,,,,,,0.0,,,,0.0,0.0,,0.0
-8.59,8.59,2.10701,1.00469056e+06,30.0,0.0,0.0,0.0,0.0,0.0,0.0,0.0,0.0,3.0,,32.176285,,,,,,,,,0.0,0.0,0.0,0.0,-8.59,,,,,,Master only (1),-8.6,,,,,,0.0,,,,0.0,0.0,,0.0
-8.58,8.58,2.10701,1.00469056e+06,30.0,0.0,0.0,0.0,0.0,0.0,0.0,0.0,0.0,3.0,,32.186134,,,,,,,,,0.0,0.0,0.0,0.0,-8.58,,,,,,Master only (1),-8.6,,,,,,0.0,,,,0.0,0.0,,0.0
-8.57,8.57,2.10701,1.00469056e+06,30.0,0.0,0.0,0.0,0.0,0.0,0.0,0.0,0.0,3.0,,32.196003,,,,,,,,,0.0,0.0,0.0,0.0,-8.57,,,,,,Master only (1),-8.6,,,,,,0.0,,,,0.0,0.0,,0.0
-8.56,8.56,2.10701,1.00469056e+06,30.0,0.0,0.0,0.0,0.0,0.0,0.0,0.0,0.0,3.0,,32.20587,,,,,,,,,0.0,0.0,0.0,0.0,-8.56,,,,,,Master only (1),-8.6,,,,,,0.0,,,,0.0,0.0,,0.0
-8.55,8.55,2.10701,1.00469056e+06,30.0,0.0,0.0,0.0,0.0,0.0,0.0,0.0,0.0,3.0,,32.215744,,,,,,,,,0.0,0.0,0.0,0.0,-8.55,,,,,,Master only (1),-8.6,,,,,,0.0,,,,0.0,0.0,,0.0
-8.54,8.54,2.10701,1.00469056e+06,30.0,0.0,0.0,0.0,0.0,0.0,0.0,0.0,0.0,3.0,,32.22561,,,,,,,,,0.0,0.0,0.0,0.0,-8.54,,,,,,Master only (1),-8.5,,,,,,0.0,,,,0.0,0.0,,0.0
-8.53,8.53,2.10701,1.00469056e+06,30.0,0.0,0.0,0.0,0.0,0.0,0.0,0.0,0.0,3.0,,32.235485,,,,,,,,,0.0,0.0,0.0,0.0,-8.53,,,,,,Master only (1),-8.5,,,,,,0.0,,,,0.0,0.0,,0.0
-8.52,8.52,2.10701,1.00469056e+06,30.0,0.0,0.0,0.0,0.0,0.0,0.0,0.0,0.0,3.0,,32.24536,,,,,,,,,0.0,0.0,0.0,0.0,-8.52,,,,,,Master only (1),-8.5,,,,,,0.0,,,,0.0,0.0,,0.0
-8.51,8.51,2.10701,1.00469056e+06,30.0,0.0,0.0,0.0,0.0,0.0,0.0,0.0,0.0,3.0,,32.25524,,,,,,,,,0.0,0.0,0.0,0.0,-8.51,,,,,,Master only (1),-8.5,,,,,,0.0,,,,0.0,0.0,,0.0
-8.5,8.5,2.10701,1.00469056e+06,30.0,0.0,0.0,0.0,0.0,0.0,0.0,0.0,0.0,3.0,,32.26513,,,,,,,,,0.0,0.0,0.0,0.0,-8.5,,,,,,Master only (1),-8.5,,,,,,0.0,,,,0.0,0.0,,0.0
-8.49,8.49,2.10701,1.00469056e+06,30.0,0.0,0.0,0.0,0.0,0.0,0.0,0.0,0.0,3.0,,32.275013,,,,,,,,,0.0,0.0,0.0,0.0,-8.49,,,,,,Master only (1),-8.5,,,,,,0.0,,,,0.0,0.0,,0.0
-8.48,8.48,2.10701,1.00469056e+06,30.0,0.0,0.0,0.0,0.0,0.0,0.0,0.0,0.0,3.0,,32.284904,,,,,,,,,0.0,0.0,0.0,0.0,-8.48,,,,,,Master only (1),-8.5,,,,,,0.0,,,,0.0,0.0,,0.0
-8.47,8.47,2.10701,1.00469056e+06,30.0,0.0,0.0,0.0,0.0,0.0,0.0,0.0,0.0,3.0,,32.294796,,,,,,,,,0.0,0.0,0.0,0.0,-8.47,,,,,,Master only (1),-8.5,,,,,,0.0,,,,0.0,0.0,,0.0
-8.46,8.46,2.10701,1.00469056e+06,30.0,0.0,0.0,0.0,0.0,0.0,0.0,0.0,0.0,3.0,,32.304688,,,,,,,,,0.0,0.0,0.0,0.0,-8.46,,,,,,Master only (1),-8.5,,,,,,0.0,,,,0.0,0.0,,0.0
-8.45,8.45,2.10701,1.00469056e+06,30.0,0.0,0.0,0.0,0.0,0.0,0.0,0.0,0.0,3.0,,32.31459,,,,,,,,,0.0,0.0,0.0,0.0,-8.45,,,,,,Master only (1),-8.4,,,,,,0.0,,,,0.0,0.0,,0.0
-8.44,8.44,2.10701,1.00469056e+06,30.0,0.0,0.0,0.0,0.0,0.0,0.0,0.0,0.0,3.0,,32.324486,,,,,,,,,0.0,0.0,0.0,0.0,-8.44,,,,,,Master only (1),-8.4,,,,,,0.0,,,,0.0,0.0,,0.0
-8.43,8.43,2.10701,1.00469056e+06,30.0,0.0,0.0,0.0,0.0,0.0,0.0,0.0,0.0,3.0,,32.334404,,,,,,,,,0.0,0.0,0.0,0.0,-8.43,,,,,,Master only (1),-8.4,,,,,,0.0,,,,0.0,0.0,,0.0
-8.42,8.42,2.10701,1.00469056e+06,30.0,0.0,0.0,0.0,0.0,0.0,0.0,0.0,0.0,3.0,,32.344303,,,,,,,,,0.0,0.0,0.0,0.0,-8.42,,,,,,Master only (1),-8.4,,,,,,0.0,,,,0.0,0.0,,0.0
-8.41,8.41,2.10701,1.00469056e+06,30.0,0.0,0.0,0.0,0.0,0.0,0.0,0.0,0.0,3.0,,32.35421,,,,,,,,,0.0,0.0,0.0,0.0,-8.41,,,,,,Master only (1),-8.4,,,,,,0.0,,,,0.0,0.0,,0.0
-8.4,8.4,2.10701,1.00469056e+06,30.0,0.0,0.0,0.0,0.0,0.0,0.0,0.0,0.0,3.0,,32.36412,,,,,,,,,0.0,0.0,0.0,0.0,-8.4,,,,,,Master only (1),-8.4,,,,,,0.0,,,,0.0,0.0,,0.0
-8.39,8.39,2.10701,1.00469056e+06,30.0,0.0,0.0,0.0,0.0,0.0,0.0,0.0,0.0,3.0,,32.37405,,,,,,,,,0.0,0.0,0.0,0.0,-8.39,,,,,,Master only (1),-8.4,,,,,,0.0,,,,0.0,0.0,,0.0
-8.38,8.38,2.10701,1.00469056e+06,30.0,0.0,0.0,0.0,0.0,0.0,0.0,0.0,0.0,3.0,,32.38396,,,,,,,,,0.0,0.0,0.0,0.0,-8.38,,,,,,Master only (1),-8.4,,,,,,0.0,,,,0.0,0.0,,0.0
-8.37,8.37,2.10701,1.00469056e+06,30.0,0.0,0.0,0.0,0.0,0.0,0.0,0.0,0.0,3.0,,32.393894,,,,,,,,,0.0,0.0,0.0,0.0,-8.37,,,,,,Master only (1),-8.4,,,,,,0.0,,,,0.0,0.0,,0.0
-8.36,8.36,2.10701,1.00469056e+06,30.0,0.0,0.0,0.0,0.0,0.0,0.0,0.0,0.0,3.0,,32.403816,,,,,,,,,0.0,0.0,0.0,0.0,-8.36,,,,,,Master only (1),-8.4,,,,,,0.0,,,,0.0,0.0,,0.0
-8.35,8.35,2.10701,1.00469056e+06,30.0,0.0,0.0,0.0,0.0,0.0,0.0,0.0,0.0,3.0,,32.413746,,,,,,,,,0.0,0.0,0.0,0.0,-8.35,,,,,,Master only (1),-8.4,,,,,,0.0,,,,0.0,0.0,,0.0
-8.34,8.34,2.10701,1.00469056e+06,30.0,0.0,0.0,0.0,0.0,0.0,0.0,0.0,0.0,3.0,,32.423676,,,,,,,,,0.0,0.0,0.0,0.0,-8.34,,,,,,Master only (1),-8.3,,,,,,0.0,,,,0.0,0.0,,0.0
-8.33,8.33,2.10701,1.00469056e+06,30.0,0.0,0.0,0.0,0.0,0.0,0.0,0.0,0.0,3.0,,32.433613,,,,,,,,,0.0,0.0,0.0,0.0,-8.33,,,,,,Master only (1),-8.3,,,,,,0.0,,,,0.0,0.0,,0.0
-8.32,8.32,2.10701,1.00469056e+06,30.0,0.0,0.0,0.0,0.0,0.0,0.0,0.0,0.0,3.0,,32.443554,,,,,,,,,0.0,0.0,0.0,0.0,-8.32,,,,,,Master only (1),-8.3,,,,,,0.0,,,,0.0,0.0,,0.0
-8.31,8.31,2.10701,1.00469056e+06,30.0,0.0,0.0,0.0,0.0,0.0,0.0,0.0,0.0,3.0,,32.453487,,,,,,,,,0.0,0.0,0.0,0.0,-8.31,,,,,,Master only (1),-8.3,,,,,,0.0,,,,0.0,0.0,,0.0
-8.3,8.3,2.10701,1.00469056e+06,30.0,0.0,0.0,0.0,0.0,0.0,0.0,0.0,0.0,3.0,,32.46344,,,,,,,,,0.0,0.0,0.0,0.0,-8.3,,,,,,Master only (1),-8.3,,,,,,0.0,,,,0.0,0.0,,0.0
-8.29,8.29,2.10701,1.00469056e+06,30.0,0.0,0.0,0.0,0.0,0.0,0.0,0.0,0.0,3.0,,32.47338,,,,,,,,,0.0,0.0,0.0,0.0,-8.29,,,,,,Master only (1),-8.3,,,,,,0.0,,,,0.0,0.0,,0.0
-8.28,8.28,2.10701,1.00469056e+06,30.0,0.0,0.0,0.0,0.0,0.0,0.0,0.0,0.0,3.0,,32.483334,,,,,,,,,0.0,0.0,0.0,0.0,-8.28,,,,,,Master only (1),-8.3,,,,,,0.0,,,,0.0,0.0,,0.0
-8.27,8.27,2.10701,1.00469056e+06,30.0,0.0,0.0,0.0,0.0,0.0,0.0,0.0,0.0,3.0,,32.493282,,,,,,,,,0.0,0.0,0.0,0.0,-8.27,,,,,,Master only (1),-8.3,,,,,,0.0,,,,0.0,0.0,,0.0
-8.26,8.26,2.10701,1.00469056e+06,30.0,0.0,0.0,0.0,0.0,0.0,0.0,0.0,0.0,3.0,,32.50324,,,,,,,,,0.0,0.0,0.0,0.0,-8.26,,,,,,Master only (1),-8.3,,,,,,0.0,,,,0.0,0.0,,0.0
-8.25,8.25,2.10701,1.00469056e+06,30.0,0.0,0.0,0.0,0.0,0.0,0.0,0.0,0.0,3.0,,32.513203,,,,,,,,,0.0,0.0,0.0,0.0,-8.25,,,,,,Master only (1),-8.2,,,,,,0.0,,,,0.0,0.0,,0.0
-8.24,8.24,2.10701,1.00469056e+06,30.0,0.0,0.0,0.0,0.0,0.0,0.0,0.0,0.0,3.0,,32.52316,,,,,,,,,0.0,0.0,0.0,0.0,-8.24,,,,,,Master only (1),-8.2,,,,,,0.0,,,,0.0,0.0,,0.0
-8.23,8.23,2.10701,1.00469056e+06,30.0,0.0,0.0,0.0,0.0,0.0,0.0,0.0,0.0,3.0,,32.533127,,,,,,,,,0.0,0.0,0.0,0.0,-8.23,,,,,,Master only (1),-8.2,,,,,,0.0,,,,0.0,0.0,,0.0
-8.22,8.22,2.10701,1.00469056e+06,30.0,0.0,0.0,0.0,0.0,0.0,0.0,0.0,0.0,3.0,,32.543095,,,,,,,,,0.0,0.0,0.0,0.0,-8.22,,,,,,Master only (1),-8.2,,,,,,0.0,,,,0.0,0.0,,0.0
-8.21,8.21,2.10701,1.00469056e+06,30.0,0.0,0.0,0.0,0.0,0.0,0.0,0.0,0.0,3.0,,32.553062,,,,,,,,,0.0,0.0,0.0,0.0,-8.21,,,,,,Master only (1),-8.2,,,,,,0.0,,,,0.0,0.0,,0.0
-8.2,8.2,2.10701,1.00469056e+06,30.0,0.0,0.0,0.0,0.0,0.0,0.0,0.0,0.0,3.0,,32.563053,,,,,,,,,0.0,0.0,0.0,0.0,-8.2,,,,,,Master only (1),-8.2,,,,,,0.0,,,,0.0,0.0,,0.0
-8.19,8.19,2.10701,1.00469056e+06,30.0,0.0,0.0,0.0,0.0,0.0,0.0,0.0,0.0,3.0,,32.573025,,,,,,,,,0.0,0.0,0.0,0.0,-8.19,,,,,,Master only (1),-8.2,,,,,,0.0,,,,0.0,0.0,,0.0
-8.18,8.18,2.10701,1.00469056e+06,30.0,0.0,0.0,0.0,0.0,0.0,0.0,0.0,0.0,3.0,,32.583004,,,,,,,,,0.0,0.0,0.0,0.0,-8.18,,,,,,Master only (1),-8.2,,,,,,0.0,,,,0.0,0.0,,0.0
-8.17,8.17,2.10701,1.00469056e+06,30.0,0.0,0.0,0.0,0.0,0.0,0.0,0.0,0.0,3.0,,32.592987,,,,,,,,,0.0,0.0,0.0,0.0,-8.17,,,,,,Master only (1),-8.2,,,,,,0.0,,,,0.0,0.0,,0.0
-8.16,8.16,2.10701,1.00469056e+06,30.0,0.0,0.0,0.0,0.0,0.0,0.0,0.0,0.0,3.0,,32.60298,,,,,,,,,0.0,0.0,0.0,0.0,-8.16,,,,,,Master only (1),-8.2,,,,,,0.0,,,,0.0,0.0,,0.0
-8.15,8.15,2.10701,1.00469056e+06,30.0,0.0,9.208796,0.0,1.0516225,0.0,1.0096303,0.0,66.845566,2.0,,20.314125,,20.314125,20.314125,,12.225475,,0.058597587,346.6717,1.0,0.0,0.0,2001.0,-8.15,,24.0,,,,Master only (1),-8.1,,24.0,20.321253,20.321253,,66.845566,4.202385,-1.7926993,-0.4460202,223.4944,0.0,0.0,1.0
-8.14,8.14,2.10701,1.00469056e+06,30.0,0.0,9.208949,0.0,1.0515759,0.0,1.009636,0.0,66.84916,2.0,28.735088,20.31483,,20.31483,20.31483,,12.225709,,0.05859647,346.69037,1.0,0.0,0.0,2001.0,-8.14,,24.0,,,,Master only (1),-8.1,,24.0,20.321253,20.321253,,66.84916,4.202439,-1.7926993,-0.4460202,223.4944,0.0,0.0,1.0
-8.13,8.13,2.10701,1.00469056e+06,30.0,0.0,9.209108,0.0,1.0515295,0.0,1.009642,0.0,66.8529,2.0,28.775894,20.315563,,20.315563,20.315563,,12.225951,,0.058595307,346.70972,1.0,0.0,0.0,2001.0,-8.13,,24.0,,,,Master only (1),-8.1,,24.0,20.321253,20.321253,,66.8529,4.2024946,-1.7926993,-0.4460202,223.4944,0.0,0.0,1.0
-8.12,8.12,2.10701,1.00469056e+06,30.0,0.0,9.209259,0.0,1.0514828,0.0,1.0096476,0.0,66.85643,2.0,28.81672,20.316256,,20.316256,20.316256,,12.22618,,0.05859421,346.72806,1.0,0.0,0.0,2001.0,-8.12,,24.0,,,,Master only (1),-8.1,,24.0,20.321253,20.321253,,66.85643,4.2025476,-1.7926993,-0.4460202,223.4944,0.0,0.0,1.0
-8.11,8.11,2.10701,1.00469056e+06,30.0,0.0,9.209413,0.0,1.0514362,0.0,1.0096533,0.0,66.86002,2.0,28.857635,20.316961,,20.316961,20.316961,,12.226414,,0.05859309,346.7467,1.0,0.0,0.0,2001.0,-8.11,,24.0,,,,Master only (1),-8.1,,24.0,20.321253,20.321253,,66.86002,4.2026014,-1.7926993,-0.4460202,223.4944,0.0,0.0,1.0
-8.1,8.1,2.10701,1.00469056e+06,30.0,0.0,9.209557,0.0,1.0513892,0.0,1.0096587,0.0,66.8634,2.0,28.898602,20.317623,,20.317623,20.317623,,12.226633,,0.05859204,346.76422,1.0,0.0,0.0,2001.0,-8.1,,24.0,2.7794142,3.671692,1.7917595,Matched (3),-8.1,,24.0,20.321253,20.321253,,66.8634,4.202652,-1.7926993,-0.4460202,223.4944,0.0,0.0,1.0
-8.09,8.09,2.10701,1.00469056e+06,30.0,0.0,9.209713,0.0,1.0513427,0.0,1.0096645,0.0,66.86707,2.0,28.939623,20.318342,,20.318342,20.318342,,12.226871,,0.0585909,346.78323,1.0,0.0,0.0,2001.0,-8.09,,24.0,,,,Master only (1),-8.1,,24.0,20.321253,20.321253,,66.86707,4.202707,-1.7926993,-0.4460202,223.4944,0.0,0.0,1.0
-8.08,8.08,2.10701,1.00469056e+06,30.0,0.0,9.209867,0.0,1.0512961,0.0,1.0096703,0.0,66.87067,2.0,28.980701,20.319048,,20.319048,20.319048,,12.227104,,0.058589783,346.8019,1.0,0.0,0.0,2001.0,-8.08,,24.0,,,,Master only (1),-8.1,,24.0,20.321253,20.321253,,66.87067,4.20276,-1.7926993,-0.4460202,223.4944,0.0,0.0,1.0
-8.07,8.07,2.10701,1.00469056e+06,30.0,0.0,9.210043,0.0,1.0512503,0.0,1.0096768,0.0,66.87481,2.0,29.021833,20.319859,,20.319859,20.319859,,12.227373,,0.058588494,346.82336,1.0,0.0,0.0,2001.0,-8.07,,24.0,,,,Master only (1),-8.1,,24.0,20.321253,20.321253,,66.87481,4.202822,-1.7926993,-0.4460202,223.4944,0.0,0.0,1.0
-8.06,8.06,2.10701,1.00469056e+06,30.0,0.0,9.21019,0.0,1.0512035,0.0,1.0096823,0.0,66.87825,2.0,29.063017,20.320534,,20.320534,20.320534,,12.227596,,0.058587424,346.84122,1.0,0.0,0.0,2001.0,-8.06,,24.0,,,,Master only (1),-8.1,,24.0,20.321253,20.321253,,66.87825,4.2028737,-1.7926993,-0.4460202,223.4944,0.0,0.0,1.0
-8.05,8.05,2.10701,1.00469056e+06,30.0,0.0,9.210346,0.0,1.051157,0.0,1.0096881,0.0,66.88192,2.0,29.104292,20.321253,,20.321253,20.321253,,12.227834,,0.058586285,346.86023,1.0,0.0,0.0,2001.0,-8.05,,24.0,,,,Master only (1),-8.1,,24.0,20.321253,20.321253,,66.88192,4.2029285,-1.7926993,-0.4460202,223.4944,0.0,0.0,1.0
-8.04,8.04,2.10701,1.00469056e+06,30.0,0.0,0.0,0.0,0.0,0.0,0.0,0.0,0.0,3.0,29.145586,32.72306,,,,,,,,,0.0,0.0,0.0,0.0,-8.04,,,,,,Master only (1),-8.0,,,,,,0.0,,,,0.0,0.0,,0.0
-8.03,8.03,2.10701,1.00469056e+06,30.0,0.0,0.0,0.0,0.0,0.0,0.0,0.0,0.0,3.0,29.186968,32.733086,,,,,,,,,0.0,0.0,0.0,0.0,-8.03,,,,,,Master only (1),-8.0,,,,,,0.0,,,,0.0,0.0,,0.0
-8.02,8.02,2.10701,1.00469056e+06,30.0,0.0,0.0,0.0,0.0,0.0,0.0,0.0,0.0,3.0,29.228405,32.74312,,,,,,,,,0.0,0.0,0.0,0.0,-8.02,,,,,,Master only (1),-8.0,,,,,,0.0,,,,0.0,0.0,,0.0
-8.01,8.01,2.10701,1.00469056e+06,30.0,0.0,0.0,0.0,0.0,0.0,0.0,0.0,0.0,3.0,29.26986,32.753155,,,,,,,,,0.0,0.0,0.0,0.0,-8.01,,,,,,Master only (1),-8.0,,,,,,0.0,,,,0.0,0.0,,0.0
-8.0,8.0,2.10701,1.00469056e+06,30.0,0.0,0.0,0.0,0.0,0.0,0.0,0.0,0.0,3.0,29.311409,32.763187,,,,,,,,,0.0,0.0,0.0,0.0,-8.0,,,,,,Master only (1),-8.0,,,,,,0.0,,,,0.0,0.0,,0.0
-7.99,7.99,2.10701,1.00469056e+06,30.0,0.0,0.0,0.0,0.0,0.0,0.0,0.0,0.0,3.0,29.353046,32.773228,,,,,,,,,0.0,0.0,0.0,0.0,-7.99,,,,,,Master only (1),-8.0,,,,,,0.0,,,,0.0,0.0,,0.0
-7.98,7.98,2.10701,1.00469056e+06,30.0,0.0,0.0,0.0,0.0,0.0,0.0,0.0,0.0,3.0,29.394701,32.78327,,,,,,,,,0.0,0.0,0.0,0.0,-7.98,,,,,,Master only (1),-8.0,,,,,,0.0,,,,0.0,0.0,,0.0
-7.97,7.97,2.10701,1.00469056e+06,30.0,0.0,0.0,0.0,0.0,0.0,0.0,0.0,0.0,3.0,29.436413,32.793316,,,,,,,,,0.0,0.0,0.0,0.0,-7.97,,,,,,Master only (1),-8.0,,,,,,0.0,,,,0.0,0.0,,0.0
-7.96,7.96,2.10701,1.00469056e+06,30.0,0.0,0.0,0.0,0.0,0.0,0.0,0.0,0.0,3.0,29.47822,32.80336,,,,,,,,,0.0,0.0,0.0,0.0,-7.96,,,,,,Master only (1),-8.0,,,,,,0.0,,,,0.0,0.0,,0.0
-7.95,7.95,2.10701,1.00469056e+06,30.0,0.0,9.211891,0.0,1.0506915,0.0,1.0097457,0.0,66.91815,2.0,29.520044,20.328354,,20.328354,20.328354,,12.230185,,0.058575023,347.04816,1.0,0.0,0.0,2001.0,-7.95,,24.0,,,,Master only (1),-7.9,,24.0,20.334974,20.334974,,66.91815,4.20347,-1.8797108,-0.44497353,203.3167,0.0,0.0,1.0
-7.94,7.94,2.10701,1.00469056e+06,30.0,0.0,9.212048,0.0,1.0506451,0.0,1.0097516,0.0,66.92182,2.0,29.561956,20.329073,,20.329073,20.329073,,12.230422,,0.058573887,347.06717,1.0,0.0,0.0,2001.0,-7.94,,24.0,,,,Master only (1),-7.9,,24.0,20.334974,20.334974,,66.92182,4.203525,-1.8797108,-0.44497353,203.3167,0.0,0.0,1.0
-7.93,7.93,2.10701,1.00469056e+06,30.0,0.0,9.212212,0.0,1.0505989,0.0,1.0097576,0.0,66.92567,2.0,29.60392,20.329828,,20.329828,20.329828,,12.230672,,0.05857269,347.08716,1.0,0.0,0.0,2001.0,-7.93,,24.0,2.751196,3.6265318,1.704748,Matched (3),-7.9,,24.0,20.334974,20.334974,,66.92567,4.203583,-1.8797108,-0.44497353,203.3167,0.0,0.0,1.0
-7.92,7.92,2.10701,1.00469056e+06,30.0,0.0,9.212384,0.0,1.050553,0.0,1.0097641,0.0,66.92972,2.0,29.645945,20.330622,,20.330622,20.330622,,12.230934,,0.058571436,347.10812,1.0,0.0,0.0,2001.0,-7.92,,24.0,,,,Master only (1),-7.9,,24.0,20.334974,20.334974,,66.92972,4.2036433,-1.8797108,-0.44497353,203.3167,0.0,0.0,1.0
-7.91,7.91,2.10701,1.00469056e+06,30.0,0.0,9.212528,0.0,1.0505061,0.0,1.0097694,0.0,66.9331,2.0,29.688028,20.331284,,20.331284,20.331284,,12.2311535,,0.058570385,347.12567,1.0,0.0,0.0,2001.0,-7.91,,24.0,,,,Master only (1),-7.9,,24.0,20.334974,20.334974,,66.9331,4.2036934,-1.8797108,-0.44497353,203.3167,0.0,0.0,1.0
-7.9,7.9,2.10701,1.00469056e+06,30.0,0.0,9.212694,0.0,1.05046,0.0,1.0097756,0.0,66.93699,2.0,29.73016,20.332047,,20.332047,20.332047,,12.231406,,0.058569174,347.14587,1.0,0.0,0.0,2001.0,-7.9,,24.0,,,,Master only (1),-7.9,,24.0,20.334974,20.334974,,66.93699,4.2037516,-1.8797108,-0.44497353,203.3167,0.0,0.0,1.0
-7.89,7.89,2.10701,1.00469056e+06,30.0,0.0,9.21286,0.0,1.050414,0.0,1.0097818,0.0,66.94088,2.0,29.77235,20.33281,,20.33281,20.33281,,12.231658,,0.058567967,347.16605,1.0,0.0,0.0,2001.0,-7.89,,24.0,,,,Master only (1),-7.9,,24.0,20.334974,20.334974,,66.94088,4.2038097,-1.8797108,-0.44497353,203.3167,0.0,0.0,1.0
-7.88,7.88,2.10701,1.00469056e+06,30.0,0.0,9.213004,0.0,1.050367,0.0,1.0097872,0.0,66.94426,2.0,29.814634,20.333471,,20.333471,20.333471,,12.231877,,0.058566917,347.18356,1.0,0.0,0.0,2001.0,-7.88,,24.0,,,,Master only (1),-7.9,,24.0,20.334974,20.334974,,66.94426,4.2038603,-1.8797108,-0.44497353,203.3167,0.0,0.0,1.0
-7.87,7.87,2.10701,1.00469056e+06,30.0,0.0,9.213171,0.0,1.0503209,0.0,1.0097934,0.0,66.94818,2.0,29.856932,20.334238,,20.334238,20.334238,,12.232131,,0.058565702,347.20386,1.0,0.0,0.0,2001.0,-7.87,,24.0,,,,Master only (1),-7.9,,24.0,20.334974,20.334974,,66.94818,4.203919,-1.8797108,-0.44497353,203.3167,0.0,0.0,1.0
-7.86,7.86,2.10701,1.00469056e+06,30.0,0.0,9.213331,0.0,1.0502746,0.0,1.0097994,0.0,66.951935,2.0,29.89933,20.334974,,20.334974,20.334974,,12.232375,,0.058564536,347.22336,1.0,0.0,0.0,2001.0,-7.86,,24.0,,,,Master only (1),-7.9,,24.0,20.334974,20.334974,,66.951935,4.203975,-1.8797108,-0.44497353,203.3167,0.0,0.0,1.0
-7.85,7.85,2.10701,1.00469056e+06,30.0,0.0,9.374871,0.0,1.0564469,0.0,1.0157846,0.0,70.81723,2.0,29.941742,21.084824,,21.084824,21.084824,,12.478439,,0.057409693,367.2694,1.0,0.0,0.0,2001.0,-7.85,,25.0,,,,Master only (1),-7.8,,25.0,21.091223,21.091223,,70.81723,4.2601023,-1.9750209,-0.38837582,210.88028,0.0,0.0,1.0
-7.84,7.84,2.10701,1.00469056e+06,30.0,0.0,9.375024,0.0,1.0564,0.0,1.0157902,0.0,70.82095,2.0,29.984247,21.085537,,21.085537,21.085537,,12.478672,,0.057408623,367.28867,1.0,0.0,0.0,2001.0,-7.84,,25.0,,,,Master only (1),-7.8,,25.0,21.091223,21.091223,,70.82095,4.2601547,-1.9750209,-0.38837582,210.88028,0.0,0.0,1.0
-7.83,7.83,2.10701,1.00469056e+06,30.0,0.0,9.375175,0.0,1.056353,0.0,1.0157958,0.0,70.824646,2.0,30.026806,21.086248,,21.086248,21.086248,,12.478903,,0.05740756,367.30786,1.0,0.0,0.0,2001.0,-7.83,,25.0,,,,Master only (1),-7.8,,25.0,21.091223,21.091223,,70.824646,4.260207,-1.9750209,-0.38837582,210.88028,0.0,0.0,1.0
-7.82,7.82,2.10701,1.00469056e+06,30.0,0.0,9.375321,0.0,1.0563058,0.0,1.0158012,0.0,70.82821,2.0,30.069426,21.086931,,21.086931,21.086931,,12.479126,,0.057406534,367.32632,1.0,0.0,0.0,2001.0,-7.82,,25.0,,,,Master only (1),-7.8,,25.0,21.091223,21.091223,,70.82821,4.2602572,-1.9750209,-0.38837582,210.88028,0.0,0.0,1.0
-7.81,7.81,2.10701,1.00469056e+06,30.0,0.0,9.375483,0.0,1.0562592,0.0,1.0158072,0.0,70.83214,2.0,30.112135,21.087687,,21.087687,21.087687,,12.479371,,0.057405405,367.3467,1.0,0.0,0.0,2001.0,-7.81,,25.0,,,,Master only (1),-7.8,,25.0,21.091223,21.091223,,70.83214,4.260313,-1.9750209,-0.38837582,210.88028,0.0,0.0,1.0
-7.8,7.8,2.10701,1.00469056e+06,30.0,0.0,9.375638,0.0,1.0562122,0.0,1.0158129,0.0,70.83593,2.0,30.154865,21.088415,,21.088415,21.088415,,12.479609,,0.057404313,367.3664,1.0,0.0,0.0,2001.0,-7.8,,25.0,,,,Master only (1),-7.8,,25.0,21.091223,21.091223,,70.83593,4.2603664,-1.9750209,-0.38837582,210.88028,0.0,0.0,1.0
-7.79,7.79,2.10701,1.00469056e+06,30.0,0.0,9.375791,0.0,1.0561652,0.0,1.0158185,0.0,70.83965,2.0,30.19765,21.08913,,21.08913,21.08913,,12.479841,,0.057403244,367.38568,1.0,0.0,0.0,2001.0,-7.79,,25.0,,,,Master only (1),-7.8,,25.0,21.091223,21.091223,,70.83965,4.260419,-1.9750209,-0.38837582,210.88028,0.0,0.0,1.0
-7.78,7.78,2.10701,1.00469056e+06,30.0,0.0,9.375933,0.0,1.0561179,0.0,1.0158237,0.0,70.843124,2.0,30.240534,21.089796,,21.089796,21.089796,,12.480058,,0.057402246,367.4037,1.0,0.0,0.0,2001.0,-7.78,,25.0,,,,Master only (1),-7.8,,25.0,21.091223,21.091223,,70.843124,4.260468,-1.9750209,-0.38837582,210.88028,0.0,0.0,1.0
-7.77,7.77,2.10701,1.00469056e+06,30.0,0.0,9.376079,0.0,1.0560707,0.0,1.0158291,0.0,70.84668,2.0,30.283466,21.09048,,21.09048,21.09048,,12.480281,,0.05740122,367.42215,1.0,0.0,0.0,2001.0,-7.77,,25.0,,,,Master only (1),-7.8,,25.0,21.091223,21.091223,,70.84668,4.260518,-1.9750209,-0.38837582,210.88028,0.0,0.0,1.0
-7.76,7.76,2.10701,1.00469056e+06,30.0,0.0,9.376237,0.0,1.056024,0.0,1.0158349,0.0,70.85055,2.0,30.326426,21.091223,,21.091223,21.091223,,12.480522,,0.05740011,367.4422,1.0,0.0,0.0,2001.0,-7.76,,25.0,2.7175694,3.578125,1.609438,Matched (3),-7.8,,25.0,21.091223,21.091223,,70.85055,4.260573,-1.9750209,-0.38837582,210.88028,0.0,0.0,1.0
-7.75,7.75,2.10701,1.00469056e+06,30.0,0.0,0.0,0.0,0.0,0.0,0.0,0.0,0.0,3.0,30.369474,33.0151,,,,,,,,,0.0,0.0,0.0,0.0,-7.75,,,,,,Master only (1),-7.7,,,,,,0.0,,,,0.0,0.0,,0.0
-7.74,7.74,2.10701,1.00469056e+06,30.0,0.0,0.0,0.0,0.0,0.0,0.0,0.0,0.0,3.0,30.412582,33.025215,,,,,,,,,0.0,0.0,0.0,0.0,-7.74,,,,,,Master only (1),-7.7,,,,,,0.0,,,,0.0,0.0,,0.0
-7.73,7.73,2.10701,1.00469056e+06,30.0,0.0,0.0,0.0,0.0,0.0,0.0,0.0,0.0,3.0,30.455778,33.035336,,,,,,,,,0.0,0.0,0.0,0.0,-7.73,,,,,,Master only (1),-7.7,,,,,,0.0,,,,0.0,0.0,,0.0
-7.72,7.72,2.10701,1.00469056e+06,30.0,0.0,0.0,0.0,0.0,0.0,0.0,0.0,0.0,3.0,30.499,33.045456,,,,,,,,,0.0,0.0,0.0,0.0,-7.72,,,,,,Master only (1),-7.7,,,,,,0.0,,,,0.0,0.0,,0.0
-7.71,7.71,2.10701,1.00469056e+06,30.0,0.0,0.0,0.0,0.0,0.0,0.0,0.0,0.0,3.0,30.542274,33.055576,,,,,,,,,0.0,0.0,0.0,0.0,-7.71,,,,,,Master only (1),-7.7,,,,,,0.0,,,,0.0,0.0,,0.0
-7.7,7.7,2.10701,1.00469056e+06,30.0,0.0,0.0,0.0,0.0,0.0,0.0,0.0,0.0,3.0,30.585646,33.06571,,,,,,,,,0.0,0.0,0.0,0.0,-7.7,,,,,,Master only (1),-7.7,,,,,,0.0,,,,0.0,0.0,,0.0
-7.69,7.69,2.10701,1.00469056e+06,30.0,0.0,0.0,0.0,0.0,0.0,0.0,0.0,0.0,3.0,30.629042,33.075832,,,,,,,,,0.0,0.0,0.0,0.0,-7.69,,,,,,Master only (1),-7.7,,,,,,0.0,,,,0.0,0.0,,0.0
-7.68,7.68,2.10701,1.00469056e+06,30.0,0.0,0.0,0.0,0.0,0.0,0.0,0.0,0.0,3.0,30.672522,33.08598,,,,,,,,,0.0,0.0,0.0,0.0,-7.68,,,,,,Master only (1),-7.7,,,,,,0.0,,,,0.0,0.0,,0.0
-7.67,7.67,2.10701,1.00469056e+06,30.0,0.0,0.0,0.0,0.0,0.0,0.0,0.0,0.0,3.0,30.716066,33.09611,,,,,,,,,0.0,0.0,0.0,0.0,-7.67,,,,,,Master only (1),-7.7,,,,,,0.0,,,,0.0,0.0,,0.0
-7.66,7.66,2.10701,1.00469056e+06,30.0,0.0,0.0,0.0,0.0,0.0,0.0,0.0,0.0,3.0,30.75967,33.106255,,,,,,,,,0.0,0.0,0.0,0.0,-7.66,,,,,,Master only (1),-7.7,,,,,,0.0,,,,0.0,0.0,,0.0
-7.65,7.65,2.10701,1.00469056e+06,30.0,0.0,0.0,0.0,0.0,0.0,0.0,0.0,0.0,3.0,30.803326,33.116405,,,,,,,,,0.0,0.0,0.0,0.0,-7.65,,,,,,Master only (1),-7.7,,,,,,0.0,,,,0.0,0.0,,0.0
-7.64,7.64,2.10701,1.00469056e+06,30.0,0.0,0.0,0.0,0.0,0.0,0.0,0.0,0.0,3.0,30.84704,33.126545,,,,,,,,,0.0,0.0,0.0,0.0,-7.64,,,,,,Master only (1),-7.6,,,,,,0.0,,,,0.0,0.0,,0.0
-7.63,7.63,2.10701,1.00469056e+06,30.0,0.0,0.0,0.0,0.0,0.0,0.0,0.0,0.0,3.0,30.89085,33.136692,,,,,,,,,0.0,0.0,0.0,0.0,-7.63,,,,,,Master only (1),-7.6,,,,,,0.0,,,,0.0,0.0,,0.0
-7.62,7.62,2.10701,1.00469056e+06,30.0,0.0,0.0,0.0,0.0,0.0,0.0,0.0,0.0,3.0,30.93468,33.146854,,,,,,,,,0.0,0.0,0.0,0.0,-7.62,,,,,,Master only (1),-7.6,,,,,,0.0,,,,0.0,0.0,,0.0
-7.61,7.61,2.10701,1.00469056e+06,30.0,0.0,0.0,0.0,0.0,0.0,0.0,0.0,0.0,3.0,30.97861,33.157005,,,,,,,,,0.0,0.0,0.0,0.0,-7.61,,,,,,Master only (1),-7.6,,,,,,0.0,,,,0.0,0.0,,0.0
-7.6,7.6,2.10701,1.00469056e+06,30.0,0.0,0.0,0.0,0.0,0.0,0.0,0.0,0.0,3.0,31.022556,33.167168,,,,,,,,,0.0,0.0,0.0,0.0,-7.6,,,,,,Master only (1),-7.6,,,,,,0.0,,,,0.0,0.0,,0.0
-7.59,7.59,2.10701,1.00469056e+06,30.0,0.0,0.0,0.0,0.0,0.0,0.0,0.0,0.0,3.0,31.066595,33.17734,,,,,,,,,0.0,0.0,0.0,0.0,-7.59,,,,,,Master only (1),-7.6,,,,,,0.0,,,,0.0,0.0,,0.0
-7.58,7.58,2.10701,1.00469056e+06,30.0,0.0,0.0,0.0,0.0,0.0,0.0,0.0,0.0,3.0,31.1107,33.187496,,,,,,,,,0.0,0.0,0.0,0.0,-7.58,,,,,,Master only (1),-7.6,,,,,,0.0,,,,0.0,0.0,,0.0
-7.57,7.57,2.10701,1.00469056e+06,30.0,0.0,0.0,0.0,0.0,0.0,0.0,0.0,0.0,3.0,31.154858,33.19767,,,,,,,,,0.0,0.0,0.0,0.0,-7.57,,,,,,Master only (1),-7.6,,,,,,0.0,,,,0.0,0.0,,0.0
-7.56,7.56,2.10701,1.00469056e+06,30.0,0.0,0.0,0.0,0.0,0.0,0.0,0.0,0.0,3.0,31.199072,33.207848,,,,,,,,,0.0,0.0,0.0,0.0,-7.56,,,,,,Master only (1),-7.6,,,,,,0.0,,,,0.0,0.0,,0.0
-7.55,7.55,2.10701,1.00469056e+06,30.0,0.0,0.0,0.0,0.0,0.0,0.0,0.0,0.0,3.0,31.243385,33.218006,,,,,,,,,0.0,0.0,0.0,0.0,-7.55,,,,,,Master only (1),-7.6,,,,,,0.0,,,,0.0,0.0,,0.0
-7.54,7.54,2.10701,1.00469056e+06,30.0,0.0,0.0,0.0,0.0,0.0,0.0,0.0,0.0,3.0,31.28772,33.22819,,,,,,,,,0.0,0.0,0.0,0.0,-7.54,,,,,,Master only (1),-7.5,,,,,,0.0,,,,0.0,0.0,,0.0
-7.53,7.53,2.10701,1.00469056e+06,30.0,0.0,0.0,0.0,0.0,0.0,0.0,0.0,0.0,3.0,31.332113,33.238377,,,,,,,,,0.0,0.0,0.0,0.0,-7.53,,,,,,Master only (1),-7.5,,,,,,0.0,,,,0.0,0.0,,0.0
-7.52,7.52,2.10701,1.00469056e+06,30.0,0.0,0.0,0.0,0.0,0.0,0.0,0.0,0.0,3.0,31.376598,33.248566,,,,,,,,,0.0,0.0,0.0,0.0,-7.52,,,,,,Master only (1),-7.5,,,,,,0.0,,,,0.0,0.0,,0.0
-7.51,7.51,2.10701,1.00469056e+06,30.0,0.0,0.0,0.0,0.0,0.0,0.0,0.0,0.0,3.0,31.421148,33.258747,,,,,,,,,0.0,0.0,0.0,0.0,-7.51,,,,,,Master only (1),-7.5,,,,,,0.0,,,,0.0,0.0,,0.0
-7.5,7.5,2.10701,1.00469056e+06,30.0,0.0,0.0,0.0,0.0,0.0,0.0,0.0,0.0,3.0,31.465752,33.26894,,,,,,,,,0.0,0.0,0.0,0.0,-7.5,,,,,,Master only (1),-7.5,,,,,,0.0,,,,0.0,0.0,,0.0
-7.49,7.49,2.10701,1.00469056e+06,30.0,0.0,0.0,0.0,0.0,0.0,0.0,0.0,0.0,3.0,31.510414,33.279137,,,,,,,,,0.0,0.0,0.0,0.0,-7.49,,,,,,Master only (1),-7.5,,,,,,0.0,,,,0.0,0.0,,0.0
-7.48,7.48,2.10701,1.00469056e+06,30.0,0.0,0.0,0.0,0.0,0.0,0.0,0.0,0.0,3.0,31.555143,33.289333,,,,,,,,,0.0,0.0,0.0,0.0,-7.48,,,,,,Master only (1),-7.5,,,,,,0.0,,,,0.0,0.0,,0.0
-7.47,7.47,2.10701,1.00469056e+06,30.0,0.0,0.0,0.0,0.0,0.0,0.0,0.0,0.0,3.0,31.599924,33.29953,,,,,,,,,0.0,0.0,0.0,0.0,-7.47,,,,,,Master only (1),-7.5,,,,,,0.0,,,,0.0,0.0,,0.0
-7.46,7.46,2.10701,1.00469056e+06,30.0,0.0,0.0,0.0,0.0,0.0,0.0,0.0,0.0,3.0,31.644766,33.309734,,,,,,,,,0.0,0.0,0.0,0.0,-7.46,,,,,,Master only (1),-7.5,,,,,,0.0,,,,0.0,0.0,,0.0
-7.45,7.45,2.10701,1.00469056e+06,30.0,0.0,0.0,0.0,0.0,0.0,0.0,0.0,0.0,3.0,31.6897,33.319942,,,,,,,,,0.0,0.0,0.0,0.0,-7.45,,,,,,Master only (1),-7.4,,,,,,0.0,,,,0.0,0.0,,0.0
-7.44,7.44,2.10701,1.00469056e+06,30.0,0.0,0.0,0.0,0.0,0.0,0.0,0.0,0.0,3.0,31.734661,33.330143,,,,,,,,,0.0,0.0,0.0,0.0,-7.44,,,,,,Master only (1),-7.4,,,,,,0.0,,,,0.0,0.0,,0.0
-7.43,7.43,2.10701,1.00469056e+06,30.0,0.0,0.0,0.0,0.0,0.0,0.0,0.0,0.0,3.0,31.77972,33.340366,,,,,,,,,0.0,0.0,0.0,0.0,-7.43,,,,,,Master only (1),-7.4,,,,,,0.0,,,,0.0,0.0,,0.0
-7.42,7.42,2.10701,1.00469056e+06,30.0,0.0,0.0,0.0,0.0,0.0,0.0,0.0,0.0,3.0,31.82484,33.350582,,,,,,,,,0.0,0.0,0.0,0.0,-7.42,,,,,,Master only (1),-7.4,,,,,,0.0,,,,0.0,0.0,,0.0
-7.41,7.41,2.10701,1.00469056e+06,30.0,0.0,0.0,0.0,0.0,0.0,0.0,0.0,0.0,3.0,31.870012,33.360798,,,,,,,,,0.0,0.0,0.0,0.0,-7.41,,,,,,Master only (1),-7.4,,,,,,0.0,,,,0.0,0.0,,0.0
-7.4,7.4,2.10701,1.00469056e+06,30.0,0.0,0.0,0.0,0.0,0.0,0.0,0.0,0.0,3.0,31.915247,33.371025,,,,,,,,,0.0,0.0,0.0,0.0,-7.4,,,,,,Master only (1),-7.4,,,,,,0.0,,,,0.0,0.0,,0.0
-7.39,7.39,2.10701,1.00469056e+06,30.0,0.0,0.0,0.0,0.0,0.0,0.0,0.0,0.0,3.0,31.960546,33.38125,,,,,,,,,0.0,0.0,0.0,0.0,-7.39,,,,,,Master only (1),-7.4,,,,,,0.0,,,,0.0,0.0,,0.0
-7.38,7.38,2.10701,1.00469056e+06,30.0,0.0,0.0,0.0,0.0,0.0,0.0,0.0,0.0,3.0,32.0059,33.391483,,,,,,,,,0.0,0.0,0.0,0.0,-7.38,,,,,,Master only (1),-7.4,,,,,,0.0,,,,0.0,0.0,,0.0
-7.37,7.37,2.10701,1.00469056e+06,30.0,0.0,0.0,0.0,0.0,0.0,0.0,0.0,0.0,3.0,32.051353,33.40171,,,,,,,,,0.0,0.0,0.0,0.0,-7.37,,,,,,Master only (1),-7.4,,,,,,0.0,,,,0.0,0.0,,0.0
-7.36,7.36,2.10701,1.00469056e+06,30.0,0.0,0.0,0.0,0.0,0.0,0.0,0.0,0.0,3.0,32.09683,33.41195,,,,,,,,,0.0,0.0,0.0,0.0,-7.36,,,,,,Master only (1),-7.4,,,,,,0.0,,,,0.0,0.0,,0.0
-7.35,7.35,2.10701,1.00469056e+06,30.0,0.0,0.0,0.0,0.0,0.0,0.0,0.0,0.0,3.0,32.1424,33.42218,,,,,,,,,0.0,0.0,0.0,0.0,-7.35,,,,,,Master only (1),-7.3,,,,,,0.0,,,,0.0,0.0,,0.0
-7.34,7.34,2.10701,1.00469056e+06,30.0,0.0,0.0,0.0,0.0,0.0,0.0,0.0,0.0,3.0,32.188034,33.432426,,,,,,,,,0.0,0.0,0.0,0.0,-7.34,,,,,,Master only (1),-7.3,,,,,,0.0,,,,0.0,0.0,,0.0
-7.33,7.33,2.10701,1.00469056e+06,30.0,0.0,0.0,0.0,0.0,0.0,0.0,0.0,0.0,3.0,32.23373,33.44266,,,,,,,,,0.0,0.0,0.0,0.0,-7.33,,,,,,Master only (1),-7.3,,,,,,0.0,,,,0.0,0.0,,0.0
-7.32,7.32,2.10701,1.00469056e+06,30.0,0.0,0.0,0.0,0.0,0.0,0.0,0.0,0.0,3.0,32.279446,33.45291,,,,,,,,,0.0,0.0,0.0,0.0,-7.32,,,,,,Master only (1),-7.3,,,,,,0.0,,,,0.0,0.0,,0.0
-7.31,7.31,2.10701,1.00469056e+06,30.0,0.0,0.0,0.0,0.0,0.0,0.0,0.0,0.0,3.0,32.325302,33.463165,,,,,,,,,0.0,0.0,0.0,0.0,-7.31,,,,,,Master only (1),-7.3,,,,,,0.0,,,,0.0,0.0,,0.0
-7.3,7.3,2.10701,1.00469056e+06,30.0,0.0,0.0,0.0,0.0,0.0,0.0,0.0,0.0,3.0,32.371178,33.473423,,,,,,,,,0.0,0.0,0.0,0.0,-7.3,,,,,,Master only (1),-7.3,,,,,,0.0,,,,0.0,0.0,,0.0
-7.29,7.29,2.10701,1.00469056e+06,30.0,0.0,0.0,0.0,0.0,0.0,0.0,0.0,0.0,3.0,32.417114,33.48367,,,,,,,,,0.0,0.0,0.0,0.0,-7.29,,,,,,Master only (1),-7.3,,,,,,0.0,,,,0.0,0.0,,0.0
-7.28,7.28,2.10701,1.00469056e+06,30.0,0.0,0.0,0.0,0.0,0.0,0.0,0.0,0.0,3.0,32.463146,33.493935,,,,,,,,,0.0,0.0,0.0,0.0,-7.28,,,,,,Master only (1),-7.3,,,,,,0.0,,,,0.0,0.0,,0.0
-7.27,7.27,2.10701,1.00469056e+06,30.0,0.0,0.0,0.0,0.0,0.0,0.0,0.0,0.0,3.0,32.509205,33.504192,,,,,,,,,0.0,0.0,0.0,0.0,-7.27,,,,,,Master only (1),-7.3,,,,,,0.0,,,,0.0,0.0,,0.0
-7.26,7.26,2.10701,1.00469056e+06,30.0,0.0,0.0,0.0,0.0,0.0,0.0,0.0,0.0,3.0,32.55536,33.51446,,,,,,,,,0.0,0.0,0.0,0.0,-7.26,,,,,,Master only (1),-7.3,,,,,,0.0,,,,0.0,0.0,,0.0
-7.25,7.25,2.10701,1.00469056e+06,30.0,0.0,0.0,0.0,0.0,0.0,0.0,0.0,0.0,3.0,32.60158,33.52473,,,,,,,,,0.0,0.0,0.0,0.0,-7.25,,,,,,Master only (1),-7.2,,,,,,0.0,,,,0.0,0.0,,0.0
-7.24,7.24,2.10701,1.00469056e+06,30.0,0.0,0.0,0.0,0.0,0.0,0.0,0.0,0.0,3.0,32.647854,33.535004,,,,,,,,,0.0,0.0,0.0,0.0,-7.24,,,,,,Master only (1),-7.2,,,,,,0.0,,,,0.0,0.0,,0.0
-7.23,7.23,2.10701,1.00469056e+06,30.0,0.0,0.0,0.0,0.0,0.0,0.0,0.0,0.0,3.0,32.6942,33.545284,,,,,,,,,0.0,0.0,0.0,0.0,-7.23,,,,,,Master only (1),-7.2,,,,,,0.0,,,,0.0,0.0,,0.0
-7.22,7.22,2.10701,1.00469056e+06,30.0,0.0,0.0,0.0,0.0,0.0,0.0,0.0,0.0,3.0,32.740597,33.555557,,,,,,,,,0.0,0.0,0.0,0.0,-7.22,,,,,,Master only (1),-7.2,,,,,,0.0,,,,0.0,0.0,,0.0
-7.21,7.21,2.10701,1.00469056e+06,30.0,0.0,0.0,0.0,0.0,0.0,0.0,0.0,0.0,3.0,32.787064,33.56584,,,,,,,,,0.0,0.0,0.0,0.0,-7.21,,,,,,Master only (1),-7.2,,,,,,0.0,,,,0.0,0.0,,0.0
-7.2,7.2,2.10701,1.00469056e+06,30.0,0.0,0.0,0.0,0.0,0.0,0.0,0.0,0.0,3.0,32.833622,33.576138,,,,,,,,,0.0,0.0,0.0,0.0,-7.2,,,,,,Master only (1),-7.2,,,,,,0.0,,,,0.0,0.0,,0.0
-7.19,7.19,2.10701,1.00469056e+06,30.0,0.0,0.0,0.0,0.0,0.0,0.0,0.0,0.0,3.0,32.880207,33.58642,,,,,,,,,0.0,0.0,0.0,0.0,-7.19,,,,,,Master only (1),-7.2,,,,,,0.0,,,,0.0,0.0,,0.0
-7.18,7.18,2.10701,1.00469056e+06,30.0,0.0,0.0,0.0,0.0,0.0,0.0,0.0,0.0,3.0,32.926895,33.59671,,,,,,,,,0.0,0.0,0.0,0.0,-7.18,,,,,,Master only (1),-7.2,,,,,,0.0,,,,0.0,0.0,,0.0
-7.17,7.17,2.10701,1.00469056e+06,30.0,0.0,0.0,0.0,0.0,0.0,0.0,0.0,0.0,3.0,32.973602,33.607002,,,,,,,,,0.0,0.0,0.0,0.0,-7.17,,,,,,Master only (1),-7.2,,,,,,0.0,,,,0.0,0.0,,0.0
-7.16,7.16,2.10701,1.00469056e+06,30.0,0.0,0.0,0.0,0.0,0.0,0.0,0.0,0.0,3.0,33.020416,33.617302,,,,,,,,,0.0,0.0,0.0,0.0,-7.16,,,,,,Master only (1),-7.2,,,,,,0.0,,,,0.0,0.0,,0.0
-7.15,7.15,2.10701,1.00469056e+06,30.0,0.0,0.0,0.0,0.0,0.0,0.0,0.0,0.0,3.0,33.067284,33.6276,,,,,,,,,0.0,0.0,0.0,0.0,-7.15,,,,,,Master only (1),-7.2,,,,,,0.0,,,,0.0,0.0,,0.0
-7.14,7.14,2.10701,1.00469056e+06,30.0,0.0,0.0,0.0,0.0,0.0,0.0,0.0,0.0,3.0,33.114212,33.6379,,,,,,,,,0.0,0.0,0.0,0.0,-7.14,,,,,,Master only (1),-7.1,,,,,,0.0,,,,0.0,0.0,,0.0
-7.13,7.13,2.10701,1.00469056e+06,30.0,0.0,0.0,0.0,0.0,0.0,0.0,0.0,0.0,3.0,33.161247,33.648216,,,,,,,,,0.0,0.0,0.0,0.0,-7.13,,,,,,Master only (1),-7.1,,,,,,0.0,,,,0.0,0.0,,0.0
-7.12,7.12,2.10701,1.00469056e+06,30.0,0.0,0.0,0.0,0.0,0.0,0.0,0.0,0.0,3.0,33.208305,33.65852,,,,,,,,,0.0,0.0,0.0,0.0,-7.12,,,,,,Master only (1),-7.1,,,,,,0.0,,,,0.0,0.0,,0.0
-7.11,7.11,2.10701,1.00469056e+06,30.0,0.0,0.0,0.0,0.0,0.0,0.0,0.0,0.0,3.0,33.255463,33.66884,,,,,,,,,0.0,0.0,0.0,0.0,-7.11,,,,,,Master only (1),-7.1,,,,,,0.0,,,,0.0,0.0,,0.0
-7.1,7.1,2.10701,1.00469056e+06,30.0,0.0,0.0,0.0,0.0,0.0,0.0,0.0,0.0,3.0,33.30265,33.679165,,,,,,,,,0.0,0.0,0.0,0.0,-7.1,,,,,,Master only (1),-7.1,,,,,,0.0,,,,0.0,0.0,,0.0
-7.09,7.09,2.10701,1.00469056e+06,30.0,0.0,0.0,0.0,0.0,0.0,0.0,0.0,0.0,3.0,33.34993,33.689472,,,,,,,,,0.0,0.0,0.0,0.0,-7.09,,,,,,Master only (1),-7.1,,,,,,0.0,,,,0.0,0.0,,0.0
-7.08,7.08,2.10701,1.00469056e+06,30.0,0.0,0.0,0.0,0.0,0.0,0.0,0.0,0.0,3.0,33.397274,33.6998,,,,,,,,,0.0,0.0,0.0,0.0,-7.08,,,,,,Master only (1),-7.1,,,,,,0.0,,,,0.0,0.0,,0.0
-7.07,7.07,2.10701,1.00469056e+06,30.0,0.0,0.0,0.0,0.0,0.0,0.0,0.0,0.0,3.0,33.444683,33.71013,,,,,,,,,0.0,0.0,0.0,0.0,-7.07,,,,,,Master only (1),-7.1,,,,,,0.0,,,,0.0,0.0,,0.0
-7.06,7.06,2.10701,1.00469056e+06,30.0,0.0,0.0,0.0,0.0,0.0,0.0,0.0,0.0,3.0,33.492153,33.72045,,,,,,,,,0.0,0.0,0.0,0.0,-7.06,,,,,,Master only (1),-7.1,,,,,,0.0,,,,0.0,0.0,,0.0
-7.05,7.05,2.10701,1.00469056e+06,30.0,0.0,0.0,0.0,0.0,0.0,0.0,0.0,0.0,3.0,33.539684,33.730785,,,,,,,,,0.0,0.0,0.0,0.0,-7.05,,,,,,Master only (1),-7.1,,,,,,0.0,,,,0.0,0.0,,0.0
-7.04,7.04,2.10701,1.00469056e+06,30.0,0.0,0.0,0.0,0.0,0.0,0.0,0.0,0.0,3.0,33.587284,33.741127,,,,,,,,,0.0,0.0,0.0,0.0,-7.04,,,,,,Master only (1),-7.0,,,,,,0.0,,,,0.0,0.0,,0.0
-7.03,7.03,2.10701,1.00469056e+06,30.0,0.0,0.0,0.0,0.0,0.0,0.0,0.0,0.0,3.0,33.63498,33.75146,,,,,,,,,0.0,0.0,0.0,0.0,-7.03,,,,,,Master only (1),-7.0,,,,,,0.0,,,,0.0,0.0,,0.0
-7.02,7.02,2.10701,1.00469056e+06,30.0,0.0,0.0,0.0,0.0,0.0,0.0,0.0,0.0,3.0,33.6827,33.761806,,,,,,,,,0.0,0.0,0.0,0.0,-7.02,,,,,,Master only (1),-7.0,,,,,,0.0,,,,0.0,0.0,,0.0
-7.01,7.01,2.10701,1.00469056e+06,30.0,0.0,0.0,0.0,0.0,0.0,0.0,0.0,0.0,3.0,33.730522,33.772152,,,,,,,,,0.0,0.0,0.0,0.0,-7.01,,,,,,Master only (1),-7.0,,,,,,0.0,,,,0.0,0.0,,0.0
-7.0,7.0,2.10701,1.00469056e+06,30.0,0.0,0.0,0.0,0.0,0.0,0.0,0.0,0.0,3.0,33.778416,33.7825,,,,,,,,,0.0,0.0,0.0,0.0,-7.0,,,,,,Master only (1),-7.0,,,,,,0.0,,,,0.0,0.0,,0.0
-6.99,6.99,2.10701,1.00469056e+06,30.0,0.0,0.0,0.0,0.0,0.0,0.0,0.0,0.0,3.0,33.82633,33.79285,,,,,,,,,0.0,0.0,0.0,0.0,-6.99,,,,,,Master only (1),-7.0,,,,,,0.0,,,,0.0,0.0,,0.0
-6.98,6.98,2.10701,1.00469056e+06,30.0,0.0,0.0,0.0,0.0,0.0,0.0,0.0,0.0,3.0,33.874336,33.803207,,,,,,,,,0.0,0.0,0.0,0.0,-6.98,,,,,,Master only (1),-7.0,,,,,,0.0,,,,0.0,0.0,,0.0
-6.97,6.97,2.10701,1.00469056e+06,30.0,0.0,0.0,0.0,0.0,0.0,0.0,0.0,0.0,3.0,31.172438,33.81356,,,,,,,,,0.0,0.0,0.0,0.0,-6.97,,,,,,Master only (1),-7.0,,,,,,0.0,,,,0.0,0.0,,0.0
-6.96,6.96,2.10701,1.00469056e+06,30.0,0.0,0.0,0.0,0.0,0.0,0.0,0.0,0.0,3.0,31.216675,33.82392,,,,,,,,,0.0,0.0,0.0,0.0,-6.96,,,,,,Master only (1),-7.0,,,,,,0.0,,,,0.0,0.0,,0.0
-6.95,6.95,2.10701,1.00469056e+06,30.0,0.0,8.728402,0.0,1.0264622,0.0,0.9914053,0.0,56.225853,2.0,31.260975,18.168661,,18.168661,18.168661,,11.497526,,0.062307607,291.5962,1.0,0.0,0.0,2001.0,-6.95,,21.0,,,,Master only (1),-6.9,,21.0,18.17576,18.17576,,56.225853,4.0293765,-1.9750209,-0.61896664,181.72194,0.0,0.0,1.0
-6.94,6.94,2.10701,1.00469056e+06,30.0,0.0,8.728578,0.0,1.026418,0.0,0.9914121,0.0,56.229504,2.0,31.305367,18.169422,,18.169422,18.169422,,11.497791,,0.062306173,291.6151,1.0,0.0,0.0,2001.0,-6.94,,21.0,,,,Master only (1),-6.9,,21.0,18.17576,18.17576,,56.229504,4.0294414,-1.9750209,-0.61896664,181.72194,0.0,0.0,1.0
-6.93,6.93,2.10701,1.00469056e+06,30.0,0.0,8.728756,0.0,1.0263737,0.0,0.99141896,0.0,56.233215,2.0,31.34978,18.170197,,18.170197,18.170197,,11.49806,,0.062304713,291.63437,1.0,0.0,0.0,2001.0,-6.93,,21.0,2.8721187,3.6401966,1.609438,Matched (3),-6.9,,21.0,18.17576,18.17576,,56.233215,4.0295076,-1.9750209,-0.61896664,181.72194,0.0,0.0,1.0
-6.92,6.92,2.10701,1.00469056e+06,30.0,0.0,8.728933,0.0,1.0263295,0.0,0.9914258,0.0,56.236904,2.0,31.39429,18.170965,,18.170965,18.170965,,11.498328,,0.062303264,291.6535,1.0,0.0,0.0,2001.0,-6.92,,21.0,,,,Master only (1),-6.9,,21.0,18.17576,18.17576,,56.236904,4.029573,-1.9750209,-0.61896664,181.72194,0.0,0.0,1.0
-6.91,6.91,2.10701,1.00469056e+06,30.0,0.0,8.729123,0.0,1.0262858,0.0,0.99143314,0.0,56.240852,2.0,31.438854,18.17179,,18.17179,18.17179,,11.498614,,0.062301714,291.67398,1.0,0.0,0.0,2001.0,-6.91,,21.0,,,,Master only (1),-6.9,,21.0,18.17576,18.17576,,56.240852,4.0296435,-1.9750209,-0.61896664,181.72194,0.0,0.0,1.0
-6.9,6.9,2.10701,1.00469056e+06,30.0,0.0,8.7293005,0.0,1.0262415,0.0,0.99144,0.0,56.24454,2.0,31.483484,18.172558,,18.172558,18.172558,,11.498882,,0.06230026,291.6931,1.0,0.0,0.0,2001.0,-6.9,,21.0,,,,Master only (1),-6.9,,21.0,18.17576,18.17576,,56.24454,4.029709,-1.9750209,-0.61896664,181.72194,0.0,0.0,1.0
-6.89,6.89,2.10701,1.00469056e+06,30.0,0.0,8.729492,0.0,1.0261979,0.0,0.9914474,0.0,56.24853,2.0,31.528173,18.17339,,18.17339,18.17339,,11.499171,,0.062298696,291.7138,1.0,0.0,0.0,2001.0,-6.89,,21.0,,,,Master only (1),-6.9,,21.0,18.17576,18.17576,,56.24853,4.02978,-1.9750209,-0.61896664,181.72194,0.0,0.0,1.0
-6.88,6.88,2.10701,1.00469056e+06,30.0,0.0,8.729682,0.0,1.0261542,0.0,0.9914547,0.0,56.25248,2.0,31.572914,18.174213,,18.174213,18.174213,,11.499458,,0.06229714,291.7343,1.0,0.0,0.0,2001.0,-6.88,,21.0,2.7489502,3.680539,1.609438,Matched (3),-6.9,,21.0,18.17576,18.17576,,56.25248,4.02985,-1.9750209,-0.61896664,181.72194,0.0,0.0,1.0
-6.87,6.87,2.10701,1.00469056e+06,30.0,0.0,8.729859,0.0,1.0261099,0.0,0.9914616,0.0,56.256172,2.0,31.617723,18.174982,,18.174982,18.174982,,11.499725,,0.062295694,291.75342,1.0,0.0,0.0,2001.0,-6.87,,21.0,,,,Master only (1),-6.9,,21.0,18.17576,18.17576,,56.256172,4.029916,-1.9750209,-0.61896664,181.72194,0.0,0.0,1.0
-6.86,6.86,2.10701,1.00469056e+06,30.0,0.0,8.730039,0.0,1.0260658,0.0,0.9914685,0.0,56.259903,2.0,31.662624,18.17576,,18.17576,18.17576,,11.499996,,0.062294226,291.7728,1.0,0.0,0.0,2001.0,-6.86,,21.0,,,,Master only (1),-6.9,,21.0,18.17576,18.17576,,56.259903,4.029982,-1.9750209,-0.61896664,181.72194,0.0,0.0,1.0
-6.85,6.85,2.10701,1.00469056e+06,30.0,0.0,0.0,0.0,0.0,0.0,0.0,0.0,0.0,3.0,31.707544,33.938103,,,,,,,,,0.0,0.0,0.0,0.0,-6.85,,,,,,Master only (1),-6.8,,,,,,0.0,,,,0.0,0.0,,0.0
-6.84,6.84,2.10701,1.00469056e+06,30.0,0.0,0.0,0.0,0.0,0.0,0.0,0.0,0.0,3.0,31.752565,33.94851,,,,,,,,,0.0,0.0,0.0,0.0,-6.84,,,,,,Master only (1),-6.8,,,,,,0.0,,,,0.0,0.0,,0.0
-6.83,6.83,2.10701,1.00469056e+06,30.0,0.0,0.0,0.0,0.0,0.0,0.0,0.0,0.0,3.0,31.797644,33.958908,,,,,,,,,0.0,0.0,0.0,0.0,-6.83,,,,,,Master only (1),-6.8,,,,,,0.0,,,,0.0,0.0,,0.0
-6.82,6.82,2.10701,1.00469056e+06,30.0,0.0,0.0,0.0,0.0,0.0,0.0,0.0,0.0,3.0,31.842783,33.96931,,,,,,,,,0.0,0.0,0.0,0.0,-6.82,,,,,,Master only (1),-6.8,,,,,,0.0,,,,0.0,0.0,,0.0
-6.81,6.81,2.10701,1.00469056e+06,30.0,0.0,0.0,0.0,0.0,0.0,0.0,0.0,0.0,3.0,31.887978,33.97972,,,,,,,,,0.0,0.0,0.0,0.0,-6.81,,,,,,Master only (1),-6.8,,,,,,0.0,,,,0.0,0.0,,0.0
-6.8,6.8,2.10701,1.00469056e+06,30.0,0.0,0.0,0.0,0.0,0.0,0.0,0.0,0.0,3.0,31.933237,33.99013,,,,,,,,,0.0,0.0,0.0,0.0,-6.8,,,,,,Master only (1),-6.8,,,,,,0.0,,,,0.0,0.0,,0.0
-6.79,6.79,2.10701,1.00469056e+06,30.0,0.0,0.0,0.0,0.0,0.0,0.0,0.0,0.0,3.0,31.978558,34.000553,,,,,,,,,0.0,0.0,0.0,0.0,-6.79,,,,,,Master only (1),-6.8,,,,,,0.0,,,,0.0,0.0,,0.0
-6.78,6.78,2.10701,1.00469056e+06,30.0,0.0,0.0,0.0,0.0,0.0,0.0,0.0,0.0,3.0,32.02393,34.010975,,,,,,,,,0.0,0.0,0.0,0.0,-6.78,,,,,,Master only (1),-6.8,,,,,,0.0,,,,0.0,0.0,,0.0
-6.77,6.77,2.10701,1.00469056e+06,30.0,0.0,0.0,0.0,0.0,0.0,0.0,0.0,0.0,3.0,32.06941,34.021397,,,,,,,,,0.0,0.0,0.0,0.0,-6.77,,,,,,Master only (1),-6.8,,,,,,0.0,,,,0.0,0.0,,0.0
-6.76,6.76,2.10701,1.00469056e+06,30.0,0.0,0.0,0.0,0.0,0.0,0.0,0.0,0.0,3.0,32.114944,34.031807,,,,,,,,,0.0,0.0,0.0,0.0,-6.76,,,,,,Master only (1),-6.8,,,,,,0.0,,,,0.0,0.0,,0.0
-6.75,6.75,2.10701,1.00469056e+06,30.0,0.0,0.0,0.0,0.0,0.0,0.0,0.0,0.0,3.0,32.160503,34.042248,,,,,,,,,0.0,0.0,0.0,0.0,-6.75,,,,,,Master only (1),-6.7,,,,,,0.0,,,,0.0,0.0,,0.0
-6.74,6.74,2.10701,1.00469056e+06,30.0,0.0,0.0,0.0,0.0,0.0,0.0,0.0,0.0,3.0,32.206158,34.05268,,,,,,,,,0.0,0.0,0.0,0.0,-6.74,,,,,,Master only (1),-6.7,,,,,,0.0,,,,0.0,0.0,,0.0
-6.73,6.73,2.10701,1.00469056e+06,30.0,0.0,0.0,0.0,0.0,0.0,0.0,0.0,0.0,3.0,32.251873,34.06311,,,,,,,,,0.0,0.0,0.0,0.0,-6.73,,,,,,Master only (1),-6.7,,,,,,0.0,,,,0.0,0.0,,0.0
-6.72,6.72,2.10701,1.00469056e+06,30.0,0.0,0.0,0.0,0.0,0.0,0.0,0.0,0.0,3.0,32.29765,34.073547,,,,,,,,,0.0,0.0,0.0,0.0,-6.72,,,,,,Master only (1),-6.7,,,,,,0.0,,,,0.0,0.0,,0.0
-6.71,6.71,2.10701,1.00469056e+06,30.0,0.0,0.0,0.0,0.0,0.0,0.0,0.0,0.0,3.0,32.343487,34.08399,,,,,,,,,0.0,0.0,0.0,0.0,-6.71,,,,,,Master only (1),-6.7,,,,,,0.0,,,,0.0,0.0,,0.0
-6.7,6.7,2.10701,1.00469056e+06,30.0,0.0,0.0,0.0,0.0,0.0,0.0,0.0,0.0,3.0,32.389423,34.09443,,,,,,,,,0.0,0.0,0.0,0.0,-6.7,,,,,,Master only (1),-6.7,,,,,,0.0,,,,0.0,0.0,,0.0
-6.69,6.69,2.10701,1.00469056e+06,30.0,0.0,0.0,0.0,0.0,0.0,0.0,0.0,0.0,3.0,32.43538,34.10487,,,,,,,,,0.0,0.0,0.0,0.0,-6.69,,,,,,Master only (1),-6.7,,,,,,0.0,,,,0.0,0.0,,0.0
-6.68,6.68,2.10701,1.00469056e+06,30.0,0.0,0.0,0.0,0.0,0.0,0.0,0.0,0.0,3.0,32.481438,34.115334,,,,,,,,,0.0,0.0,0.0,0.0,-6.68,,,,,,Master only (1),-6.7,,,,,,0.0,,,,0.0,0.0,,0.0
-6.67,6.67,2.10701,1.00469056e+06,30.0,0.0,0.0,0.0,0.0,0.0,0.0,0.0,0.0,3.0,32.52752,34.12578,,,,,,,,,0.0,0.0,0.0,0.0,-6.67,,,,,,Master only (1),-6.7,,,,,,0.0,,,,0.0,0.0,,0.0
-6.66,6.66,2.10701,1.00469056e+06,30.0,0.0,0.0,0.0,0.0,0.0,0.0,0.0,0.0,3.0,32.5737,34.13623,,,,,,,,,0.0,0.0,0.0,0.0,-6.66,,,,,,Master only (1),-6.7,,,,,,0.0,,,,0.0,0.0,,0.0
-6.65,6.65,2.10701,1.00469056e+06,30.0,0.0,0.0,0.0,0.0,0.0,0.0,0.0,0.0,3.0,32.619934,34.146698,,,,,,,,,0.0,0.0,0.0,0.0,-6.65,,,,,,Master only (1),-6.7,,,,,,0.0,,,,0.0,0.0,,0.0
-6.64,6.64,2.10701,1.00469056e+06,30.0,0.0,0.0,0.0,0.0,0.0,0.0,0.0,0.0,3.0,32.666237,34.157158,,,,,,,,,0.0,0.0,0.0,0.0,-6.64,,,,,,Master only (1),-6.6,,,,,,0.0,,,,0.0,0.0,,0.0
-6.63,6.63,2.10701,1.00469056e+06,30.0,0.0,0.0,0.0,0.0,0.0,0.0,0.0,0.0,3.0,32.7126,34.167633,,,,,,,,,0.0,0.0,0.0,0.0,-6.63,,,,,,Master only (1),-6.6,,,,,,0.0,,,,0.0,0.0,,0.0
-6.62,6.62,2.10701,1.00469056e+06,30.0,0.0,0.0,0.0,0.0,0.0,0.0,0.0,0.0,3.0,32.759056,34.178093,,,,,,,,,0.0,0.0,0.0,0.0,-6.62,,,,,,Master only (1),-6.6,,,,,,0.0,,,,0.0,0.0,,0.0
-6.61,6.61,2.10701,1.00469056e+06,30.0,0.0,0.0,0.0,0.0,0.0,0.0,0.0,0.0,3.0,32.805542,34.188576,,,,,,,,,0.0,0.0,0.0,0.0,-6.61,,,,,,Master only (1),-6.6,,,,,,0.0,,,,0.0,0.0,,0.0
-6.6,6.6,2.10701,1.00469056e+06,30.0,0.0,0.0,0.0,0.0,0.0,0.0,0.0,0.0,3.0,32.852123,34.19904,,,,,,,,,0.0,0.0,0.0,0.0,-6.6,,,,,,Master only (1),-6.6,,,,,,0.0,,,,0.0,0.0,,0.0
-6.59,6.59,2.10701,1.00469056e+06,30.0,0.0,0.0,0.0,0.0,0.0,0.0,0.0,0.0,3.0,32.898735,34.209522,,,,,,,,,0.0,0.0,0.0,0.0,-6.59,,,,,,Master only (1),-6.6,,,,,,0.0,,,,0.0,0.0,,0.0
-6.58,6.58,2.10701,1.00469056e+06,30.0,0.0,0.0,0.0,0.0,0.0,0.0,0.0,0.0,3.0,32.945446,34.22001,,,,,,,,,0.0,0.0,0.0,0.0,-6.58,,,,,,Master only (1),-6.6,,,,,,0.0,,,,0.0,0.0,,0.0
-6.57,6.57,2.10701,1.00469056e+06,30.0,0.0,0.0,0.0,0.0,0.0,0.0,0.0,0.0,3.0,32.99221,34.230488,,,,,,,,,0.0,0.0,0.0,0.0,-6.57,,,,,,Master only (1),-6.6,,,,,,0.0,,,,0.0,0.0,,0.0
-6.56,6.56,2.10701,1.00469056e+06,30.0,0.0,0.0,0.0,0.0,0.0,0.0,0.0,0.0,3.0,33.039043,34.24098,,,,,,,,,0.0,0.0,0.0,0.0,-6.56,,,,,,Master only (1),-6.6,,,,,,0.0,,,,0.0,0.0,,0.0
-6.55,6.55,2.10701,1.00469056e+06,30.0,0.0,0.0,0.0,0.0,0.0,0.0,0.0,0.0,3.0,33.085934,34.251472,,,,,,,,,0.0,0.0,0.0,0.0,-6.55,,,,,,Master only (1),-6.6,,,,,,0.0,,,,0.0,0.0,,0.0
-6.54,6.54,2.10701,1.00469056e+06,30.0,0.0,8.735976,0.0,1.0246623,0.0,0.9916977,0.0,56.383556,2.0,33.132893,18.201523,,18.201523,18.201523,,11.508959,,0.062245715,292.41406,1.0,0.0,0.0,2001.0,-6.54,,21.0,,,,Master only (1),-6.5,,21.0,18.2079,18.2079,,56.383556,4.0321774,-1.9750209,-0.61622816,163.84235,0.0,0.0,1.0
-6.53,6.53,2.10701,1.00469056e+06,30.0,0.0,8.736166,0.0,1.0246186,0.0,0.99170506,0.0,56.387512,2.0,33.179905,18.202347,,18.202347,18.202347,,11.509245,,0.062244166,292.4346,1.0,0.0,0.0,2001.0,-6.53,,21.0,,,,Master only (1),-6.5,,21.0,18.2079,18.2079,,56.387512,4.0322475,-1.9750209,-0.61622816,163.84235,0.0,0.0,1.0
-6.52,6.52,2.10701,1.00469056e+06,30.0,0.0,8.73634,0.0,1.0245743,0.0,0.99171174,0.0,56.391132,2.0,33.227028,18.2031,,18.2031,18.2031,,11.509507,,0.06224275,292.45334,1.0,0.0,0.0,2001.0,-6.52,,21.0,,,,Master only (1),-6.5,,21.0,18.2079,18.2079,,56.391132,4.032312,-1.9750209,-0.61622816,163.84235,0.0,0.0,1.0
-6.51,6.51,2.10701,1.00469056e+06,30.0,0.0,8.73652,0.0,1.0245303,0.0,0.9917187,0.0,56.394886,2.0,33.274162,18.203882,,18.203882,18.203882,,11.509779,,0.06224128,292.4728,1.0,0.0,0.0,2001.0,-6.51,,21.0,,,,Master only (1),-6.5,,21.0,18.2079,18.2079,,56.394886,4.0323787,-1.9750209,-0.61622816,163.84235,0.0,0.0,1.0
-6.5,6.5,2.10701,1.00469056e+06,30.0,0.0,8.736702,0.0,1.0244863,0.0,0.99172574,0.0,56.398685,2.0,33.32141,18.204674,,18.204674,18.204674,,11.510055,,0.06223979,292.49255,1.0,0.0,0.0,2001.0,-6.5,,21.0,2.9088795,3.6623669,1.609438,Matched (3),-6.5,,21.0,18.2079,18.2079,,56.398685,4.032446,-1.9750209,-0.61622816,163.84235,0.0,0.0,1.0
-6.49,6.49,2.10701,1.00469056e+06,30.0,0.0,8.736892,0.0,1.0244427,0.0,0.9917331,0.0,56.40264,2.0,33.368713,18.205498,,18.205498,18.205498,,11.510341,,0.062238242,292.51303,1.0,0.0,0.0,2001.0,-6.49,,21.0,,,,Master only (1),-6.5,,21.0,18.2079,18.2079,,56.40264,4.032516,-1.9750209,-0.61622816,163.84235,0.0,0.0,1.0
-6.48,6.48,2.10701,1.00469056e+06,30.0,0.0,8.737083,0.0,1.024399,0.0,0.99174047,0.0,56.406635,2.0,33.41608,18.20633,,18.20633,18.20633,,11.510631,,0.062236674,292.53378,1.0,0.0,0.0,2001.0,-6.48,,21.0,,,,Master only (1),-6.5,,21.0,18.2079,18.2079,,56.406635,4.0325866,-1.9750209,-0.61622816,163.84235,0.0,0.0,1.0
-6.47,6.47,2.10701,1.00469056e+06,30.0,0.0,8.737261,0.0,1.0243549,0.0,0.9917473,0.0,56.410336,2.0,33.46351,18.2071,,18.2071,18.2071,,11.510898,,0.06223523,292.55295,1.0,0.0,0.0,2001.0,-6.47,,21.0,,,,Master only (1),-6.5,,21.0,18.2079,18.2079,,56.410336,4.0326524,-1.9750209,-0.61622816,163.84235,0.0,0.0,1.0
-6.46,6.46,2.10701,1.00469056e+06,30.0,0.0,8.737445,0.0,1.0243111,0.0,0.9917544,0.0,56.414173,2.0,33.511005,18.2079,,18.2079,18.2079,,11.511176,,0.062233724,292.57288,1.0,0.0,0.0,2001.0,-6.46,,21.0,,,,Master only (1),-6.5,,21.0,18.2079,18.2079,,56.414173,4.0327206,-1.9750209,-0.61622816,163.84235,0.0,0.0,1.0
-6.45,6.45,2.10701,1.00469056e+06,30.0,0.0,9.396906,0.0,1.0499153,0.0,1.0165957,0.0,71.356125,2.0,33.5586,21.1882,,21.1882,21.1882,,12.512052,,0.05725547,370.0642,1.0,0.0,0.0,2001.0,-6.45,,25.0,,,,Master only (1),-6.4,,25.0,21.195082,21.195082,,71.356125,4.267683,-2.0803814,-0.38076216,211.91643,0.0,0.0,1.0
-6.44,6.44,2.10701,1.00469056e+06,30.0,0.0,9.397074,0.0,1.0498692,0.0,1.0166019,0.0,71.360245,2.0,33.606216,21.188988,,21.188988,21.188988,,12.512307,,0.0572543,370.08554,1.0,0.0,0.0,2001.0,-6.44,,25.0,,,,Master only (1),-6.4,,25.0,21.195082,21.195082,,71.360245,4.2677407,-2.0803814,-0.38076216,211.91643,0.0,0.0,1.0
-6.43,6.43,2.10701,1.00469056e+06,30.0,0.0,9.397236,0.0,1.0498229,0.0,1.0166079,0.0,71.36422,2.0,33.65394,21.189749,,21.189749,21.189749,,12.512554,,0.057253167,370.10614,1.0,0.0,0.0,2001.0,-6.43,,25.0,,,,Master only (1),-6.4,,25.0,21.195082,21.195082,,71.36422,4.2677965,-2.0803814,-0.38076216,211.91643,0.0,0.0,1.0
-6.42,6.42,2.10701,1.00469056e+06,30.0,0.0,9.397395,0.0,1.0497764,0.0,1.0166137,0.0,71.368126,2.0,33.70168,21.190498,,21.190498,21.190498,,12.512797,,0.057252053,370.12643,1.0,0.0,0.0,2001.0,-6.42,,25.0,,,,Master only (1),-6.4,,25.0,21.195082,21.195082,,71.368126,4.2678514,-2.0803814,-0.38076216,211.91643,0.0,0.0,1.0
-6.41,6.41,2.10701,1.00469056e+06,30.0,0.0,9.39756,0.0,1.0497302,0.0,1.0166198,0.0,71.37217,2.0,33.749527,21.191273,,21.191273,21.191273,,12.513049,,0.057250902,370.1474,1.0,0.0,0.0,2001.0,-6.41,,25.0,,,,Master only (1),-6.4,,25.0,21.195082,21.195082,,71.37217,4.267908,-2.0803814,-0.38076216,211.91643,0.0,0.0,1.0
-6.4,6.4,2.10701,1.00469056e+06,30.0,0.0,9.397725,0.0,1.049684,0.0,1.0166259,0.0,71.37622,2.0,33.79744,21.192047,,21.192047,21.192047,,12.513301,,0.05724975,370.16837,1.0,0.0,0.0,2001.0,-6.4,,25.0,,,,Master only (1),-6.4,,25.0,21.195082,21.195082,,71.37622,4.267965,-2.0803814,-0.38076216,211.91643,0.0,0.0,1.0
-6.39,6.39,2.10701,1.00469056e+06,30.0,0.0,9.397878,0.0,1.0496373,0.0,1.0166315,0.0,71.37996,2.0,33.845413,21.192764,,21.192764,21.192764,,12.513534,,0.057248686,370.18777,1.0,0.0,0.0,2001.0,-6.39,,25.0,,,,Master only (1),-6.4,,25.0,21.195082,21.195082,,71.37996,4.2680173,-2.0803814,-0.38076216,211.91643,0.0,0.0,1.0
-6.38,6.38,2.10701,1.00469056e+06,30.0,0.0,9.398037,0.0,1.0495908,0.0,1.0166373,0.0,71.383865,2.0,33.893444,21.193512,,21.193512,21.193512,,12.513777,,0.057247575,370.20804,1.0,0.0,0.0,2001.0,-6.38,,25.0,,,,Master only (1),-6.4,,25.0,21.195082,21.195082,,71.383865,4.2680717,-2.0803814,-0.38076216,211.91643,0.0,0.0,1.0
-6.37,6.37,2.10701,1.00469056e+06,30.0,0.0,9.398209,0.0,1.0495449,0.0,1.0166436,0.0,71.38808,2.0,33.941544,21.194319,,21.194319,21.194319,,12.514039,,0.057246376,370.2299,1.0,0.0,0.0,2001.0,-6.37,,25.0,2.756588,3.6979835,1.5040774,Matched (3),-6.4,,25.0,21.195082,21.195082,,71.38808,4.268131,-2.0803814,-0.38076216,211.91643,0.0,0.0,1.0
-6.36,6.36,2.10701,1.00469056e+06,30.0,0.0,9.398371,0.0,1.0494986,0.0,1.0166496,0.0,71.39205,2.0,33.98975,21.195082,,21.195082,21.195082,,12.514286,,0.057245243,370.25052,1.0,0.0,0.0,2001.0,-6.36,,25.0,,,,Master only (1),-6.4,,25.0,21.195082,21.195082,,71.39205,4.2681866,-2.0803814,-0.38076216,211.91643,0.0,0.0,1.0
-6.35,6.35,2.10701,1.00469056e+06,30.0,0.0,8.739504,0.0,1.0238298,0.0,0.99183387,0.0,56.45711,2.0,34.037975,18.216839,,18.216839,18.216839,,11.514284,,0.062216926,292.79553,1.0,0.0,0.0,2001.0,-6.35,,21.0,,,,Master only (1),-6.3,,21.0,18.22421,18.22421,,56.45711,4.033481,-1.9750209,-0.6148401,182.20526,0.0,0.0,1.0
-6.34,6.34,2.10701,1.00469056e+06,30.0,0.0,8.739685,0.0,1.0237858,0.0,0.99184084,0.0,56.46089,2.0,34.086308,18.217625,,18.217625,18.217625,,11.514558,,0.062215447,292.81512,1.0,0.0,0.0,2001.0,-6.34,,21.0,2.9287798,3.6717684,1.609438,Matched (3),-6.3,,21.0,18.22421,18.22421,,56.46089,4.0335484,-1.9750209,-0.6148401,182.20526,0.0,0.0,1.0
-6.33,6.33,2.10701,1.00469056e+06,30.0,0.0,8.739876,0.0,1.0237423,0.0,0.99184823,0.0,56.46487,2.0,34.13466,18.218454,,18.218454,18.218454,,11.514846,,0.06221389,292.83582,1.0,0.0,0.0,2001.0,-6.33,,21.0,,,,Master only (1),-6.3,,21.0,18.22421,18.22421,,56.46487,4.0336185,-1.9750209,-0.6148401,182.20526,0.0,0.0,1.0
-6.32,6.32,2.10701,1.00469056e+06,30.0,0.0,8.740075,0.0,1.023699,0.0,0.9918559,0.0,56.46903,2.0,34.183117,18.219318,,18.219318,18.219318,,11.515146,,0.062212266,292.85733,1.0,0.0,0.0,2001.0,-6.32,,21.0,,,,Master only (1),-6.3,,21.0,18.22421,18.22421,,56.46903,4.0336924,-1.9750209,-0.6148401,182.20526,0.0,0.0,1.0
-6.31,6.31,2.10701,1.00469056e+06,30.0,0.0,8.740256,0.0,1.023655,0.0,0.9918629,0.0,56.47281,2.0,34.231647,18.220106,,18.220106,18.220106,,11.51542,,0.06221079,292.87695,1.0,0.0,0.0,2001.0,-6.31,,21.0,,,,Master only (1),-6.3,,21.0,18.22421,18.22421,,56.47281,4.033759,-1.9750209,-0.6148401,182.20526,0.0,0.0,1.0
-6.3,6.3,2.10701,1.00469056e+06,30.0,0.0,8.740446,0.0,1.0236114,0.0,0.9918702,0.0,56.47677,2.0,34.28023,18.22093,,18.22093,18.22093,,11.515706,,0.062209245,292.89746,1.0,0.0,0.0,2001.0,-6.3,,21.0,,,,Master only (1),-6.3,,21.0,18.22421,18.22421,,56.47677,4.033829,-1.9750209,-0.6148401,182.20526,0.0,0.0,1.0
-6.29,6.29,2.10701,1.00469056e+06,30.0,0.0,8.740633,0.0,1.0235677,0.0,0.99187744,0.0,56.48067,2.0,34.32892,18.221743,,18.221743,18.221743,,11.515988,,0.062207717,292.91772,1.0,0.0,0.0,2001.0,-6.29,,21.0,,,,Master only (1),-6.3,,21.0,18.22421,18.22421,,56.48067,4.0338984,-1.9750209,-0.6148401,182.20526,0.0,0.0,1.0
-6.28,6.28,2.10701,1.00469056e+06,30.0,0.0,8.740831,0.0,1.0235244,0.0,0.99188507,0.0,56.48481,2.0,34.37764,18.222605,,18.222605,18.222605,,11.516288,,0.0622061,292.93918,1.0,0.0,0.0,2001.0,-6.28,,21.0,,,,Master only (1),-6.3,,21.0,18.22421,18.22421,,56.48481,4.033972,-1.9750209,-0.6148401,182.20526,0.0,0.0,1.0
-6.27,6.27,2.10701,1.00469056e+06,30.0,0.0,8.741021,0.0,1.0234808,0.0,0.9918924,0.0,56.48877,2.0,34.426414,18.223429,,18.223429,18.223429,,11.516575,,0.06220455,292.95975,1.0,0.0,0.0,2001.0,-6.27,,21.0,,,,Master only (1),-6.3,,21.0,18.22421,18.22421,,56.48877,4.034042,-1.9750209,-0.6148401,182.20526,0.0,0.0,1.0
-6.26,6.26,2.10701,1.00469056e+06,30.0,0.0,8.741201,0.0,1.0234368,0.0,0.9918994,0.0,56.49253,2.0,34.4753,18.22421,,18.22421,18.22421,,11.516847,,0.062203083,292.97922,1.0,0.0,0.0,2001.0,-6.26,,21.0,,,,Master only (1),-6.3,,21.0,18.22421,18.22421,,56.49253,4.0341086,-1.9750209,-0.6148401,182.20526,0.0,0.0,1.0
-6.25,6.25,2.10701,1.00469056e+06,30.0,0.0,8.74139,0.0,1.0233932,0.0,0.99190664,0.0,56.49647,2.0,34.524246,18.22503,,18.22503,18.22503,,11.517132,,0.06220154,292.99966,1.0,0.0,0.0,2001.0,-6.25,,21.0,,,,Master only (1),-6.2,,21.0,18.233292,18.233292,,56.49647,4.0341783,-1.9262308,-0.6140681,200.52066,0.0,0.0,1.0
-6.24,6.24,2.10701,1.00469056e+06,30.0,0.0,8.74158,0.0,1.0233495,0.0,0.991914,0.0,56.500435,2.0,34.57322,18.225855,,18.225855,18.225855,,11.517418,,0.0622,293.02017,1.0,0.0,0.0,2001.0,-6.24,,21.0,,,,Master only (1),-6.2,,21.0,18.233292,18.233292,,56.500435,4.0342484,-1.9262308,-0.6140681,200.52066,0.0,0.0,1.0
-6.23,6.23,2.10701,1.00469056e+06,30.0,0.0,8.741769,0.0,1.0233059,0.0,0.99192125,0.0,56.504375,2.0,34.6223,18.226675,,18.226675,18.226675,,11.517703,,0.062198456,293.04062,1.0,0.0,0.0,2001.0,-6.23,,21.0,,,,Master only (1),-6.2,,21.0,18.233292,18.233292,,56.504375,4.034318,-1.9262308,-0.6140681,200.52066,0.0,0.0,1.0
-6.22,6.22,2.10701,1.00469056e+06,30.0,0.0,8.741959,0.0,1.0232623,0.0,0.9919286,0.0,56.508335,2.0,34.671444,18.2275,,18.2275,18.2275,,11.51799,,0.062196907,293.06122,1.0,0.0,0.0,2001.0,-6.22,,21.0,,,,Master only (1),-6.2,,21.0,18.233292,18.233292,,56.508335,4.034388,-1.9262308,-0.6140681,200.52066,0.0,0.0,1.0
-6.21,6.21,2.10701,1.00469056e+06,30.0,0.0,8.74215,0.0,1.0232188,0.0,0.99193597,0.0,56.512337,2.0,34.72065,18.228333,,18.228333,18.228333,,11.518279,,0.062195346,293.08194,1.0,0.0,0.0,2001.0,-6.21,,21.0,,,,Master only (1),-6.2,,21.0,18.233292,18.233292,,56.512337,4.034459,-1.9262308,-0.6140681,200.52066,0.0,0.0,1.0
-6.2,6.2,2.10701,1.00469056e+06,30.0,0.0,8.74234,0.0,1.0231751,0.0,0.9919433,0.0,56.5163,2.0,34.769962,18.229156,,18.229156,18.229156,,11.518566,,0.062193796,293.10248,1.0,0.0,0.0,2001.0,-6.2,,21.0,,,,Master only (1),-6.2,,21.0,18.233292,18.233292,,56.5163,4.034529,-1.9262308,-0.6140681,200.52066,0.0,0.0,1.0
-6.19,6.19,2.10701,1.00469056e+06,30.0,0.0,8.742529,0.0,1.0231315,0.0,0.9919506,0.0,56.52024,2.0,34.8193,18.229977,,18.229977,18.229977,,11.518851,,0.062192257,293.12292,1.0,0.0,0.0,2001.0,-6.19,,21.0,,,,Master only (1),-6.2,,21.0,18.233292,18.233292,,56.52024,4.034599,-1.9262308,-0.6140681,200.52066,0.0,0.0,1.0
-6.18,6.18,2.10701,1.00469056e+06,30.0,0.0,8.742716,0.0,1.0230877,0.0,0.9919578,0.0,56.524143,2.0,34.86874,18.23079,,18.23079,18.23079,,11.519134,,0.062190734,293.1432,1.0,0.0,0.0,2001.0,-6.18,,21.0,,,,Master only (1),-6.2,,21.0,18.233292,18.233292,,56.524143,4.034668,-1.9262308,-0.6140681,200.52066,0.0,0.0,1.0
-6.17,6.17,2.10701,1.00469056e+06,30.0,0.0,8.742905,0.0,1.0230441,0.0,0.99196506,0.0,56.528084,2.0,32.96014,18.23161,,18.23161,18.23161,,11.519418,,0.0621892,293.1636,1.0,0.0,0.0,2001.0,-6.17,,21.0,,,,Master only (1),-6.2,,21.0,18.233292,18.233292,,56.528084,4.0347376,-1.9262308,-0.6140681,200.52066,0.0,0.0,1.0
-6.16,6.16,2.10701,1.00469056e+06,30.0,0.0,8.743096,0.0,1.0230006,0.0,0.99197245,0.0,56.53209,2.0,33.006935,18.232443,,18.232443,18.232443,,11.519708,,0.062187634,293.1844,1.0,0.0,0.0,2001.0,-6.16,,21.0,2.9803765,3.6965058,1.658228,Matched (3),-6.2,,21.0,18.233292,18.233292,,56.53209,4.0348086,-1.9262308,-0.6140681,200.52066,0.0,0.0,1.0
-6.15,6.15,2.10701,1.00469056e+06,30.0,0.0,8.743292,0.0,1.0229572,0.0,0.99198,0.0,56.53617,2.0,33.053795,18.233292,,18.233292,18.233292,,11.520002,,0.062186044,293.20554,1.0,0.0,0.0,2001.0,-6.15,,21.0,,,,Master only (1),-6.2,,21.0,18.233292,18.233292,,56.53617,4.0348806,-1.9262308,-0.6140681,200.52066,0.0,0.0,1.0
-6.14,6.14,2.10701,1.00469056e+06,30.0,0.0,8.9124365,0.0,1.0295918,0.0,0.9984636,0.0,60.14476,2.0,33.100708,18.97586,,18.97586,18.97586,,11.775723,,0.060835615,311.92026,1.0,0.0,0.0,2001.0,-6.14,,22.0,,,,Master only (1),-6.1,,22.0,18.983082,18.983082,,60.14476,4.0967546,-2.1981645,-0.5516048,189.79474,0.0,0.0,1.0
-6.13,6.13,2.10701,1.00469056e+06,30.0,0.0,8.912614,0.0,1.0295472,0.0,0.9984703,0.0,60.148624,2.0,33.14769,18.976648,,18.976648,18.976648,,11.775992,,0.060834225,311.94034,1.0,0.0,0.0,2001.0,-6.13,,22.0,2.8667243,3.699315,1.3862944,Matched (3),-6.1,,22.0,18.983082,18.983082,,60.148624,4.0968184,-2.1981645,-0.5516048,189.79474,0.0,0.0,1.0
-6.12,6.12,2.10701,1.00469056e+06,30.0,0.0,8.912803,0.0,1.0295032,0.0,0.9984775,0.0,60.15274,2.0,33.194733,18.977486,,18.977486,18.977486,,11.7762785,,0.060832746,311.96167,1.0,0.0,0.0,2001.0,-6.12,,22.0,,,,Master only (1),-6.1,,22.0,18.983082,18.983082,,60.15274,4.096887,-2.1981645,-0.5516048,189.79474,0.0,0.0,1.0
-6.11,6.11,2.10701,1.00469056e+06,30.0,0.0,8.912976,0.0,1.0294585,0.0,0.99848413,0.0,60.156525,2.0,33.241875,18.978254,,18.978254,18.978254,,11.776541,,0.06083139,311.98126,1.0,0.0,0.0,2001.0,-6.11,,22.0,,,,Master only (1),-6.1,,22.0,18.983082,18.983082,,60.156525,4.09695,-2.1981645,-0.5516048,189.79474,0.0,0.0,1.0
-6.1,6.1,2.10701,1.00469056e+06,30.0,0.0,8.913163,0.0,1.0294144,0.0,0.9984912,0.0,60.1606,2.0,33.289043,18.979084,,18.979084,18.979084,,11.776824,,0.06082993,312.0024,1.0,0.0,0.0,2001.0,-6.1,,22.0,,,,Master only (1),-6.1,,22.0,18.983082,18.983082,,60.1606,4.097018,-2.1981645,-0.5516048,189.79474,0.0,0.0,1.0
-6.09,6.09,2.10701,1.00469056e+06,30.0,0.0,8.913344,0.0,1.0293701,0.0,0.99849814,0.0,60.164547,2.0,33.33631,18.979889,,18.979889,18.979889,,11.777098,,0.060828514,312.0229,1.0,0.0,0.0,2001.0,-6.09,,22.0,,,,Master only (1),-6.1,,22.0,18.983082,18.983082,,60.164547,4.097083,-2.1981645,-0.5516048,189.79474,0.0,0.0,1.0
-6.08,6.08,2.10701,1.00469056e+06,30.0,0.0,8.913513,0.0,1.0293252,0.0,0.9985046,0.0,60.16823,2.0,33.3836,18.980637,,18.980637,18.980637,,11.777353,,0.060827196,312.04196,1.0,0.0,0.0,2001.0,-6.08,,22.0,,,,Master only (1),-6.1,,22.0,18.983082,18.983082,,60.16823,4.0971446,-2.1981645,-0.5516048,189.79474,0.0,0.0,1.0
-6.07,6.07,2.10701,1.00469056e+06,30.0,0.0,8.913708,0.0,1.0292814,0.0,0.99851197,0.0,60.172466,2.0,33.430992,18.9815,,18.9815,18.9815,,11.777648,,0.060825672,312.06396,1.0,0.0,0.0,2001.0,-6.07,,22.0,,,,Master only (1),-6.1,,22.0,18.983082,18.983082,,60.172466,4.0972147,-2.1981645,-0.5516048,189.79474,0.0,0.0,1.0
-6.06,6.06,2.10701,1.00469056e+06,30.0,0.0,8.913886,0.0,1.0292369,0.0,0.99851876,0.0,60.176357,2.0,33.47845,18.982292,,18.982292,18.982292,,11.777918,,0.06082428,312.08414,1.0,0.0,0.0,2001.0,-6.06,,22.0,,,,Master only (1),-6.1,,22.0,18.983082,18.983082,,60.176357,4.0972795,-2.1981645,-0.5516048,189.79474,0.0,0.0,1.0
-6.05,6.05,2.10701,1.00469056e+06,30.0,0.0,8.914064,0.0,1.0291924,0.0,0.99852556,0.0,60.180244,2.0,33.525963,18.983082,,18.983082,18.983082,,11.778188,,0.060822885,312.10425,1.0,0.0,0.0,2001.0,-6.05,,22.0,,,,Master only (1),-6.1,,22.0,18.983082,18.983082,,60.180244,4.097344,-2.1981645,-0.5516048,189.79474,0.0,0.0,1.0
-6.04,6.04,2.10701,1.00469056e+06,30.0,0.0,8.745344,0.0,1.0224763,0.0,0.9920592,0.0,56.579033,2.0,33.573547,18.24221,,18.24221,18.24221,,11.523101,,0.06216932,293.42786,1.0,0.0,0.0,2001.0,-6.04,,21.0,,,,Master only (1),-6.0,,21.0,18.248766,18.248766,,56.579033,4.0356383,-1.9262308,-0.61275345,164.20929,0.0,0.0,1.0
-6.03,6.03,2.10701,1.00469056e+06,30.0,0.0,8.745541,0.0,1.022433,0.0,0.99206674,0.0,56.583138,2.0,33.62123,18.243063,,18.243063,18.243063,,11.523397,,0.062167723,293.4491,1.0,0.0,0.0,2001.0,-6.03,,21.0,,,,Master only (1),-6.0,,21.0,18.248766,18.248766,,56.583138,4.035711,-1.9262308,-0.61275345,164.20929,0.0,0.0,1.0
-6.02,6.02,2.10701,1.00469056e+06,30.0,0.0,8.745712,0.0,1.0223887,0.0,0.99207336,0.0,56.586723,2.0,33.66894,18.243809,,18.243809,18.243809,,11.523657,,0.062166322,293.4677,1.0,0.0,0.0,2001.0,-6.02,,21.0,,,,Master only (1),-6.0,,21.0,18.248766,18.248766,,56.586723,4.035774,-1.9262308,-0.61275345,164.20929,0.0,0.0,1.0
-6.01,6.01,2.10701,1.00469056e+06,30.0,0.0,8.745905,0.0,1.0223453,0.0,0.9920808,0.0,56.59075,2.0,33.716743,18.244646,,18.244646,18.244646,,11.523948,,0.062164754,293.4886,1.0,0.0,0.0,2001.0,-6.01,,21.0,3.0011585,3.704666,1.658228,Matched (3),-6.0,,21.0,18.248766,18.248766,,56.59075,4.0358458,-1.9262308,-0.61275345,164.20929,0.0,0.0,1.0
-6.0,6.0,2.10701,1.00469056e+06,30.0,0.0,8.746091,0.0,1.0223016,0.0,0.99208796,0.0,56.594635,2.0,33.764576,18.245455,,18.245455,18.245455,,11.524229,,0.062163234,293.5088,1.0,0.0,0.0,2001.0,-6.0,,21.0,,,,Master only (1),-6.0,,21.0,18.248766,18.248766,,56.594635,4.0359144,-1.9262308,-0.61275345,164.20929,0.0,0.0,1.0
-5.99,5.99,2.10701,1.00469056e+06,30.0,0.0,8.746276,0.0,1.0222578,0.0,0.9920951,0.0,56.598503,2.0,33.812515,18.24626,,18.24626,18.24626,,11.524508,,0.06216173,293.52884,1.0,0.0,0.0,2001.0,-5.99,,21.0,,,,Master only (1),-6.0,,21.0,18.248766,18.248766,,56.598503,4.0359826,-1.9262308,-0.61275345,164.20929,0.0,0.0,1.0
-5.98,5.98,2.10701,1.00469056e+06,30.0,0.0,8.746474,0.0,1.0222145,0.0,0.99210274,0.0,56.602646,2.0,33.86051,18.247122,,18.247122,18.247122,,11.524808,,0.062160112,293.55032,1.0,0.0,0.0,2001.0,-5.98,,21.0,,,,Master only (1),-6.0,,21.0,18.248766,18.248766,,56.602646,4.0360556,-1.9262308,-0.61275345,164.20929,0.0,0.0,1.0
-5.97,5.97,2.10701,1.00469056e+06,30.0,0.0,8.746669,0.0,1.0221711,0.0,0.99211025,0.0,56.606712,2.0,33.908577,18.247967,,18.247967,18.247967,,11.525102,,0.06215853,293.5714,1.0,0.0,0.0,2001.0,-5.97,,21.0,,,,Master only (1),-6.0,,21.0,18.248766,18.248766,,56.606712,4.0361276,-1.9262308,-0.61275345,164.20929,0.0,0.0,1.0
-5.96,5.96,2.10701,1.00469056e+06,30.0,0.0,8.746853,0.0,1.0221274,0.0,0.99211735,0.0,56.610558,2.0,33.9567,18.248766,,18.248766,18.248766,,11.525379,,0.06215703,293.59134,1.0,0.0,0.0,2001.0,-5.96,,21.0,,,,Master only (1),-6.0,,21.0,18.248766,18.248766,,56.610558,4.0361953,-1.9262308,-0.61275345,164.20929,0.0,0.0,1.0
-5.95,5.95,2.10701,1.00469056e+06,30.0,0.0,0.0,0.0,0.0,0.0,0.0,0.0,0.0,3.0,34.00493,34.88692,,,,,,,,,0.0,0.0,0.0,0.0,-5.95,,,,,,Master only (1),-5.9,,,,,,0.0,,,,0.0,0.0,,0.0
-5.94,5.94,2.10701,1.00469056e+06,30.0,0.0,0.0,0.0,0.0,0.0,0.0,0.0,0.0,3.0,34.05318,34.8976,,,,,,,,,0.0,0.0,0.0,0.0,-5.94,,,,,,Master only (1),-5.9,,,,,,0.0,,,,0.0,0.0,,0.0
-5.93,5.93,2.10701,1.00469056e+06,30.0,0.0,0.0,0.0,0.0,0.0,0.0,0.0,0.0,3.0,34.101498,34.908306,,,,,,,,,0.0,0.0,0.0,0.0,-5.93,,,,,,Master only (1),-5.9,,,,,,0.0,,,,0.0,0.0,,0.0
-5.92,5.92,2.10701,1.00469056e+06,30.0,0.0,0.0,0.0,0.0,0.0,0.0,0.0,0.0,3.0,34.149918,34.919,,,,,,,,,0.0,0.0,0.0,0.0,-5.92,,,,,,Master only (1),-5.9,,,,,,0.0,,,,0.0,0.0,,0.0
-5.91,5.91,2.10701,1.00469056e+06,30.0,0.0,0.0,0.0,0.0,0.0,0.0,0.0,0.0,3.0,34.198406,34.929703,,,,,,,,,0.0,0.0,0.0,0.0,-5.91,,,,,,Master only (1),-5.9,,,,,,0.0,,,,0.0,0.0,,0.0
-5.9,5.9,2.10701,1.00469056e+06,30.0,0.0,0.0,0.0,0.0,0.0,0.0,0.0,0.0,3.0,34.246952,34.940403,,,,,,,,,0.0,0.0,0.0,0.0,-5.9,,,,,,Master only (1),-5.9,,,,,,0.0,,,,0.0,0.0,,0.0
-5.89,5.89,2.10701,1.00469056e+06,30.0,0.0,0.0,0.0,0.0,0.0,0.0,0.0,0.0,3.0,34.295563,34.951115,,,,,,,,,0.0,0.0,0.0,0.0,-5.89,,,,,,Master only (1),-5.9,,,,,,0.0,,,,0.0,0.0,,0.0
-5.88,5.88,2.10701,1.00469056e+06,30.0,0.0,0.0,0.0,0.0,0.0,0.0,0.0,0.0,3.0,34.344242,34.96182,,,,,,,,,0.0,0.0,0.0,0.0,-5.88,,,,,,Master only (1),-5.9,,,,,,0.0,,,,0.0,0.0,,0.0
-5.87,5.87,2.10701,1.00469056e+06,30.0,0.0,0.0,0.0,0.0,0.0,0.0,0.0,0.0,3.0,34.39298,34.972538,,,,,,,,,0.0,0.0,0.0,0.0,-5.87,,,,,,Master only (1),-5.9,,,,,,0.0,,,,0.0,0.0,,0.0
-5.86,5.86,2.10701,1.00469056e+06,30.0,0.0,0.0,0.0,0.0,0.0,0.0,0.0,0.0,3.0,34.441788,34.983242,,,,,,,,,0.0,0.0,0.0,0.0,-5.86,,,,,,Master only (1),-5.9,,,,,,0.0,,,,0.0,0.0,,0.0
-5.85,5.85,2.10701,1.00469056e+06,30.0,0.0,8.917719,0.0,1.0283071,0.0,0.99866474,0.0,60.25995,2.0,34.4907,18.9993,,18.9993,18.9993,,11.783721,,0.060794324,312.51767,1.0,0.0,0.0,2001.0,-5.85,,22.0,,,,Master only (1),-5.8,,22.0,19.00675,19.00675,,60.25995,4.0986676,-1.9262308,-0.54967314,190.03008,0.0,0.0,1.0
-5.84,5.84,2.10701,1.00469056e+06,30.0,0.0,8.917906,0.0,1.028263,0.0,0.9986718,0.0,60.264027,2.0,34.539627,19.00013,,19.00013,19.00013,,11.784004,,0.060792863,312.53882,1.0,0.0,0.0,2001.0,-5.84,,22.0,3.0418358,3.7223337,1.658228,Matched (3),-5.8,,22.0,19.00675,19.00675,,60.264027,4.0987353,-1.9262308,-0.54967314,190.03008,0.0,0.0,1.0
-5.83,5.83,2.10701,1.00469056e+06,30.0,0.0,8.918092,0.0,1.0282189,0.0,0.9986789,0.0,60.268085,2.0,34.58867,19.000956,,19.000956,19.000956,,11.784286,,0.06079141,312.55988,1.0,0.0,0.0,2001.0,-5.83,,22.0,,,,Master only (1),-5.8,,22.0,19.00675,19.00675,,60.268085,4.0988026,-1.9262308,-0.54967314,190.03008,0.0,0.0,1.0
-5.82,5.82,2.10701,1.00469056e+06,30.0,0.0,8.918284,0.0,1.028175,0.0,0.99868625,0.0,60.27229,2.0,34.63777,19.00181,,19.00181,19.00181,,11.784577,,0.060789905,312.58167,1.0,0.0,0.0,2001.0,-5.82,,22.0,,,,Master only (1),-5.8,,22.0,19.00675,19.00675,,60.27229,4.0988727,-1.9262308,-0.54967314,190.03008,0.0,0.0,1.0
-5.81,5.81,2.10701,1.00469056e+06,30.0,0.0,8.918465,0.0,1.0281307,0.0,0.9986931,0.0,60.276222,2.0,34.686943,19.00261,,19.00261,19.00261,,11.78485,,0.0607885,312.60205,1.0,0.0,0.0,2001.0,-5.81,,22.0,2.8706613,3.6406686,1.3862944,Matched (3),-5.8,,22.0,19.00675,19.00675,,60.276222,4.0989375,-1.9262308,-0.54967314,190.03008,0.0,0.0,1.0
-5.8,5.8,2.10701,1.00469056e+06,30.0,0.0,8.918629,0.0,1.0280857,0.0,0.99869937,0.0,60.279804,2.0,34.736176,19.003338,,19.003338,19.003338,,11.785099,,0.060787216,312.62064,1.0,0.0,0.0,2001.0,-5.8,,22.0,,,,Master only (1),-5.8,,22.0,19.00675,19.00675,,60.279804,4.098997,-1.9262308,-0.54967314,190.03008,0.0,0.0,1.0
-5.79,5.79,2.10701,1.00469056e+06,30.0,0.0,8.918824,0.0,1.028042,0.0,0.9987068,0.0,60.284073,2.0,34.78548,19.004206,,19.004206,19.004206,,11.785395,,0.060785692,312.64273,1.0,0.0,0.0,2001.0,-5.79,,22.0,,,,Master only (1),-5.8,,22.0,19.00675,19.00675,,60.284073,4.099068,-1.9262308,-0.54967314,190.03008,0.0,0.0,1.0
-5.78,5.78,2.10701,1.00469056e+06,30.0,0.0,8.919017,0.0,1.0279981,0.0,0.99871415,0.0,60.288277,2.0,34.83484,19.00506,,19.00506,19.00506,,11.7856865,,0.060784187,312.66455,1.0,0.0,0.0,2001.0,-5.78,,22.0,,,,Master only (1),-5.8,,22.0,19.00675,19.00675,,60.288277,4.099138,-1.9262308,-0.54967314,190.03008,0.0,0.0,1.0
-5.77,5.77,2.10701,1.00469056e+06,30.0,0.0,8.9192095,0.0,1.0279542,0.0,0.9987215,0.0,60.29248,2.0,34.884308,19.005917,,19.005917,19.005917,,11.785978,,0.060782682,312.68637,1.0,0.0,0.0,2001.0,-5.77,,22.0,,,,Master only (1),-5.8,,22.0,19.00675,19.00675,,60.29248,4.0992074,-1.9262308,-0.54967314,190.03008,0.0,0.0,1.0
-5.76,5.76,2.10701,1.00469056e+06,30.0,0.0,8.919397,0.0,1.0279102,0.0,0.99872863,0.0,60.29658,2.0,34.933804,19.00675,,19.00675,19.00675,,11.7862625,,0.060781214,312.70764,1.0,0.0,0.0,2001.0,-5.76,,22.0,,,,Master only (1),-5.8,,22.0,19.00675,19.00675,,60.29658,4.0992756,-1.9262308,-0.54967314,190.03008,0.0,0.0,1.0
-5.75,5.75,2.10701,1.00469056e+06,30.0,0.0,9.873965,0.0,1.064012,0.0,1.0338572,0.0,83.7298,2.0,34.983402,23.490904,,23.490904,23.490904,,13.24255,,0.054097086,434.23602,1.0,0.0,0.0,2001.0,-5.75,,28.0,,,,Master only (1),-5.7,,28.0,23.49847,23.49847,,83.7298,4.427595,-2.0803814,-0.22085436,258.44135,0.0,0.0,1.0
-5.74,5.74,2.10701,1.00469056e+06,30.0,0.0,9.874112,0.0,1.0639642,0.0,1.0338625,0.0,83.73382,2.0,35.03307,23.49163,,23.49163,23.49163,,13.242776,,0.054096162,434.25687,1.0,0.0,0.0,2001.0,-5.74,,28.0,,,,Master only (1),-5.7,,28.0,23.49847,23.49847,,83.73382,4.427643,-2.0803814,-0.22085436,258.44135,0.0,0.0,1.0
-5.73,5.73,2.10701,1.00469056e+06,30.0,0.0,9.874263,0.0,1.0639166,0.0,1.0338678,0.0,83.737946,2.0,35.0828,23.492378,,23.492378,23.492378,,13.243008,,0.054095216,434.2783,1.0,0.0,0.0,2001.0,-5.73,,28.0,,,,Master only (1),-5.7,,28.0,23.49847,23.49847,,83.737946,4.4276924,-2.0803814,-0.22085436,258.44135,0.0,0.0,1.0
-5.72,5.72,2.10701,1.00469056e+06,30.0,0.0,9.874411,0.0,1.0638688,0.0,1.0338731,0.0,83.742,2.0,35.1326,23.49311,,23.49311,23.49311,,13.243235,,0.05409429,434.2993,1.0,0.0,0.0,2001.0,-5.72,,28.0,,,,Master only (1),-5.7,,28.0,23.49847,23.49847,,83.742,4.4277406,-2.0803814,-0.22085436,258.44135,0.0,0.0,1.0
-5.71,5.71,2.10701,1.00469056e+06,30.0,0.0,9.874575,0.0,1.0638216,0.0,1.0338789,0.0,83.74649,2.0,35.18246,23.493923,,23.493923,23.493923,,13.243486,,0.05409326,434.32257,1.0,0.0,0.0,2001.0,-5.71,,28.0,,,,Master only (1),-5.7,,28.0,23.49847,23.49847,,83.74649,4.4277945,-2.0803814,-0.22085436,258.44135,0.0,0.0,1.0
-5.7,5.7,2.10701,1.00469056e+06,30.0,0.0,9.874729,0.0,1.063774,0.0,1.0338844,0.0,83.75072,2.0,35.232388,23.49469,,23.49469,23.49469,,13.243724,,0.05409229,434.3445,1.0,0.0,0.0,2001.0,-5.7,,28.0,,,,Master only (1),-5.7,,28.0,23.49847,23.49847,,83.75072,4.4278445,-2.0803814,-0.22085436,258.44135,0.0,0.0,1.0
-5.69,5.69,2.10701,1.00469056e+06,30.0,0.0,9.874883,0.0,1.0637264,0.0,1.0338899,0.0,83.75492,2.0,35.282387,23.495451,,23.495451,23.495451,,13.24396,,0.054091323,434.36636,1.0,0.0,0.0,2001.0,-5.69,,28.0,2.960211,3.7069323,1.5040774,Matched (3),-5.7,,28.0,23.49847,23.49847,,83.75492,4.427895,-2.0803814,-0.22085436,258.44135,0.0,0.0,1.0
-5.68,5.68,2.10701,1.00469056e+06,30.0,0.0,9.875033,0.0,1.0636789,0.0,1.0338953,0.0,83.75905,2.0,35.33249,23.496197,,23.496197,23.496197,,13.244191,,0.05409038,434.38773,1.0,0.0,0.0,2001.0,-5.68,,28.0,,,,Master only (1),-5.7,,28.0,23.49847,23.49847,,83.75905,4.427944,-2.0803814,-0.22085436,258.44135,0.0,0.0,1.0
-5.67,5.67,2.10701,1.00469056e+06,30.0,0.0,9.875181,0.0,1.063631,0.0,1.0339005,0.0,83.7631,2.0,35.38266,23.49693,,23.49693,23.49693,,13.244419,,0.054089453,434.4087,1.0,0.0,0.0,2001.0,-5.67,,28.0,,,,Master only (1),-5.7,,28.0,23.49847,23.49847,,83.7631,4.4279923,-2.0803814,-0.22085436,258.44135,0.0,0.0,1.0
-5.66,5.66,2.10701,1.00469056e+06,30.0,0.0,9.875328,0.0,1.0635833,0.0,1.0339057,0.0,83.76712,2.0,35.432846,23.497658,,23.497658,23.497658,,13.244644,,0.054088533,434.42957,1.0,0.0,0.0,2001.0,-5.66,,28.0,,,,Master only (1),-5.7,,28.0,23.49847,23.49847,,83.76712,4.4280405,-2.0803814,-0.22085436,258.44135,0.0,0.0,1.0
-5.65,5.65,2.10701,1.00469056e+06,30.0,0.0,9.875492,0.0,1.063536,0.0,1.0339116,0.0,83.771614,2.0,35.483147,23.49847,,23.49847,23.49847,,13.244897,,0.0540875,434.45288,1.0,0.0,0.0,2001.0,-5.65,,28.0,,,,Master only (1),-5.7,,28.0,23.49847,23.49847,,83.771614,4.4280944,-2.0803814,-0.22085436,258.44135,0.0,0.0,1.0
-5.64,5.64,2.10701,1.00469056e+06,30.0,0.0,9.410206,0.0,1.0461748,0.0,1.0170847,0.0,71.68277,2.0,35.533516,21.250725,,21.250725,21.250725,,12.532345,,0.057162754,371.75824,1.0,0.0,0.0,2001.0,-5.64,,25.0,,,,Master only (1),-5.6,,25.0,21.257988,21.257988,,71.68277,4.27225,-2.1181216,-0.3761683,212.54362,0.0,0.0,1.0
-5.63,5.63,2.10701,1.00469056e+06,30.0,0.0,9.410375,0.0,1.0461289,0.0,1.0170909,0.0,71.68692,2.0,34.200626,21.251518,,21.251518,21.251518,,12.532602,,0.05716158,371.77975,1.0,0.0,0.0,2001.0,-5.63,,25.0,,,,Master only (1),-5.6,,25.0,21.257988,21.257988,,71.68692,4.2723083,-2.1181216,-0.3761683,212.54362,0.0,0.0,1.0
-5.62,5.62,2.10701,1.00469056e+06,30.0,0.0,9.410546,0.0,1.046083,0.0,1.0170972,0.0,71.69115,2.0,35.739532,21.252325,,21.252325,21.252325,,12.532865,,0.057160385,371.80164,1.0,0.0,0.0,2001.0,-5.62,,25.0,,,,Master only (1),-5.6,,25.0,21.257988,21.257988,,71.69115,4.2723675,-2.1181216,-0.3761683,212.54362,0.0,0.0,1.0
-5.61,5.61,2.10701,1.00469056e+06,30.0,0.0,9.410715,0.0,1.0460371,0.0,1.0171034,0.0,71.6953,2.0,35.79027,21.25312,,21.25312,21.25312,,12.533122,,0.05715921,371.82318,1.0,0.0,0.0,2001.0,-5.61,,25.0,,,,Master only (1),-5.6,,25.0,21.257988,21.257988,,71.6953,4.272425,-2.1181216,-0.3761683,212.54362,0.0,0.0,1.0
-5.6,5.6,2.10701,1.00469056e+06,30.0,0.0,9.410891,0.0,1.0459914,0.0,1.0171099,0.0,71.699615,2.0,35.84107,21.253946,,21.253946,21.253946,,12.53339,,0.05715799,371.84558,1.0,0.0,0.0,2001.0,-5.6,,25.0,,,,Master only (1),-5.6,,25.0,21.257988,21.257988,,71.699615,4.2724853,-2.1181216,-0.3761683,212.54362,0.0,0.0,1.0
-5.59,5.59,2.10701,1.00469056e+06,30.0,0.0,9.411059,0.0,1.0459455,0.0,1.0171161,0.0,71.703766,2.0,35.89194,21.25474,,21.25474,21.25474,,12.533648,,0.057156812,371.86713,1.0,0.0,0.0,2001.0,-5.59,,25.0,,,,Master only (1),-5.6,,25.0,21.257988,21.257988,,71.703766,4.2725434,-2.1181216,-0.3761683,212.54362,0.0,0.0,1.0
-5.58,5.58,2.10701,1.00469056e+06,30.0,0.0,9.411241,0.0,1.0459,0.0,1.0171227,0.0,71.70822,2.0,35.94288,21.255592,,21.255592,21.255592,,12.533924,,0.057155553,371.89023,1.0,0.0,0.0,2001.0,-5.58,,25.0,2.9901102,3.772646,1.4663371,Matched (3),-5.6,,25.0,21.257988,21.257988,,71.70822,4.2726054,-2.1181216,-0.3761683,212.54362,0.0,0.0,1.0
-5.57,5.57,2.10701,1.00469056e+06,30.0,0.0,9.411419,0.0,1.0458544,0.0,1.0171293,0.0,71.712616,2.0,35.99388,21.256432,,21.256432,21.256432,,12.534196,,0.057154313,371.913,1.0,0.0,0.0,2001.0,-5.57,,25.0,,,,Master only (1),-5.6,,25.0,21.257988,21.257988,,71.712616,4.2726665,-2.1181216,-0.3761683,212.54362,0.0,0.0,1.0
-5.56,5.56,2.10701,1.00469056e+06,30.0,0.0,9.411592,0.0,1.0458087,0.0,1.0171356,0.0,71.71686,2.0,36.044994,21.257244,,21.257244,21.257244,,12.534459,,0.057153113,371.93503,1.0,0.0,0.0,2001.0,-5.56,,25.0,,,,Master only (1),-5.6,,25.0,21.257988,21.257988,,71.71686,4.272726,-2.1181216,-0.3761683,212.54362,0.0,0.0,1.0
-5.55,5.55,2.10701,1.00469056e+06,30.0,0.0,9.41175,0.0,1.0457624,0.0,1.0171415,0.0,71.72076,2.0,36.09613,21.257988,,21.257988,21.257988,,12.534701,,0.05715201,371.9552,1.0,0.0,0.0,2001.0,-5.55,,25.0,,,,Master only (1),-5.6,,25.0,21.257988,21.257988,,71.72076,4.2727804,-2.1181216,-0.3761683,212.54362,0.0,0.0,1.0
-5.54,5.54,2.10701,1.00469056e+06,30.0,0.0,0.0,0.0,0.0,0.0,0.0,0.0,0.0,3.0,36.14738,35.32791,,,,,,,,,0.0,0.0,0.0,0.0,-5.54,,,,,,Master only (1),-5.5,,,,,,0.0,,,,0.0,0.0,,0.0
-5.53,5.53,2.10701,1.00469056e+06,30.0,0.0,0.0,0.0,0.0,0.0,0.0,0.0,0.0,3.0,36.198692,35.338737,,,,,,,,,0.0,0.0,0.0,0.0,-5.53,,,,,,Master only (1),-5.5,,,,,,0.0,,,,0.0,0.0,,0.0
-5.52,5.52,2.10701,1.00469056e+06,30.0,0.0,0.0,0.0,0.0,0.0,0.0,0.0,0.0,3.0,36.250076,35.349567,,,,,,,,,0.0,0.0,0.0,0.0,-5.52,,,,,,Master only (1),-5.5,,,,,,0.0,,,,0.0,0.0,,0.0
-5.51,5.51,2.10701,1.00469056e+06,30.0,0.0,0.0,0.0,0.0,0.0,0.0,0.0,0.0,3.0,36.301525,35.360397,,,,,,,,,0.0,0.0,0.0,0.0,-5.51,,,,,,Master only (1),-5.5,,,,,,0.0,,,,0.0,0.0,,0.0
-5.5,5.5,2.10701,1.00469056e+06,30.0,0.0,0.0,0.0,0.0,0.0,0.0,0.0,0.0,3.0,36.35305,35.371235,,,,,,,,,0.0,0.0,0.0,0.0,-5.5,,,,,,Master only (1),-5.5,,,,,,0.0,,,,0.0,0.0,,0.0
-5.49,5.49,2.10701,1.00469056e+06,30.0,0.0,0.0,0.0,0.0,0.0,0.0,0.0,0.0,3.0,36.40468,35.382065,,,,,,,,,0.0,0.0,0.0,0.0,-5.49,,,,,,Master only (1),-5.5,,,,,,0.0,,,,0.0,0.0,,0.0
-5.48,5.48,2.10701,1.00469056e+06,30.0,0.0,0.0,0.0,0.0,0.0,0.0,0.0,0.0,3.0,36.456333,35.392906,,,,,,,,,0.0,0.0,0.0,0.0,-5.48,,,,,,Master only (1),-5.5,,,,,,0.0,,,,0.0,0.0,,0.0
-5.47,5.47,2.10701,1.00469056e+06,30.0,0.0,0.0,0.0,0.0,0.0,0.0,0.0,0.0,3.0,36.508102,35.40375,,,,,,,,,0.0,0.0,0.0,0.0,-5.47,,,,,,Master only (1),-5.5,,,,,,0.0,,,,0.0,0.0,,0.0
-5.46,5.46,2.10701,1.00469056e+06,30.0,0.0,0.0,0.0,0.0,0.0,0.0,0.0,0.0,3.0,36.559895,35.414593,,,,,,,,,0.0,0.0,0.0,0.0,-5.46,,,,,,Master only (1),-5.5,,,,,,0.0,,,,0.0,0.0,,0.0
-5.45,5.45,2.10701,1.00469056e+06,30.0,0.0,0.0,0.0,0.0,0.0,0.0,0.0,0.0,3.0,36.611794,35.42546,,,,,,,,,0.0,0.0,0.0,0.0,-5.45,,,,,,Master only (1),-5.4,,,,,,0.0,,,,0.0,0.0,,0.0
-5.44,5.44,2.10701,1.00469056e+06,30.0,0.0,0.0,0.0,0.0,0.0,0.0,0.0,0.0,3.0,36.66376,35.436306,,,,,,,,,0.0,0.0,0.0,0.0,-5.44,,,,,,Master only (1),-5.4,,,,,,0.0,,,,0.0,0.0,,0.0
-5.43,5.43,2.10701,1.00469056e+06,30.0,0.0,0.0,0.0,0.0,0.0,0.0,0.0,0.0,3.0,36.7158,35.447163,,,,,,,,,0.0,0.0,0.0,0.0,-5.43,,,,,,Master only (1),-5.4,,,,,,0.0,,,,0.0,0.0,,0.0
-5.42,5.42,2.10701,1.00469056e+06,30.0,0.0,0.0,0.0,0.0,0.0,0.0,0.0,0.0,3.0,36.767914,35.458035,,,,,,,,,0.0,0.0,0.0,0.0,-5.42,,,,,,Master only (1),-5.4,,,,,,0.0,,,,0.0,0.0,,0.0
-5.41,5.41,2.10701,1.00469056e+06,30.0,0.0,0.0,0.0,0.0,0.0,0.0,0.0,0.0,3.0,36.82013,35.468887,,,,,,,,,0.0,0.0,0.0,0.0,-5.41,,,,,,Master only (1),-5.4,,,,,,0.0,,,,0.0,0.0,,0.0
-5.4,5.4,2.10701,1.00469056e+06,30.0,0.0,0.0,0.0,0.0,0.0,0.0,0.0,0.0,3.0,36.872375,35.479767,,,,,,,,,0.0,0.0,0.0,0.0,-5.4,,,,,,Master only (1),-5.4,,,,,,0.0,,,,0.0,0.0,,0.0
-5.39,5.39,2.10701,1.00469056e+06,30.0,0.0,0.0,0.0,0.0,0.0,0.0,0.0,0.0,3.0,36.924736,35.490627,,,,,,,,,0.0,0.0,0.0,0.0,-5.39,,,,,,Master only (1),-5.4,,,,,,0.0,,,,0.0,0.0,,0.0
-5.38,5.38,2.10701,1.00469056e+06,30.0,0.0,0.0,0.0,0.0,0.0,0.0,0.0,0.0,3.0,36.97712,35.501514,,,,,,,,,0.0,0.0,0.0,0.0,-5.38,,,,,,Master only (1),-5.4,,,,,,0.0,,,,0.0,0.0,,0.0
-5.37,5.37,2.10701,1.00469056e+06,30.0,0.0,0.0,0.0,0.0,0.0,0.0,0.0,0.0,3.0,37.029617,35.51239,,,,,,,,,0.0,0.0,0.0,0.0,-5.37,,,,,,Master only (1),-5.4,,,,,,0.0,,,,0.0,0.0,,0.0
-5.36,5.36,2.10701,1.00469056e+06,30.0,0.0,0.0,0.0,0.0,0.0,0.0,0.0,0.0,3.0,37.08218,35.523266,,,,,,,,,0.0,0.0,0.0,0.0,-5.36,,,,,,Master only (1),-5.4,,,,,,0.0,,,,0.0,0.0,,0.0
-5.35,5.35,2.10701,1.00469056e+06,30.0,0.0,0.0,0.0,0.0,0.0,0.0,0.0,0.0,3.0,37.13481,35.534153,,,,,,,,,0.0,0.0,0.0,0.0,-5.35,,,,,,Master only (1),-5.3,,,,,,0.0,,,,0.0,0.0,,0.0
-5.34,5.34,2.10701,1.00469056e+06,30.0,0.0,0.0,0.0,0.0,0.0,0.0,0.0,0.0,3.0,37.18752,35.545044,,,,,,,,,0.0,0.0,0.0,0.0,-5.34,,,,,,Master only (1),-5.3,,,,,,0.0,,,,0.0,0.0,,0.0
-5.33,5.33,2.10701,1.00469056e+06,30.0,0.0,0.0,0.0,0.0,0.0,0.0,0.0,0.0,3.0,37.240334,35.55593,,,,,,,,,0.0,0.0,0.0,0.0,-5.33,,,,,,Master only (1),-5.3,,,,,,0.0,,,,0.0,0.0,,0.0
-5.32,5.32,2.10701,1.00469056e+06,30.0,0.0,0.0,0.0,0.0,0.0,0.0,0.0,0.0,3.0,37.29318,35.566826,,,,,,,,,0.0,0.0,0.0,0.0,-5.32,,,,,,Master only (1),-5.3,,,,,,0.0,,,,0.0,0.0,,0.0
-5.31,5.31,2.10701,1.00469056e+06,30.0,0.0,0.0,0.0,0.0,0.0,0.0,0.0,0.0,3.0,37.346096,35.577724,,,,,,,,,0.0,0.0,0.0,0.0,-5.31,,,,,,Master only (1),-5.3,,,,,,0.0,,,,0.0,0.0,,0.0
-5.3,5.3,2.10701,1.00469056e+06,30.0,0.0,0.0,0.0,0.0,0.0,0.0,0.0,0.0,3.0,37.399117,35.58863,,,,,,,,,0.0,0.0,0.0,0.0,-5.3,,,,,,Master only (1),-5.3,,,,,,0.0,,,,0.0,0.0,,0.0
-5.29,5.29,2.10701,1.00469056e+06,30.0,0.0,0.0,0.0,0.0,0.0,0.0,0.0,0.0,3.0,36.548805,35.599537,,,,,,,,,0.0,0.0,0.0,0.0,-5.29,,,,,,Master only (1),-5.3,,,,,,0.0,,,,0.0,0.0,,0.0
-5.28,5.28,2.10701,1.00469056e+06,30.0,0.0,0.0,0.0,0.0,0.0,0.0,0.0,0.0,3.0,36.60069,35.610443,,,,,,,,,0.0,0.0,0.0,0.0,-5.28,,,,,,Master only (1),-5.3,,,,,,0.0,,,,0.0,0.0,,0.0
-5.27,5.27,2.10701,1.00469056e+06,30.0,0.0,0.0,0.0,0.0,0.0,0.0,0.0,0.0,3.0,36.65264,35.621353,,,,,,,,,0.0,0.0,0.0,0.0,-5.27,,,,,,Master only (1),-5.3,,,,,,0.0,,,,0.0,0.0,,0.0
-5.26,5.26,2.10701,1.00469056e+06,30.0,0.0,0.0,0.0,0.0,0.0,0.0,0.0,0.0,3.0,36.704662,35.632267,,,,,,,,,0.0,0.0,0.0,0.0,-5.26,,,,,,Master only (1),-5.3,,,,,,0.0,,,,0.0,0.0,,0.0
-5.25,5.25,2.10701,1.00469056e+06,30.0,0.0,0.0,0.0,0.0,0.0,0.0,0.0,0.0,3.0,36.756756,35.64319,,,,,,,,,0.0,0.0,0.0,0.0,-5.25,,,,,,Master only (1),-5.2,,,,,,0.0,,,,0.0,0.0,,0.0
-5.24,5.24,2.10701,1.00469056e+06,30.0,0.0,0.0,0.0,0.0,0.0,0.0,0.0,0.0,3.0,36.808952,35.654106,,,,,,,,,0.0,0.0,0.0,0.0,-5.24,,,,,,Master only (1),-5.2,,,,,,0.0,,,,0.0,0.0,,0.0
-5.23,5.23,2.10701,1.00469056e+06,30.0,0.0,0.0,0.0,0.0,0.0,0.0,0.0,0.0,3.0,36.86118,35.665028,,,,,,,,,0.0,0.0,0.0,0.0,-5.23,,,,,,Master only (1),-5.2,,,,,,0.0,,,,0.0,0.0,,0.0
-5.22,5.22,2.10701,1.00469056e+06,30.0,0.0,0.0,0.0,0.0,0.0,0.0,0.0,0.0,3.0,37.640484,35.675964,,,,,,,,,0.0,0.0,0.0,0.0,-5.22,,,,,,Master only (1),-5.2,,,,,,0.0,,,,0.0,0.0,,0.0
-5.21,5.21,2.10701,1.00469056e+06,30.0,0.0,0.0,0.0,0.0,0.0,0.0,0.0,0.0,3.0,37.693928,35.686897,,,,,,,,,0.0,0.0,0.0,0.0,-5.21,,,,,,Master only (1),-5.2,,,,,,0.0,,,,0.0,0.0,,0.0
-5.2,5.2,2.10701,1.00469056e+06,30.0,0.0,0.0,0.0,0.0,0.0,0.0,0.0,0.0,3.0,37.747437,35.697826,,,,,,,,,0.0,0.0,0.0,0.0,-5.2,,,,,,Master only (1),-5.2,,,,,,0.0,,,,0.0,0.0,,0.0
-5.19,5.19,2.10701,1.00469056e+06,30.0,0.0,0.0,0.0,0.0,0.0,0.0,0.0,0.0,3.0,37.80102,35.708775,,,,,,,,,0.0,0.0,0.0,0.0,-5.19,,,,,,Master only (1),-5.2,,,,,,0.0,,,,0.0,0.0,,0.0
-5.18,5.18,2.10701,1.00469056e+06,30.0,0.0,0.0,0.0,0.0,0.0,0.0,0.0,0.0,3.0,37.85467,35.71971,,,,,,,,,0.0,0.0,0.0,0.0,-5.18,,,,,,Master only (1),-5.2,,,,,,0.0,,,,0.0,0.0,,0.0
-5.17,5.17,2.10701,1.00469056e+06,30.0,0.0,0.0,0.0,0.0,0.0,0.0,0.0,0.0,3.0,37.908394,35.730648,,,,,,,,,0.0,0.0,0.0,0.0,-5.17,,,,,,Master only (1),-5.2,,,,,,0.0,,,,0.0,0.0,,0.0
-5.16,5.16,2.10701,1.00469056e+06,30.0,0.0,0.0,0.0,0.0,0.0,0.0,0.0,0.0,3.0,37.96223,35.741604,,,,,,,,,0.0,0.0,0.0,0.0,-5.16,,,,,,Master only (1),-5.2,,,,,,0.0,,,,0.0,0.0,,0.0
-5.15,5.15,2.10701,1.00469056e+06,30.0,0.0,0.0,0.0,0.0,0.0,0.0,0.0,0.0,3.0,38.016098,35.752552,,,,,,,,,0.0,0.0,0.0,0.0,-5.15,,,,,,Master only (1),-5.2,,,,,,0.0,,,,0.0,0.0,,0.0
-5.14,5.14,2.10701,1.00469056e+06,30.0,0.0,0.0,0.0,0.0,0.0,0.0,0.0,0.0,3.0,38.07008,35.763508,,,,,,,,,0.0,0.0,0.0,0.0,-5.14,,,,,,Master only (1),-5.1,,,,,,0.0,,,,0.0,0.0,,0.0
-5.13,5.13,2.10701,1.00469056e+06,30.0,0.0,0.0,0.0,0.0,0.0,0.0,0.0,0.0,3.0,38.12408,35.774475,,,,,,,,,0.0,0.0,0.0,0.0,-5.13,,,,,,Master only (1),-5.1,,,,,,0.0,,,,0.0,0.0,,0.0
-5.12,5.12,2.10701,1.00469056e+06,30.0,0.0,0.0,0.0,0.0,0.0,0.0,0.0,0.0,3.0,38.178207,35.785427,,,,,,,,,0.0,0.0,0.0,0.0,-5.12,,,,,,Master only (1),-5.1,,,,,,0.0,,,,0.0,0.0,,0.0
-5.11,5.11,2.10701,1.00469056e+06,30.0,0.0,0.0,0.0,0.0,0.0,0.0,0.0,0.0,3.0,38.232407,35.796394,,,,,,,,,0.0,0.0,0.0,0.0,-5.11,,,,,,Master only (1),-5.1,,,,,,0.0,,,,0.0,0.0,,0.0
-5.1,5.1,2.10701,1.00469056e+06,30.0,0.0,0.0,0.0,0.0,0.0,0.0,0.0,0.0,3.0,38.286663,35.807373,,,,,,,,,0.0,0.0,0.0,0.0,-5.1,,,,,,Master only (1),-5.1,,,,,,0.0,,,,0.0,0.0,,0.0
-5.09,5.09,2.10701,1.00469056e+06,30.0,0.0,0.0,0.0,0.0,0.0,0.0,0.0,0.0,3.0,38.341007,35.818333,,,,,,,,,0.0,0.0,0.0,0.0,-5.09,,,,,,Master only (1),-5.1,,,,,,0.0,,,,0.0,0.0,,0.0
-5.08,5.08,2.10701,1.00469056e+06,30.0,0.0,0.0,0.0,0.0,0.0,0.0,0.0,0.0,3.0,38.395454,35.82931,,,,,,,,,0.0,0.0,0.0,0.0,-5.08,,,,,,Master only (1),-5.1,,,,,,0.0,,,,0.0,0.0,,0.0
-5.07,5.07,2.10701,1.00469056e+06,30.0,0.0,0.0,0.0,0.0,0.0,0.0,0.0,0.0,3.0,38.449936,35.840294,,,,,,,,,0.0,0.0,0.0,0.0,-5.07,,,,,,Master only (1),-5.1,,,,,,0.0,,,,0.0,0.0,,0.0
-5.06,5.06,2.10701,1.00469056e+06,30.0,0.0,0.0,0.0,0.0,0.0,0.0,0.0,0.0,3.0,38.50453,35.851276,,,,,,,,,0.0,0.0,0.0,0.0,-5.06,,,,,,Master only (1),-5.1,,,,,,0.0,,,,0.0,0.0,,0.0
-5.05,5.05,2.10701,1.00469056e+06,30.0,0.0,0.0,0.0,0.0,0.0,0.0,0.0,0.0,3.0,38.55916,35.862263,,,,,,,,,0.0,0.0,0.0,0.0,-5.05,,,,,,Master only (1),-5.1,,,,,,0.0,,,,0.0,0.0,,0.0
-5.04,5.04,2.10701,1.00469056e+06,30.0,0.0,0.0,0.0,0.0,0.0,0.0,0.0,0.0,3.0,38.613903,35.87325,,,,,,,,,0.0,0.0,0.0,0.0,-5.04,,,,,,Master only (1),-5.0,,,,,,0.0,,,,0.0,0.0,,0.0
-5.03,5.03,2.10701,1.00469056e+06,30.0,0.0,0.0,0.0,0.0,0.0,0.0,0.0,0.0,3.0,38.13048,35.884243,,,,,,,,,0.0,0.0,0.0,0.0,-5.03,,,,,,Master only (1),-5.0,,,,,,0.0,,,,0.0,0.0,,0.0
-5.02,5.02,2.10701,1.00469056e+06,30.0,0.0,0.0,0.0,0.0,0.0,0.0,0.0,0.0,3.0,38.699654,35.89524,,,,,,,,,0.0,0.0,0.0,0.0,-5.02,,,,,,Master only (1),-5.0,,,,,,0.0,,,,0.0,0.0,,0.0
-5.01,5.01,2.10701,1.00469056e+06,30.0,0.0,0.0,0.0,0.0,0.0,0.0,0.0,0.0,3.0,38.75456,35.90624,,,,,,,,,0.0,0.0,0.0,0.0,-5.01,,,,,,Master only (1),-5.0,,,,,,0.0,,,,0.0,0.0,,0.0
-5.0,5.0,2.10701,1.00469056e+06,30.0,0.0,0.0,0.0,0.0,0.0,0.0,0.0,0.0,3.0,38.80957,35.91724,,,,,,,,,0.0,0.0,0.0,0.0,-5.0,,,,,,Master only (1),-5.0,,,,,,0.0,,,,0.0,0.0,,0.0
-4.99,4.99,2.10701,1.00469056e+06,30.0,0.0,0.0,0.0,0.0,0.0,0.0,0.0,0.0,3.0,38.86466,35.92824,,,,,,,,,0.0,0.0,0.0,0.0,-4.99,,,,,,Master only (1),-5.0,,,,,,0.0,,,,0.0,0.0,,0.0
-4.98,4.98,2.10701,1.00469056e+06,30.0,0.0,0.0,0.0,0.0,0.0,0.0,0.0,0.0,3.0,38.91982,35.939247,,,,,,,,,0.0,0.0,0.0,0.0,-4.98,,,,,,Master only (1),-5.0,,,,,,0.0,,,,0.0,0.0,,0.0
-4.97,4.97,2.10701,1.00469056e+06,30.0,0.0,0.0,0.0,0.0,0.0,0.0,0.0,0.0,3.0,38.9751,35.95027,,,,,,,,,0.0,0.0,0.0,0.0,-4.97,,,,,,Master only (1),-5.0,,,,,,0.0,,,,0.0,0.0,,0.0
-4.96,4.96,2.10701,1.00469056e+06,30.0,0.0,0.0,0.0,0.0,0.0,0.0,0.0,0.0,3.0,39.030407,35.961285,,,,,,,,,0.0,0.0,0.0,0.0,-4.96,,,,,,Master only (1),-5.0,,,,,,0.0,,,,0.0,0.0,,0.0
-4.95,4.95,2.10701,1.00469056e+06,30.0,0.0,0.0,0.0,0.0,0.0,0.0,0.0,0.0,3.0,39.085785,35.972294,,,,,,,,,0.0,0.0,0.0,0.0,-4.95,,,,,,Master only (1),-4.9,,,,,,0.0,,,,0.0,0.0,,0.0
-4.94,4.94,2.10701,1.00469056e+06,30.0,0.0,0.0,0.0,0.0,0.0,0.0,0.0,0.0,3.0,39.141285,35.98333,,,,,,,,,0.0,0.0,0.0,0.0,-4.94,,,,,,Master only (1),-4.9,,,,,,0.0,,,,0.0,0.0,,0.0
-4.93,4.93,2.10701,1.00469056e+06,30.0,0.0,0.0,0.0,0.0,0.0,0.0,0.0,0.0,3.0,39.196857,35.994347,,,,,,,,,0.0,0.0,0.0,0.0,-4.93,,,,,,Master only (1),-4.9,,,,,,0.0,,,,0.0,0.0,,0.0
-4.92,4.92,2.10701,1.00469056e+06,30.0,0.0,0.0,0.0,0.0,0.0,0.0,0.0,0.0,3.0,39.2525,36.005383,,,,,,,,,0.0,0.0,0.0,0.0,-4.92,,,,,,Master only (1),-4.9,,,,,,0.0,,,,0.0,0.0,,0.0
-4.91,4.91,2.10701,1.00469056e+06,30.0,0.0,0.0,0.0,0.0,0.0,0.0,0.0,0.0,3.0,39.30822,36.01641,,,,,,,,,0.0,0.0,0.0,0.0,-4.91,,,,,,Master only (1),-4.9,,,,,,0.0,,,,0.0,0.0,,0.0
-4.9,4.9,2.10701,1.00469056e+06,30.0,0.0,0.0,0.0,0.0,0.0,0.0,0.0,0.0,3.0,39.35828,36.027454,,,,,,,,,0.0,0.0,0.0,0.0,-4.9,,,,,,Master only (1),-4.9,,,,,,0.0,,,,0.0,0.0,,0.0
-4.89,4.89,2.10701,1.00469056e+06,30.0,0.0,0.0,0.0,0.0,0.0,0.0,0.0,0.0,3.0,39.41413,36.038486,,,,,,,,,0.0,0.0,0.0,0.0,-4.89,,,,,,Master only (1),-4.9,,,,,,0.0,,,,0.0,0.0,,0.0
-4.88,4.88,2.10701,1.00469056e+06,30.0,0.0,0.0,0.0,0.0,0.0,0.0,0.0,0.0,3.0,39.470097,36.049534,,,,,,,,,0.0,0.0,0.0,0.0,-4.88,,,,,,Master only (1),-4.9,,,,,,0.0,,,,0.0,0.0,,0.0
-4.87,4.87,2.10701,1.00469056e+06,30.0,0.0,0.0,0.0,0.0,0.0,0.0,0.0,0.0,3.0,39.5261,36.06057,,,,,,,,,0.0,0.0,0.0,0.0,-4.87,,,,,,Master only (1),-4.9,,,,,,0.0,,,,0.0,0.0,,0.0
-4.86,4.86,2.10701,1.00469056e+06,30.0,0.0,0.0,0.0,0.0,0.0,0.0,0.0,0.0,3.0,39.582214,36.071625,,,,,,,,,0.0,0.0,0.0,0.0,-4.86,,,,,,Master only (1),-4.9,,,,,,0.0,,,,0.0,0.0,,0.0
-4.85,4.85,2.10701,1.00469056e+06,30.0,0.0,0.0,0.0,0.0,0.0,0.0,0.0,0.0,3.0,39.6384,36.082676,,,,,,,,,0.0,0.0,0.0,0.0,-4.85,,,,,,Master only (1),-4.8,,,,,,0.0,,,,0.0,0.0,,0.0
-4.84,4.84,2.10701,1.00469056e+06,30.0,0.0,0.0,0.0,0.0,0.0,0.0,0.0,0.0,3.0,39.694668,36.09374,,,,,,,,,0.0,0.0,0.0,0.0,-4.84,,,,,,Master only (1),-4.8,,,,,,0.0,,,,0.0,0.0,,0.0
-4.83,4.83,2.10701,1.00469056e+06,30.0,0.0,0.0,0.0,0.0,0.0,0.0,0.0,0.0,3.0,39.751007,36.1048,,,,,,,,,0.0,0.0,0.0,0.0,-4.83,,,,,,Master only (1),-4.8,,,,,,0.0,,,,0.0,0.0,,0.0
-4.82,4.82,2.10701,1.00469056e+06,30.0,0.0,0.0,0.0,0.0,0.0,0.0,0.0,0.0,3.0,39.805317,36.11585,,,,,,,,,0.0,0.0,0.0,0.0,-4.82,,,,,,Master only (1),-4.8,,,,,,0.0,,,,0.0,0.0,,0.0
-4.81,4.81,2.10701,1.00469056e+06,30.0,0.0,0.0,0.0,0.0,0.0,0.0,0.0,0.0,3.0,39.86179,36.126923,,,,,,,,,0.0,0.0,0.0,0.0,-4.81,,,,,,Master only (1),-4.8,,,,,,0.0,,,,0.0,0.0,,0.0
-4.8,4.8,2.10701,1.00469056e+06,30.0,0.0,0.0,0.0,0.0,0.0,0.0,0.0,0.0,3.0,39.918377,36.13799,,,,,,,,,0.0,0.0,0.0,0.0,-4.8,,,,,,Master only (1),-4.8,,,,,,0.0,,,,0.0,0.0,,0.0
-4.79,4.79,2.10701,1.00469056e+06,30.0,0.0,0.0,0.0,0.0,0.0,0.0,0.0,0.0,3.0,39.975044,36.149063,,,,,,,,,0.0,0.0,0.0,0.0,-4.79,,,,,,Master only (1),-4.8,,,,,,0.0,,,,0.0,0.0,,0.0
-4.78,4.78,2.10701,1.00469056e+06,30.0,0.0,0.0,0.0,0.0,0.0,0.0,0.0,0.0,3.0,40.041397,36.16014,,,,,,,,,0.0,0.0,0.0,0.0,-4.78,,,,,,Master only (1),-4.8,,,,,,0.0,,,,0.0,0.0,,0.0
-4.77,4.77,2.10701,1.00469056e+06,30.0,0.0,0.0,0.0,0.0,0.0,0.0,0.0,0.0,3.0,40.09823,36.171223,,,,,,,,,0.0,0.0,0.0,0.0,-4.77,,,,,,Master only (1),-4.8,,,,,,0.0,,,,0.0,0.0,,0.0
-4.76,4.76,2.10701,1.00469056e+06,30.0,0.0,0.0,0.0,0.0,0.0,0.0,0.0,0.0,3.0,40.155144,36.1823,,,,,,,,,0.0,0.0,0.0,0.0,-4.76,,,,,,Master only (1),-4.8,,,,,,0.0,,,,0.0,0.0,,0.0
-4.75,4.75,2.10701,1.00469056e+06,30.0,0.0,0.0,0.0,0.0,0.0,0.0,0.0,0.0,3.0,40.217243,36.1934,,,,,,,,,0.0,0.0,0.0,0.0,-4.75,,,,,,Master only (1),-4.7,,,,,,0.0,,,,0.0,0.0,,0.0
-4.74,4.74,2.10701,1.00469056e+06,30.0,0.0,0.0,0.0,0.0,0.0,0.0,0.0,0.0,3.0,40.28358,36.204487,,,,,,,,,0.0,0.0,0.0,0.0,-4.74,,,,,,Master only (1),-4.7,,,,,,0.0,,,,0.0,0.0,,0.0
-4.73,4.73,2.10701,1.00469056e+06,30.0,0.0,0.0,0.0,0.0,0.0,0.0,0.0,0.0,3.0,40.352226,36.21558,,,,,,,,,0.0,0.0,0.0,0.0,-4.73,,,,,,Master only (1),-4.7,,,,,,0.0,,,,0.0,0.0,,0.0
-4.72,4.72,2.10701,1.00469056e+06,30.0,0.0,0.0,0.0,0.0,0.0,0.0,0.0,0.0,3.0,40.368034,36.226673,,,,,,,,,0.0,0.0,0.0,0.0,-4.72,,,,,,Master only (1),-4.7,,,,,,0.0,,,,0.0,0.0,,0.0
-4.71,4.71,2.10701,1.00469056e+06,30.0,0.0,0.0,0.0,0.0,0.0,0.0,0.0,0.0,3.0,40.395386,36.101597,,,,,,,,,0.0,0.0,0.0,0.0,-4.71,,,,,,Master only (1),-4.7,,,,,,0.0,,,,0.0,0.0,,0.0
-4.7,4.7,2.10701,1.00469056e+06,30.0,0.0,0.0,0.0,0.0,0.0,0.0,0.0,0.0,3.0,40.45273,36.005566,,,,,,,,,0.0,0.0,0.0,0.0,-4.7,,,,,,Master only (1),-4.7,,,,,,0.0,,,,0.0,0.0,,0.0
-4.69,4.69,2.10701,1.00469056e+06,30.0,0.0,0.0,0.0,0.0,0.0,0.0,0.0,0.0,3.0,40.510143,35.8473,,,,,,,,,0.0,0.0,0.0,0.0,-4.69,,,,,,Master only (1),-4.7,,,,,,0.0,,,,0.0,0.0,,0.0
-4.68,4.68,2.10701,1.00469056e+06,30.0,0.0,0.0,0.0,0.0,0.0,0.0,0.0,0.0,3.0,40.567684,35.579224,,,,,,,,,0.0,0.0,0.0,0.0,-4.68,,,,,,Master only (1),-4.7,,,,,,0.0,,,,0.0,0.0,,0.0
-4.67,4.67,2.10701,1.00469056e+06,30.0,0.0,0.0,0.0,0.0,0.0,0.0,0.0,0.0,3.0,40.62525,35.13895,,,,,,,,,0.0,0.0,0.0,0.0,-4.67,,,,,,Master only (1),-4.7,,,,,,0.0,,,,0.0,0.0,,0.0
-4.66,4.66,2.10701,1.00469056e+06,30.0,0.0,0.0,0.0,0.0,0.0,0.0,0.0,0.0,3.0,40.682903,35.149727,,,,,,,,,0.0,0.0,0.0,0.0,-4.66,,,,,,Master only (1),-4.7,,,,,,0.0,,,,0.0,0.0,,0.0
-4.65,4.65,2.10701,1.00469056e+06,30.0,0.0,0.0,0.0,0.0,0.0,0.0,0.0,0.0,3.0,40.74067,35.16049,,,,,,,,,0.0,0.0,0.0,0.0,-4.65,,,,,,Master only (1),-4.7,,,,,,0.0,,,,0.0,0.0,,0.0
-4.64,4.64,2.10701,1.00469056e+06,30.0,0.0,0.0,0.0,0.0,0.0,0.0,0.0,0.0,3.0,40.798515,34.43123,,,,,,,,,0.0,0.0,0.0,0.0,-4.64,,,,,,Master only (1),-4.6,,,,,,0.0,,,,0.0,0.0,,0.0
-4.63,4.63,2.10701,1.00469056e+06,30.0,0.0,0.0,0.0,0.0,0.0,0.0,0.0,0.0,3.0,40.856384,34.44178,,,,,,,,,0.0,0.0,0.0,0.0,-4.63,,,,,,Master only (1),-4.6,,,,,,0.0,,,,0.0,0.0,,0.0
-4.62,4.62,2.10701,1.00469056e+06,30.0,0.0,0.0,0.0,0.0,0.0,0.0,0.0,0.0,3.0,40.914387,34.452328,,,,,,,,,0.0,0.0,0.0,0.0,-4.62,,,,,,Master only (1),-4.6,,,,,,0.0,,,,0.0,0.0,,0.0
-4.61,4.61,2.10701,1.00469056e+06,30.0,0.0,0.0,0.0,0.0,0.0,0.0,0.0,0.0,3.0,40.972454,34.46289,,,,,,,,,0.0,0.0,0.0,0.0,-4.61,,,,,,Master only (1),-4.6,,,,,,0.0,,,,0.0,0.0,,0.0
-4.6,4.6,2.10701,1.00469056e+06,30.0,0.0,0.0,0.0,0.0,0.0,0.0,0.0,0.0,3.0,41.03061,34.473454,,,,,,,,,0.0,0.0,0.0,0.0,-4.6,,,,,,Master only (1),-4.6,,,,,,0.0,,,,0.0,0.0,,0.0
-4.59,4.59,2.10701,1.00469056e+06,30.0,0.0,0.0,0.0,0.0,0.0,0.0,0.0,0.0,3.0,41.088882,33.198814,,,,,,,,,0.0,0.0,0.0,0.0,-4.59,,,,,,Master only (1),-4.6,,,,,,0.0,,,,0.0,0.0,,0.0
-4.58,4.58,2.10701,1.00469056e+06,30.0,0.0,0.0,0.0,0.0,0.0,0.0,0.0,0.0,3.0,41.147186,33.208973,,,,,,,,,0.0,0.0,0.0,0.0,-4.58,,,,,,Master only (1),-4.6,,,,,,0.0,,,,0.0,0.0,,0.0
-4.57,4.57,2.10701,1.00469056e+06,30.0,0.0,0.0,0.0,0.0,0.0,0.0,0.0,0.0,3.0,41.20561,33.219154,,,,,,,,,0.0,0.0,0.0,0.0,-4.57,,,,,,Master only (1),-4.6,,,,,,0.0,,,,0.0,0.0,,0.0
-4.56,4.56,2.10701,1.00469056e+06,30.0,0.0,0.0,0.0,0.0,0.0,0.0,0.0,0.0,3.0,41.264065,33.229332,,,,,,,,,0.0,0.0,0.0,0.0,-4.56,,,,,,Master only (1),-4.6,,,,,,0.0,,,,0.0,0.0,,0.0
-4.55,4.55,2.10701,1.00469056e+06,30.0,0.0,0.0,0.0,0.0,0.0,0.0,0.0,0.0,3.0,41.322647,33.239513,,,,,,,,,0.0,0.0,0.0,0.0,-4.55,,,,,,Master only (1),-4.6,,,,,,0.0,,,,0.0,0.0,,0.0
-4.54,4.54,2.10701,1.00469056e+06,30.0,0.0,0.0,0.0,0.0,0.0,0.0,0.0,0.0,3.0,41.381306,33.2497,,,,,,,,,0.0,0.0,0.0,0.0,-4.54,,,,,,Master only (1),-4.5,,,,,,0.0,,,,0.0,0.0,,0.0
-4.53,4.53,2.10701,1.00469056e+06,30.0,0.0,0.0,0.0,0.0,0.0,0.0,0.0,0.0,3.0,41.440044,33.259888,,,,,,,,,0.0,0.0,0.0,0.0,-4.53,,,,,,Master only (1),-4.5,,,,,,0.0,,,,0.0,0.0,,0.0
-4.52,4.52,2.10701,1.00469056e+06,30.0,0.0,0.0,0.0,0.0,0.0,0.0,0.0,0.0,3.0,41.49886,33.270077,,,,,,,,,0.0,0.0,0.0,0.0,-4.52,,,,,,Master only (1),-4.5,,,,,,0.0,,,,0.0,0.0,,0.0
-4.51,4.51,2.10701,1.00469056e+06,30.0,0.0,0.0,0.0,0.0,0.0,0.0,0.0,0.0,3.0,41.5578,33.28028,,,,,,,,,0.0,0.0,0.0,0.0,-4.51,,,,,,Master only (1),-4.5,,,,,,0.0,,,,0.0,0.0,,0.0
-4.5,4.5,2.10701,1.00469056e+06,30.0,0.0,0.0,0.0,0.0,0.0,0.0,0.0,0.0,3.0,41.616768,55.536236,,,,,,,,,0.0,0.0,0.0,0.0,-4.5,,,,,,Master only (1),-4.5,,,,,,0.0,,,,0.0,0.0,,0.0
-4.49,4.49,2.10701,1.00469056e+06,30.0,0.0,0.0,0.0,0.0,0.0,0.0,0.0,0.0,3.0,41.675858,55.553246,,,,,,,,,0.0,0.0,0.0,0.0,-4.49,,,,,,Master only (1),-4.5,,,,,,0.0,,,,0.0,0.0,,0.0
-4.48,4.48,2.10701,1.00469056e+06,30.0,0.0,0.0,0.0,0.0,0.0,0.0,0.0,0.0,3.0,41.734985,55.570267,,,,,,,,,0.0,0.0,0.0,0.0,-4.48,,,,,,Master only (1),-4.5,,,,,,0.0,,,,0.0,0.0,,0.0
-4.47,4.47,2.10701,1.00469056e+06,30.0,0.0,0.0,0.0,0.0,0.0,0.0,0.0,0.0,3.0,41.79424,55.587288,,,,,,,,,0.0,0.0,0.0,0.0,-4.47,,,,,,Master only (1),-4.5,,,,,,0.0,,,,0.0,0.0,,0.0
-4.46,4.46,2.10701,1.00469056e+06,30.0,0.0,0.0,0.0,0.0,0.0,0.0,0.0,0.0,3.0,41.853565,55.604332,,,,,,,,,0.0,0.0,0.0,0.0,-4.46,,,,,,Master only (1),-4.5,,,,,,0.0,,,,0.0,0.0,,0.0
-4.45,4.45,2.10701,1.00469056e+06,30.0,0.0,10.844972,0.0,1.0913754,0.0,1.0673604,0.0,113.35118,2.0,41.912975,28.56065,,28.56065,28.56065,,14.7451515,,0.048584335,587.8572,1.0,0.0,0.0,2001.0,-4.45,,35.0,,,,Master only (1),-4.4,,35.0,28.566904,28.566904,,113.35118,4.7304907,-1.0995522,0.081881456,285.63824,0.0,0.0,1.0
-4.44,4.44,2.10701,1.00469056e+06,30.0,0.0,10.84511,0.0,1.0913255,0.0,1.067365,0.0,113.35585,2.0,41.97246,28.561409,,28.561409,28.561409,,14.745367,,0.048583623,587.8814,1.0,0.0,0.0,2001.0,-4.44,,35.0,,,,Master only (1),-4.4,,35.0,28.566904,28.566904,,113.35585,4.730532,-1.0995522,0.081881456,285.63824,0.0,0.0,1.0
-4.43,4.43,2.10701,1.00469056e+06,30.0,0.0,10.845235,0.0,1.0912752,0.0,1.0673692,0.0,113.36006,2.0,42.03202,28.562096,,28.562096,28.562096,,14.745562,,0.048582982,587.9033,1.0,0.0,0.0,2001.0,-4.43,,35.0,3.778975,4.2371187,2.4849067,Matched (3),-4.4,,35.0,28.566904,28.566904,,113.36006,4.7305694,-1.0995522,0.081881456,285.63824,0.0,0.0,1.0
-4.42,4.42,2.10701,1.00469056e+06,30.0,0.0,10.845364,0.0,1.091225,0.0,1.0673735,0.0,113.36441,2.0,42.091717,28.562801,,28.562801,28.562801,,14.745762,,0.048582323,587.9258,1.0,0.0,0.0,2001.0,-4.42,,35.0,,,,Master only (1),-4.4,,35.0,28.566904,28.566904,,113.36441,4.7306075,-1.0995522,0.081881456,285.63824,0.0,0.0,1.0
-4.41,4.41,2.10701,1.00469056e+06,30.0,0.0,10.845488,0.0,1.0911747,0.0,1.0673777,0.0,113.3686,2.0,42.151432,28.563482,,28.563482,28.563482,,14.745955,,0.048581686,587.9475,1.0,0.0,0.0,2001.0,-4.41,,35.0,,,,Master only (1),-4.4,,35.0,28.566904,28.566904,,113.3686,4.730644,-1.0995522,0.081881456,285.63824,0.0,0.0,1.0
-4.4,4.4,2.10701,1.00469056e+06,30.0,0.0,10.84562,0.0,1.0911248,0.0,1.0673821,0.0,113.37307,2.0,42.21128,28.564209,,28.564209,28.564209,,14.746161,,0.048581008,587.9707,1.0,0.0,0.0,2001.0,-4.4,,35.0,,,,Master only (1),-4.4,,35.0,28.566904,28.566904,,113.37307,4.730684,-1.0995522,0.081881456,285.63824,0.0,0.0,1.0
-4.39,4.39,2.10701,1.00469056e+06,30.0,0.0,10.845741,0.0,1.0910743,0.0,1.0673862,0.0,113.37716,2.0,42.271206,28.564873,,28.564873,28.564873,,14.74635,,0.048580386,587.9919,1.0,0.0,0.0,2001.0,-4.39,,35.0,,,,Master only (1),-4.4,,35.0,28.566904,28.566904,,113.37716,4.73072,-1.0995522,0.081881456,285.63824,0.0,0.0,1.0
-4.38,4.38,2.10701,1.00469056e+06,30.0,0.0,10.845877,0.0,1.0910244,0.0,1.0673907,0.0,113.38173,2.0,42.33122,28.565617,,28.565617,28.565617,,14.746561,,0.04857969,588.0156,1.0,0.0,0.0,2001.0,-4.38,,35.0,,,,Master only (1),-4.4,,35.0,28.566904,28.566904,,113.38173,4.73076,-1.0995522,0.081881456,285.63824,0.0,0.0,1.0
-4.37,4.37,2.10701,1.00469056e+06,30.0,0.0,10.845986,0.0,1.0909736,0.0,1.0673944,0.0,113.38543,2.0,42.391296,28.566217,,28.566217,28.566217,,14.746733,,0.048579123,588.03485,1.0,0.0,0.0,2001.0,-4.37,,35.0,,,,Master only (1),-4.4,,35.0,28.566904,28.566904,,113.38543,4.730793,-1.0995522,0.081881456,285.63824,0.0,0.0,1.0
-4.36,4.36,2.10701,1.00469056e+06,30.0,0.0,10.846111,0.0,1.0909233,0.0,1.0673985,0.0,113.38965,2.0,42.45147,28.566904,,28.566904,28.566904,,14.746927,,0.048578482,588.05676,1.0,0.0,0.0,2001.0,-4.36,,35.0,,,,Master only (1),-4.4,,35.0,28.566904,28.566904,,113.38965,4.73083,-1.0995522,0.081881456,285.63824,0.0,0.0,1.0
-4.35,4.35,2.10701,1.00469056e+06,30.0,0.0,9.842739,0.0,1.0554527,0.0,1.0327444,0.0,82.87775,2.0,42.511707,23.3364,,23.3364,23.3364,,13.194574,,0.05429378,429.81717,1.0,0.0,0.0,2001.0,-4.35,,28.0,,,,Master only (1),-4.3,,28.0,23.343395,23.343395,,82.87775,4.4173665,-1.0995522,-0.2311178,233.39856,0.0,0.0,1.0
-4.34,4.34,2.10701,1.00469056e+06,30.0,0.0,9.842879,0.0,1.055405,0.0,1.0327494,0.0,82.88156,2.0,42.572083,23.337091,,23.337091,23.337091,,13.19479,,0.054292895,429.83694,1.0,0.0,0.0,2001.0,-4.34,,28.0,,,,Matched (3),-4.3,,28.0,23.343395,23.343395,,82.88156,4.4174128,-1.0995522,-0.2311178,233.39856,0.0,0.0,1.0
-4.33,4.33,2.10701,1.00469056e+06,30.0,0.0,9.8430395,0.0,1.055358,0.0,1.0327551,0.0,82.88592,2.0,42.632484,23.337883,,23.337883,23.337883,,13.195036,,0.054291885,429.8595,1.0,0.0,0.0,2001.0,-4.33,,28.0,,,,Master only (1),-4.3,,28.0,23.343395,23.343395,,82.88592,4.417465,-1.0995522,-0.2311178,233.39856,0.0,0.0,1.0
-4.32,4.32,2.10701,1.00469056e+06,30.0,0.0,9.843204,0.0,1.0553113,0.0,1.032761,0.0,82.89037,2.0,42.69302,23.338692,,23.338692,23.338692,,13.195288,,0.05429085,429.8826,1.0,0.0,0.0,2001.0,-4.32,,28.0,,,,Master only (1),-4.3,,28.0,23.343395,23.343395,,82.89037,4.417519,-1.0995522,-0.2311178,233.39856,0.0,0.0,1.0
-4.31,4.31,2.10701,1.00469056e+06,30.0,0.0,9.843364,0.0,1.0552644,0.0,1.0327667,0.0,82.89473,2.0,42.753628,23.339483,,23.339483,23.339483,,13.195534,,0.054289836,429.9052,1.0,0.0,0.0,2001.0,-4.31,,28.0,,,,Master only (1),-4.3,,28.0,23.343395,23.343395,,82.89473,4.4175715,-1.0995522,-0.2311178,233.39856,0.0,0.0,1.0
-4.3,4.3,2.10701,1.00469056e+06,30.0,0.0,9.843511,0.0,1.0552169,0.0,1.032772,0.0,82.89873,2.0,42.81427,23.34021,,23.34021,23.34021,,13.19576,,0.054288905,429.92596,1.0,0.0,0.0,2001.0,-4.3,,28.0,3.808995,4.251219,2.4849067,Matched (3),-4.3,,28.0,23.343395,23.343395,,82.89873,4.4176197,-1.0995522,-0.2311178,233.39856,0.0,0.0,1.0
-4.29,4.29,2.10701,1.00469056e+06,30.0,0.0,9.843668,0.0,1.0551699,0.0,1.0327775,0.0,82.90301,2.0,42.87504,23.340986,,23.340986,23.340986,,13.196001,,0.054287914,429.94812,1.0,0.0,0.0,2001.0,-4.29,,28.0,,,,Master only (1),-4.3,,28.0,23.343395,23.343395,,82.90301,4.417671,-1.0995522,-0.2311178,233.39856,0.0,0.0,1.0
-4.28,4.28,2.10701,1.00469056e+06,30.0,0.0,9.843838,0.0,1.0551233,0.0,1.0327836,0.0,82.90762,2.0,42.935944,23.341825,,23.341825,23.341825,,13.196262,,0.054286838,429.9721,1.0,0.0,0.0,2001.0,-4.28,,28.0,,,,Master only (1),-4.3,,28.0,23.343395,23.343395,,82.90762,4.417727,-1.0995522,-0.2311178,233.39856,0.0,0.0,1.0
-4.27,4.27,2.10701,1.00469056e+06,30.0,0.0,9.843992,0.0,1.0550762,0.0,1.0327891,0.0,82.91183,2.0,42.996876,23.342588,,23.342588,23.342588,,13.1965,,0.05428586,429.9939,1.0,0.0,0.0,2001.0,-4.27,,28.0,,,,Master only (1),-4.3,,28.0,23.343395,23.343395,,82.91183,4.4177775,-1.0995522,-0.2311178,233.39856,0.0,0.0,1.0
-4.26,4.26,2.10701,1.00469056e+06,30.0,0.0,9.844155,0.0,1.0550294,0.0,1.032795,0.0,82.91626,2.0,43.057888,23.343395,,23.343395,23.343395,,13.19675,,0.054284833,430.01688,1.0,0.0,0.0,2001.0,-4.26,,28.0,,,,Master only (1),-4.3,,28.0,23.343395,23.343395,,82.91626,4.417831,-1.0995522,-0.2311178,233.39856,0.0,0.0,1.0
-4.25,4.25,2.10701,1.00469056e+06,30.0,0.0,0.0,0.0,0.0,0.0,0.0,0.0,0.0,3.0,43.119034,55.96322,,,,,,,,,0.0,0.0,0.0,0.0,-4.25,,,,,,Master only (1),-4.2,,,,,,0.0,,,,0.0,0.0,,0.0
-4.24,4.24,2.10701,1.00469056e+06,30.0,0.0,0.0,0.0,0.0,0.0,0.0,0.0,0.0,3.0,43.1802,55.980385,,,,,,,,,0.0,0.0,0.0,0.0,-4.24,,,,,,Master only (1),-4.2,,,,,,0.0,,,,0.0,0.0,,0.0
-4.23,4.23,2.10701,1.00469056e+06,30.0,0.0,0.0,0.0,0.0,0.0,0.0,0.0,0.0,3.0,43.241505,55.99753,,,,,,,,,0.0,0.0,0.0,0.0,-4.23,,,,,,Master only (1),-4.2,,,,,,0.0,,,,0.0,0.0,,0.0
-4.22,4.22,2.10701,1.00469056e+06,30.0,0.0,0.0,0.0,0.0,0.0,0.0,0.0,0.0,3.0,43.30289,56.014687,,,,,,,,,0.0,0.0,0.0,0.0,-4.22,,,,,,Master only (1),-4.2,,,,,,0.0,,,,0.0,0.0,,0.0
-4.21,4.21,2.10701,1.00469056e+06,30.0,0.0,0.0,0.0,0.0,0.0,0.0,0.0,0.0,3.0,43.364357,56.03186,,,,,,,,,0.0,0.0,0.0,0.0,-4.21,,,,,,Master only (1),-4.2,,,,,,0.0,,,,0.0,0.0,,0.0
-4.2,4.2,2.10701,1.00469056e+06,30.0,0.0,0.0,0.0,0.0,0.0,0.0,0.0,0.0,3.0,43.4259,56.04902,,,,,,,,,0.0,0.0,0.0,0.0,-4.2,,,,,,Master only (1),-4.2,,,,,,0.0,,,,0.0,0.0,,0.0
-4.19,4.19,2.10701,1.00469056e+06,30.0,0.0,0.0,0.0,0.0,0.0,0.0,0.0,0.0,3.0,43.487576,56.066208,,,,,,,,,0.0,0.0,0.0,0.0,-4.19,,,,,,Master only (1),-4.2,,,,,,0.0,,,,0.0,0.0,,0.0
-4.18,4.18,2.10701,1.00469056e+06,30.0,0.0,0.0,0.0,0.0,0.0,0.0,0.0,0.0,3.0,43.549286,56.08338,,,,,,,,,0.0,0.0,0.0,0.0,-4.18,,,,,,Master only (1),-4.2,,,,,,0.0,,,,0.0,0.0,,0.0
-4.17,4.17,2.10701,1.00469056e+06,30.0,0.0,0.0,0.0,0.0,0.0,0.0,0.0,0.0,3.0,43.611076,56.100574,,,,,,,,,0.0,0.0,0.0,0.0,-4.17,,,,,,Master only (1),-4.2,,,,,,0.0,,,,0.0,0.0,,0.0
-4.16,4.16,2.10701,1.00469056e+06,30.0,0.0,0.0,0.0,0.0,0.0,0.0,0.0,0.0,3.0,43.672997,56.117752,,,,,,,,,0.0,0.0,0.0,0.0,-4.16,,,,,,Master only (1),-4.2,,,,,,0.0,,,,0.0,0.0,,0.0
-4.15,4.15,2.10701,1.00469056e+06,30.0,0.0,0.0,0.0,0.0,0.0,0.0,0.0,0.0,3.0,43.735004,56.134953,,,,,,,,,0.0,0.0,0.0,0.0,-4.15,,,,,,Master only (1),-4.2,,,,,,0.0,,,,0.0,0.0,,0.0
-4.14,4.14,2.10701,1.00469056e+06,30.0,0.0,10.142343,0.0,1.065149,0.0,1.043327,0.0,91.303856,2.0,43.797085,24.840689,,24.840689,24.840689,,13.655788,,0.052460052,473.51627,1.0,0.0,0.0,2001.0,-4.14,,30.0,3.8334634,4.255231,2.4849067,Matched (3),-4.1,,30.0,24.847418,24.847418,,91.303856,4.514193,-1.0995522,-0.13433607,248.44064,0.0,0.0,1.0
-4.13,4.13,2.10701,1.00469056e+06,30.0,0.0,10.142482,0.0,1.0651007,0.0,1.0433319,0.0,91.30791,2.0,43.859253,24.841398,,24.841398,24.841398,,13.656003,,0.05245923,473.53723,1.0,0.0,0.0,2001.0,-4.13,,30.0,,,,Master only (1),-4.1,,30.0,24.847418,24.847418,,91.30791,4.5142374,-1.0995522,-0.13433607,248.44064,0.0,0.0,1.0
-4.12,4.12,2.10701,1.00469056e+06,30.0,0.0,10.142625,0.0,1.0650525,0.0,1.0433369,0.0,91.312065,2.0,43.9215,24.842129,,24.842129,24.842129,,13.656224,,0.052458376,473.55887,1.0,0.0,0.0,2001.0,-4.12,,30.0,,,,Master only (1),-4.1,,30.0,24.847418,24.847418,,91.312065,4.5142827,-1.0995522,-0.13433607,248.44064,0.0,0.0,1.0
-4.11,4.11,2.10701,1.00469056e+06,30.0,0.0,10.142778,0.0,1.0650047,0.0,1.0433422,0.0,91.31653,2.0,43.983833,24.842913,,24.842913,24.842913,,13.656461,,0.05245747,473.58197,1.0,0.0,0.0,2001.0,-4.11,,30.0,,,,Master only (1),-4.1,,30.0,24.847418,24.847418,,91.31653,4.514332,-1.0995522,-0.13433607,248.44064,0.0,0.0,1.0
-4.1,4.1,2.10701,1.00469056e+06,30.0,0.0,10.142936,0.0,1.064957,0.0,1.0433477,0.0,91.3211,2.0,44.046295,24.843716,,24.843716,24.843716,,13.656704,,0.052456535,473.60574,1.0,0.0,0.0,2001.0,-4.1,,30.0,,,,Master only (1),-4.1,,30.0,24.847418,24.847418,,91.3211,4.514382,-1.0995522,-0.13433607,248.44064,0.0,0.0,1.0
-4.09,4.09,2.10701,1.00469056e+06,30.0,0.0,10.143072,0.0,1.0649087,0.0,1.0433525,0.0,91.325066,2.0,44.10879,24.844412,,24.844412,24.844412,,13.656914,,0.052455727,473.6263,1.0,0.0,0.0,2001.0,-4.09,,30.0,,,,Master only (1),-4.1,,30.0,24.847418,24.847418,,91.325066,4.5144253,-1.0995522,-0.13433607,248.44064,0.0,0.0,1.0
-4.08,4.08,2.10701,1.00469056e+06,30.0,0.0,10.143232,0.0,1.0648612,0.0,1.0433581,0.0,91.32973,2.0,44.171425,24.845228,,24.845228,24.845228,,13.657161,,0.05245478,473.6504,1.0,0.0,0.0,2001.0,-4.08,,30.0,,,,Master only (1),-4.1,,30.0,24.847418,24.847418,,91.32973,4.5144763,-1.0995522,-0.13433607,248.44064,0.0,0.0,1.0
-4.07,4.07,2.10701,1.00469056e+06,30.0,0.0,10.143375,0.0,1.064813,0.0,1.0433631,0.0,91.333885,2.0,44.234085,24.845959,,24.845959,24.845959,,13.657382,,0.05245393,473.672,1.0,0.0,0.0,2001.0,-4.07,,30.0,,,,Master only (1),-4.1,,30.0,24.847418,24.847418,,91.333885,4.514522,-1.0995522,-0.13433607,248.44064,0.0,0.0,1.0
-4.06,4.06,2.10701,1.00469056e+06,30.0,0.0,10.143538,0.0,1.0647657,0.0,1.0433688,0.0,91.33862,2.0,44.296875,24.84679,,24.84679,24.84679,,13.657634,,0.052452963,473.6966,1.0,0.0,0.0,2001.0,-4.06,,30.0,,,,Master only (1),-4.1,,30.0,24.847418,24.847418,,91.33862,4.5145736,-1.0995522,-0.13433607,248.44064,0.0,0.0,1.0
-4.05,4.05,2.10701,1.00469056e+06,30.0,0.0,10.1436615,0.0,1.0647168,0.0,1.0433731,0.0,91.3422,2.0,44.359753,24.847418,,24.847418,24.847418,,13.657824,,0.052452233,473.71515,1.0,0.0,0.0,2001.0,-4.05,,30.0,,,,Master only (1),-4.1,,30.0,24.847418,24.847418,,91.3422,4.5146127,-1.0995522,-0.13433607,248.44064,0.0,0.0,1.0
-4.04,4.04,2.10701,1.00469056e+06,30.0,0.0,10.143805,0.0,1.0646687,0.0,1.0433781,0.0,91.34636,2.0,44.422718,24.848148,,24.848148,24.848148,,13.658044,,0.052451387,473.73672,1.0,0.0,0.0,2001.0,-4.04,,30.0,,,,Master only (1),-4.0,,30.0,24.855036,24.855036,,91.34636,4.5146585,-0.8544297,-0.13386066,248.51595,0.0,0.0,1.0
-4.03,4.03,2.10701,1.00469056e+06,30.0,0.0,10.143961,0.0,1.064621,0.0,1.0433836,0.0,91.350914,2.0,44.485806,24.848948,,24.848948,24.848948,,13.658285,,0.052450463,473.7603,1.0,0.0,0.0,2001.0,-4.03,,30.0,,,,Master only (1),-4.0,,30.0,24.855036,24.855036,,91.350914,4.5147085,-0.8544297,-0.13386066,248.51595,0.0,0.0,1.0
-4.02,4.02,2.10701,1.00469056e+06,30.0,0.0,10.144105,0.0,1.0645729,0.0,1.0433886,0.0,91.355095,2.0,44.548935,24.849682,,24.849682,24.849682,,13.658507,,0.05244961,473.782,1.0,0.0,0.0,2001.0,-4.02,,30.0,,,,Master only (1),-4.0,,30.0,24.855036,24.855036,,91.355095,4.514754,-0.8544297,-0.13386066,248.51595,0.0,0.0,1.0
-4.01,4.01,2.10701,1.00469056e+06,30.0,0.0,10.144255,0.0,1.064525,0.0,1.0433939,0.0,91.35945,2.0,44.612194,24.850447,,24.850447,24.850447,,13.658738,,0.052448723,473.8046,1.0,0.0,0.0,2001.0,-4.01,,30.0,,,,Master only (1),-4.0,,30.0,24.855036,24.855036,,91.35945,4.5148015,-0.8544297,-0.13386066,248.51595,0.0,0.0,1.0
-4.0,4.0,2.10701,1.00469056e+06,30.0,0.0,10.144411,0.0,1.0644774,0.0,1.0433993,0.0,91.364,2.0,44.675488,24.851244,,24.851244,24.851244,,13.658979,,0.052447796,473.8282,1.0,0.0,0.0,2001.0,-4.0,,30.0,,,,Master only (1),-4.0,,30.0,24.855036,24.855036,,91.364,4.5148516,-0.8544297,-0.13386066,248.51595,0.0,0.0,1.0
-3.99,3.99,2.10701,1.00469056e+06,30.0,0.0,10.144565,0.0,1.0644296,0.0,1.0434047,0.0,91.36847,2.0,44.738914,24.852028,,24.852028,24.852028,,13.659217,,0.052446883,473.85138,1.0,0.0,0.0,2001.0,-3.99,,30.0,,,,Master only (1),-4.0,,30.0,24.855036,24.855036,,91.36847,4.5149,-0.8544297,-0.13386066,248.51595,0.0,0.0,1.0
-3.98,3.98,2.10701,1.00469056e+06,30.0,0.0,10.144701,0.0,1.0643812,0.0,1.0434095,0.0,91.37244,2.0,44.80242,24.852724,,24.852724,24.852724,,13.659427,,0.05244608,473.87192,1.0,0.0,0.0,2001.0,-3.98,,30.0,3.9968498,4.2642503,2.730029,Matched (3),-4.0,,30.0,24.855036,24.855036,,91.37244,4.514944,-0.8544297,-0.13386066,248.51595,0.0,0.0,1.0
-3.97,3.97,2.10701,1.00469056e+06,30.0,0.0,10.144844,0.0,1.0643332,0.0,1.0434145,0.0,91.376595,2.0,44.86602,24.853455,,24.853455,24.853455,,13.659648,,0.05244523,473.89352,1.0,0.0,0.0,2001.0,-3.97,,30.0,,,,Master only (1),-4.0,,30.0,24.855036,24.855036,,91.376595,4.5149894,-0.8544297,-0.13386066,248.51595,0.0,0.0,1.0
-3.96,3.96,2.10701,1.00469056e+06,30.0,0.0,10.144998,0.0,1.0642854,0.0,1.0434198,0.0,91.38106,2.0,44.92969,24.854239,,24.854239,24.854239,,13.659884,,0.05244432,473.9167,1.0,0.0,0.0,2001.0,-3.96,,30.0,,,,Master only (1),-4.0,,30.0,24.855036,24.855036,,91.38106,4.515038,-0.8544297,-0.13386066,248.51595,0.0,0.0,1.0
-3.95,3.95,2.10701,1.00469056e+06,30.0,0.0,10.145154,0.0,1.0642378,0.0,1.0434253,0.0,91.38561,2.0,44.993458,24.855036,,24.855036,24.855036,,13.660126,,0.052443393,473.94028,1.0,0.0,0.0,2001.0,-3.95,,30.0,,,,Master only (1),-4.0,,30.0,24.855036,24.855036,,91.38561,4.515088,-0.8544297,-0.13386066,248.51595,0.0,0.0,1.0
-3.94,3.94,2.10701,1.00469056e+06,30.0,0.0,8.396504,0.0,0.99788964,0.0,0.9784236,0.0,49.60998,2.0,45.057358,16.758976,,16.758976,16.758976,,10.997979,,0.06513773,257.28525,1.0,0.0,0.0,2001.0,-3.94,,19.0,,,,Master only (1),-3.9,,19.0,16.766281,16.766281,,49.60998,3.904192,-1.0995522,-0.7440811,150.86368,0.0,0.0,1.0
-3.93,3.93,2.10701,1.00469056e+06,30.0,0.0,8.396722,0.0,0.9978486,0.0,0.97843224,0.0,49.614132,2.0,45.121284,16.75988,,16.75988,16.75988,,10.998305,,0.06513579,257.30676,1.0,0.0,0.0,2001.0,-3.93,,19.0,3.881921,4.2662086,2.4849067,Matched (3),-3.9,,19.0,16.766281,16.766281,,49.614132,3.9042757,-1.0995522,-0.7440811,150.86368,0.0,0.0,1.0
-3.92,3.92,2.10701,1.00469056e+06,30.0,0.0,8.396948,0.0,0.9978078,0.0,0.9784412,0.0,49.618443,2.0,45.18535,16.76082,,16.76082,16.76082,,10.998645,,0.06513379,257.32913,1.0,0.0,0.0,2001.0,-3.92,,19.0,,,,Master only (1),-3.9,,19.0,16.766281,16.766281,,49.618443,3.9043627,-1.0995522,-0.7440811,150.86368,0.0,0.0,1.0
-3.91,3.91,2.10701,1.00469056e+06,30.0,0.0,8.397166,0.0,0.99776673,0.0,0.9784498,0.0,49.622612,2.0,45.249504,16.761728,,16.761728,16.761728,,10.998973,,0.06513184,257.35074,1.0,0.0,0.0,2001.0,-3.91,,19.0,,,,Master only (1),-3.9,,19.0,16.766281,16.766281,,49.622612,3.9044466,-1.0995522,-0.7440811,150.86368,0.0,0.0,1.0
-3.9,3.9,2.10701,1.00469056e+06,30.0,0.0,8.397383,0.0,0.9977256,0.0,0.9784584,0.0,49.626743,2.0,45.313683,16.762629,,16.762629,16.762629,,10.999297,,0.06512992,257.37216,1.0,0.0,0.0,2001.0,-3.9,,19.0,,,,Master only (1),-3.9,,19.0,16.766281,16.766281,,49.626743,3.9045298,-1.0995522,-0.7440811,150.86368,0.0,0.0,1.0
-3.89,3.89,2.10701,1.00469056e+06,30.0,0.0,8.397599,0.0,0.9976845,0.0,0.978467,0.0,49.630875,2.0,45.378006,16.763529,,16.763529,16.763529,,10.999622,,0.065128,257.3936,1.0,0.0,0.0,2001.0,-3.89,,19.0,,,,Master only (1),-3.9,,19.0,16.766281,16.766281,,49.630875,3.904613,-1.0995522,-0.7440811,150.86368,0.0,0.0,1.0
-3.88,3.88,2.10701,1.00469056e+06,30.0,0.0,8.397823,0.0,0.99764365,0.0,0.97847587,0.0,49.63515,2.0,45.442463,16.764462,,16.764462,16.764462,,10.999959,,0.065126,257.4158,1.0,0.0,0.0,2001.0,-3.88,,19.0,,,,Master only (1),-3.9,,19.0,16.766281,16.766281,,49.63515,3.9046993,-1.0995522,-0.7440811,150.86368,0.0,0.0,1.0
-3.87,3.87,2.10701,1.00469056e+06,30.0,0.0,8.398042,0.0,0.9976026,0.0,0.9784845,0.0,49.63932,2.0,45.50695,16.76537,,16.76537,16.76537,,11.000286,,0.065124065,257.43738,1.0,0.0,0.0,2001.0,-3.87,,19.0,,,,Master only (1),-3.9,,19.0,16.766281,16.766281,,49.63932,3.9047832,-1.0995522,-0.7440811,150.86368,0.0,0.0,1.0
-3.86,3.86,2.10701,1.00469056e+06,30.0,0.0,8.398261,0.0,0.9975616,0.0,0.9784932,0.0,49.643505,2.0,45.57153,16.766281,,16.766281,16.766281,,11.000616,,0.06512211,257.4591,1.0,0.0,0.0,2001.0,-3.86,,19.0,,,,Master only (1),-3.9,,19.0,16.766281,16.766281,,49.643505,3.9048676,-1.0995522,-0.7440811,150.86368,0.0,0.0,1.0
-3.85,3.85,2.10701,1.00469056e+06,30.0,0.0,9.070858,0.0,1.0239861,0.0,1.0044628,0.0,63.665936,2.0,45.636242,19.685343,,19.685343,19.685343,,12.015876,,0.059619736,330.18164,1.0,0.0,0.0,2001.0,-3.85,,23.0,,,,Master only (1),-3.8,,23.0,19.693161,19.693161,,63.665936,4.15365,-0.91031027,-0.4946838,196.89236,0.0,0.0,1.0
-3.84,3.84,2.10701,1.00469056e+06,30.0,0.0,9.071052,0.0,1.0239422,0.0,1.0044701,0.0,63.670322,2.0,45.700985,19.686218,,19.686218,19.686218,,12.01617,,0.05961828,330.2044,1.0,0.0,0.0,2001.0,-3.84,,23.0,,,,Master only (1),-3.8,,23.0,19.693161,19.693161,,63.670322,4.1537185,-0.91031027,-0.4946838,196.89236,0.0,0.0,1.0
-3.83,3.83,2.10701,1.00469056e+06,30.0,0.0,9.071241,0.0,1.0238984,0.0,1.0044773,0.0,63.674625,2.0,45.765873,19.687077,,19.687077,19.687077,,12.016458,,0.059616853,330.2267,1.0,0.0,0.0,2001.0,-3.83,,23.0,3.926691,4.2223577,2.6741486,Matched (3),-3.8,,23.0,19.693161,19.693161,,63.674625,4.153786,-0.91031027,-0.4946838,196.89236,0.0,0.0,1.0
-3.82,3.82,2.10701,1.00469056e+06,30.0,0.0,9.071431,0.0,1.0238545,0.0,1.0044844,0.0,63.67893,2.0,45.830837,19.687935,,19.687935,19.687935,,12.016746,,0.059615422,330.24902,1.0,0.0,0.0,2001.0,-3.82,,23.0,,,,Master only (1),-3.8,,23.0,19.693161,19.693161,,63.67893,4.153854,-0.91031027,-0.4946838,196.89236,0.0,0.0,1.0
-3.81,3.81,2.10701,1.00469056e+06,30.0,0.0,9.071621,0.0,1.0238105,0.0,1.0044916,0.0,63.683228,2.0,45.895893,19.688793,,19.688793,19.688793,,12.017034,,0.059613995,330.27133,1.0,0.0,0.0,2001.0,-3.81,,23.0,,,,Master only (1),-3.8,,23.0,19.693161,19.693161,,63.683228,4.153921,-0.91031027,-0.4946838,196.89236,0.0,0.0,1.0
-3.8,3.8,2.10701,1.00469056e+06,30.0,0.0,9.071812,0.0,1.0237666,0.0,1.0044987,0.0,63.687553,2.0,45.961033,19.689655,,19.689655,19.689655,,12.0173235,,0.059612554,330.29376,1.0,0.0,0.0,2001.0,-3.8,,23.0,,,,Master only (1),-3.8,,23.0,19.693161,19.693161,,63.687553,4.1539893,-0.91031027,-0.4946838,196.89236,0.0,0.0,1.0
-3.79,3.79,2.10701,1.00469056e+06,30.0,0.0,9.072004,0.0,1.0237229,0.0,1.004506,0.0,63.69192,2.0,46.026257,19.690527,,19.690527,19.690527,,12.017615,,0.05961111,330.3164,1.0,0.0,0.0,2001.0,-3.79,,23.0,,,,Master only (1),-3.8,,23.0,19.693161,19.693161,,63.69192,4.1540575,-0.91031027,-0.4946838,196.89236,0.0,0.0,1.0
-3.78,3.78,2.10701,1.00469056e+06,30.0,0.0,9.072207,0.0,1.0236795,0.0,1.0045136,0.0,63.696526,2.0,46.09163,19.691444,,19.691444,19.691444,,12.017924,,0.059609573,330.3403,1.0,0.0,0.0,2001.0,-3.78,,23.0,,,,Master only (1),-3.8,,23.0,19.693161,19.693161,,63.696526,4.15413,-0.91031027,-0.4946838,196.89236,0.0,0.0,1.0
-3.77,3.77,2.10701,1.00469056e+06,30.0,0.0,9.072375,0.0,1.0236348,0.0,1.0045199,0.0,63.700333,2.0,46.157024,19.692204,,19.692204,19.692204,,12.018179,,0.05960831,330.36005,1.0,0.0,0.0,2001.0,-3.77,,23.0,,,,Master only (1),-3.8,,23.0,19.693161,19.693161,,63.700333,4.1541896,-0.91031027,-0.4946838,196.89236,0.0,0.0,1.0
-3.76,3.76,2.10701,1.00469056e+06,30.0,0.0,9.072587,0.0,1.0235916,0.0,1.0045279,0.0,63.70513,2.0,46.222557,19.693161,,19.693161,19.693161,,12.0185,,0.05960672,330.38492,1.0,0.0,0.0,2001.0,-3.76,,23.0,,,,Master only (1),-3.8,,23.0,19.693161,19.693161,,63.70513,4.154265,-0.91031027,-0.4946838,196.89236,0.0,0.0,1.0
-3.75,3.75,2.10701,1.00469056e+06,30.0,0.0,10.716386,0.0,1.0831606,0.0,1.0630406,0.0,109.068344,2.0,46.288185,27.85969,,27.85969,27.85969,,14.545,,0.049252894,565.64575,1.0,0.0,0.0,2001.0,-3.75,,34.0,,,,Master only (1),-3.7,,34.0,27.866905,27.866905,,109.068344,4.6919746,-0.91031027,0.0434274,306.49622,0.0,0.0,1.0
-3.74,3.74,2.10701,1.00469056e+06,30.0,0.0,10.716519,0.0,1.0831112,0.0,1.0630451,0.0,109.07273,2.0,46.35384,27.860413,,27.860413,27.860413,,14.545208,,0.04925219,565.6685,1.0,0.0,0.0,2001.0,-3.74,,34.0,,,,Master only (1),-3.7,,34.0,27.866905,27.866905,,109.07273,4.6920147,-0.91031027,0.0434274,306.49622,0.0,0.0,1.0
-3.73,3.73,2.10701,1.00469056e+06,30.0,0.0,10.716654,0.0,1.0830616,0.0,1.0630497,0.0,109.07715,2.0,46.419643,27.861141,,27.861141,27.861141,,14.545417,,0.049251486,565.6914,1.0,0.0,0.0,2001.0,-3.73,,34.0,,,,Master only (1),-3.7,,34.0,27.866905,27.866905,,109.07715,4.692055,-0.91031027,0.0434274,306.49622,0.0,0.0,1.0
-3.72,3.72,2.10701,1.00469056e+06,30.0,0.0,10.716778,0.0,1.0830116,0.0,1.0630538,0.0,109.08122,2.0,46.485523,27.861813,,27.861813,27.861813,,14.545609,,0.04925083,565.7125,1.0,0.0,0.0,2001.0,-3.72,,34.0,,,,Master only (1),-3.7,,34.0,27.866905,27.866905,,109.08122,4.692093,-0.91031027,0.0434274,306.49622,0.0,0.0,1.0
-3.71,3.71,2.10701,1.00469056e+06,30.0,0.0,10.716908,0.0,1.082962,0.0,1.0630583,0.0,109.08552,2.0,46.551548,27.86252,,27.86252,27.86252,,14.545813,,0.049250145,565.7348,1.0,0.0,0.0,2001.0,-3.71,,34.0,,,,Master only (1),-3.7,,34.0,27.866905,27.866905,,109.08552,4.692132,-0.91031027,0.0434274,306.49622,0.0,0.0,1.0
-3.7,3.7,2.10701,1.00469056e+06,30.0,0.0,10.717047,0.0,1.0829126,0.0,1.0630629,0.0,109.090065,2.0,46.6176,27.863268,,27.863268,27.863268,,14.546028,,0.049249414,565.75836,1.0,0.0,0.0,2001.0,-3.7,,34.0,,,,Master only (1),-3.7,,34.0,27.866905,27.866905,,109.090065,4.692174,-0.91031027,0.0434274,306.49622,0.0,0.0,1.0
-3.69,3.69,2.10701,1.00469056e+06,30.0,0.0,10.717177,0.0,1.082863,0.0,1.0630673,0.0,109.09436,2.0,46.6838,27.863976,,27.863976,27.863976,,14.546231,,0.049248725,565.78064,1.0,0.0,0.0,2001.0,-3.69,,34.0,,,,Master only (1),-3.7,,34.0,27.866905,27.866905,,109.09436,4.692213,-0.91031027,0.0434274,306.49622,0.0,0.0,1.0
-3.68,3.68,2.10701,1.00469056e+06,30.0,0.0,10.717322,0.0,1.0828139,0.0,1.0630722,0.0,109.09912,2.0,46.75004,27.864761,,27.864761,27.864761,,14.546456,,0.049247965,565.80536,1.0,0.0,0.0,2001.0,-3.68,,34.0,,,,Master only (1),-3.7,,34.0,27.866905,27.866905,,109.09912,4.692257,-0.91031027,0.0434274,306.49622,0.0,0.0,1.0
-3.67,3.67,2.10701,1.00469056e+06,30.0,0.0,10.717457,0.0,1.0827643,0.0,1.0630767,0.0,109.103546,2.0,46.816406,27.86549,,27.86549,27.86549,,14.546666,,0.049247254,565.8283,1.0,0.0,0.0,2001.0,-3.67,,34.0,,,,Matched (3),-3.7,,34.0,27.866905,27.866905,,109.103546,4.6922975,-0.91031027,0.0434274,306.49622,0.0,0.0,1.0
-3.66,3.66,2.10701,1.00469056e+06,30.0,0.0,10.717598,0.0,1.082715,0.0,1.0630815,0.0,109.108185,2.0,46.882866,27.866255,,27.866255,27.866255,,14.5468855,,0.049246512,565.85236,1.0,0.0,0.0,2001.0,-3.66,,34.0,,,,Master only (1),-3.7,,34.0,27.866905,27.866905,,109.108185,4.69234,-0.91031027,0.0434274,306.49622,0.0,0.0,1.0
-3.65,3.65,2.10701,1.00469056e+06,30.0,0.0,10.717718,0.0,1.082665,0.0,1.0630856,0.0,109.11214,2.0,46.949413,27.866905,,27.866905,27.866905,,14.547072,,0.04924588,565.87286,1.0,0.0,0.0,2001.0,-3.65,,34.0,4.0200458,4.2972884,2.6741486,Matched (3),-3.7,,34.0,27.866905,27.866905,,109.11214,4.692376,-0.91031027,0.0434274,306.49622,0.0,0.0,1.0
-3.64,3.64,2.10701,1.00469056e+06,30.0,0.0,10.437573,0.0,1.0729054,0.0,1.0535551,0.0,100.167915,2.0,47.016052,26.370878,,26.370878,26.370878,,14.112219,,0.05076334,519.4867,1.0,0.0,0.0,2001.0,-3.64,,32.0,,,,Master only (1),-3.6,,32.0,26.376928,26.376928,,100.167915,4.606848,-1.6103778,-0.041745253,237.36519,0.0,0.0,1.0
-3.63,3.63,2.10701,1.00469056e+06,30.0,0.0,10.437719,0.0,1.0728569,0.0,1.0535601,0.0,100.17244,2.0,47.08277,26.371647,,26.371647,26.371647,,14.112446,,0.050762523,519.5102,1.0,0.0,0.0,2001.0,-3.63,,32.0,,,,Master only (1),-3.6,,32.0,26.376928,26.376928,,100.17244,4.606893,-1.6103778,-0.041745253,237.36519,0.0,0.0,1.0
-3.62,3.62,2.10701,1.00469056e+06,30.0,0.0,10.437855,0.0,1.0728079,0.0,1.0535648,0.0,100.176636,2.0,47.14964,26.37236,,26.37236,26.37236,,14.112656,,0.05076177,519.5319,1.0,0.0,0.0,2001.0,-3.62,,32.0,3.6027515,4.0871625,1.974081,Matched (3),-3.6,,32.0,26.376928,26.376928,,100.176636,4.606935,-1.6103778,-0.041745253,237.36519,0.0,0.0,1.0
-3.61,3.61,2.10701,1.00469056e+06,30.0,0.0,10.438004,0.0,1.0727595,0.0,1.0535699,0.0,100.181244,2.0,47.21654,26.373142,,26.373142,26.373142,,14.112885,,0.050760943,519.5558,1.0,0.0,0.0,2001.0,-3.61,,32.0,,,,Master only (1),-3.6,,32.0,26.376928,26.376928,,100.181244,4.606981,-1.6103778,-0.041745253,237.36519,0.0,0.0,1.0
-3.6,3.6,2.10701,1.00469056e+06,30.0,0.0,10.43816,0.0,1.0727113,0.0,1.0535753,0.0,100.18609,2.0,47.28358,26.373966,,26.373966,26.373966,,14.113128,,0.05076007,519.58093,1.0,0.0,0.0,2001.0,-3.6,,32.0,,,,Master only (1),-3.6,,32.0,26.376928,26.376928,,100.18609,4.6070294,-1.6103778,-0.041745253,237.36519,0.0,0.0,1.0
-3.59,3.59,2.10701,1.00469056e+06,30.0,0.0,10.438299,0.0,1.0726626,0.0,1.05358,0.0,100.19041,2.0,47.35066,26.374699,,26.374699,26.374699,,14.113343,,0.050759297,519.60333,1.0,0.0,0.0,2001.0,-3.59,,32.0,,,,Master only (1),-3.6,,32.0,26.376928,26.376928,,100.19041,4.6070724,-1.6103778,-0.041745253,237.36519,0.0,0.0,1.0
-3.58,3.58,2.10701,1.00469056e+06,30.0,0.0,10.438431,0.0,1.0726136,0.0,1.0535846,0.0,100.19449,2.0,47.417877,26.375391,,26.375391,26.375391,,14.113547,,0.050758563,519.62445,1.0,0.0,0.0,2001.0,-3.58,,32.0,,,,Master only (1),-3.6,,32.0,26.376928,26.376928,,100.19449,4.6071134,-1.6103778,-0.041745253,237.36519,0.0,0.0,1.0
-3.57,3.57,2.10701,1.00469056e+06,30.0,0.0,10.4385805,0.0,1.0725651,0.0,1.0535897,0.0,100.19913,2.0,47.485184,26.37618,,26.37618,26.37618,,14.11378,,0.050757725,519.6486,1.0,0.0,0.0,2001.0,-3.57,,32.0,,,,Master only (1),-3.6,,32.0,26.376928,26.376928,,100.19913,4.6071596,-1.6103778,-0.041745253,237.36519,0.0,0.0,1.0
-3.56,3.56,2.10701,1.00469056e+06,30.0,0.0,10.438723,0.0,1.0725164,0.0,1.0535946,0.0,100.20353,2.0,47.552578,26.376928,,26.376928,26.376928,,14.113999,,0.050756935,519.6714,1.0,0.0,0.0,2001.0,-3.56,,32.0,,,,Master only (1),-3.6,,32.0,26.376928,26.376928,,100.20353,4.6072035,-1.6103778,-0.041745253,237.36519,0.0,0.0,1.0
-3.55,3.55,2.10701,1.00469056e+06,30.0,0.0,12.025152,0.0,1.125312,0.0,1.1055139,0.0,158.23167,2.0,47.62012,35.418564,,35.418564,35.418564,,16.597925,,0.04316102,820.6146,1.0,0.0,0.0,2001.0,-3.55,,44.0,,,,Master only (1),-3.5,,44.0,35.424736,35.424736,,158.23167,5.06406,-0.91031027,0.41538185,389.6375,0.0,0.0,1.0
-3.54,3.54,2.10701,1.00469056e+06,30.0,0.0,12.025232,0.0,1.1252583,0.0,1.1055164,0.0,158.23509,2.0,47.68769,35.419056,,35.419056,35.419056,,16.598051,,0.04316069,820.63226,1.0,0.0,0.0,2001.0,-3.54,,44.0,,,,Matched (3),-3.5,,44.0,35.424736,35.424736,,158.23509,5.0640817,-0.91031027,0.41538185,389.6375,0.0,0.0,1.0
-3.53,3.53,2.10701,1.00469056e+06,30.0,0.0,12.025335,0.0,1.1252053,0.0,1.1055197,0.0,158.23946,2.0,47.755405,35.419685,,35.419685,35.419685,,16.598215,,0.043160263,820.65497,1.0,0.0,0.0,2001.0,-3.53,,44.0,,,,Master only (1),-3.5,,44.0,35.424736,35.424736,,158.23946,5.0641093,-0.91031027,0.41538185,389.6375,0.0,0.0,1.0
-3.52,3.52,2.10701,1.00469056e+06,30.0,0.0,12.025438,0.0,1.1251523,0.0,1.1055229,0.0,158.24384,2.0,47.82316,35.42032,,35.42032,35.42032,,16.598377,,0.043159842,820.6777,1.0,0.0,0.0,2001.0,-3.52,,44.0,,,,Master only (1),-3.5,,44.0,35.424736,35.424736,,158.24384,5.064137,-0.91031027,0.41538185,389.6375,0.0,0.0,1.0
-3.51,3.51,2.10701,1.00469056e+06,30.0,0.0,12.025544,0.0,1.1250994,0.0,1.1055262,0.0,158.24834,2.0,47.891056,35.420967,,35.420967,35.420967,,16.598545,,0.043159407,820.701,1.0,0.0,0.0,2001.0,-3.51,,44.0,,,,Master only (1),-3.5,,44.0,35.424736,35.424736,,158.24834,5.0641656,-0.91031027,0.41538185,389.6375,0.0,0.0,1.0
-3.5,3.5,2.10701,1.00469056e+06,30.0,0.0,12.02564,0.0,1.1250463,0.0,1.1055292,0.0,158.2524,2.0,47.95904,35.421555,,35.421555,35.421555,,16.598696,,0.043159015,820.72205,1.0,0.0,0.0,2001.0,-3.5,,44.0,,,,Master only (1),-3.5,,44.0,35.424736,35.424736,,158.2524,5.0641913,-0.91031027,0.41538185,389.6375,0.0,0.0,1.0
-3.49,3.49,2.10701,1.00469056e+06,30.0,0.0,12.025754,0.0,1.1249936,0.0,1.1055328,0.0,158.25725,2.0,48.027115,35.422256,,35.422256,35.422256,,16.598877,,0.043158542,820.7473,1.0,0.0,0.0,2001.0,-3.49,,44.0,4.0439186,4.3116126,2.6741486,Matched (3),-3.5,,44.0,35.424736,35.424736,,158.25725,5.064222,-0.91031027,0.41538185,389.6375,0.0,0.0,1.0
-3.48,3.48,2.10701,1.00469056e+06,30.0,0.0,12.025842,0.0,1.1249402,0.0,1.1055355,0.0,158.26099,2.0,48.09528,35.422794,,35.422794,35.422794,,16.599016,,0.04315818,820.7666,1.0,0.0,0.0,2001.0,-3.48,,44.0,,,,Master only (1),-3.5,,44.0,35.424736,35.424736,,158.26099,5.0642457,-0.91031027,0.41538185,389.6375,0.0,0.0,1.0
-3.47,3.47,2.10701,1.00469056e+06,30.0,0.0,12.025945,0.0,1.1248872,0.0,1.1055387,0.0,158.26535,2.0,48.16354,35.423428,,35.423428,35.423428,,16.599178,,0.04315776,820.7893,1.0,0.0,0.0,2001.0,-3.47,,44.0,,,,Master only (1),-3.5,,44.0,35.424736,35.424736,,158.26535,5.064273,-0.91031027,0.41538185,389.6375,0.0,0.0,1.0
-3.46,3.46,2.10701,1.00469056e+06,30.0,0.0,12.026063,0.0,1.1248347,0.0,1.1055424,0.0,158.27039,2.0,48.231937,35.424152,,35.424152,35.424152,,16.599365,,0.043157276,820.8153,1.0,0.0,0.0,2001.0,-3.46,,44.0,,,,Master only (1),-3.5,,44.0,35.424736,35.424736,,158.27039,5.064305,-0.91031027,0.41538185,389.6375,0.0,0.0,1.0
-3.45,3.45,2.10701,1.00469056e+06,30.0,0.0,12.026158,0.0,1.1247815,0.0,1.1055454,0.0,158.27443,2.0,48.300373,35.424736,,35.424736,35.424736,,16.599516,,0.04315688,820.83636,1.0,0.0,0.0,2001.0,-3.45,,44.0,,,,Master only (1),-3.5,,44.0,35.424736,35.424736,,158.27443,5.0643306,-0.91031027,0.41538185,389.6375,0.0,0.0,1.0
-3.44,3.44,2.10701,1.00469056e+06,30.0,0.0,9.239395,0.0,1.0283053,0.0,1.0107697,0.0,67.56548,2.0,48.368954,20.455006,,20.455006,20.455006,,12.272035,,0.058375273,350.4053,1.0,0.0,0.0,2001.0,-3.44,,24.0,,,,Master only (1),-3.4,,24.0,20.46197,20.46197,,67.56548,4.213097,-1.0995522,-0.43532377,184.12627,0.0,0.0,1.0
-3.43,3.43,2.10701,1.00469056e+06,30.0,0.0,9.239584,0.0,1.0282611,0.0,1.0107768,0.0,67.56994,2.0,48.437572,20.455875,,20.455875,20.455875,,12.272322,,0.058373906,350.4284,1.0,0.0,0.0,2001.0,-3.43,,24.0,,,,Master only (1),-3.4,,24.0,20.46197,20.46197,,67.56994,4.2131634,-1.0995522,-0.43532377,184.12627,0.0,0.0,1.0
-3.42,3.42,2.10701,1.00469056e+06,30.0,0.0,9.23977,0.0,1.0282167,0.0,1.0107837,0.0,67.57433,2.0,48.506332,20.456734,,20.456734,20.456734,,12.272605,,0.05837256,350.4512,1.0,0.0,0.0,2001.0,-3.42,,24.0,3.9645436,4.305332,2.4849067,Matched (3),-3.4,,24.0,20.46197,20.46197,,67.57433,4.213228,-1.0995522,-0.43532377,184.12627,0.0,0.0,1.0
-3.41,3.41,2.10701,1.00469056e+06,30.0,0.0,9.239965,0.0,1.0281727,0.0,1.010791,0.0,67.57895,2.0,48.575184,20.457636,,20.457636,20.457636,,12.2729025,,0.058371145,350.47516,1.0,0.0,0.0,2001.0,-3.41,,24.0,,,,Master only (1),-3.4,,24.0,20.46197,20.46197,,67.57895,4.2132964,-1.0995522,-0.43532377,184.12627,0.0,0.0,1.0
-3.4,3.4,2.10701,1.00469056e+06,30.0,0.0,9.240151,0.0,1.0281283,0.0,1.0107979,0.0,67.58334,2.0,48.644127,20.458494,,20.458494,20.458494,,12.273186,,0.058369797,350.49796,1.0,0.0,0.0,2001.0,-3.4,,24.0,,,,Master only (1),-3.4,,24.0,20.46197,20.46197,,67.58334,4.2133617,-1.0995522,-0.43532377,184.12627,0.0,0.0,1.0
-3.39,3.39,2.10701,1.00469056e+06,30.0,0.0,9.240321,0.0,1.0280833,0.0,1.0108042,0.0,67.58735,2.0,48.713215,20.459276,,20.459276,20.459276,,12.273444,,0.058368567,350.51874,1.0,0.0,0.0,2001.0,-3.39,,24.0,,,,Master only (1),-3.4,,24.0,20.46197,20.46197,,67.58735,4.213421,-1.0995522,-0.43532377,184.12627,0.0,0.0,1.0
-3.38,3.38,2.10701,1.00469056e+06,30.0,0.0,9.24052,0.0,1.0280395,0.0,1.0108116,0.0,67.59203,2.0,48.782337,20.460192,,20.460192,20.460192,,12.273746,,0.058367133,350.54303,1.0,0.0,0.0,2001.0,-3.38,,24.0,,,,Master only (1),-3.4,,24.0,20.46197,20.46197,,67.59203,4.21349,-1.0995522,-0.43532377,184.12627,0.0,0.0,1.0
-3.37,3.37,2.10701,1.00469056e+06,30.0,0.0,9.240712,0.0,1.0279953,0.0,1.0108187,0.0,67.59659,2.0,48.85161,20.46108,,20.46108,20.46108,,12.274039,,0.05836574,350.56662,1.0,0.0,0.0,2001.0,-3.37,,24.0,,,,Master only (1),-3.4,,24.0,20.46197,20.46197,,67.59659,4.2135577,-1.0995522,-0.43532377,184.12627,0.0,0.0,1.0
-3.36,3.36,2.10701,1.00469056e+06,30.0,0.0,9.240905,0.0,1.0279512,0.0,1.0108259,0.0,67.601135,2.0,48.920914,20.46197,,20.46197,20.46197,,12.274332,,0.058364347,350.5902,1.0,0.0,0.0,2001.0,-3.36,,24.0,,,,Master only (1),-3.4,,24.0,20.46197,20.46197,,67.601135,4.213625,-1.0995522,-0.43532377,184.12627,0.0,0.0,1.0
-3.35,3.35,2.10701,1.00469056e+06,30.0,0.0,8.054988,0.0,0.9810021,0.0,0.96470714,0.0,43.38459,2.0,48.99037,15.370126,,15.370126,15.370126,,10.486954,,0.06831186,224.99936,1.0,0.0,0.0,2001.0,-3.35,,17.0,,,,Master only (1),-3.3,,17.0,15.378827,15.378827,,43.38459,3.7701044,-1.3331671,-0.8779672,153.74486,0.0,0.0,1.0
-3.34,3.34,2.10701,1.00469056e+06,30.0,0.0,8.055232,0.0,0.9809632,0.0,0.9647171,0.0,43.388836,2.0,49.059914,15.371096,,15.371096,15.371096,,10.487318,,0.06830949,225.02136,1.0,0.0,0.0,2001.0,-3.34,,17.0,3.661936,4.1235976,1.974081,Matched (3),-3.3,,17.0,15.378827,15.378827,,43.388836,3.7702022,-1.3331671,-0.8779672,153.74486,0.0,0.0,1.0
-3.33,3.33,2.10701,1.00469056e+06,30.0,0.0,8.05548,0.0,0.9809243,0.0,0.96472716,0.0,43.393147,2.0,49.12956,15.372082,,15.372082,15.372082,,10.487688,,0.06830708,225.04376,1.0,0.0,0.0,2001.0,-3.33,,17.0,,,,Master only (1),-3.3,,17.0,15.378827,15.378827,,43.393147,3.7703016,-1.3331671,-0.8779672,153.74486,0.0,0.0,1.0
-3.32,3.32,2.10701,1.00469056e+06,30.0,0.0,8.05572,0.0,0.9808852,0.0,0.96473694,0.0,43.397327,2.0,49.199287,15.373037,,15.373037,15.373037,,10.488047,,0.06830475,225.06543,1.0,0.0,0.0,2001.0,-3.32,,17.0,,,,Master only (1),-3.3,,17.0,15.378827,15.378827,,43.397327,3.770398,-1.3331671,-0.8779672,153.74486,0.0,0.0,1.0
-3.31,3.31,2.10701,1.00469056e+06,30.0,0.0,8.055968,0.0,0.98084646,0.0,0.9647471,0.0,43.40164,2.0,49.26911,15.374023,,15.374023,15.374023,,10.488417,,0.06830233,225.08781,1.0,0.0,0.0,2001.0,-3.31,,17.0,,,,Master only (1),-3.3,,17.0,15.378827,15.378827,,43.40164,3.7704973,-1.3331671,-0.8779672,153.74486,0.0,0.0,1.0
-3.3,3.3,2.10701,1.00469056e+06,30.0,0.0,8.056203,0.0,0.9808071,0.0,0.9647566,0.0,43.405724,2.0,49.339077,15.374956,,15.374956,15.374956,,10.488767,,0.06830005,225.109,1.0,0.0,0.0,2001.0,-3.3,,17.0,,,,Master only (1),-3.3,,17.0,15.378827,15.378827,,43.405724,3.7705913,-1.3331671,-0.8779672,153.74486,0.0,0.0,1.0
-3.29,3.29,2.10701,1.00469056e+06,30.0,0.0,8.056452,0.0,0.9807684,0.0,0.96476674,0.0,43.410053,2.0,49.409084,15.375945,,15.375945,15.375945,,10.489138,,0.06829764,225.13142,1.0,0.0,0.0,2001.0,-3.29,,17.0,,,,Master only (1),-3.3,,17.0,15.378827,15.378827,,43.410053,3.7706912,-1.3331671,-0.8779672,153.74486,0.0,0.0,1.0
-3.28,3.28,2.10701,1.00469056e+06,30.0,0.0,8.056689,0.0,0.98072916,0.0,0.9647764,0.0,43.41419,2.0,49.47924,15.37689,,15.37689,15.37689,,10.489492,,0.06829533,225.15288,1.0,0.0,0.0,2001.0,-3.28,,17.0,,,,Master only (1),-3.3,,17.0,15.378827,15.378827,,43.41419,3.7707863,-1.3331671,-0.8779672,153.74486,0.0,0.0,1.0
-3.27,3.27,2.10701,1.00469056e+06,30.0,0.0,8.056936,0.0,0.98069036,0.0,0.96478647,0.0,43.418484,2.0,49.549484,15.3778715,,15.3778715,15.3778715,,10.489861,,0.06829294,225.17514,1.0,0.0,0.0,2001.0,-3.27,,17.0,,,,Master only (1),-3.3,,17.0,15.378827,15.378827,,43.418484,3.7708852,-1.3331671,-0.8779672,153.74486,0.0,0.0,1.0
-3.26,3.26,2.10701,1.00469056e+06,30.0,0.0,8.057177,0.0,0.9806513,0.0,0.96479625,0.0,43.42267,2.0,49.61977,15.378827,,15.378827,15.378827,,10.490219,,0.0682906,225.19684,1.0,0.0,0.0,2001.0,-3.26,,17.0,3.8814123,4.1883163,2.2512918,Matched (3),-3.3,,17.0,15.378827,15.378827,,43.42267,3.7709816,-1.3331671,-0.8779672,153.74486,0.0,0.0,1.0
-3.25,3.25,2.10701,1.00469056e+06,30.0,0.0,9.082433,0.0,1.0213615,0.0,1.0048984,0.0,63.928646,2.0,49.690197,19.73771,,19.73771,19.73771,,12.033446,,0.059532683,331.54413,1.0,0.0,0.0,2001.0,-3.25,,23.0,,,,Master only (1),-3.2,,23.0,19.74655,19.74655,,63.928646,4.157768,-0.91031027,-0.49048716,217.1635,0.0,0.0,1.0
-3.24,3.24,2.10701,1.00469056e+06,30.0,0.0,9.082625,0.0,1.0213177,0.0,1.0049057,0.0,63.933025,2.0,49.760784,19.738583,,19.738583,19.738583,,12.033738,,0.05953124,331.5668,1.0,0.0,0.0,2001.0,-3.24,,23.0,3.9638731,4.254313,2.3749058,Matched (3),-3.2,,23.0,19.74655,19.74655,,63.933025,4.157836,-0.91031027,-0.49048716,217.1635,0.0,0.0,1.0
-3.23,3.23,2.10701,1.00469056e+06,30.0,0.0,9.082826,0.0,1.0212743,0.0,1.0049132,0.0,63.937576,2.0,49.831398,19.73949,,19.73949,19.73949,,12.034042,,0.059529737,331.59042,1.0,0.0,0.0,2001.0,-3.23,,23.0,,,,Master only (1),-3.2,,23.0,19.74655,19.74655,,63.937576,4.157907,-0.91031027,-0.49048716,217.1635,0.0,0.0,1.0
-3.22,3.22,2.10701,1.00469056e+06,30.0,0.0,9.083025,0.0,1.0212309,0.0,1.0049207,0.0,63.94211,2.0,49.902107,19.740393,,19.740393,19.740393,,12.034346,,0.059528235,331.61395,1.0,0.0,0.0,2001.0,-3.22,,23.0,,,,Master only (1),-3.2,,23.0,19.74655,19.74655,,63.94211,4.157978,-0.91031027,-0.49048716,217.1635,0.0,0.0,1.0
-3.21,3.21,2.10701,1.00469056e+06,30.0,0.0,9.083206,0.0,1.0211867,0.0,1.0049275,0.0,63.946228,2.0,49.97297,19.741213,,19.741213,19.741213,,12.03462,,0.059526876,331.63528,1.0,0.0,0.0,2001.0,-3.21,,23.0,,,,Master only (1),-3.2,,23.0,19.74655,19.74655,,63.946228,4.1580424,-0.91031027,-0.49048716,217.1635,0.0,0.0,1.0
-3.2,3.2,2.10701,1.00469056e+06,30.0,0.0,9.0834055,0.0,1.0211433,0.0,1.004935,0.0,63.95076,2.0,50.04387,19.742115,,19.742115,19.742115,,12.034923,,0.05952538,331.65878,1.0,0.0,0.0,2001.0,-3.2,,23.0,,,,Master only (1),-3.2,,23.0,19.74655,19.74655,,63.95076,4.1581135,-0.91031027,-0.49048716,217.1635,0.0,0.0,1.0
-3.19,3.19,2.10701,1.00469056e+06,30.0,0.0,9.083605,0.0,1.0210999,0.0,1.0049425,0.0,63.95529,2.0,50.114914,19.743017,,19.743017,19.743017,,12.035226,,0.05952388,331.68228,1.0,0.0,0.0,2001.0,-3.19,,23.0,4.092007,4.3416386,2.6741486,Matched (3),-3.2,,23.0,19.74655,19.74655,,63.95529,4.158184,-0.91031027,-0.49048716,217.1635,0.0,0.0,1.0
-3.18,3.18,2.10701,1.00469056e+06,30.0,0.0,9.083805,0.0,1.0210564,0.0,1.00495,0.0,63.959843,2.0,50.186058,19.743925,,19.743925,19.743925,,12.035529,,0.059522383,331.7059,1.0,0.0,0.0,2001.0,-3.18,,23.0,,,,Master only (1),-3.2,,23.0,19.74655,19.74655,,63.959843,4.1582556,-0.91031027,-0.49048716,217.1635,0.0,0.0,1.0
-3.17,3.17,2.10701,1.00469056e+06,30.0,0.0,9.084002,0.0,1.0210129,0.0,1.0049574,0.0,63.96431,2.0,50.257294,19.744814,,19.744814,19.744814,,12.035828,,0.059520904,331.72906,1.0,0.0,0.0,2001.0,-3.17,,23.0,,,,Master only (1),-3.2,,23.0,19.74655,19.74655,,63.96431,4.158325,-0.91031027,-0.49048716,217.1635,0.0,0.0,1.0
-3.16,3.16,2.10701,1.00469056e+06,30.0,0.0,9.084194,0.0,1.0209693,0.0,1.0049647,0.0,63.968693,2.0,50.32862,19.745687,,19.745687,19.745687,,12.03612,,0.05951946,331.7518,1.0,0.0,0.0,2001.0,-3.16,,23.0,,,,Master only (1),-3.2,,23.0,19.74655,19.74655,,63.968693,4.158394,-0.91031027,-0.49048716,217.1635,0.0,0.0,1.0
-3.15,3.15,2.10701,1.00469056e+06,30.0,0.0,9.084385,0.0,1.0209255,0.0,1.0049719,0.0,63.97303,2.0,50.400043,19.74655,,19.74655,19.74655,,12.036409,,0.059518028,331.77426,1.0,0.0,0.0,2001.0,-3.15,,23.0,,,,Master only (1),-3.2,,23.0,19.74655,19.74655,,63.97303,4.1584616,-0.91031027,-0.49048716,217.1635,0.0,0.0,1.0
-3.14,3.14,2.10701,1.00469056e+06,30.0,0.0,9.558407,0.0,1.0386827,0.0,1.0225028,0.0,75.39268,2.0,50.471622,21.953918,,21.953918,21.953918,,12.758759,,0.056148358,390.9984,1.0,0.0,0.0,2001.0,-3.14,,26.0,,,,Master only (1),-3.1,,26.0,21.960676,21.960676,,75.39268,4.32271,-0.94540143,-0.32576138,197.61595,0.0,0.0,1.0
-3.13,3.13,2.10701,1.00469056e+06,30.0,0.0,9.55859,0.0,1.0386376,0.0,1.0225095,0.0,75.39734,2.0,50.543236,21.954794,,21.954794,21.954794,,12.759038,,0.05614713,391.02255,1.0,0.0,0.0,2001.0,-3.13,,26.0,,,,Master only (1),-3.1,,26.0,21.960676,21.960676,,75.39734,4.322772,-0.94540143,-0.32576138,197.61595,0.0,0.0,1.0
-3.12,3.12,2.10701,1.00469056e+06,30.0,0.0,9.558767,0.0,1.0385922,0.0,1.0225159,0.0,75.401855,2.0,50.615,21.955643,,21.955643,21.955643,,12.75931,,0.056145933,391.04602,1.0,0.0,0.0,2001.0,-3.12,,26.0,,,,Master only (1),-3.1,,26.0,21.960676,21.960676,,75.401855,4.322832,-0.94540143,-0.32576138,197.61595,0.0,0.0,1.0
-3.11,3.11,2.10701,1.00469056e+06,30.0,0.0,9.558938,0.0,1.0385466,0.0,1.0225221,0.0,75.406204,2.0,50.68686,21.956459,,21.956459,21.956459,,12.75957,,0.05614479,391.0685,1.0,0.0,0.0,2001.0,-3.11,,26.0,,,,Master only (1),-3.1,,26.0,21.960676,21.960676,,75.406204,4.3228893,-0.94540143,-0.32576138,197.61595,0.0,0.0,1.0
-3.1,3.1,2.10701,1.00469056e+06,30.0,0.0,9.559121,0.0,1.0385014,0.0,1.0225288,0.0,75.41087,2.0,50.75881,21.957336,,21.957336,21.957336,,12.7598505,,0.056143556,391.09274,1.0,0.0,0.0,2001.0,-3.1,,26.0,4.159025,4.356071,2.6390574,Matched (3),-3.1,,26.0,21.960676,21.960676,,75.41087,4.3229513,-0.94540143,-0.32576138,197.61595,0.0,0.0,1.0
-3.09,3.09,2.10701,1.00469056e+06,30.0,0.0,9.5592985,0.0,1.0384561,0.0,1.0225352,0.0,75.41539,2.0,50.830856,21.958185,,21.958185,21.958185,,12.760122,,0.05614236,391.11618,1.0,0.0,0.0,2001.0,-3.09,,26.0,,,,Master only (1),-3.1,,26.0,21.960676,21.960676,,75.41539,4.3230114,-0.94540143,-0.32576138,197.61595,0.0,0.0,1.0
-3.08,3.08,2.10701,1.00469056e+06,30.0,0.0,9.559482,0.0,1.0384109,0.0,1.0225419,0.0,75.42005,2.0,50.903008,21.95906,,21.95906,21.95906,,12.760402,,0.05614113,391.14035,1.0,0.0,0.0,2001.0,-3.08,,26.0,4.025792,4.3216147,2.4849067,Matched (3),-3.1,,26.0,21.960676,21.960676,,75.42005,4.3230734,-0.94540143,-0.32576138,197.61595,0.0,0.0,1.0
-3.07,3.07,2.10701,1.00469056e+06,30.0,0.0,9.559652,0.0,1.0383652,0.0,1.0225481,0.0,75.4244,2.0,50.975246,21.959879,,21.959879,21.959879,,12.760663,,0.05613998,391.16293,1.0,0.0,0.0,2001.0,-3.07,,26.0,,,,Master only (1),-3.1,,26.0,21.960676,21.960676,,75.4244,4.3231306,-0.94540143,-0.32576138,197.61595,0.0,0.0,1.0
-3.06,3.06,2.10701,1.00469056e+06,30.0,0.0,9.559819,0.0,1.0383196,0.0,1.0225542,0.0,75.42866,2.0,51.047573,21.960676,,21.960676,21.960676,,12.760919,,0.056138854,391.18497,1.0,0.0,0.0,2001.0,-3.06,,26.0,,,,Master only (1),-3.1,,26.0,21.960676,21.960676,,75.42866,4.3231874,-0.94540143,-0.32576138,197.61595,0.0,0.0,1.0
-3.05,3.05,2.10701,1.00469056e+06,30.0,0.0,0.0,0.0,0.0,0.0,0.0,0.0,0.0,3.0,51.12006,58.05898,,,,,,,,,0.0,0.0,0.0,0.0,-3.05,,,,,,Master only (1),-3.0,,,,,,0.0,,,,0.0,0.0,,0.0
-3.04,3.04,2.10701,1.00469056e+06,30.0,0.0,0.0,0.0,0.0,0.0,0.0,0.0,0.0,3.0,51.192646,58.076786,,,,,,,,,0.0,0.0,0.0,0.0,-3.04,,,,,,Master only (1),-3.0,,,,,,0.0,,,,0.0,0.0,,0.0
-3.03,3.03,2.10701,1.00469056e+06,30.0,0.0,0.0,0.0,0.0,0.0,0.0,0.0,0.0,3.0,51.265263,58.09458,,,,,,,,,0.0,0.0,0.0,0.0,-3.03,,,,,,Master only (1),-3.0,,,,,,0.0,,,,0.0,0.0,,0.0
-3.02,3.02,2.10701,1.00469056e+06,30.0,0.0,0.0,0.0,0.0,0.0,0.0,0.0,0.0,3.0,51.338043,58.112377,,,,,,,,,0.0,0.0,0.0,0.0,-3.02,,,,,,Master only (1),-3.0,,,,,,0.0,,,,0.0,0.0,,0.0
-3.01,3.01,2.10701,1.00469056e+06,30.0,0.0,0.0,0.0,0.0,0.0,0.0,0.0,0.0,3.0,51.41091,58.130177,,,,,,,,,0.0,0.0,0.0,0.0,-3.01,,,,,,Master only (1),-3.0,,,,,,0.0,,,,0.0,0.0,,0.0
-3.0,3.0,2.10701,1.00469056e+06,30.0,0.0,0.0,0.0,0.0,0.0,0.0,0.0,0.0,3.0,51.483875,58.148003,,,,,,,,,0.0,0.0,0.0,0.0,-3.0,,,,,,Master only (1),-3.0,,,,,,0.0,,,,0.0,0.0,,0.0
-2.99,2.99,2.10701,1.00469056e+06,30.0,0.0,0.0,0.0,0.0,0.0,0.0,0.0,0.0,3.0,51.556995,58.165813,,,,,,,,,0.0,0.0,0.0,0.0,-2.99,,,,,,Master only (1),-3.0,,,,,,0.0,,,,0.0,0.0,,0.0
-2.98,2.98,2.10701,1.00469056e+06,30.0,0.0,0.0,0.0,0.0,0.0,0.0,0.0,0.0,3.0,51.63016,58.183647,,,,,,,,,0.0,0.0,0.0,0.0,-2.98,,,,,,Master only (1),-3.0,,,,,,0.0,,,,0.0,0.0,,0.0
-2.97,2.97,2.10701,1.00469056e+06,30.0,0.0,0.0,0.0,0.0,0.0,0.0,0.0,0.0,3.0,51.70347,58.201466,,,,,,,,,0.0,0.0,0.0,0.0,-2.97,,,,,,Master only (1),-3.0,,,,,,0.0,,,,0.0,0.0,,0.0
-2.96,2.96,2.10701,1.00469056e+06,30.0,0.0,0.0,0.0,0.0,0.0,0.0,0.0,0.0,3.0,51.776817,58.21931,,,,,,,,,0.0,0.0,0.0,0.0,-2.96,,,,,,Master only (1),-3.0,,,,,,0.0,,,,0.0,0.0,,0.0
-2.95,2.95,2.10701,1.00469056e+06,30.0,0.0,0.0,0.0,0.0,0.0,0.0,0.0,0.0,3.0,51.850327,58.237133,,,,,,,,,0.0,0.0,0.0,0.0,-2.95,,,,,,Master only (1),-3.0,,,,,,0.0,,,,0.0,0.0,,0.0
-2.94,2.94,2.10701,1.00469056e+06,30.0,0.0,0.0,0.0,0.0,0.0,0.0,0.0,0.0,3.0,51.923935,58.254993,,,,,,,,,0.0,0.0,0.0,0.0,-2.94,,,,,,Master only (1),-2.9,,,,,,0.0,,,,0.0,0.0,,0.0
-2.93,2.93,2.10701,1.00469056e+06,30.0,0.0,0.0,0.0,0.0,0.0,0.0,0.0,0.0,3.0,51.99764,58.27283,,,,,,,,,0.0,0.0,0.0,0.0,-2.93,,,,,,Master only (1),-2.9,,,,,,0.0,,,,0.0,0.0,,0.0
-2.92,2.92,2.10701,1.00469056e+06,30.0,0.0,0.0,0.0,0.0,0.0,0.0,0.0,0.0,3.0,52.07143,58.290688,,,,,,,,,0.0,0.0,0.0,0.0,-2.92,,,,,,Master only (1),-2.9,,,,,,0.0,,,,0.0,0.0,,0.0
-2.91,2.91,2.10701,1.00469056e+06,30.0,0.0,0.0,0.0,0.0,0.0,0.0,0.0,0.0,3.0,52.145332,58.308556,,,,,,,,,0.0,0.0,0.0,0.0,-2.91,,,,,,Master only (1),-2.9,,,,,,0.0,,,,0.0,0.0,,0.0
-2.9,2.9,2.10701,1.00469056e+06,30.0,0.0,0.0,0.0,0.0,0.0,0.0,0.0,0.0,3.0,52.219387,58.326427,,,,,,,,,0.0,0.0,0.0,0.0,-2.9,,,,,,Master only (1),-2.9,,,,,,0.0,,,,0.0,0.0,,0.0
-2.89,2.89,2.10701,1.00469056e+06,30.0,0.0,0.0,0.0,0.0,0.0,0.0,0.0,0.0,3.0,52.293472,58.344284,,,,,,,,,0.0,0.0,0.0,0.0,-2.89,,,,,,Master only (1),-2.9,,,,,,0.0,,,,0.0,0.0,,0.0
-2.88,2.88,2.10701,1.00469056e+06,30.0,0.0,0.0,0.0,0.0,0.0,0.0,0.0,0.0,3.0,52.367718,58.36217,,,,,,,,,0.0,0.0,0.0,0.0,-2.88,,,,,,Master only (1),-2.9,,,,,,0.0,,,,0.0,0.0,,0.0
-2.87,2.87,2.10701,1.00469056e+06,30.0,0.0,0.0,0.0,0.0,0.0,0.0,0.0,0.0,3.0,52.44207,58.38005,,,,,,,,,0.0,0.0,0.0,0.0,-2.87,,,,,,Master only (1),-2.9,,,,,,0.0,,,,0.0,0.0,,0.0
-2.86,2.86,2.10701,1.00469056e+06,30.0,0.0,0.0,0.0,0.0,0.0,0.0,0.0,0.0,3.0,52.51651,58.397938,,,,,,,,,0.0,0.0,0.0,0.0,-2.86,,,,,,Master only (1),-2.9,,,,,,0.0,,,,0.0,0.0,,0.0
-2.85,2.85,2.10701,1.00469056e+06,30.0,0.0,9.867152,0.0,1.048449,0.0,1.0336146,0.0,83.54338,2.0,52.591057,23.457148,,23.457148,23.457148,,13.23208,,0.05413989,433.26923,1.0,0.0,0.0,2001.0,-2.85,,28.0,4.305589,4.4295087,2.7880929,Matched (3),-2.8,,28.0,23.464659,23.464659,,83.54338,4.425366,-0.796366,-0.22308643,234.60896,0.0,0.0,1.0
-2.84,2.84,2.10701,1.00469056e+06,30.0,0.0,9.867313,0.0,1.0484024,0.0,1.0336204,0.0,83.54779,2.0,52.665695,23.457945,,23.457945,23.457945,,13.232328,,0.054138873,433.29208,1.0,0.0,0.0,2001.0,-2.84,,28.0,,,,Master only (1),-2.8,,28.0,23.464659,23.464659,,83.54779,4.425419,-0.796366,-0.22308643,234.60896,0.0,0.0,1.0
-2.83,2.83,2.10701,1.00469056e+06,30.0,0.0,9.867491,0.0,1.0483564,0.0,1.0336267,0.0,83.552635,2.0,52.740433,23.458824,,23.458824,23.458824,,13.232601,,0.05413776,433.31723,1.0,0.0,0.0,2001.0,-2.83,,28.0,,,,Master only (1),-2.8,,28.0,23.464659,23.464659,,83.552635,4.425477,-0.796366,-0.22308643,234.60896,0.0,0.0,1.0
-2.82,2.82,2.10701,1.00469056e+06,30.0,0.0,9.867658,0.0,1.04831,0.0,1.0336326,0.0,83.557205,2.0,52.815327,23.45965,,23.45965,23.45965,,13.232858,,0.05413671,433.3409,1.0,0.0,0.0,2001.0,-2.82,,28.0,,,,Master only (1),-2.8,,28.0,23.464659,23.464659,,83.557205,4.4255314,-0.796366,-0.22308643,234.60896,0.0,0.0,1.0
-2.81,2.81,2.10701,1.00469056e+06,30.0,0.0,9.867842,0.0,1.0482643,0.0,1.0336392,0.0,83.56223,2.0,52.89027,23.460562,,23.460562,23.460562,,13.23314,,0.054135554,433.36697,1.0,0.0,0.0,2001.0,-2.81,,28.0,,,,Master only (1),-2.8,,28.0,23.464659,23.464659,,83.56223,4.4255915,-0.796366,-0.22308643,234.60896,0.0,0.0,1.0
-2.8,2.8,2.10701,1.00469056e+06,30.0,0.0,9.867992,0.0,1.0482173,0.0,1.0336446,0.0,83.56635,2.0,52.965363,23.46131,,23.46131,23.46131,,13.233372,,0.054134607,433.38837,1.0,0.0,0.0,2001.0,-2.8,,28.0,,,,Master only (1),-2.8,,28.0,23.464659,23.464659,,83.56635,4.425641,-0.796366,-0.22308643,234.60896,0.0,0.0,1.0
-2.79,2.79,2.10701,1.00469056e+06,30.0,0.0,9.86815,0.0,1.0481706,0.0,1.0336502,0.0,83.570656,2.0,53.040554,23.462088,,23.462088,23.462088,,13.233614,,0.054133616,433.41068,1.0,0.0,0.0,2001.0,-2.79,,28.0,,,,Master only (1),-2.8,,28.0,23.464659,23.464659,,83.570656,4.4256926,-0.796366,-0.22308643,234.60896,0.0,0.0,1.0
-2.78,2.78,2.10701,1.00469056e+06,30.0,0.0,9.868327,0.0,1.0481247,0.0,1.0336565,0.0,83.57551,2.0,53.115845,23.462967,,23.462967,23.462967,,13.233886,,0.054132503,433.43585,1.0,0.0,0.0,2001.0,-2.78,,28.0,,,,Master only (1),-2.8,,28.0,23.464659,23.464659,,83.57551,4.4257507,-0.796366,-0.22308643,234.60896,0.0,0.0,1.0
-2.77,2.77,2.10701,1.00469056e+06,30.0,0.0,9.868498,0.0,1.0480784,0.0,1.0336626,0.0,83.58018,2.0,53.191235,23.463812,,23.463812,23.463812,,13.234148,,0.05413143,433.46005,1.0,0.0,0.0,2001.0,-2.77,,28.0,,,,Master only (1),-2.8,,28.0,23.464659,23.464659,,83.58018,4.4258065,-0.796366,-0.22308643,234.60896,0.0,0.0,1.0
-2.76,2.76,2.10701,1.00469056e+06,30.0,0.0,9.868669,0.0,1.0480322,0.0,1.0336686,0.0,83.58485,2.0,53.266735,23.464659,,23.464659,23.464659,,13.234411,,0.054130353,433.4843,1.0,0.0,0.0,2001.0,-2.76,,28.0,,,,Master only (1),-2.8,,28.0,23.464659,23.464659,,83.58485,4.4258623,-0.796366,-0.22308643,234.60896,0.0,0.0,1.0
-2.75,2.75,2.10701,1.00469056e+06,30.0,0.0,10.730126,0.0,1.078228,0.0,1.0635039,0.0,109.52058,2.0,53.342323,27.93416,,27.93416,27.93416,,14.566372,,0.04918063,567.9911,1.0,0.0,0.0,2001.0,-2.75,,34.0,4.2063084,4.418578,2.6946273,Matched (3),-2.7,,34.0,27.941647,27.941647,,109.52058,4.6961126,-0.5399363,0.04757922,307.31702,0.0,0.0,1.0
-2.74,2.74,2.10701,1.00469056e+06,30.0,0.0,10.730271,0.0,1.0781791,0.0,1.0635087,0.0,109.52535,2.0,53.418015,27.934948,,27.934948,27.934948,,14.566597,,0.04917987,568.01587,1.0,0.0,0.0,2001.0,-2.74,,34.0,,,,Master only (1),-2.7,,34.0,27.941647,27.941647,,109.52535,4.696156,-0.5399363,0.04757922,307.31702,0.0,0.0,1.0
-2.73,2.73,2.10701,1.00469056e+06,30.0,0.0,10.73041,0.0,1.0781299,0.0,1.0635134,0.0,109.529915,2.0,53.493862,27.935698,,27.935698,27.935698,,14.5668125,,0.049179144,568.03955,1.0,0.0,0.0,2001.0,-2.73,,34.0,,,,Master only (1),-2.7,,34.0,27.941647,27.941647,,109.529915,4.6961975,-0.5399363,0.04757922,307.31702,0.0,0.0,1.0
-2.72,2.72,2.10701,1.00469056e+06,30.0,0.0,10.730547,0.0,1.0780807,0.0,1.063518,0.0,109.53444,2.0,53.569813,27.936441,,27.936441,27.936441,,14.567026,,0.04917842,568.063,1.0,0.0,0.0,2001.0,-2.72,,34.0,4.389448,4.375246,3.0445225,Matched (3),-2.7,,34.0,27.941647,27.941647,,109.53444,4.696239,-0.5399363,0.04757922,307.31702,0.0,0.0,1.0
-2.71,2.71,2.10701,1.00469056e+06,30.0,0.0,10.730671,0.0,1.0780311,0.0,1.0635222,0.0,109.53853,2.0,53.64587,27.937115,,27.937115,27.937115,,14.567219,,0.049177773,568.08417,1.0,0.0,0.0,2001.0,-2.71,,34.0,,,,Master only (1),-2.7,,34.0,27.941647,27.941647,,109.53853,4.696276,-0.5399363,0.04757922,307.31702,0.0,0.0,1.0
-2.7,2.7,2.10701,1.00469056e+06,30.0,0.0,10.730805,0.0,1.0779817,0.0,1.0635267,0.0,109.54296,2.0,53.72196,27.937843,,27.937843,27.937843,,14.567428,,0.049177065,568.1072,1.0,0.0,0.0,2001.0,-2.7,,34.0,,,,Master only (1),-2.7,,34.0,27.941647,27.941647,,109.54296,4.6963167,-0.5399363,0.04757922,307.31702,0.0,0.0,1.0
-2.69,2.69,2.10701,1.00469056e+06,30.0,0.0,10.730954,0.0,1.0779328,0.0,1.0635318,0.0,109.54787,2.0,53.79821,27.93865,,27.93865,27.93865,,14.567659,,0.049176283,568.1326,1.0,0.0,0.0,2001.0,-2.69,,34.0,,,,Matched (3),-2.7,,34.0,27.941647,27.941647,,109.54787,4.6963615,-0.5399363,0.04757922,307.31702,0.0,0.0,1.0
-2.68,2.68,2.10701,1.00469056e+06,30.0,0.0,10.731085,0.0,1.0778835,0.0,1.0635362,0.0,109.55217,2.0,53.874626,27.93936,,27.93936,27.93936,,14.5678625,,0.049175598,568.15497,1.0,0.0,0.0,2001.0,-2.68,,34.0,,,,Matched (3),-2.7,,34.0,27.941647,27.941647,,109.55217,4.6964006,-0.5399363,0.04757922,307.31702,0.0,0.0,1.0
-2.67,2.67,2.10701,1.00469056e+06,30.0,0.0,10.731248,0.0,1.0778351,0.0,1.0635417,0.0,109.55755,2.0,53.951077,27.940245,,27.940245,27.940245,,14.568116,,0.04917474,568.18286,1.0,0.0,0.0,2001.0,-2.67,,34.0,,,,Master only (1),-2.7,,34.0,27.941647,27.941647,,109.55755,4.6964498,-0.5399363,0.04757922,307.31702,0.0,0.0,1.0
-2.66,2.66,2.10701,1.00469056e+06,30.0,0.0,10.731368,0.0,1.0777854,0.0,1.0635457,0.0,109.56151,2.0,54.02763,27.940895,,27.940895,27.940895,,14.568303,,0.04917411,568.20337,1.0,0.0,0.0,2001.0,-2.66,,34.0,,,,Master only (1),-2.7,,34.0,27.941647,27.941647,,109.56151,4.696486,-0.5399363,0.04757922,307.31702,0.0,0.0,1.0
-2.65,2.65,2.10701,1.00469056e+06,30.0,0.0,10.731506,0.0,1.0777361,0.0,1.0635504,0.0,109.56607,2.0,54.10435,27.941647,,27.941647,27.941647,,14.568518,,0.04917339,568.227,1.0,0.0,0.0,2001.0,-2.65,,34.0,,,,Master only (1),-2.7,,34.0,27.941647,27.941647,,109.56607,4.696528,-0.5399363,0.04757922,307.31702,0.0,0.0,1.0
-2.64,2.64,2.10701,1.00469056e+06,30.0,0.0,9.567373,0.0,1.0364196,0.0,1.0228288,0.0,75.62129,2.0,54.181164,21.996845,,21.996845,21.996845,,12.772473,,0.056088068,392.18405,1.0,0.0,0.0,2001.0,-2.64,,26.0,4.3897853,4.4362864,3.0445225,Matched (3),-2.6,,26.0,22.003647,22.003647,,75.62129,4.325738,-0.5399363,-0.32273155,198.00204,0.0,0.0,1.0
-2.63,2.63,2.10701,1.00469056e+06,30.0,0.0,9.567541,0.0,1.036374,0.0,1.0228349,0.0,75.62557,2.0,54.258026,21.997648,,21.997648,21.997648,,12.77273,,0.056086943,392.20624,1.0,0.0,0.0,2001.0,-2.63,,26.0,,,,Master only (1),-2.6,,26.0,22.003647,22.003647,,75.62557,4.3257947,-0.5399363,-0.32273155,198.00204,0.0,0.0,1.0
-2.62,2.62,2.10701,1.00469056e+06,30.0,0.0,9.567718,0.0,1.0363287,0.0,1.0228413,0.0,75.63008,2.0,54.335037,21.998493,,21.998493,21.998493,,12.773,,0.056085758,392.22958,1.0,0.0,0.0,2001.0,-2.62,,26.0,4.2810345,4.4568105,2.7725887,Matched (3),-2.6,,26.0,22.003647,22.003647,,75.63008,4.3258543,-0.5399363,-0.32273155,198.00204,0.0,0.0,1.0
-2.61,2.61,2.10701,1.00469056e+06,30.0,0.0,9.567899,0.0,1.0362835,0.0,1.0228479,0.0,75.634705,2.0,54.412224,21.999361,,21.999361,21.999361,,12.773277,,0.05608454,392.25357,1.0,0.0,0.0,2001.0,-2.61,,26.0,,,,Master only (1),-2.6,,26.0,22.003647,22.003647,,75.634705,4.3259153,-0.5399363,-0.32273155,198.00204,0.0,0.0,1.0
-2.6,2.6,2.10701,1.00469056e+06,30.0,0.0,9.568079,0.0,1.0362383,0.0,1.0228544,0.0,75.639305,2.0,54.48945,22.000225,,22.000225,22.000225,,12.773553,,0.05608333,392.27744,1.0,0.0,0.0,2001.0,-2.6,,26.0,,,,Master only (1),-2.6,,26.0,22.003647,22.003647,,75.639305,4.325976,-0.5399363,-0.32273155,198.00204,0.0,0.0,1.0
-2.59,2.59,2.10701,1.00469056e+06,30.0,0.0,9.568255,0.0,1.0361931,0.0,1.0228609,0.0,75.64381,2.0,54.566776,22.00107,,22.00107,22.00107,,12.773823,,0.056082144,392.3008,1.0,0.0,0.0,2001.0,-2.59,,26.0,4.475473,4.53848,3.0445225,Matched (3),-2.6,,26.0,22.003647,22.003647,,75.64381,4.3260355,-0.5399363,-0.32273155,198.00204,0.0,0.0,1.0
-2.58,2.58,2.10701,1.00469056e+06,30.0,0.0,9.568437,0.0,1.036148,0.0,1.0228674,0.0,75.64844,2.0,54.6442,22.001938,,22.001938,22.001938,,12.774099,,0.05608093,392.32477,1.0,0.0,0.0,2001.0,-2.58,,26.0,,,,Master only (1),-2.6,,26.0,22.003647,22.003647,,75.64844,4.326097,-0.5399363,-0.32273155,198.00204,0.0,0.0,1.0
-2.57,2.57,2.10701,1.00469056e+06,30.0,0.0,9.56862,0.0,1.0361029,0.0,1.0228741,0.0,75.65311,2.0,54.72179,22.002815,,22.002815,22.002815,,12.77438,,0.056079697,392.34903,1.0,0.0,0.0,2001.0,-2.57,,26.0,4.4657006,4.540635,3.0445225,Matched (3),-2.6,,26.0,22.003647,22.003647,,75.65311,4.3261585,-0.5399363,-0.32273155,198.00204,0.0,0.0,1.0
-2.56,2.56,2.10701,1.00469056e+06,30.0,0.0,9.568793,0.0,1.0360575,0.0,1.0228804,0.0,75.65754,2.0,54.79948,22.003647,,22.003647,22.003647,,12.774645,,0.056078535,392.372,1.0,0.0,0.0,2001.0,-2.56,,26.0,,,,Master only (1),-2.6,,26.0,22.003647,22.003647,,75.65754,4.326217,-0.5399363,-0.32273155,198.00204,0.0,0.0,1.0
-2.55,2.55,2.10701,1.00469056e+06,30.0,0.0,11.531659,0.0,1.1038598,0.0,1.0898749,0.0,138.20589,2.0,54.877285,32.45763,,32.45763,32.45763,,15.819801,,0.045283966,716.7577,1.0,0.0,0.0,2001.0,-2.55,,40.0,,,,Master only (1),-2.5,,40.0,32.464848,32.464848,,138.20589,4.9287443,-0.5399363,0.28014034,357.0736,0.0,0.0,1.0
-2.54,2.54,2.10701,1.00469056e+06,30.0,0.0,11.531793,0.0,1.1038089,0.0,1.0898792,0.0,138.21104,2.0,54.95512,32.458412,,32.458412,32.458412,,15.820011,,0.045283366,716.7844,1.0,0.0,0.0,2001.0,-2.54,,40.0,,,,Master only (1),-2.5,,40.0,32.464848,32.464848,,138.21104,4.928782,-0.5399363,0.28014034,357.0736,0.0,0.0,1.0
-2.53,2.53,2.10701,1.00469056e+06,30.0,0.0,11.531911,0.0,1.1037576,0.0,1.089883,0.0,138.21562,2.0,55.03318,32.459106,,32.459106,32.459106,,15.820197,,0.045282833,716.8082,1.0,0.0,0.0,2001.0,-2.53,,40.0,,,,Master only (1),-2.5,,40.0,32.464848,32.464848,,138.21562,4.928815,-0.5399363,0.28014034,357.0736,0.0,0.0,1.0
-2.52,2.52,2.10701,1.00469056e+06,30.0,0.0,11.532034,0.0,1.1037064,0.0,1.0898869,0.0,138.22038,2.0,55.111282,32.459827,,32.459827,32.459827,,15.820391,,0.04528228,716.8329,1.0,0.0,0.0,2001.0,-2.52,,40.0,4.313145,4.4828258,2.7725887,Matched (3),-2.5,,40.0,32.464848,32.464848,,138.22038,4.928849,-0.5399363,0.28014034,357.0736,0.0,0.0,1.0
-2.51,2.51,2.10701,1.00469056e+06,30.0,0.0,11.532152,0.0,1.103655,0.0,1.0898907,0.0,138.22496,2.0,55.189495,32.46052,,32.46052,32.46052,,15.820577,,0.04528175,716.8566,1.0,0.0,0.0,2001.0,-2.51,,40.0,4.4406033,4.499404,2.9177706,Matched (3),-2.5,,40.0,32.464848,32.464848,,138.22496,4.9288826,-0.5399363,0.28014034,357.0736,0.0,0.0,1.0
-2.5,2.5,2.10701,1.00469056e+06,30.0,0.0,11.532271,0.0,1.1036037,0.0,1.0898945,0.0,138.22958,2.0,55.26786,32.46122,,32.46122,32.46122,,15.820764,,0.045281213,716.88055,1.0,0.0,0.0,2001.0,-2.5,,40.0,4.4657006,4.540635,3.0445225,Matched (3),-2.5,,40.0,32.464848,32.464848,,138.22958,4.928916,-0.5399363,0.28014034,357.0736,0.0,0.0,1.0
-2.49,2.49,2.10701,1.00469056e+06,30.0,0.0,11.532386,0.0,1.1035523,0.0,1.0898982,0.0,138.23401,2.0,55.34628,32.46189,,32.46189,32.46189,,15.820944,,0.0452807,716.9035,1.0,0.0,0.0,2001.0,-2.49,,40.0,4.475473,4.53848,3.0445225,Matched (3),-2.5,,40.0,32.464848,32.464848,,138.23401,4.928948,-0.5399363,0.28014034,357.0736,0.0,0.0,1.0
-2.48,2.48,2.10701,1.00469056e+06,30.0,0.0,11.532513,0.0,1.1035012,0.0,1.0899023,0.0,138.23892,2.0,55.42486,32.462635,,32.462635,32.462635,,15.821143,,0.045280125,716.929,1.0,0.0,0.0,2001.0,-2.48,,40.0,,,,Master only (1),-2.5,,40.0,32.464848,32.464848,,138.23892,4.9289837,-0.5399363,0.28014034,357.0736,0.0,0.0,1.0
-2.47,2.47,2.10701,1.00469056e+06,30.0,0.0,11.532646,0.0,1.1034504,0.0,1.0899066,0.0,138.24408,2.0,55.503544,32.463417,,32.463417,32.463417,,15.821353,,0.045279525,716.95575,1.0,0.0,0.0,2001.0,-2.47,,40.0,,,,Master only (1),-2.5,,40.0,32.464848,32.464848,,138.24408,4.929021,-0.5399363,0.28014034,357.0736,0.0,0.0,1.0
-2.46,2.46,2.10701,1.00469056e+06,30.0,0.0,11.532764,0.0,1.103399,0.0,1.0899104,0.0,138.24866,2.0,55.58233,32.46411,,32.46411,32.46411,,15.821539,,0.045278993,716.97955,1.0,0.0,0.0,2001.0,-2.46,,40.0,,,,Master only (1),-2.5,,40.0,32.464848,32.464848,,138.24866,4.929054,-0.5399363,0.28014034,357.0736,0.0,0.0,1.0
-2.45,2.45,2.10701,1.00469056e+06,30.0,0.0,11.53289,0.0,1.103348,0.0,1.0899144,0.0,138.25354,2.0,55.66122,32.464848,,32.464848,32.464848,,15.821736,,0.04527843,717.0047,1.0,0.0,0.0,2001.0,-2.45,,40.0,,,,Master only (1),-2.5,,40.0,32.464848,32.464848,,138.25354,4.929089,-0.5399363,0.28014034,357.0736,0.0,0.0,1.0
-2.44,2.44,2.10701,1.00469056e+06,30.0,0.0,10.168623,0.0,1.0570632,0.0,1.0442454,0.0,92.07003,2.0,55.74021,24.974974,,24.974974,24.974974,,13.696341,,0.052304726,477.4898,1.0,0.0,0.0,2001.0,-2.44,,30.0,,,,Master only (1),-2.4,,30.0,24.981562,24.981562,,92.07003,4.5225496,-0.5887265,-0.12599047,224.80476,0.0,0.0,1.0
-2.43,2.43,2.10701,1.00469056e+06,30.0,0.0,10.1687975,0.0,1.0570165,0.0,1.0442514,0.0,92.075134,2.0,55.81931,24.975866,,24.975866,24.975866,,13.69661,,0.052303698,477.51627,1.0,0.0,0.0,2001.0,-2.43,,30.0,,,,Master only (1),-2.4,,30.0,24.981562,24.981562,,92.075134,4.522605,-0.5887265,-0.12599047,224.80476,0.0,0.0,1.0
-2.42,2.42,2.10701,1.00469056e+06,30.0,0.0,10.168954,0.0,1.0569692,0.0,1.0442569,0.0,92.079704,2.0,55.89858,24.976665,,24.976665,24.976665,,13.696852,,0.052302774,477.53998,1.0,0.0,0.0,2001.0,-2.42,,30.0,,,,Master only (1),-2.4,,30.0,24.981562,24.981562,,92.079704,4.5226545,-0.5887265,-0.12599047,224.80476,0.0,0.0,1.0
-2.41,2.41,2.10701,1.00469056e+06,30.0,0.0,10.169107,0.0,1.0569217,0.0,1.0442623,0.0,92.0842,2.0,55.977882,24.977451,,24.977451,24.977451,,13.697088,,0.052301873,477.56323,1.0,0.0,0.0,2001.0,-2.41,,30.0,,,,Master only (1),-2.4,,30.0,24.981562,24.981562,,92.0842,4.522703,-0.5887265,-0.12599047,224.80476,0.0,0.0,1.0
-2.4,2.4,2.10701,1.00469056e+06,30.0,0.0,10.169278,0.0,1.056875,0.0,1.0442683,0.0,92.08919,2.0,56.057358,24.978325,,24.978325,24.978325,,13.697351,,0.052300867,477.5891,1.0,0.0,0.0,2001.0,-2.4,,30.0,,,,Master only (1),-2.4,,30.0,24.981562,24.981562,,92.08919,4.5227575,-0.5887265,-0.12599047,224.80476,0.0,0.0,1.0
-2.39,2.39,2.10701,1.00469056e+06,30.0,0.0,10.1694355,0.0,1.0568277,0.0,1.0442737,0.0,92.09379,2.0,56.13694,24.97913,,24.97913,24.97913,,13.697595,,0.05229994,477.61298,1.0,0.0,0.0,2001.0,-2.39,,30.0,,,,Master only (1),-2.4,,30.0,24.981562,24.981562,,92.09379,4.5228076,-0.5887265,-0.12599047,224.80476,0.0,0.0,1.0
-2.38,2.38,2.10701,1.00469056e+06,30.0,0.0,10.169602,0.0,1.0567807,0.0,1.0442796,0.0,92.09867,2.0,56.21662,24.979984,,24.979984,24.979984,,13.697852,,0.052298956,477.6383,1.0,0.0,0.0,2001.0,-2.38,,30.0,4.4761806,4.5547304,2.9957323,Matched (3),-2.4,,30.0,24.981562,24.981562,,92.09867,4.5228605,-0.5887265,-0.12599047,224.80476,0.0,0.0,1.0
-2.37,2.37,2.10701,1.00469056e+06,30.0,0.0,10.169764,0.0,1.0567336,0.0,1.0442852,0.0,92.10338,2.0,56.296413,24.98081,,24.98081,24.98081,,13.698101,,0.052298006,477.66278,1.0,0.0,0.0,2001.0,-2.37,,30.0,,,,Master only (1),-2.4,,30.0,24.981562,24.981562,,92.10338,4.5229115,-0.5887265,-0.12599047,224.80476,0.0,0.0,1.0
-2.36,2.36,2.10701,1.00469056e+06,30.0,0.0,10.16991,0.0,1.0566859,0.0,1.0442903,0.0,92.10767,2.0,56.376312,24.981562,,24.981562,24.981562,,13.698328,,0.052297138,477.68506,1.0,0.0,0.0,2001.0,-2.36,,30.0,,,,Master only (1),-2.4,,30.0,24.981562,24.981562,,92.10767,4.5229583,-0.5887265,-0.12599047,224.80476,0.0,0.0,1.0
-2.35,2.35,2.10701,1.00469056e+06,30.0,0.0,14.085956,0.0,1.1803851,0.0,1.1665968,0.0,263.70807,2.0,56.45637,49.24329,,49.24329,49.24329,,19.896086,,0.036006246,1367.6318,1.0,0.0,0.0,2001.0,-2.35,,62.0,4.492475,4.4230084,3.0445225,Matched (3),-2.3,,62.0,49.247448,49.247448,,263.70807,5.574843,-0.3655829,0.92602485,492.45346,0.0,0.0,1.0
-2.34,2.34,2.10701,1.00469056e+06,30.0,0.0,14.086001,0.0,1.1803274,0.0,1.1665981,0.0,263.71085,2.0,56.53648,49.24362,,49.24362,49.24362,,19.89616,,0.03600611,1367.6462,1.0,0.0,0.0,2001.0,-2.34,,62.0,4.486995,4.3869786,3.0445225,Matched (3),-2.3,,62.0,49.247448,49.247448,,263.71085,5.5748534,-0.3655829,0.92602485,492.45346,0.0,0.0,1.0
-2.33,2.33,2.10701,1.00469056e+06,30.0,0.0,14.086069,0.0,1.1802703,0.0,1.1666,0.0,263.71494,2.0,56.616756,49.244114,,49.244114,49.244114,,19.89627,,0.03600591,1367.6675,1.0,0.0,0.0,2001.0,-2.33,,62.0,,,,Master only (1),-2.3,,62.0,49.247448,49.247448,,263.71494,5.5748687,-0.3655829,0.92602485,492.45346,0.0,0.0,1.0
-2.32,2.32,2.10701,1.00469056e+06,30.0,0.0,14.086142,0.0,1.1802133,0.0,1.166602,0.0,263.7193,2.0,56.697075,49.244644,,49.244644,49.244644,,19.896387,,0.036005702,1367.6902,1.0,0.0,0.0,2001.0,-2.32,,62.0,,,,Master only (1),-2.3,,62.0,49.247448,49.247448,,263.7193,5.5748854,-0.3655829,0.92602485,492.45346,0.0,0.0,1.0
-2.31,2.31,2.10701,1.00469056e+06,30.0,0.0,14.086209,0.0,1.1801564,0.0,1.1666039,0.0,263.7234,2.0,56.77756,49.245136,,49.245136,49.245136,,19.896498,,0.0360055,1367.7114,1.0,0.0,0.0,2001.0,-2.31,,62.0,,,,Master only (1),-2.3,,62.0,49.247448,49.247448,,263.7234,5.5749006,-0.3655829,0.92602485,492.45346,0.0,0.0,1.0
-2.3,2.3,2.10701,1.00469056e+06,30.0,0.0,14.086286,0.0,1.1800995,0.0,1.1666061,0.0,263.72803,2.0,56.85816,49.245693,,49.245693,49.245693,,19.89662,,0.03600528,1367.7352,1.0,0.0,0.0,2001.0,-2.3,,62.0,,,,Master only (1),-2.3,,62.0,49.247448,49.247448,,263.72803,5.5749183,-0.3655829,0.92602485,492.45346,0.0,0.0,1.0
-2.29,2.29,2.10701,1.00469056e+06,30.0,0.0,14.086336,0.0,1.1800419,0.0,1.1666075,0.0,263.73108,2.0,56.938854,49.24606,,49.24606,49.24606,,19.896702,,0.036005132,1367.7511,1.0,0.0,0.0,2001.0,-2.29,,62.0,,,,Master only (1),-2.3,,62.0,49.247448,49.247448,,263.73108,5.5749297,-0.3655829,0.92602485,492.45346,0.0,0.0,1.0
-2.28,2.28,2.10701,1.00469056e+06,30.0,0.0,14.086409,0.0,1.1799849,0.0,1.1666095,0.0,263.73544,2.0,57.019726,49.246586,,49.246586,49.246586,,19.89682,,0.036004916,1367.7739,1.0,0.0,0.0,2001.0,-2.28,,62.0,,,,Master only (1),-2.3,,62.0,49.247448,49.247448,,263.73544,5.5749464,-0.3655829,0.92602485,492.45346,0.0,0.0,1.0
-2.27,2.27,2.10701,1.00469056e+06,30.0,0.0,14.086447,0.0,1.1799271,0.0,1.1666106,0.0,263.73776,2.0,57.10064,49.246864,,49.246864,49.246864,,19.896881,,0.036004808,1367.7858,1.0,0.0,0.0,2001.0,-2.27,,62.0,,,,Master only (1),-2.3,,62.0,49.247448,49.247448,,263.73776,5.5749555,-0.3655829,0.92602485,492.45346,0.0,0.0,1.0
-2.26,2.26,2.10701,1.00469056e+06,30.0,0.0,14.086527,0.0,1.1798704,0.0,1.1666129,0.0,263.7426,2.0,57.18166,49.247448,,49.247448,49.247448,,19.89701,,0.036004573,1367.8109,1.0,0.0,0.0,2001.0,-2.26,,62.0,4.664449,4.634048,3.218876,Matched (3),-2.3,,62.0,49.247448,49.247448,,263.7426,5.5749736,-0.3655829,0.92602485,492.45346,0.0,0.0,1.0
-2.25,2.25,2.10701,1.00469056e+06,30.0,0.0,0.0,0.0,0.0,0.0,0.0,0.0,0.0,3.0,57.262844,59.499584,,,,,,,,,0.0,0.0,0.0,0.0,-2.25,,,,,,Master only (1),-2.2,,,,,,0.0,,,,0.0,0.0,,0.0
-2.24,2.24,2.10701,1.00469056e+06,30.0,0.0,0.0,0.0,0.0,0.0,0.0,0.0,0.0,3.0,57.344147,59.517834,,,,,,,,,0.0,0.0,0.0,0.0,-2.24,,,,,,Master only (1),-2.2,,,,,,0.0,,,,0.0,0.0,,0.0
-2.23,2.23,2.10701,1.00469056e+06,30.0,0.0,0.0,0.0,0.0,0.0,0.0,0.0,0.0,3.0,57.425552,59.536053,,,,,,,,,0.0,0.0,0.0,0.0,-2.23,,,,,,Master only (1),-2.2,,,,,,0.0,,,,0.0,0.0,,0.0
-2.22,2.22,2.10701,1.00469056e+06,30.0,0.0,0.0,0.0,0.0,0.0,0.0,0.0,0.0,3.0,57.507065,59.55431,,,,,,,,,0.0,0.0,0.0,0.0,-2.22,,,,,,Master only (1),-2.2,,,,,,0.0,,,,0.0,0.0,,0.0
-2.21,2.21,2.10701,1.00469056e+06,30.0,0.0,0.0,0.0,0.0,0.0,0.0,0.0,0.0,3.0,57.588684,59.572544,,,,,,,,,0.0,0.0,0.0,0.0,-2.21,,,,,,Master only (1),-2.2,,,,,,0.0,,,,0.0,0.0,,0.0
-2.2,2.2,2.10701,1.00469056e+06,30.0,0.0,0.0,0.0,0.0,0.0,0.0,0.0,0.0,3.0,57.67041,59.590805,,,,,,,,,0.0,0.0,0.0,0.0,-2.2,,,,,,Master only (1),-2.2,,,,,,0.0,,,,0.0,0.0,,0.0
-2.19,2.19,2.10701,1.00469056e+06,30.0,0.0,0.0,0.0,0.0,0.0,0.0,0.0,0.0,3.0,57.75225,59.60907,,,,,,,,,0.0,0.0,0.0,0.0,-2.19,,,,,,Master only (1),-2.2,,,,,,0.0,,,,0.0,0.0,,0.0
-2.18,2.18,2.10701,1.00469056e+06,30.0,0.0,0.0,0.0,0.0,0.0,0.0,0.0,0.0,3.0,57.83426,59.62732,,,,,,,,,0.0,0.0,0.0,0.0,-2.18,,,,,,Master only (1),-2.2,,,,,,0.0,,,,0.0,0.0,,0.0
-2.17,2.17,2.10701,1.00469056e+06,30.0,0.0,0.0,0.0,0.0,0.0,0.0,0.0,0.0,3.0,57.91637,59.6456,,,,,,,,,0.0,0.0,0.0,0.0,-2.17,,,,,,Master only (1),-2.2,,,,,,0.0,,,,0.0,0.0,,0.0
-2.16,2.16,2.10701,1.00469056e+06,30.0,0.0,0.0,0.0,0.0,0.0,0.0,0.0,0.0,3.0,57.99853,59.66388,,,,,,,,,0.0,0.0,0.0,0.0,-2.16,,,,,,Master only (1),-2.2,,,,,,0.0,,,,0.0,0.0,,0.0
-2.15,2.15,2.10701,1.00469056e+06,30.0,0.0,0.0,0.0,0.0,0.0,0.0,0.0,0.0,3.0,58.080868,59.682163,,,,,,,,,0.0,0.0,0.0,0.0,-2.15,,,,,,Master only (1),-2.2,,,,,,0.0,,,,0.0,0.0,,0.0
-2.14,2.14,2.10701,1.00469056e+06,30.0,0.0,11.916089,0.0,1.1139504,0.0,1.1020947,0.0,153.6442,2.0,58.163303,34.752617,,34.752617,34.752617,,16.42555,,0.043613963,796.8232,1.0,0.0,0.0,2001.0,-2.14,,43.0,5.0024543,4.822649,3.6888795,Matched (3),-2.1,,43.0,34.7581,34.7581,,153.6442,5.0346394,0.104420684,0.38593525,312.7981,0.0,0.0,1.0
-2.13,2.13,2.10701,1.00469056e+06,30.0,0.0,11.916199,0.0,1.1138982,0.0,1.1020981,0.0,153.64876,2.0,58.245853,34.753284,,34.753284,34.753284,,16.425724,,0.043613505,796.84686,1.0,0.0,0.0,2001.0,-2.13,,43.0,,,,Master only (1),-2.1,,43.0,34.7581,34.7581,,153.64876,5.0346694,0.104420684,0.38593525,312.7981,0.0,0.0,1.0
-2.12,2.12,2.10701,1.00469056e+06,30.0,0.0,11.916316,0.0,1.1138462,0.0,1.1021018,0.0,153.65364,2.0,58.328583,34.753998,,34.753998,34.753998,,16.425909,,0.043613013,796.8722,1.0,0.0,0.0,2001.0,-2.12,,43.0,,,,Master only (1),-2.1,,43.0,34.7581,34.7581,,153.65364,5.034701,0.104420684,0.38593525,312.7981,0.0,0.0,1.0
-2.11,2.11,2.10701,1.00469056e+06,30.0,0.0,11.916422,0.0,1.1137938,0.0,1.1021051,0.0,153.65805,2.0,58.411346,34.75464,,34.75464,34.75464,,16.426075,,0.04361257,796.895,1.0,0.0,0.0,2001.0,-2.11,,43.0,,,,Master only (1),-2.1,,43.0,34.7581,34.7581,,153.65805,5.0347295,0.104420684,0.38593525,312.7981,0.0,0.0,1.0
-2.1,2.1,2.10701,1.00469056e+06,30.0,0.0,11.916525,0.0,1.1137415,0.0,1.1021084,0.0,153.66234,2.0,58.49429,34.755264,,34.755264,34.755264,,16.426239,,0.043612134,796.9173,1.0,0.0,0.0,2001.0,-2.1,,43.0,5.0024543,4.822649,3.6888795,Matched (3),-2.1,,43.0,34.7581,34.7581,,153.66234,5.0347576,0.104420684,0.38593525,312.7981,0.0,0.0,1.0
-2.09,2.09,2.10701,1.00469056e+06,30.0,0.0,11.91665,0.0,1.1136898,0.0,1.1021123,0.0,153.66754,2.0,58.57728,34.756023,,34.756023,34.756023,,16.426435,,0.043611612,796.9443,1.0,0.0,0.0,2001.0,-2.09,,43.0,,,,Master only (1),-2.1,,43.0,34.7581,34.7581,,153.66754,5.0347915,0.104420684,0.38593525,312.7981,0.0,0.0,1.0
-2.08,2.08,2.10701,1.00469056e+06,30.0,0.0,11.916771,0.0,1.1136379,0.0,1.1021161,0.0,153.67258,2.0,58.660442,34.75676,,34.75676,34.75676,,16.426626,,0.04361111,796.97034,1.0,0.0,0.0,2001.0,-2.08,,43.0,,,,Master only (1),-2.1,,43.0,34.7581,34.7581,,153.67258,5.0348244,0.104420684,0.38593525,312.7981,0.0,0.0,1.0
-2.07,2.07,2.10701,1.00469056e+06,30.0,0.0,11.916881,0.0,1.1135857,0.0,1.1021196,0.0,153.67715,2.0,58.74371,34.757427,,34.757427,34.757427,,16.4268,,0.043610647,796.9941,1.0,0.0,0.0,2001.0,-2.07,,43.0,5.030744,4.788662,3.6408703,Matched (3),-2.1,,43.0,34.7581,34.7581,,153.67715,5.034854,0.104420684,0.38593525,312.7981,0.0,0.0,1.0
-2.06,2.06,2.10701,1.00469056e+06,30.0,0.0,11.916991,0.0,1.1135335,0.0,1.102123,0.0,153.68176,2.0,58.82709,34.7581,,34.7581,34.7581,,16.426975,,0.04361018,797.01794,1.0,0.0,0.0,2001.0,-2.06,,43.0,,,,Master only (1),-2.1,,43.0,34.7581,34.7581,,153.68176,5.034884,0.104420684,0.38593525,312.7981,0.0,0.0,1.0
-2.05,2.05,2.10701,1.00469056e+06,30.0,9.132555,0.0,0.8852757,0.0,2.6254601,0.0,69.62245,0.0,1.0,22.816048,59.865288,22.816048,,22.816048,10.341125,,634.555,,,1.0,1.0,2001.0,2001.0,-2.05,15.0,,,,,Master only (1),-2.0,15.0,37.0,30.239153,30.239153,22.844868,69.62245,4.2430873,-2.7735286,0.17005865,258.54605,228.3069,0.8830415,0.0
-2.04,2.04,2.10701,1.00469056e+06,30.0,9.133091,0.0,0.885195,0.0,2.6254833,0.0,69.63549,0.0,1.0,22.818897,59.88363,22.818897,,22.818897,10.34177,,634.6739,,,1.0,1.0,2001.0,2001.0,-2.04,15.0,,,,,Master only (1),-2.0,15.0,37.0,30.239153,30.239153,22.844868,69.63549,4.243274,-2.7735286,0.17005865,258.54605,228.3069,0.8830415,0.0
-2.03,2.03,2.10701,1.00469056e+06,30.0,9.133628,0.0,0.8851143,0.0,2.6255064,0.0,69.64856,0.0,1.0,22.821753,59.90199,22.821753,,22.821753,10.342417,,634.79297,,,1.0,1.0,2001.0,2001.0,-2.03,15.0,,,,,Master only (1),-2.0,15.0,37.0,30.239153,30.239153,22.844868,69.64856,4.243462,-2.7735286,0.17005865,258.54605,228.3069,0.8830415,0.0
-2.02,2.02,2.10701,1.00469056e+06,30.0,9.13417,0.0,0.88503367,0.0,2.6255298,0.0,69.66174,0.0,1.0,22.82463,59.920338,22.82463,,22.82463,10.34307,,634.91315,,,1.0,1.0,2001.0,2001.0,-2.02,15.0,,,,,Master only (1),-2.0,15.0,37.0,30.239153,30.239153,22.844868,69.66174,4.2436514,-2.7735286,0.17005865,258.54605,228.3069,0.8830415,0.0
-2.01,2.01,2.10701,1.00469056e+06,30.0,0.0,11.146362,0.0,1.0882367,0.0,1.0773547,0.0,123.84213,2.0,59.24579,30.239153,,30.239153,30.239153,,15.215635,,0.047082055,642.26495,1.0,0.0,0.0,2001.0,-2.01,,37.0,,,,Matched (3),-2.0,15.0,37.0,30.239153,30.239153,22.844868,123.84213,4.8190074,-2.7735286,0.17005865,258.54605,228.3069,0.8830415,0.0
-2.0,2.0,2.10701,1.00469056e+06,30.0,9.135247,0.0,0.8848723,0.0,2.6255763,0.0,69.68797,0.0,1.0,22.830362,59.957066,22.830362,,22.830362,10.344368,,635.1523,,,1.0,1.0,2001.0,2001.0,-2.0,15.0,,,,,Master only (1),-2.0,15.0,37.0,30.239153,30.239153,22.844868,69.68797,4.2440276,-2.7735286,0.17005865,258.54605,228.3069,0.8830415,0.0
-1.99,1.99,2.10701,1.00469056e+06,30.0,9.13579,0.0,0.88479173,0.0,2.6255996,0.0,69.70119,0.0,1.0,22.833246,59.97543,22.833246,,22.833246,10.345021,,635.27264,,,1.0,1.0,2001.0,2001.0,-1.99,15.0,,,,,Master only (1),-2.0,15.0,37.0,30.239153,30.239153,22.844868,69.70119,4.2442174,-2.7735286,0.17005865,258.54605,228.3069,0.8830415,0.0
-1.98,1.98,2.10701,1.00469056e+06,30.0,9.136332,0.0,0.88471115,0.0,2.625623,0.0,69.71438,0.0,1.0,22.836128,59.993813,22.836128,,22.836128,10.3456745,,635.39294,,,1.0,1.0,2001.0,2001.0,-1.98,15.0,,2.255881,2.8847716,0.8109302,Matched (3),-2.0,15.0,37.0,30.239153,30.239153,22.844868,69.71438,4.2444067,-2.7735286,0.17005865,258.54605,228.3069,0.8830415,0.0
-1.97,1.97,2.10701,1.00469056e+06,30.0,9.136879,0.0,0.8846306,0.0,2.6256466,0.0,69.72771,0.0,1.0,22.839039,60.012207,22.839039,,22.839039,10.3463335,,635.5144,,,1.0,1.0,2001.0,2001.0,-1.97,15.0,,,,,Master only (1),-2.0,15.0,37.0,30.239153,30.239153,22.844868,69.72771,4.244598,-2.7735286,0.17005865,258.54605,228.3069,0.8830415,0.0
-1.96,1.96,2.10701,1.00469056e+06,30.0,9.137422,0.0,0.88455003,0.0,2.62567,0.0,69.74093,0.0,1.0,22.841925,60.03058,22.841925,,22.841925,10.346987,,635.6348,,,1.0,1.0,2001.0,2001.0,-1.96,15.0,,,,,Master only (1),-2.0,15.0,37.0,30.239153,30.239153,22.844868,69.74093,4.244787,-2.7735286,0.17005865,258.54605,228.3069,0.8830415,0.0
-1.95,1.95,2.10701,1.00469056e+06,30.0,9.137975,0.0,0.88446957,0.0,2.6256938,0.0,69.7544,0.0,1.0,22.844868,60.04898,22.844868,,22.844868,10.347653,,635.7577,,,1.0,1.0,2001.0,2001.0,-1.95,15.0,,,,,Master only (1),-2.0,15.0,37.0,30.239153,30.239153,22.844868,69.7544,4.2449803,-2.7735286,0.17005865,258.54605,228.3069,0.8830415,0.0
-1.94,1.94,2.10701,1.00469056e+06,30.0,0.0,11.539081,0.0,1.1007389,0.0,1.0901133,0.0,138.49332,2.0,59.83696,32.501163,,32.501163,32.501163,,15.831468,,0.0452506,718.2482,1.0,0.0,0.0,2001.0,-1.94,,40.0,,,,Master only (1),-1.9,,40.0,32.507847,32.507847,,138.49332,4.930822,0.4673262,0.2821917,325.0448,0.0,0.0,1.0
-1.93,1.93,2.10701,1.00469056e+06,30.0,0.0,11.5392065,0.0,1.1006879,0.0,1.0901173,0.0,138.49818,2.0,59.921917,32.501904,,32.501904,32.501904,,15.831666,,0.04525003,718.2737,1.0,0.0,0.0,2001.0,-1.93,,40.0,,,,Matched (3),-1.9,,40.0,32.507847,32.507847,,138.49818,4.930857,0.4673262,0.2821917,325.0448,0.0,0.0,1.0
-1.92,1.92,2.10701,1.00469056e+06,30.0,0.0,11.539318,0.0,1.1006365,0.0,1.0901209,0.0,138.50252,2.0,60.006985,32.502556,,32.502556,32.502556,,15.831841,,0.04524953,718.296,1.0,0.0,0.0,2001.0,-1.92,,40.0,,,,Master only (1),-1.9,,40.0,32.507847,32.507847,,138.50252,4.9308887,0.4673262,0.2821917,325.0448,0.0,0.0,1.0
-1.91,1.91,2.10701,1.00469056e+06,30.0,0.0,11.539448,0.0,1.1005857,0.0,1.0901251,0.0,138.50754,2.0,60.09216,32.50332,,32.50332,32.50332,,15.832045,,0.045248948,718.3221,1.0,0.0,0.0,2001.0,-1.91,,40.0,,,,Master only (1),-1.9,,40.0,32.507847,32.507847,,138.50754,4.930925,0.4673262,0.2821917,325.0448,0.0,0.0,1.0
-1.9,1.9,2.10701,1.00469056e+06,30.0,0.0,11.539581,0.0,1.1005349,0.0,1.0901294,0.0,138.51271,2.0,60.177456,32.5041,,32.5041,32.5041,,15.832255,,0.045248345,718.34894,1.0,0.0,0.0,2001.0,-1.9,,40.0,5.303257,4.9735456,4.051785,Matched (3),-1.9,,40.0,32.507847,32.507847,,138.51271,4.930962,0.4673262,0.2821917,325.0448,0.0,0.0,1.0
-1.89,1.89,2.10701,1.00469056e+06,30.0,0.0,11.539711,0.0,1.1004841,0.0,1.0901335,0.0,138.51775,2.0,60.26286,32.504864,,32.504864,32.504864,,15.8324585,,0.045247763,718.37506,1.0,0.0,0.0,2001.0,-1.89,,40.0,,,,Master only (1),-1.9,,40.0,32.507847,32.507847,,138.51775,4.9309983,0.4673262,0.2821917,325.0448,0.0,0.0,1.0
-1.88,1.88,2.10701,1.00469056e+06,30.0,0.0,11.539841,0.0,1.1004333,0.0,1.0901377,0.0,138.52277,2.0,60.348385,32.505623,,32.505623,32.505623,,15.832663,,0.045247182,718.40106,1.0,0.0,0.0,2001.0,-1.88,,40.0,4.7021947,4.6047564,3.068053,Matched (3),-1.9,,40.0,32.507847,32.507847,,138.52277,4.9310346,0.4673262,0.2821917,325.0448,0.0,0.0,1.0
-1.87,1.87,2.10701,1.00469056e+06,30.0,0.0,11.53996,0.0,1.1003822,0.0,1.0901415,0.0,138.52739,2.0,60.434082,32.506325,,32.506325,32.506325,,15.83285,,0.045246646,718.42505,1.0,0.0,0.0,2001.0,-1.87,,40.0,,,,Master only (1),-1.9,,40.0,32.507847,32.507847,,138.52739,4.931068,0.4673262,0.2821917,325.0448,0.0,0.0,1.0
-1.86,1.86,2.10701,1.00469056e+06,30.0,0.0,11.540093,0.0,1.1003314,0.0,1.0901458,0.0,138.53256,2.0,60.519825,32.507107,,32.507107,32.507107,,15.83306,,0.045246046,718.4519,1.0,0.0,0.0,2001.0,-1.86,,40.0,,,,Master only (1),-1.9,,40.0,32.507847,32.507847,,138.53256,4.9311056,0.4673262,0.2821917,325.0448,0.0,0.0,1.0
-1.85,1.85,2.10701,1.00469056e+06,30.0,0.0,11.540219,0.0,1.1002805,0.0,1.0901499,0.0,138.53745,2.0,60.605743,32.507847,,32.507847,32.507847,,15.833258,,0.04524548,718.47723,1.0,0.0,0.0,2001.0,-1.85,,40.0,,,,Master only (1),-1.9,,40.0,32.507847,32.507847,,138.53745,4.9311404,0.4673262,0.2821917,325.0448,0.0,0.0,1.0
-1.84,1.84,2.10701,1.00469056e+06,30.0,0.0,15.875319,0.0,1.2262374,0.0,1.2150078,0.0,388.0019,2.0,60.69179,63.1753,,63.1753,63.1753,,22.818012,,0.03139552,2012.2393,1.0,0.0,0.0,2001.0,-1.84,,80.0,,,,Master only (1),-1.8,,80.0,63.177807,63.177807,,388.0019,5.96101,0.104420684,1.3121227,568.5896,0.0,0.0,1.0
-1.83,1.83,2.10701,1.00469056e+06,30.0,0.0,15.875364,0.0,1.2261773,0.0,1.215009,0.0,388.0055,2.0,60.77794,63.175682,,63.175682,63.175682,,22.818089,,0.031395417,2012.258,1.0,0.0,0.0,2001.0,-1.83,,80.0,,,,Master only (1),-1.8,,80.0,63.177807,63.177807,,388.0055,5.9610195,0.104420684,1.3121227,568.5896,0.0,0.0,1.0
-1.82,1.82,2.10701,1.00469056e+06,30.0,0.0,15.8754015,0.0,1.226117,0.0,1.2150099,0.0,388.00845,2.0,60.86421,63.175987,,63.175987,63.175987,,22.81815,,0.03139533,2012.2733,1.0,0.0,0.0,2001.0,-1.82,,80.0,,,,Master only (1),-1.8,,80.0,63.177807,63.177807,,388.00845,5.961027,0.104420684,1.3121227,568.5896,0.0,0.0,1.0
-1.81,1.81,2.10701,1.00469056e+06,30.0,0.0,15.875447,0.0,1.2260569,0.0,1.2150111,0.0,388.01205,2.0,60.95059,63.17637,,63.17637,63.17637,,22.818224,,0.03139523,2012.2919,1.0,0.0,0.0,2001.0,-1.81,,80.0,5.118312,4.8335757,3.6888795,Matched (3),-1.8,,80.0,63.177807,63.177807,,388.01205,5.961036,0.104420684,1.3121227,568.5896,0.0,0.0,1.0
-1.8,1.8,2.10701,1.00469056e+06,30.0,0.0,15.875479,0.0,1.2259964,0.0,1.215012,0.0,388.01453,2.0,61.03708,63.17663,,63.17663,63.17663,,22.818275,,0.03139516,2012.3047,1.0,0.0,0.0,2001.0,-1.8,,80.0,,,,Matched (3),-1.8,,80.0,63.177807,63.177807,,388.01453,5.961043,0.104420684,1.3121227,568.5896,0.0,0.0,1.0
-1.79,1.79,2.10701,1.00469056e+06,30.0,0.0,15.875511,0.0,1.2259359,0.0,1.2150128,0.0,388.0171,2.0,61.123753,63.1769,,63.1769,63.1769,,22.818329,,0.031395085,2012.3181,1.0,0.0,0.0,2001.0,-1.79,,80.0,,,,Master only (1),-1.8,,80.0,63.177807,63.177807,,388.0171,5.9610496,0.104420684,1.3121227,568.5896,0.0,0.0,1.0
-1.78,1.78,2.10701,1.00469056e+06,30.0,0.0,15.8755665,0.0,1.2258761,0.0,1.2150142,0.0,388.02145,2.0,61.210472,63.177357,,63.177357,63.177357,,22.81842,,0.03139496,2012.3408,1.0,0.0,0.0,2001.0,-1.78,,80.0,,,,Master only (1),-1.8,,80.0,63.177807,63.177807,,388.02145,5.9610605,0.104420684,1.3121227,568.5896,0.0,0.0,1.0
-1.77,1.77,2.10701,1.00469056e+06,30.0,0.0,15.875593,0.0,1.2258155,0.0,1.2150149,0.0,388.02356,2.0,61.29738,63.177578,,63.177578,63.177578,,22.818464,,0.0313949,2012.3517,1.0,0.0,0.0,2001.0,-1.77,,80.0,,,,Master only (1),-1.8,,80.0,63.177807,63.177807,,388.02356,5.9610662,0.104420684,1.3121227,568.5896,0.0,0.0,1.0
-1.76,1.76,2.10701,1.00469056e+06,30.0,0.0,15.875621,0.0,1.225755,0.0,1.2150156,0.0,388.02576,2.0,61.3844,63.177807,,63.177807,63.177807,,22.81851,,0.031394836,2012.363,1.0,0.0,0.0,2001.0,-1.76,,80.0,,,,Master only (1),-1.8,,80.0,63.177807,63.177807,,388.02576,5.9610715,0.104420684,1.3121227,568.5896,0.0,0.0,1.0
-1.75,1.75,2.10701,1.00469056e+06,30.0,0.0,10.606006,0.0,1.0686147,0.0,1.0593051,0.0,105.48211,2.0,61.471527,27.265194,,27.265194,27.265194,,14.3734665,,0.04984068,547.047,1.0,0.0,0.0,2001.0,-1.75,,33.0,5.3798585,4.99663,4.0943446,Matched (3),-1.7,,33.0,27.272545,27.272545,,105.48211,4.658541,0.5098858,0.010010651,272.68866,0.0,0.0,1.0
-1.74,1.74,2.10701,1.00469056e+06,30.0,0.0,10.60616,0.0,1.0685666,0.0,1.0593103,0.0,105.48707,2.0,61.558777,27.266022,,27.266022,27.266022,,14.373706,,0.04983985,547.0727,1.0,0.0,0.0,2001.0,-1.74,,33.0,,,,Master only (1),-1.7,,33.0,27.272545,27.272545,,105.48707,4.6585884,0.5098858,0.010010651,272.68866,0.0,0.0,1.0
-1.73,1.73,2.10701,1.00469056e+06,30.0,0.0,10.606311,0.0,1.0685183,0.0,1.0593154,0.0,105.49191,2.0,61.64614,27.266829,,27.266829,27.266829,,14.3739395,,0.049839042,547.0978,1.0,0.0,0.0,2001.0,-1.73,,33.0,,,,Master only (1),-1.7,,33.0,27.272545,27.272545,,105.49191,4.658634,0.5098858,0.010010651,272.68866,0.0,0.0,1.0
-1.72,1.72,2.10701,1.00469056e+06,30.0,0.0,10.606472,0.0,1.0684704,0.0,1.0593209,0.0,105.497086,2.0,61.73369,27.26769,,27.26769,27.26769,,14.37419,,0.04983817,547.12463,1.0,0.0,0.0,2001.0,-1.72,,33.0,5.42027,1.1349479,3.2580965,Matched (3),-1.7,,33.0,27.272545,27.272545,,105.497086,4.6586833,0.5098858,0.010010651,272.68866,0.0,0.0,1.0
-1.71,1.71,2.10701,1.00469056e+06,30.0,0.0,10.6066265,0.0,1.0684222,0.0,1.0593262,0.0,105.50205,2.0,61.821285,27.268518,,27.268518,27.268518,,14.37443,,0.04983734,547.1504,1.0,0.0,0.0,2001.0,-1.71,,33.0,,,,Master only (1),-1.7,,33.0,27.272545,27.272545,,105.50205,4.6587305,0.5098858,0.010010651,272.68866,0.0,0.0,1.0
-1.7,1.7,2.10701,1.00469056e+06,30.0,0.0,10.6067705,0.0,1.0683738,0.0,1.059331,0.0,105.506676,2.0,61.909065,27.26929,,27.26929,27.26929,,14.374654,,0.049836565,547.1744,1.0,0.0,0.0,2001.0,-1.7,,33.0,,,,Master only (1),-1.7,,33.0,27.272545,27.272545,,105.506676,4.6587744,0.5098858,0.010010651,272.68866,0.0,0.0,1.0
-1.69,1.69,2.10701,1.00469056e+06,30.0,0.0,10.606904,0.0,1.0683249,0.0,1.0593356,0.0,105.51096,2.0,61.99696,27.270004,,27.270004,27.270004,,14.374861,,0.049835846,547.1966,1.0,0.0,0.0,2001.0,-1.69,,33.0,5.3798585,4.99663,4.0943446,Matched (3),-1.7,,33.0,27.272545,27.272545,,105.51096,4.658815,0.5098858,0.010010651,272.68866,0.0,0.0,1.0
-1.68,1.68,2.10701,1.00469056e+06,30.0,0.0,10.607069,0.0,1.0682771,0.0,1.0593412,0.0,105.516266,2.0,62.084904,27.27089,,27.27089,27.27089,,14.375117,,0.04983496,547.22406,1.0,0.0,0.0,2001.0,-1.68,,33.0,,,,Master only (1),-1.7,,33.0,27.272545,27.272545,,105.516266,4.658865,0.5098858,0.010010651,272.68866,0.0,0.0,1.0
-1.67,1.67,2.10701,1.00469056e+06,30.0,0.0,10.607217,0.0,1.0682287,0.0,1.0593462,0.0,105.52101,2.0,62.173023,27.27168,,27.27168,27.27168,,14.375347,,0.049834162,547.2487,1.0,0.0,0.0,2001.0,-1.67,,33.0,,,,Master only (1),-1.7,,33.0,27.272545,27.272545,,105.52101,4.6589103,0.5098858,0.010010651,272.68866,0.0,0.0,1.0
-1.66,1.66,2.10701,1.00469056e+06,30.0,0.0,10.607378,0.0,1.0681809,0.0,1.0593517,0.0,105.52619,2.0,62.261337,27.272545,,27.272545,27.272545,,14.375597,,0.049833294,547.2756,1.0,0.0,0.0,2001.0,-1.66,,33.0,,,,Master only (1),-1.7,,33.0,27.272545,27.272545,,105.52619,4.6589594,0.5098858,0.010010651,272.68866,0.0,0.0,1.0
-1.65,1.65,2.10701,1.00469056e+06,30.0,0.0,12.28918,0.0,1.1229337,0.0,1.1137077,0.0,169.7274,2.0,62.349693,37.05797,,37.05797,37.05797,,17.016165,,0.042100165,880.23334,1.0,0.0,0.0,2001.0,-1.65,,46.0,,,,Master only (1),-1.6,,46.0,37.063995,37.063995,,169.7274,5.1341934,0.13951184,0.48549694,370.60968,0.0,0.0,1.0
-1.64,1.64,2.10701,1.00469056e+06,30.0,0.0,12.2892685,0.0,1.1228803,0.0,1.1137104,0.0,169.73135,2.0,62.438168,37.058525,,37.058525,37.058525,,17.016304,,0.042099822,880.2537,1.0,0.0,0.0,2001.0,-1.64,,46.0,,,,Master only (1),-1.6,,46.0,37.063995,37.063995,,169.73135,5.134217,0.13951184,0.48549694,370.60968,0.0,0.0,1.0
-1.63,1.63,2.10701,1.00469056e+06,30.0,0.0,12.289392,0.0,1.1228281,0.0,1.1137142,0.0,169.7369,2.0,62.526833,37.059303,,37.059303,37.059303,,17.0165,,0.042099334,880.2824,1.0,0.0,0.0,2001.0,-1.63,,46.0,,,,Matched (3),-1.6,,46.0,37.063995,37.063995,,169.7369,5.1342497,0.13951184,0.48549694,370.60968,0.0,0.0,1.0
-1.62,1.62,2.10701,1.00469056e+06,30.0,0.0,12.289496,0.0,1.1227752,0.0,1.1137174,0.0,169.74152,2.0,62.615543,37.059956,,37.059956,37.059956,,17.016666,,0.042098925,880.30646,1.0,0.0,0.0,2001.0,-1.62,,46.0,,,,Master only (1),-1.6,,46.0,37.063995,37.063995,,169.74152,5.134277,0.13951184,0.48549694,370.60968,0.0,0.0,1.0
-1.61,1.61,2.10701,1.00469056e+06,30.0,0.0,12.289601,0.0,1.1227223,0.0,1.1137207,0.0,169.7462,2.0,62.704433,37.060616,,37.060616,37.060616,,17.016832,,0.042098515,880.3307,1.0,0.0,0.0,2001.0,-1.61,,46.0,5.1696825,4.86062,3.7239707,Matched (3),-1.6,,46.0,37.063995,37.063995,,169.7462,5.1343045,0.13951184,0.48549694,370.60968,0.0,0.0,1.0
-1.6,1.6,2.10701,1.00469056e+06,30.0,0.0,12.289705,0.0,1.1226695,0.0,1.1137239,0.0,169.75084,2.0,62.79345,37.061268,,37.061268,37.061268,,17.016998,,0.042098105,880.3548,1.0,0.0,0.0,2001.0,-1.6,,46.0,,,,Master only (1),-1.6,,46.0,37.063995,37.063995,,169.75084,5.1343317,0.13951184,0.48549694,370.60968,0.0,0.0,1.0
-1.59,1.59,2.10701,1.00469056e+06,30.0,0.0,12.289825,0.0,1.122617,0.0,1.1137276,0.0,169.7562,2.0,62.882584,37.062023,,37.062023,37.062023,,17.017189,,0.04209763,880.3826,1.0,0.0,0.0,2001.0,-1.59,,46.0,,,,Master only (1),-1.6,,46.0,37.063995,37.063995,,169.7562,5.134363,0.13951184,0.48549694,370.60968,0.0,0.0,1.0
-1.58,1.58,2.10701,1.00469056e+06,30.0,0.0,12.289946,0.0,1.1225646,0.0,1.1137313,0.0,169.76155,2.0,62.971836,37.06278,,37.06278,37.06278,,17.01738,,0.04209716,880.41046,1.0,0.0,0.0,2001.0,-1.58,,46.0,,,,Master only (1),-1.6,,46.0,37.063995,37.063995,,169.76155,5.1343946,0.13951184,0.48549694,370.60968,0.0,0.0,1.0
-1.57,1.57,2.10701,1.00469056e+06,30.0,0.0,12.290019,0.0,1.1225108,0.0,1.1137335,0.0,169.76483,2.0,63.0612,37.06324,,37.06324,37.06324,,17.017496,,0.042096872,880.4274,1.0,0.0,0.0,2001.0,-1.57,,46.0,5.6905813,1.2363154,3.6018682,Matched (3),-1.6,,46.0,37.063995,37.063995,,169.76483,5.134414,0.13951184,0.48549694,370.60968,0.0,0.0,1.0
-1.56,1.56,2.10701,1.00469056e+06,30.0,0.0,12.290139,0.0,1.1224583,0.0,1.1137372,0.0,169.77019,2.0,63.150753,37.063995,,37.063995,37.063995,,17.017687,,0.0420964,880.45526,1.0,0.0,0.0,2001.0,-1.56,,46.0,,,,Master only (1),-1.6,,46.0,37.063995,37.063995,,169.77019,5.1344457,0.13951184,0.48549694,370.60968,0.0,0.0,1.0
-1.55,1.55,2.10701,1.00469056e+06,30.0,0.0,10.747423,0.0,1.0723652,0.0,1.0640864,0.0,110.0917,2.0,63.240353,28.028053,,28.028053,28.028053,,14.59328,,0.04908995,570.953,1.0,0.0,0.0,2001.0,-1.55,,34.0,4.7558045,4.6394386,3.068053,Matched (3),-1.5,,34.0,28.036175,28.036175,,110.0917,4.7013135,0.22220375,0.05281394,308.35315,0.0,0.0,1.0
-1.54,1.54,2.10701,1.00469056e+06,30.0,0.0,10.747565,0.0,1.0723163,0.0,1.0640912,0.0,110.0964,2.0,63.330147,28.028826,,28.028826,28.028826,,14.593501,,0.049089205,570.9774,1.0,0.0,0.0,2001.0,-1.54,,34.0,,,,Master only (1),-1.5,,34.0,28.036175,28.036175,,110.0964,4.7013564,0.22220375,0.05281394,308.35315,0.0,0.0,1.0
-1.53,1.53,2.10701,1.00469056e+06,30.0,0.0,10.747706,0.0,1.0722675,0.0,1.064096,0.0,110.10107,2.0,63.42005,28.029593,,28.029593,28.029593,,14.59372,,0.049088467,571.0016,1.0,0.0,0.0,2001.0,-1.53,,34.0,,,,Master only (1),-1.5,,34.0,28.036175,28.036175,,110.10107,4.701399,0.22220375,0.05281394,308.35315,0.0,0.0,1.0
-1.52,1.52,2.10701,1.00469056e+06,30.0,0.0,10.747873,0.0,1.0722196,0.0,1.0641016,0.0,110.10659,2.0,63.51008,28.0305,,28.0305,28.0305,,14.59398,,0.049087595,571.0302,1.0,0.0,0.0,2001.0,-1.52,,34.0,,,,Master only (1),-1.5,,34.0,28.036175,28.036175,,110.10659,4.701449,0.22220375,0.05281394,308.35315,0.0,0.0,1.0
-1.51,1.51,2.10701,1.00469056e+06,30.0,0.0,10.748025,0.0,1.0721711,0.0,1.0641067,0.0,110.1116,2.0,63.600235,28.031324,,28.031324,28.031324,,14.594216,,0.049086798,571.0563,1.0,0.0,0.0,2001.0,-1.51,,34.0,,,,Master only (1),-1.5,,34.0,28.036175,28.036175,,110.1116,4.701494,0.22220375,0.05281394,308.35315,0.0,0.0,1.0
-1.5,1.5,2.10701,1.00469056e+06,30.0,0.0,10.748167,0.0,1.0721223,0.0,1.0641115,0.0,110.1163,2.0,63.690495,28.032095,,28.032095,28.032095,,14.594437,,0.049086057,571.0806,1.0,0.0,0.0,2001.0,-1.5,,34.0,,,,Master only (1),-1.5,,34.0,28.036175,28.036175,,110.1163,4.701537,0.22220375,0.05281394,308.35315,0.0,0.0,1.0
-1.49,1.49,2.10701,1.00469056e+06,30.0,0.0,10.74832,0.0,1.0720738,0.0,1.0641166,0.0,110.12135,2.0,63.780876,28.032925,,28.032925,28.032925,,14.594674,,0.04908526,571.1068,1.0,0.0,0.0,2001.0,-1.49,,34.0,,,,Master only (1),-1.5,,34.0,28.036175,28.036175,,110.12135,4.701583,0.22220375,0.05281394,308.35315,0.0,0.0,1.0
-1.48,1.48,2.10701,1.00469056e+06,30.0,0.0,10.748468,0.0,1.0720253,0.0,1.0641216,0.0,110.126274,2.0,63.87145,28.033733,,28.033733,28.033733,,14.594906,,0.04908448,571.1323,1.0,0.0,0.0,2001.0,-1.48,,34.0,,,,Master only (1),-1.5,,34.0,28.036175,28.036175,,110.126274,4.7016277,0.22220375,0.05281394,308.35315,0.0,0.0,1.0
-1.47,1.47,2.10701,1.00469056e+06,30.0,0.0,10.748617,0.0,1.0719768,0.0,1.0641266,0.0,110.131195,2.0,63.962082,28.034542,,28.034542,28.034542,,14.595138,,0.049083702,571.15784,1.0,0.0,0.0,2001.0,-1.47,,34.0,,,,Master only (1),-1.5,,34.0,28.036175,28.036175,,110.131195,4.7016726,0.22220375,0.05281394,308.35315,0.0,0.0,1.0
-1.46,1.46,2.10701,1.00469056e+06,30.0,0.0,10.748773,0.0,1.0719284,0.0,1.0641319,0.0,110.13634,2.0,64.052895,28.035387,,28.035387,28.035387,,14.595379,,0.04908289,571.1845,1.0,0.0,0.0,2001.0,-1.46,,34.0,,,,Master only (1),-1.5,,34.0,28.036175,28.036175,,110.13634,4.701719,0.22220375,0.05281394,308.35315,0.0,0.0,1.0
-1.45,1.45,2.10701,1.00469056e+06,30.0,0.0,10.748918,0.0,1.0718797,0.0,1.0641367,0.0,110.141136,2.0,64.14382,28.036175,,28.036175,28.036175,,14.595605,,0.04908213,571.2094,1.0,0.0,0.0,2001.0,-1.45,,34.0,5.8637047,1.3390908,3.8066626,Matched (3),-1.5,,34.0,28.036175,28.036175,,110.141136,4.7017627,0.22220375,0.05281394,308.35315,0.0,0.0,1.0
-1.44,1.44,2.10701,1.00469056e+06,30.0,0.0,0.0,0.0,0.0,0.0,0.0,0.0,0.0,3.0,64.2348,60.99462,,,,,,,,,0.0,0.0,0.0,0.0,-1.44,,,,,,Master only (1),-1.4,,,,,,0.0,,,,0.0,0.0,,0.0
-1.43,1.43,2.10701,1.00469056e+06,30.0,0.0,0.0,0.0,0.0,0.0,0.0,0.0,0.0,3.0,64.32605,61.01331,,,,,,,,,0.0,0.0,0.0,0.0,-1.43,,,,,,Master only (1),-1.4,,,,,,0.0,,,,0.0,0.0,,0.0
-1.42,1.42,2.10701,1.00469056e+06,30.0,0.0,0.0,0.0,0.0,0.0,0.0,0.0,0.0,3.0,64.41734,61.032005,,,,,,,,,0.0,0.0,0.0,0.0,-1.42,,,,,,Master only (1),-1.4,,,,,,0.0,,,,0.0,0.0,,0.0
-1.41,1.41,2.10701,1.00469056e+06,30.0,0.0,0.0,0.0,0.0,0.0,0.0,0.0,0.0,3.0,64.508766,61.05071,,,,,,,,,0.0,0.0,0.0,0.0,-1.41,,,,,,Master only (1),-1.4,,,,,,0.0,,,,0.0,0.0,,0.0
-1.4,1.4,2.10701,1.00469056e+06,30.0,0.0,0.0,0.0,0.0,0.0,0.0,0.0,0.0,3.0,64.60029,61.06942,,,,,,,,,0.0,0.0,0.0,0.0,-1.4,,,,,,Master only (1),-1.4,,,,,,0.0,,,,0.0,0.0,,0.0
-1.39,1.39,2.10701,1.00469056e+06,30.0,0.0,0.0,0.0,0.0,0.0,0.0,0.0,0.0,3.0,64.692024,61.08813,,,,,,,,,0.0,0.0,0.0,0.0,-1.39,,,,,,Master only (1),-1.4,,,,,,0.0,,,,0.0,0.0,,0.0
-1.38,1.38,2.10701,1.00469056e+06,30.0,0.0,0.0,0.0,0.0,0.0,0.0,0.0,0.0,3.0,64.783875,61.10685,,,,,,,,,0.0,0.0,0.0,0.0,-1.38,,,,,,Master only (1),-1.4,,,,,,0.0,,,,0.0,0.0,,0.0
-1.37,1.37,2.10701,1.00469056e+06,30.0,0.0,0.0,0.0,0.0,0.0,0.0,0.0,0.0,3.0,64.87584,61.12557,,,,,,,,,0.0,0.0,0.0,0.0,-1.37,,,,,,Master only (1),-1.4,,,,,,0.0,,,,0.0,0.0,,0.0
-1.36,1.36,2.10701,1.00469056e+06,30.0,0.0,0.0,0.0,0.0,0.0,0.0,0.0,0.0,3.0,64.96786,61.144295,,,,,,,,,0.0,0.0,0.0,0.0,-1.36,,,,,,Master only (1),-1.4,,,,,,0.0,,,,0.0,0.0,,0.0
-1.35,1.35,2.10701,1.00469056e+06,30.0,0.0,0.0,0.0,0.0,0.0,0.0,0.0,0.0,3.0,65.06015,61.163033,,,,,,,,,0.0,0.0,0.0,0.0,-1.35,,,,,,Master only (1),-1.4,,,,,,0.0,,,,0.0,0.0,,0.0
-1.34,1.34,2.10701,1.00469056e+06,30.0,0.0,10.330425,0.0,1.056923,0.0,1.0498654,0.0,96.88524,2.0,65.15248,25.810028,,25.810028,25.810028,,13.946346,,0.0513671,502.46225,1.0,0.0,0.0,2001.0,-1.34,,31.0,,,,Master only (1),-1.3,,31.0,25.816938,25.816938,,96.88524,4.5735273,0.5639529,-0.07500655,232.32123,0.0,0.0,1.0
-1.33,1.33,2.10701,1.00469056e+06,30.0,0.0,10.330597,0.0,1.0568762,0.0,1.0498713,0.0,96.89044,2.0,65.24494,25.81092,,25.81092,25.81092,,13.946611,,0.051366124,502.48917,1.0,0.0,0.0,2001.0,-1.33,,31.0,5.538365,5.059723,4.1484118,Matched (3),-1.3,,31.0,25.816938,25.816938,,96.89044,4.5735807,0.5639529,-0.07500655,232.32123,0.0,0.0,1.0
-1.32,1.32,2.10701,1.00469056e+06,30.0,0.0,10.330756,0.0,1.0568289,0.0,1.0498768,0.0,96.89526,2.0,65.33759,25.81175,,25.81175,25.81175,,13.946858,,0.051365215,502.51422,1.0,0.0,0.0,2001.0,-1.32,,31.0,5.967371,1.4091061,3.912023,Matched (3),-1.3,,31.0,25.816938,25.816938,,96.89526,4.573631,0.5639529,-0.07500655,232.32123,0.0,0.0,1.0
-1.31,1.31,2.10701,1.00469056e+06,30.0,0.0,10.330925,0.0,1.056782,0.0,1.0498827,0.0,96.900375,2.0,65.43028,25.81263,,25.81263,25.81263,,13.94712,,0.05136425,502.54077,1.0,0.0,0.0,2001.0,-1.31,,31.0,,,,Master only (1),-1.3,,31.0,25.816938,25.816938,,96.900375,4.5736833,0.5639529,-0.07500655,232.32123,0.0,0.0,1.0
-1.3,1.3,2.10701,1.00469056e+06,30.0,0.0,10.331087,0.0,1.0567348,0.0,1.0498883,0.0,96.90529,2.0,65.52318,25.813473,,25.813473,25.813473,,13.947371,,0.051363327,502.56622,1.0,0.0,0.0,2001.0,-1.3,,31.0,,,,Master only (1),-1.3,,31.0,25.816938,25.816938,,96.90529,4.5737343,0.5639529,-0.07500655,232.32123,0.0,0.0,1.0
-1.29,1.29,2.10701,1.00469056e+06,30.0,0.0,10.331236,0.0,1.0566871,0.0,1.0498934,0.0,96.90979,2.0,65.6162,25.814247,,25.814247,25.814247,,13.9476,,0.05136248,502.58957,1.0,0.0,0.0,2001.0,-1.29,,31.0,,,,Master only (1),-1.3,,31.0,25.816938,25.816938,,96.90979,4.5737805,0.5639529,-0.07500655,232.32123,0.0,0.0,1.0
-1.28,1.28,2.10701,1.00469056e+06,30.0,0.0,10.331411,0.0,1.0566404,0.0,1.0498995,0.0,96.91511,2.0,65.70934,25.81516,,25.81516,25.81516,,13.947872,,0.05136148,502.61716,1.0,0.0,0.0,2001.0,-1.28,,31.0,,,,Master only (1),-1.3,,31.0,25.816938,25.816938,,96.91511,4.5738354,0.5639529,-0.07500655,232.32123,0.0,0.0,1.0
-1.27,1.27,2.10701,1.00469056e+06,30.0,0.0,10.331588,0.0,1.0565937,0.0,1.0499055,0.0,96.920456,2.0,65.8026,25.81608,,25.81608,25.81608,,13.948145,,0.051360477,502.64487,1.0,0.0,0.0,2001.0,-1.27,,31.0,,,,Master only (1),-1.3,,31.0,25.816938,25.816938,,96.920456,4.5738907,0.5639529,-0.07500655,232.32123,0.0,0.0,1.0
-1.26,1.26,2.10701,1.00469056e+06,30.0,0.0,10.331753,0.0,1.0565466,0.0,1.0499113,0.0,96.92545,2.0,65.89599,25.816938,,25.816938,25.816938,,13.9484,,0.051359538,502.67078,1.0,0.0,0.0,2001.0,-1.26,,31.0,,,,Master only (1),-1.3,,31.0,25.816938,25.816938,,96.92545,4.573942,0.5639529,-0.07500655,232.32123,0.0,0.0,1.0
-1.25,1.25,2.10701,1.00469056e+06,30.0,8.91745,0.0,0.87508744,0.0,2.61609,0.0,64.52266,0.0,1.0,21.68781,61.350693,21.68781,,21.68781,10.082203,,588.07434,,,1.0,1.0,2001.0,2001.0,-1.25,14.0,,,,,Master only (1),-1.2,14.0,18.0,21.719372,16.306572,21.719372,64.52266,4.1670165,0.5426755,-0.47975117,200.83006,151.91962,0.7564585,0.0
-1.24,1.24,2.10701,1.00469056e+06,30.0,8.918117,0.0,0.8750098,0.0,2.6161194,0.0,64.53805,0.0,1.0,21.691261,61.369503,21.691261,,21.691261,10.083004,,588.21466,,,1.0,1.0,2001.0,2001.0,-1.24,14.0,,,,,Master only (1),-1.2,14.0,18.0,21.719372,16.306572,21.719372,64.53805,4.167255,0.5426755,-0.47975117,200.83006,151.91962,0.7564585,0.0
-1.23,1.23,2.10701,1.00469056e+06,30.0,0.0,8.285425,0.0,0.98001194,0.0,0.9740034,0.0,47.521755,2.0,66.17704,16.300392,,16.300392,16.300392,,10.831428,,0.06613933,246.45535,1.0,0.0,0.0,2001.0,-1.23,,18.0,3.7019598,4.3735642,2.0794415,Matched (3),-1.2,14.0,18.0,21.719372,16.306572,21.719372,47.521755,3.8611877,0.5426755,-0.47975117,200.83006,151.91962,0.7564585,0.0
-1.22,1.22,2.10701,1.00469056e+06,30.0,8.919471,0.0,0.8748547,0.0,2.616179,0.0,64.569336,0.0,1.0,21.698269,61.40711,21.698269,,21.698269,10.084633,,588.49976,,,1.0,1.0,2001.0,2001.0,-1.22,14.0,,5.546627,5.0458384,4.1271343,Matched (3),-1.2,14.0,18.0,21.719372,16.306572,21.719372,64.569336,4.1677394,0.5426755,-0.47975117,200.83006,151.91962,0.7564585,0.0
-1.21,1.21,2.10701,1.00469056e+06,30.0,8.920149,0.0,0.8747772,0.0,2.6162088,0.0,64.585,0.0,1.0,21.701778,61.42593,21.701778,,21.701778,10.085449,,588.6426,,,1.0,1.0,2001.0,2001.0,-1.21,14.0,,,,,Master only (1),-1.2,14.0,18.0,21.719372,16.306572,21.719372,64.585,4.167982,0.5426755,-0.47975117,200.83006,151.91962,0.7564585,0.0
-1.2,1.2,2.10701,1.00469056e+06,30.0,0.0,8.28618,0.0,0.9798953,0.0,0.97403353,0.0,47.53573,2.0,66.45919,16.303484,,16.303484,16.303484,,10.832558,,0.066132426,246.52783,1.0,0.0,0.0,2001.0,-1.2,,18.0,5.546627,5.0458384,4.1271343,Matched (3),-1.2,14.0,18.0,21.719372,16.306572,21.719372,47.53573,3.8614817,0.5426755,-0.47975117,200.83006,151.91962,0.7564585,0.0
-1.19,1.19,2.10701,1.00469056e+06,30.0,8.921503,0.0,0.87462217,0.0,2.6162684,0.0,64.616295,0.0,1.0,21.70879,61.46359,21.70879,,21.70879,10.087078,,588.92786,,,1.0,1.0,2001.0,2001.0,-1.19,14.0,,,,,Master only (1),-1.2,14.0,18.0,21.719372,16.306572,21.719372,64.616295,4.1684666,0.5426755,-0.47975117,200.83006,151.91962,0.7564585,0.0
-1.18,1.18,2.10701,1.00469056e+06,30.0,8.922187,0.0,0.87454474,0.0,2.6162984,0.0,64.6321,0.0,1.0,21.71233,61.482426,21.71233,,21.71233,10.0879,,589.0719,,,1.0,1.0,2001.0,2001.0,-1.18,14.0,,,,,Master only (1),-1.2,14.0,18.0,21.719372,16.306572,21.719372,64.6321,4.168711,0.5426755,-0.47975117,200.83006,151.91962,0.7564585,0.0
-1.17,1.17,2.10701,1.00469056e+06,30.0,0.0,8.286933,0.0,0.9797786,0.0,0.97406363,0.0,47.549686,2.0,66.74262,16.306572,,16.306572,16.306572,,10.833687,,0.066125534,246.60023,1.0,0.0,0.0,2001.0,-1.17,,18.0,5.426754,5.0003767,3.9796817,Matched (3),-1.2,14.0,18.0,21.719372,16.306572,21.719372,47.549686,3.8617752,0.5426755,-0.47975117,200.83006,151.91962,0.7564585,0.0
-1.16,1.16,2.10701,1.00469056e+06,30.0,8.923547,0.0,0.8743899,0.0,2.6163583,0.0,64.66355,0.0,1.0,21.719372,61.520107,21.719372,,21.719372,10.089536,,589.35846,,,1.0,1.0,2001.0,2001.0,-1.16,14.0,,,,,Master only (1),-1.2,14.0,18.0,21.719372,16.306572,21.719372,64.66355,4.1691976,0.5426755,-0.47975117,200.83006,151.91962,0.7564585,0.0
-1.15,1.15,2.10701,1.00469056e+06,30.0,8.924235,0.0,0.8743125,0.0,2.6163886,0.0,64.679474,0.0,1.0,21.722937,61.538956,21.722937,,21.722937,10.090364,,589.5036,,,1.0,1.0,2001.0,2001.0,-1.15,14.0,,,,,Master only (1),-1.1,14.0,,21.755169,,21.755169,64.679474,4.169444,1.1384945,-0.47728068,217.3901,217.3901,1.0,0.0
-1.14,1.14,2.10701,1.00469056e+06,30.0,8.924924,0.0,0.8742352,0.0,2.6164188,0.0,64.695404,0.0,1.0,21.726503,61.55781,21.726503,,21.726503,10.091192,,589.6488,,,1.0,1.0,2001.0,2001.0,-1.14,14.0,,,,,Master only (1),-1.1,14.0,,21.755169,,21.755169,64.695404,4.16969,1.1384945,-0.47728068,217.3901,217.3901,1.0,0.0
-1.13,1.13,2.10701,1.00469056e+06,30.0,8.925608,0.0,0.87415785,0.0,2.6164489,0.0,64.71123,0.0,1.0,21.730045,61.576675,21.730045,,21.730045,10.092015,,589.793,,,1.0,1.0,2001.0,2001.0,-1.13,14.0,,,,,Master only (1),-1.1,14.0,,21.755169,,21.755169,64.71123,4.1699347,1.1384945,-0.47728068,217.3901,217.3901,1.0,0.0
-1.12,1.12,2.10701,1.00469056e+06,30.0,8.926296,0.0,0.8740806,0.0,2.6164792,0.0,64.72716,0.0,1.0,21.733612,61.59554,21.733612,,21.733612,10.092843,,589.93823,,,1.0,1.0,2001.0,2001.0,-1.12,14.0,,,,,Master only (1),-1.1,14.0,,21.755169,,21.755169,64.72716,4.170181,1.1384945,-0.47728068,217.3901,217.3901,1.0,0.0
-1.11,1.11,2.10701,1.00469056e+06,30.0,8.926985,0.0,0.8740033,0.0,2.6165094,0.0,64.743095,0.0,1.0,21.737179,61.614403,21.737179,,21.737179,10.093671,,590.08344,,,1.0,1.0,2001.0,2001.0,-1.11,14.0,,,,,Master only (1),-1.1,14.0,,21.755169,,21.755169,64.743095,4.170427,1.1384945,-0.47728068,217.3901,217.3901,1.0,0.0
-1.1,1.1,2.10701,1.00469056e+06,30.0,8.927679,0.0,0.87392604,0.0,2.61654,0.0,64.75916,0.0,1.0,21.740776,61.63331,21.740776,,21.740776,10.094506,,590.2299,,,1.0,1.0,2001.0,2001.0,-1.1,14.0,,,,,Master only (1),-1.1,14.0,,21.755169,,21.755169,64.75916,4.1706753,1.1384945,-0.47728068,217.3901,217.3901,1.0,0.0
-1.09,1.09,2.10701,1.00469056e+06,30.0,8.928368,0.0,0.8738488,0.0,2.6165702,0.0,64.77511,0.0,1.0,21.744345,61.65218,21.744345,,21.744345,10.095335,,590.37524,,,1.0,1.0,2001.0,2001.0,-1.09,14.0,,6.055637,5.318682,4.7229533,Matched (3),-1.1,14.0,,21.755169,,21.755169,64.77511,4.1709213,1.1384945,-0.47728068,217.3901,217.3901,1.0,0.0
-1.08,1.08,2.10701,1.00469056e+06,30.0,8.929068,0.0,0.87377167,0.0,2.616601,0.0,64.79131,0.0,1.0,21.747972,61.671066,21.747972,,21.747972,10.096177,,590.523,,,1.0,1.0,2001.0,2001.0,-1.08,14.0,,,,,Master only (1),-1.1,14.0,,21.755169,,21.755169,64.79131,4.1711717,1.1384945,-0.47728068,217.3901,217.3901,1.0,0.0
-1.07,1.07,2.10701,1.00469056e+06,30.0,8.929762,0.0,0.8736945,0.0,2.6166315,0.0,64.807396,0.0,1.0,21.75157,61.68998,21.75157,,21.75157,10.097012,,590.6695,,,1.0,1.0,2001.0,2001.0,-1.07,14.0,,,,,Master only (1),-1.1,14.0,,21.755169,,21.755169,64.807396,4.1714196,1.1384945,-0.47728068,217.3901,217.3901,1.0,0.0
-1.06,1.06,2.10701,1.00469056e+06,30.0,8.930456,0.0,0.87361735,0.0,2.616662,0.0,64.82348,0.0,1.0,21.755169,61.708878,21.755169,,21.755169,10.097847,,590.8161,,,1.0,1.0,2001.0,2001.0,-1.06,14.0,,,,,Master only (1),-1.1,14.0,,21.755169,,21.755169,64.82348,4.171668,1.1384945,-0.47728068,217.3901,217.3901,1.0,0.0
-1.05,1.05,2.10701,1.00469056e+06,30.0,14.037803,0.0,0.9348494,0.0,2.8003445,0.0,274.55048,0.0,1.0,56.949383,61.72777,56.949383,,56.949383,16.337744,,2502.3162,,,1.0,1.0,2001.0,2001.0,-1.05,39.0,,6.686082,5.571452,5.616771,Matched (3),-1.0,39.0,19.0,56.9663,17.044786,56.9663,274.55048,5.615135,2.0323124,0.9666318,489.74985,455.66437,0.9304023,0.0
-1.04,1.04,2.10701,1.00469056e+06,30.0,14.038017,0.0,0.934758,0.0,2.800351,0.0,274.56387,0.0,1.0,56.951233,61.7467,56.951233,,56.951233,16.338009,,2502.4382,,,1.0,1.0,2001.0,2001.0,-1.04,39.0,,,,,Master only (1),-1.0,39.0,19.0,56.9663,17.044786,56.9663,274.56387,5.615184,2.0323124,0.9666318,489.74985,455.66437,0.9304023,0.0
-1.03,1.03,2.10701,1.00469056e+06,30.0,0.0,8.463961,0.0,0.98615474,0.0,0.9810891,0.0,50.908558,2.0,68.08126,17.040695,,17.040695,17.040695,,11.099279,,0.06454323,264.01987,1.0,0.0,0.0,2001.0,-1.03,,19.0,5.8648667,5.2391653,4.5339427,Matched (3),-1.0,39.0,19.0,56.9663,17.044786,56.9663,50.908558,3.930031,2.0323124,0.9666318,489.74985,455.66437,0.9304023,0.0
-1.02,1.02,2.10701,1.00469056e+06,30.0,14.038448,0.0,0.9345754,0.0,2.8003638,0.0,274.5908,0.0,1.0,56.954956,61.784542,56.954956,,56.954956,16.338543,,2502.6836,,,1.0,1.0,2001.0,2001.0,-1.02,39.0,,,,,Master only (1),-1.0,39.0,19.0,56.9663,17.044786,56.9663,274.5908,5.615282,2.0323124,0.9666318,489.74985,455.66437,0.9304023,0.0
-1.01,1.01,2.10701,1.00469056e+06,30.0,14.038671,0.0,0.9344842,0.0,2.8003705,0.0,274.60464,0.0,1.0,56.956875,61.803482,56.956875,,56.956875,16.338818,,2502.8098,,,1.0,1.0,2001.0,2001.0,-1.01,39.0,,,,,Master only (1),-1.0,39.0,19.0,56.9663,17.044786,56.9663,274.60464,5.6153326,2.0323124,0.9666318,489.74985,455.66437,0.9304023,0.0
-1.0,1.0,2.10701,1.00469056e+06,30.0,14.038886,0.0,0.93439287,0.0,2.800377,0.0,274.6181,0.0,1.0,56.958733,61.822407,56.958733,,56.958733,16.339085,,2502.9324,,,1.0,1.0,2001.0,2001.0,-1.0,39.0,,,,,Master only (1),-1.0,39.0,19.0,56.9663,17.044786,56.9663,274.6181,5.6153812,2.0323124,0.9666318,489.74985,455.66437,0.9304023,0.0
-0.99,0.99,2.10701,1.00469056e+06,30.0,0.0,8.464936,0.0,0.9859962,0.0,0.98112756,0.0,50.92751,2.0,68.468636,17.044786,,17.044786,17.044786,,11.100746,,0.0645347,264.11816,1.0,0.0,0.0,2001.0,-0.99,,19.0,6.262459,5.4411182,4.97097,Matched (3),-1.0,39.0,19.0,56.9663,17.044786,56.9663,50.92751,3.9304032,2.0323124,0.9666318,489.74985,455.66437,0.9304023,0.0
-0.98,0.98,2.10701,1.00469056e+06,30.0,14.039325,0.0,0.93421036,0.0,2.80039,0.0,274.64548,0.0,1.0,56.96252,61.86031,56.96252,,56.96252,16.339628,,2503.1821,,,1.0,1.0,2001.0,2001.0,-0.98,39.0,,,,,Master only (1),-1.0,39.0,19.0,56.9663,17.044786,56.9663,274.64548,5.615481,2.0323124,0.9666318,489.74985,455.66437,0.9304023,0.0
-0.97,0.97,2.10701,1.00469056e+06,30.0,14.039539,0.0,0.9341191,0.0,2.8003964,0.0,274.65887,0.0,1.0,56.964375,61.87927,56.964375,,56.964375,16.339893,,2503.3042,,,1.0,1.0,2001.0,2001.0,-0.97,39.0,,,,,Master only (1),-1.0,39.0,19.0,56.9663,17.044786,56.9663,274.65887,5.61553,2.0323124,0.9666318,489.74985,455.66437,0.9304023,0.0
-0.96,0.96,2.10701,1.00469056e+06,30.0,14.0397625,0.0,0.9340279,0.0,2.800403,0.0,274.67282,0.0,1.0,56.9663,61.898216,56.9663,,56.9663,16.34017,,2503.4314,,,1.0,1.0,2001.0,2001.0,-0.96,39.0,,6.2248607,5.1667724,5.0189342,Matched (3),-1.0,39.0,19.0,56.9663,17.044786,56.9663,274.67282,5.6155806,2.0323124,0.9666318,489.74985,455.66437,0.9304023,0.0
-0.95,0.95,2.10701,1.00469056e+06,30.0,11.06143,0.0,0.9011232,0.0,2.7020183,0.0,128.33401,0.0,1.0,34.30063,61.91718,34.30063,,34.30063,12.679397,,1169.6658,,,1.0,1.0,2001.0,2001.0,-0.95,23.0,,,,,Master only (1),-0.9,23.0,46.0,37.112274,37.112274,34.32674,128.33401,4.854636,2.6301494,0.4875149,385.8427,274.51505,0.71146876,0.0
-0.94,0.94,2.10701,1.00469056e+06,30.0,0.0,12.296814,0.0,1.1191907,0.0,1.1139429,0.0,170.06812,2.0,68.95593,37.10594,,37.10594,37.10594,,17.028276,,0.04207022,882.0002,1.0,0.0,0.0,2001.0,-0.94,,46.0,7.715632,5.609535,6.214608,Matched (3),-0.9,23.0,46.0,37.112274,37.112274,34.32674,170.06812,5.136199,2.6301494,0.4875149,385.8427,274.51505,0.71146876,0.0
-0.93,0.93,2.10701,1.00469056e+06,30.0,11.062302,0.0,0.90095365,0.0,2.7020502,0.0,128.3663,0.0,1.0,34.30638,61.95514,34.30638,,34.30638,12.68046,,1169.96,,,1.0,1.0,2001.0,2001.0,-0.93,23.0,,,,,Master only (1),-0.9,23.0,46.0,37.112274,37.112274,34.32674,128.3663,4.854888,2.6301494,0.4875149,385.8427,274.51505,0.71146876,0.0
-0.92,0.92,2.10701,1.00469056e+06,30.0,11.062744,0.0,0.90086895,0.0,2.7020664,0.0,128.38269,0.0,1.0,34.3093,61.97412,34.3093,,34.3093,12.681,,1170.1094,,,1.0,1.0,2001.0,2001.0,-0.92,23.0,,,,,Master only (1),-0.9,23.0,46.0,37.112274,37.112274,34.32674,128.38269,4.8550158,2.6301494,0.4875149,385.8427,274.51505,0.71146876,0.0
-0.91,0.91,2.10701,1.00469056e+06,30.0,11.063181,0.0,0.9007842,0.0,2.7020824,0.0,128.39886,0.0,1.0,34.312183,61.993114,34.312183,,34.312183,12.681532,,1170.2568,,,1.0,1.0,2001.0,2001.0,-0.91,23.0,,,,,Master only (1),-0.9,23.0,46.0,37.112274,37.112274,34.32674,128.39886,4.8551416,2.6301494,0.4875149,385.8427,274.51505,0.71146876,0.0
-0.9,0.9,2.10701,1.00469056e+06,30.0,11.063623,0.0,0.9006995,0.0,2.7020986,0.0,128.41525,0.0,1.0,34.3151,62.012104,34.3151,,34.3151,12.682072,,1170.4061,,,1.0,1.0,2001.0,2001.0,-0.9,23.0,,6.7655244,5.609535,5.713261,Matched (3),-0.9,23.0,46.0,37.112274,37.112274,34.32674,128.41525,4.855269,2.6301494,0.4875149,385.8427,274.51505,0.71146876,0.0
-0.89,0.89,2.10701,1.00469056e+06,30.0,0.0,12.297368,0.0,1.1189281,0.0,1.1139599,0.0,170.09285,2.0,69.44674,37.10943,,37.10943,37.10943,,17.029156,,0.04206805,882.1286,1.0,0.0,0.0,2001.0,-0.89,,46.0,5.463654,5.144963,3.912023,Matched (3),-0.9,23.0,46.0,37.112274,37.112274,34.32674,170.09285,5.1363444,2.6301494,0.4875149,385.8427,274.51505,0.71146876,0.0
-0.88,0.88,2.10701,1.00469056e+06,30.0,11.064502,0.0,0.90053016,0.0,2.7021308,0.0,128.4478,0.0,1.0,34.3209,62.05011,34.3209,,34.3209,12.683143,,1170.7028,,,1.0,1.0,2001.0,2001.0,-0.88,23.0,,,,,Master only (1),-0.9,23.0,46.0,37.112274,37.112274,34.32674,128.4478,4.8555226,2.6301494,0.4875149,385.8427,274.51505,0.71146876,0.0
-0.87,0.87,2.10701,1.00469056e+06,30.0,11.064944,0.0,0.90044546,0.0,2.702147,0.0,128.46419,0.0,1.0,34.32382,62.06914,34.32382,,34.32382,12.683682,,1170.8522,,,1.0,1.0,2001.0,2001.0,-0.87,23.0,,7.121601,5.798968,6.1092477,Matched (3),-0.9,23.0,46.0,37.112274,37.112274,34.32674,128.46419,4.85565,2.6301494,0.4875149,385.8427,274.51505,0.71146876,0.0
-0.86,0.86,2.10701,1.00469056e+06,30.0,11.065387,0.0,0.9003608,0.0,2.7021632,0.0,128.48059,0.0,1.0,34.32674,62.088158,34.32674,,34.32674,12.684222,,1171.0016,,,1.0,1.0,2001.0,2001.0,-0.86,23.0,,,,,Master only (1),-0.9,23.0,46.0,37.112274,37.112274,34.32674,128.48059,4.8557777,2.6301494,0.4875149,385.8427,274.51505,0.71146876,0.0
-0.85,0.85,2.10701,1.00469056e+06,30.0,0.0,12.297821,0.0,1.1187183,0.0,1.1139739,0.0,170.11308,2.0,69.84187,37.112274,,37.112274,37.112274,,17.029875,,0.042066272,882.23346,1.0,0.0,0.0,2001.0,-0.85,,46.0,6.728171,5.4356046,5.669881,Matched (3),-0.9,23.0,46.0,37.112274,37.112274,34.32674,170.11308,5.1364636,2.6301494,0.4875149,385.8427,274.51505,0.71146876,0.0
-0.84,0.84,2.10701,1.00469056e+06,30.0,17.789825,0.0,0.9666305,0.0,2.901632,0.0,584.70776,0.0,1.0,94.26854,62.126194,94.26854,,94.26854,21.019915,,5329.1606,,,1.0,1.0,2001.0,2001.0,-0.84,65.0,,,,,Master only (1),-0.8,65.0,,94.276566,,94.276566,584.70776,6.3711123,2.8925138,1.7222909,848.4527,848.4527,1.0,0.0
-0.83,0.83,2.10701,1.00469056e+06,30.0,17.789913,0.0,0.9665346,0.0,2.9016342,0.0,584.717,0.0,1.0,94.26953,62.14525,94.26953,,94.26953,21.020025,,5329.2446,,,1.0,1.0,2001.0,2001.0,-0.83,65.0,,7.7925835,5.5892744,6.263398,Matched (3),-0.8,65.0,,94.276566,,94.276566,584.717,6.371128,2.8925138,1.7222909,848.4527,848.4527,1.0,0.0
-0.82,0.82,2.10701,1.00469056e+06,30.0,17.79,0.0,0.96643865,0.0,2.9016364,0.0,584.72614,0.0,1.0,94.27052,62.16428,94.27052,,94.27052,21.020136,,5329.329,,,1.0,1.0,2001.0,2001.0,-0.82,65.0,,7.10632,5.79428,6.1092477,Matched (3),-0.8,65.0,,94.276566,,94.276566,584.72614,6.371144,2.8925138,1.7222909,848.4527,848.4527,1.0,0.0
-0.81,0.81,2.10701,1.00469056e+06,30.0,17.790089,0.0,0.96634275,0.0,2.9016385,0.0,584.73535,0.0,1.0,94.27151,62.183346,94.27151,,94.27151,21.020247,,5329.4126,,,1.0,1.0,2001.0,2001.0,-0.81,65.0,,,,,Master only (1),-0.8,65.0,,94.276566,,94.276566,584.73535,6.3711596,2.8925138,1.7222909,848.4527,848.4527,1.0,0.0
-0.8,0.8,2.10701,1.00469056e+06,30.0,17.790176,0.0,0.96624684,0.0,2.9016407,0.0,584.74457,0.0,1.0,94.2725,62.20238,94.2725,,94.2725,21.020355,,5329.496,,,1.0,1.0,2001.0,2001.0,-0.8,65.0,,6.728171,5.4356046,5.669881,Matched (3),-0.8,65.0,,94.276566,,94.276566,584.74457,6.3711753,2.8925138,1.7222909,848.4527,848.4527,1.0,0.0
-0.79,0.79,2.10701,1.00469056e+06,30.0,17.790264,0.0,0.96615094,0.0,2.9016428,0.0,584.7538,0.0,1.0,94.27349,62.221455,94.27349,,94.27349,21.020466,,5329.5806,,,1.0,1.0,2001.0,2001.0,-0.79,65.0,,,,,Master only (1),-0.8,65.0,,94.276566,,94.276566,584.7538,6.371191,2.8925138,1.7222909,848.4527,848.4527,1.0,0.0
-0.78,0.78,2.10701,1.00469056e+06,30.0,17.790352,0.0,0.96605504,0.0,2.901645,0.0,584.763,0.0,1.0,94.274475,62.240505,94.274475,,94.274475,21.020576,,5329.664,,,1.0,1.0,2001.0,2001.0,-0.78,65.0,,7.4169393,5.933478,6.4769726,Matched (3),-0.8,65.0,,94.276566,,94.276566,584.763,6.3712068,2.8925138,1.7222909,848.4527,848.4527,1.0,0.0
-0.77,0.77,2.10701,1.00469056e+06,30.0,17.79045,0.0,0.9659592,0.0,2.9016473,0.0,584.7732,0.0,1.0,94.27557,62.259594,94.27557,,94.27557,21.020699,,5329.7573,,,1.0,1.0,2001.0,2001.0,-0.77,65.0,,6.049157,5.341348,4.6459923,Matched (3),-0.8,65.0,,94.276566,,94.276566,584.7732,6.371224,2.8925138,1.7222909,848.4527,848.4527,1.0,0.0
-0.76,0.76,2.10701,1.00469056e+06,30.0,17.790537,0.0,0.96586335,0.0,2.9016495,0.0,584.7824,0.0,1.0,94.276566,62.278675,94.276566,,94.276566,21.02081,,5329.8413,,,1.0,1.0,2001.0,2001.0,-0.76,65.0,,7.7925835,5.798968,6.263398,Matched (3),-0.8,65.0,,94.276566,,94.276566,584.7824,6.3712397,2.8925138,1.7222909,848.4527,848.4527,1.0,0.0
-0.75,0.75,2.10701,1.00469056e+06,30.0,13.71019,0.0,0.9287534,0.0,2.7904427,0.0,254.61932,0.0,1.0,54.15873,62.297745,54.15873,,54.15873,15.932422,,2320.6592,,,1.0,1.0,2001.0,2001.0,-0.75,37.0,,,,,Master only (1),-0.7,37.0,18.0,54.178032,16.356674,54.178032,254.61932,5.5397696,2.7785692,0.89135545,503.86877,487.5121,0.9675378,0.0
-0.74,0.74,2.10701,1.00469056e+06,30.0,13.710448,0.0,0.92866313,0.0,2.7904506,0.0,254.63463,0.0,1.0,54.1609,62.31684,54.1609,,54.1609,15.932741,,2320.7986,,,1.0,1.0,2001.0,2001.0,-0.74,37.0,,6.55792,5.613103,5.521461,Matched (3),-0.7,37.0,18.0,54.178032,16.356674,54.178032,254.63463,5.5398297,2.7785692,0.89135545,503.86877,487.5121,0.9675378,0.0
-0.73,0.73,2.10701,1.00469056e+06,30.0,13.710698,0.0,0.92857283,0.0,2.7904582,0.0,254.64944,0.0,1.0,54.163,62.33594,54.163,,54.163,15.93305,,2320.9336,,,1.0,1.0,2001.0,2001.0,-0.73,37.0,,6.55792,5.613103,5.521461,Matched (3),-0.7,37.0,18.0,54.178032,16.356674,54.178032,254.64944,5.539888,2.7785692,0.89135545,503.86877,487.5121,0.9675378,0.0
-0.72,0.72,2.10701,1.00469056e+06,30.0,13.710956,0.0,0.92848253,0.0,2.790466,0.0,254.6647,0.0,1.0,54.165165,62.355045,54.165165,,54.165165,15.933369,,2321.0728,,,1.0,1.0,2001.0,2001.0,-0.72,37.0,,,,,Master only (1),-0.7,37.0,18.0,54.178032,16.356674,54.178032,254.6647,5.539948,2.7785692,0.89135545,503.86877,487.5121,0.9675378,0.0
-0.71,0.71,2.10701,1.00469056e+06,30.0,13.7112055,0.0,0.92839223,0.0,2.7904737,0.0,254.67952,0.0,1.0,54.167263,62.374134,54.167263,,54.167263,15.933677,,2321.2075,,,1.0,1.0,2001.0,2001.0,-0.71,37.0,,,,,Master only (1),-0.7,37.0,18.0,54.178032,16.356674,54.178032,254.67952,5.540006,2.7785692,0.89135545,503.86877,487.5121,0.9675378,0.0
-0.7,0.7,2.10701,1.00469056e+06,30.0,13.711463,0.0,0.92830205,0.0,2.7904816,0.0,254.69478,0.0,1.0,54.16943,62.39324,54.16943,,54.16943,15.933995,,2321.347,,,1.0,1.0,2001.0,2001.0,-0.7,37.0,,6.4538856,5.573552,5.2983174,Matched (3),-0.7,37.0,18.0,54.178032,16.356674,54.178032,254.69478,5.540066,2.7785692,0.89135545,503.86877,487.5121,0.9675378,0.0
-0.69,0.69,2.10701,1.00469056e+06,30.0,0.0,8.299145,0.0,0.97791946,0.0,0.97455144,0.0,47.77633,2.0,71.44502,16.356674,,16.356674,16.356674,,10.851981,,0.06601406,247.77562,1.0,0.0,0.0,2001.0,-0.69,,18.0,5.8354588,5.258944,4.339467,Matched (3),-0.7,37.0,18.0,54.178032,16.356674,54.178032,47.77633,3.8665304,2.7785692,0.89135545,503.86877,487.5121,0.9675378,0.0
-0.68,0.68,2.10701,1.00469056e+06,30.0,13.711971,0.0,0.92812157,0.0,2.790497,0.0,254.72491,0.0,1.0,54.173702,62.431484,54.173702,,54.173702,15.934624,,2321.6216,,,1.0,1.0,2001.0,2001.0,-0.68,37.0,,6.9946084,5.732129,5.857933,Matched (3),-0.7,37.0,18.0,54.178032,16.356674,54.178032,254.72491,5.540184,2.7785692,0.89135545,503.86877,487.5121,0.9675378,0.0
-0.67,0.67,2.10701,1.00469056e+06,30.0,13.712229,0.0,0.9280314,0.0,2.790505,0.0,254.74019,0.0,1.0,54.175865,62.45062,54.175865,,54.175865,15.934942,,2321.7607,,,1.0,1.0,2001.0,2001.0,-0.67,37.0,,7.288382,5.885372,6.294651,Matched (3),-0.7,37.0,18.0,54.178032,16.356674,54.178032,254.74019,5.540244,2.7785692,0.89135545,503.86877,487.5121,0.9675378,0.0
-0.66,0.66,2.10701,1.00469056e+06,30.0,13.712486,0.0,0.9279412,0.0,2.7905128,0.0,254.75545,0.0,1.0,54.178032,62.46975,54.178032,,54.178032,15.935261,,2321.9,,,1.0,1.0,2001.0,2001.0,-0.66,37.0,,7.304563,5.918376,6.363028,Matched (3),-0.7,37.0,18.0,54.178032,16.356674,54.178032,254.75545,5.540304,2.7785692,0.89135545,503.86877,487.5121,0.9675378,0.0
-0.65,0.65,2.10701,1.00469056e+06,30.0,22.5688,0.0,0.9998523,0.0,3.0070653,0.0,1249.5024,0.0,1.0,156.39839,62.48892,156.39839,,156.39839,27.074703,,11388.252,,,1.0,1.0,2001.0,2001.0,-0.65,108.0,,6.538384,5.6200366,5.452468,Matched (3),-0.6,108.0,21.0,156.39839,18.532509,156.39839,1249.5024,7.130501,3.0356145,2.4815521,1582.5105,1563.978,0.9882892,0.0
-0.64,0.64,2.10701,1.00469056e+06,30.0,22.568789,0.0,0.9997523,0.0,3.007065,0.0,1249.5004,0.0,1.0,156.39822,62.50806,156.39822,,156.39822,27.074688,,11388.233,,,1.0,1.0,2001.0,2001.0,-0.64,108.0,,,,,Master only (1),-0.6,108.0,21.0,156.39839,18.532509,156.39839,1249.5004,7.130499,3.0356145,2.4815521,1582.5105,1563.978,0.9882892,0.0
-0.63,0.63,2.10701,1.00469056e+06,30.0,22.568789,0.0,0.99965227,0.0,3.007065,0.0,1249.5004,0.0,1.0,156.39822,62.527206,156.39822,,156.39822,27.074688,,11388.233,,,1.0,1.0,2001.0,2001.0,-0.63,108.0,,7.125132,5.8560777,6.1708055,Matched (3),-0.6,108.0,21.0,156.39839,18.532509,156.39839,1249.5004,7.130499,3.0356145,2.4815521,1582.5105,1563.978,0.9882892,0.0
-0.62,0.62,2.10701,1.00469056e+06,30.0,22.568764,0.0,0.9995522,0.0,3.0070646,0.0,1249.496,0.0,1.0,156.39786,62.54636,156.39786,,156.39786,27.074657,,11388.194,,,1.0,1.0,2001.0,2001.0,-0.62,108.0,,,,,Master only (1),-0.6,108.0,21.0,156.39839,18.532509,156.39839,1249.496,7.1304955,3.0356145,2.4815521,1582.5105,1563.978,0.9882892,0.0
-0.61,0.61,2.10701,1.00469056e+06,30.0,22.568777,0.0,0.9994523,0.0,3.0070648,0.0,1249.4983,0.0,1.0,156.39806,62.56552,156.39806,,156.39806,27.074675,,11388.216,,,1.0,1.0,2001.0,2001.0,-0.61,108.0,,7.2608814,5.8718405,6.3397713,Matched (3),-0.6,108.0,21.0,156.39839,18.532509,156.39839,1249.4983,7.1304975,3.0356145,2.4815521,1582.5105,1563.978,0.9882892,0.0
-0.6,0.6,2.10701,1.00469056e+06,30.0,22.568752,0.0,0.9993522,0.0,3.0070643,0.0,1249.494,0.0,1.0,156.39769,62.58471,156.39769,,156.39769,27.074642,,11388.176,,,1.0,1.0,2001.0,2001.0,-0.6,108.0,,8.031983,2.6210797,6.4897113,Matched (3),-0.6,108.0,21.0,156.39839,18.532509,156.39839,1249.494,7.130494,3.0356145,2.4815521,1582.5105,1563.978,0.9882892,0.0
-0.59,0.59,2.10701,1.00469056e+06,30.0,22.568752,0.0,0.99925226,0.0,3.0070643,0.0,1249.494,0.0,1.0,156.39769,62.603878,156.39769,,156.39769,27.074642,,11388.176,,,1.0,1.0,2001.0,2001.0,-0.59,108.0,,6.657782,5.6228094,5.521461,Matched (3),-0.6,108.0,21.0,156.39839,18.532509,156.39839,1249.494,7.130494,3.0356145,2.4815521,1582.5105,1563.978,0.9882892,0.0
-0.58,0.58,2.10701,1.00469056e+06,30.0,0.0,8.811872,0.0,0.9975072,0.0,0.99461865,0.0,57.98071,2.0,72.56855,18.532509,,18.532509,18.532509,,11.623599,,0.061631802,300.69717,1.0,0.0,0.0,2001.0,-0.58,,21.0,5.759655,5.29079,4.248495,Matched (3),-0.6,108.0,21.0,156.39839,18.532509,156.39839,57.98071,4.0601106,3.0356145,2.4815521,1582.5105,1563.978,0.9882892,0.0
-0.57,0.57,2.10701,1.00469056e+06,30.0,22.56873,0.0,0.9990523,0.0,3.0070639,0.0,1249.4899,0.0,1.0,156.39735,62.64225,156.39735,,156.39735,27.074614,,11388.139,,,1.0,1.0,2001.0,2001.0,-0.57,108.0,,7.995764,6.0387506,6.6200733,Matched (3),-0.6,108.0,21.0,156.39839,18.532509,156.39839,1249.4899,7.130491,3.0356145,2.4815521,1582.5105,1563.978,0.9882892,0.0
-0.56,0.56,2.10701,1.00469056e+06,30.0,22.56873,0.0,0.9989524,0.0,3.0070639,0.0,1249.4899,0.0,1.0,156.39735,62.66146,156.39735,,156.39735,27.074614,,11388.139,,,1.0,1.0,2001.0,2001.0,-0.56,108.0,,,,,Master only (1),-0.6,108.0,21.0,156.39839,18.532509,156.39839,1249.4899,7.130491,3.0356145,2.4815521,1582.5105,1563.978,0.9882892,0.0
-0.55,0.55,2.10701,1.00469056e+06,30.0,22.568716,0.0,0.99885243,0.0,3.0070636,0.0,1249.4875,0.0,1.0,156.39716,62.68065,156.39716,,156.39716,27.074596,,11388.117,,,1.0,1.0,2001.0,2001.0,-0.55,108.0,,,,,Master only (1),-0.6,108.0,21.0,156.39839,18.532509,156.39839,1249.4875,7.130489,3.0356145,2.4815521,1582.5105,1563.978,0.9882892,0.0
-0.54,0.54,2.10701,1.00469056e+06,30.0,18.418453,0.0,0.9687681,0.0,2.916786,0.0,653.2377,0.0,1.0,101.49742,62.699863,101.49742,,101.49742,21.810974,,5953.758,,,1.0,1.0,2001.0,2001.0,-0.54,70.0,,6.683779,5.7013073,5.616771,Matched (3),-0.5,70.0,,101.505295,,101.505295,653.2377,6.481941,3.0356145,1.8331088,913.5126,913.5126,1.0,0.0
-0.53,0.53,2.10701,1.00469056e+06,30.0,18.418543,0.0,0.968672,0.0,2.916788,0.0,653.2478,0.0,1.0,101.498474,62.71906,101.498474,,101.498474,21.811087,,5953.85,,,1.0,1.0,2001.0,2001.0,-0.53,70.0,,6.657782,5.6228094,5.521461,Matched (3),-0.5,70.0,,101.505295,,101.505295,653.2478,6.4819565,3.0356145,1.8331088,913.5126,913.5126,1.0,0.0
-0.52,0.52,2.10701,1.00469056e+06,30.0,18.418623,0.0,0.9685757,0.0,2.91679,0.0,653.25684,0.0,1.0,101.49941,62.738285,101.49941,,101.49941,21.811188,,5953.933,,,1.0,1.0,2001.0,2001.0,-0.52,70.0,,,,,Master only (1),-0.5,70.0,,101.505295,,101.505295,653.25684,6.4819703,3.0356145,1.8331088,913.5126,913.5126,1.0,0.0
-0.51,0.51,2.10701,1.00469056e+06,30.0,18.418715,0.0,0.9684796,0.0,2.9167922,0.0,653.2672,0.0,1.0,101.50049,62.75752,101.50049,,101.50049,21.811304,,5954.028,,,1.0,1.0,2001.0,2001.0,-0.51,70.0,,,,,Master only (1),-0.5,70.0,,101.505295,,101.505295,653.2672,6.481986,3.0356145,1.8331088,913.5126,913.5126,1.0,0.0
-0.5,0.5,2.10701,1.00469056e+06,30.0,18.418795,0.0,0.9683834,0.0,2.916794,0.0,653.2763,0.0,1.0,101.50143,62.77673,101.50143,,101.50143,21.811405,,5954.1104,,,1.0,1.0,2001.0,2001.0,-0.5,70.0,,6.386594,5.509071,5.0271645,Matched (3),-0.5,70.0,,101.505295,,101.505295,653.2763,6.4820004,3.0356145,1.8331088,913.5126,913.5126,1.0,0.0
-0.49,0.49,2.10701,1.00469056e+06,30.0,18.418875,0.0,0.96828717,0.0,2.916796,0.0,653.28534,0.0,1.0,101.502365,62.79597,101.502365,,101.502365,21.811506,,5954.193,,,1.0,1.0,2001.0,2001.0,-0.49,70.0,,7.995764,5.906017,6.437752,Matched (3),-0.5,70.0,,101.505295,,101.505295,653.28534,6.482014,3.0356145,1.8331088,913.5126,913.5126,1.0,0.0
-0.48,0.48,2.10701,1.00469056e+06,30.0,18.418955,0.0,0.968191,0.0,2.9167979,0.0,653.29443,0.0,1.0,101.5033,62.815216,101.5033,,101.5033,21.811607,,5954.276,,,1.0,1.0,2001.0,2001.0,-0.48,70.0,,7.524657,6.0387506,6.6200733,Matched (3),-0.5,70.0,,101.505295,,101.505295,653.29443,6.482028,3.0356145,1.8331088,913.5126,913.5126,1.0,0.0
-0.47,0.47,2.10701,1.00469056e+06,30.0,18.419044,0.0,0.9680949,0.0,2.9168,0.0,653.30457,0.0,1.0,101.50436,62.834473,101.50436,,101.50436,21.81172,,5954.368,,,1.0,1.0,2001.0,2001.0,-0.47,70.0,,8.031983,5.9991446,6.6200733,Matched (3),-0.5,70.0,,101.505295,,101.505295,653.30457,6.4820433,3.0356145,1.8331088,913.5126,913.5126,1.0,0.0
-0.46,0.46,2.10701,1.00469056e+06,30.0,18.419125,0.0,0.96799874,0.0,2.916802,0.0,653.31366,0.0,1.0,101.505295,62.85372,101.505295,,101.505295,21.811821,,5954.4507,,,1.0,1.0,2001.0,2001.0,-0.46,70.0,,6.683779,5.7013073,5.616771,Matched (3),-0.5,70.0,,101.505295,,101.505295,653.31366,6.4820576,3.0356145,1.8331088,913.5126,913.5126,1.0,0.0
-0.45,0.45,2.10701,1.00469056e+06,30.0,17.142765,0.0,0.95753163,0.0,2.8855507,0.0,519.4996,0.0,1.0,87.122635,62.872982,87.122635,,87.122635,20.207521,,4734.8384,,,1.0,1.0,2001.0,2001.0,-0.45,60.0,,,,,Master only (1),-0.4,60.0,,87.13458,,87.13458,519.4996,6.252866,3.0356145,1.604123,871.28564,871.28564,1.0,0.0
-0.44,0.44,2.10701,1.00469056e+06,30.0,17.142878,0.0,0.95743686,0.0,2.8855536,0.0,519.51044,0.0,1.0,87.123856,62.892246,87.123856,,87.123856,20.207663,,4734.9375,,,1.0,1.0,2001.0,2001.0,-0.44,60.0,,6.7767205,5.750927,5.7037826,Matched (3),-0.4,60.0,,87.13458,,87.13458,519.51044,6.252887,3.0356145,1.604123,871.28564,871.28564,1.0,0.0
-0.43,0.43,2.10701,1.00469056e+06,30.0,17.143,0.0,0.95734215,0.0,2.8855567,0.0,519.5223,0.0,1.0,87.125175,62.911522,87.125175,,87.125175,20.207817,,4735.0454,,,1.0,1.0,2001.0,2001.0,-0.43,60.0,,,,,Master only (1),-0.4,60.0,,87.13458,,87.13458,519.5223,6.2529097,3.0356145,1.604123,871.28564,871.28564,1.0,0.0
-0.42,0.42,2.10701,1.00469056e+06,30.0,17.143124,0.0,0.95724744,0.0,2.8855598,0.0,519.53424,0.0,1.0,87.12652,62.930794,87.12652,,87.12652,20.207972,,4735.155,,,1.0,1.0,2001.0,2001.0,-0.42,60.0,,6.7767205,5.750927,5.7037826,Matched (3),-0.4,60.0,,87.13458,,87.13458,519.53424,6.2529325,3.0356145,1.604123,871.28564,871.28564,1.0,0.0
-0.41,0.41,2.10701,1.00469056e+06,30.0,17.143255,0.0,0.9571528,0.0,2.8855631,0.0,519.547,0.0,1.0,87.12794,62.950077,87.12794,,87.12794,20.208138,,4735.2705,,,1.0,1.0,2001.0,2001.0,-0.41,60.0,,,,,Master only (1),-0.4,60.0,,87.13458,,87.13458,519.547,6.2529573,3.0356145,1.604123,871.28564,871.28564,1.0,0.0
-0.4,0.4,2.10701,1.00469056e+06,30.0,17.143368,0.0,0.9570581,0.0,2.885566,0.0,519.55786,0.0,1.0,87.12916,62.969364,87.12916,,87.12916,20.208279,,4735.37,,,1.0,1.0,2001.0,2001.0,-0.4,60.0,,7.578303,6.067618,6.6200733,Matched (3),-0.4,60.0,,87.13458,,87.13458,519.55786,6.2529783,3.0356145,1.604123,871.28564,871.28564,1.0,0.0
-0.39,0.39,2.10701,1.00469056e+06,30.0,17.143501,0.0,0.9569634,0.0,2.8855693,0.0,519.5708,0.0,1.0,87.1306,62.98865,87.1306,,87.1306,20.208447,,4735.488,,,1.0,1.0,2001.0,2001.0,-0.39,60.0,,8.065136,6.025672,6.6200733,Matched (3),-0.4,60.0,,87.13458,,87.13458,519.5708,6.253003,3.0356145,1.604123,871.28564,871.28564,1.0,0.0
-0.38,0.38,2.10701,1.00469056e+06,30.0,17.143623,0.0,0.95686877,0.0,2.8855724,0.0,519.5826,0.0,1.0,87.13192,63.00797,87.13192,,87.13192,20.2086,,4735.595,,,1.0,1.0,2001.0,2001.0,-0.38,60.0,,7.5601683,6.071957,6.6200733,Matched (3),-0.4,60.0,,87.13458,,87.13458,519.5826,6.2530255,3.0356145,1.604123,871.28564,871.28564,1.0,0.0
-0.37,0.37,2.10701,1.00469056e+06,30.0,17.143745,0.0,0.9567741,0.0,2.8855755,0.0,519.5944,0.0,1.0,87.13324,63.02727,87.13324,,87.13324,20.208752,,4735.7026,,,1.0,1.0,2001.0,2001.0,-0.37,60.0,,7.5601683,6.067618,6.6200733,Matched (3),-0.4,60.0,,87.13458,,87.13458,519.5944,6.2530484,3.0356145,1.604123,871.28564,871.28564,1.0,0.0
-0.36,0.36,2.10701,1.00469056e+06,30.0,17.14387,0.0,0.9566795,0.0,2.8855786,0.0,519.6064,0.0,1.0,87.13458,63.046577,87.13458,,87.13458,20.208908,,4735.8125,,,1.0,1.0,2001.0,2001.0,-0.36,60.0,,7.5601683,6.067618,6.6200733,Matched (3),-0.4,60.0,,87.13458,,87.13458,519.6064,6.253072,3.0356145,1.604123,871.28564,871.28564,1.0,0.0
-0.35,0.35,2.10701,1.00469056e+06,30.0,17.143991,0.0,0.9565849,0.0,2.8855817,0.0,519.6182,0.0,1.0,87.1359,63.065914,87.1359,,87.1359,20.20906,,4735.92,,,1.0,1.0,2001.0,2001.0,-0.35,60.0,,,,,Master only (1),-0.3,60.0,49.0,87.14846,39.42678,87.14846,519.6182,6.253094,3.0790997,1.6043619,728.2694,609.99316,0.8375927,0.0
-0.34,0.34,2.10701,1.00469056e+06,30.0,17.144123,0.0,0.9564903,0.0,2.885585,0.0,519.6309,0.0,1.0,87.13732,63.085224,87.13732,,87.13732,20.209225,,4736.0356,,,1.0,1.0,2001.0,2001.0,-0.34,60.0,,6.7767205,5.750927,5.7037826,Matched (3),-0.3,60.0,49.0,87.14846,39.42678,87.14846,519.6309,6.253119,3.0790997,1.6043619,728.2694,609.99316,0.8375927,0.0
-0.33,0.33,2.10701,1.00469056e+06,30.0,17.144257,0.0,0.95639575,0.0,2.8855884,0.0,519.64386,0.0,1.0,87.13876,63.10454,87.13876,,87.13876,20.209393,,4736.1533,,,1.0,1.0,2001.0,2001.0,-0.33,60.0,,,,,Master only (1),-0.3,60.0,49.0,87.14846,39.42678,87.14846,519.64386,6.253144,3.0790997,1.6043619,728.2694,609.99316,0.8375927,0.0
-0.32,0.32,2.10701,1.00469056e+06,30.0,0.0,12.659764,0.0,1.126816,0.0,1.1250145,0.0,186.81726,2.0,75.29476,39.424145,,39.424145,39.424145,,17.605406,,0.0406911,968.8641,1.0,0.0,0.0,2001.0,-0.32,,49.0,7.5940514,6.099167,6.6200733,Matched (3),-0.3,60.0,49.0,87.14846,39.42678,87.14846,186.81726,5.230131,3.0790997,1.6043619,728.2694,609.99316,0.8375927,0.0
-0.31,0.31,2.10701,1.00469056e+06,30.0,17.14451,0.0,0.9562066,0.0,2.8855948,0.0,519.6684,0.0,1.0,87.14151,63.143223,87.14151,,87.14151,20.209711,,4736.377,,,1.0,1.0,2001.0,2001.0,-0.31,60.0,,8.027986,6.118558,6.6635585,Matched (3),-0.3,60.0,49.0,87.14846,39.42678,87.14846,519.6684,6.253191,3.0790997,1.6043619,728.2694,609.99316,0.8375927,0.0
-0.3,0.3,2.10701,1.00469056e+06,30.0,0.0,12.659949,0.0,1.126709,0.0,1.1250201,0.0,186.82608,2.0,75.50867,39.425343,,39.425343,39.425343,,17.6057,,0.040690422,968.90967,1.0,0.0,0.0,2001.0,-0.3,,49.0,6.793198,5.7646213,5.646624,Matched (3),-0.3,60.0,49.0,87.14846,39.42678,87.14846,186.82608,5.2301784,3.0790997,1.6043619,728.2694,609.99316,0.8375927,0.0
-0.29,0.29,2.10701,1.00469056e+06,30.0,17.144756,0.0,0.9560175,0.0,2.885601,0.0,519.6922,0.0,1.0,87.14417,63.181946,87.14417,,87.14417,20.21002,,4736.594,,,1.0,1.0,2001.0,2001.0,-0.29,60.0,,8.115468,6.118558,6.6635585,Matched (3),-0.3,60.0,49.0,87.14846,39.42678,87.14846,519.6922,6.253237,3.0790997,1.6043619,728.2694,609.99316,0.8375927,0.0
-0.28,0.28,2.10701,1.00469056e+06,30.0,0.0,12.660171,0.0,1.126603,0.0,1.1250268,0.0,186.83662,2.0,75.72322,39.42678,,39.42678,39.42678,,17.606052,,0.040689606,968.9644,1.0,0.0,0.0,2001.0,-0.28,,49.0,7.5940514,6.099167,6.6200733,Matched (3),-0.3,60.0,49.0,87.14846,39.42678,87.14846,186.83662,5.2302346,3.0790997,1.6043619,728.2694,609.99316,0.8375927,0.0
-0.27,0.27,2.10701,1.00469056e+06,30.0,17.145021,0.0,0.9558285,0.0,2.8856077,0.0,519.71783,0.0,1.0,87.14704,63.22066,87.14704,,87.14704,20.210352,,4736.828,,,1.0,1.0,2001.0,2001.0,-0.27,60.0,,6.793198,5.7646213,5.646624,Matched (3),-0.3,60.0,49.0,87.14846,39.42678,87.14846,519.71783,6.253286,3.0790997,1.6043619,728.2694,609.99316,0.8375927,0.0
-0.26,0.26,2.10701,1.00469056e+06,30.0,17.145153,0.0,0.955734,0.0,2.885611,0.0,519.7306,0.0,1.0,87.14846,63.24004,87.14846,,87.14846,20.210518,,4736.944,,,1.0,1.0,2001.0,2001.0,-0.26,60.0,,7.0795665,5.804214,5.857933,Matched (3),-0.3,60.0,49.0,87.14846,39.42678,87.14846,519.7306,6.2533107,3.0790997,1.6043619,728.2694,609.99316,0.8375927,0.0
-0.25,0.25,2.10701,1.00469056e+06,30.0,24.17533,0.0,1.006186,0.0,3.0382426,0.0,1556.1359,0.0,1.0,181.03917,63.259422,181.03917,,181.03917,29.129555,,14182.9795,,,1.0,1.0,2001.0,2001.0,-0.25,125.0,,,,,Master only (1),-0.2,125.0,73.0,181.03917,57.818745,181.03917,1556.1359,7.349961,3.100153,2.7010121,1621.7422,1448.2874,0.8930441,0.0
-0.24,0.24,2.10701,1.00469056e+06,30.0,0.0,15.214213,0.0,1.1990006,0.0,1.1975627,0.0,338.20624,2.0,76.154106,57.81786,,57.81786,57.81786,,21.732561,,0.032963596,1753.9912,1.0,0.0,0.0,2001.0,-0.24,,73.0,6.8126574,5.7554154,5.7037826,Matched (3),-0.2,125.0,73.0,181.03917,57.818745,181.03917,338.20624,5.823656,3.100153,2.7010121,1621.7422,1448.2874,0.8930441,0.0
-0.23,0.23,2.10701,1.00469056e+06,30.0,0.0,15.214263,0.0,1.198942,0.0,1.197564,0.0,338.2098,2.0,76.26216,57.818253,,57.818253,57.818253,,21.732641,,0.032963473,1754.0098,1.0,0.0,0.0,2001.0,-0.23,,73.0,6.5298367,5.605724,5.164786,Matched (3),-0.2,125.0,73.0,181.03917,57.818745,181.03917,338.2098,5.8236666,3.100153,2.7010121,1621.7422,1448.2874,0.8930441,0.0
-0.22,0.22,2.10701,1.00469056e+06,30.0,0.0,15.214325,0.0,1.1988838,0.0,1.1975657,0.0,338.21426,2.0,76.37044,57.818745,,57.818745,57.818745,,21.732742,,0.03296332,1754.0327,1.0,0.0,0.0,2001.0,-0.22,,73.0,7.5940514,6.099167,6.6200733,Matched (3),-0.2,125.0,73.0,181.03917,57.818745,181.03917,338.21426,5.8236794,3.100153,2.7010121,1621.7422,1448.2874,0.8930441,0.0
-0.21,0.21,2.10701,1.00469056e+06,30.0,24.17519,0.0,1.0057827,0.0,3.03824,0.0,1556.1072,0.0,1.0,181.03696,63.336975,181.03696,,181.03696,29.129375,,14182.72,,,1.0,1.0,2001.0,2001.0,-0.21,125.0,,8.115468,6.0502787,6.514713,Matched (3),-0.2,125.0,73.0,181.03917,57.818745,181.03917,1556.1072,7.3499427,3.100153,2.7010121,1621.7422,1448.2874,0.8930441,0.0
-0.2,0.2,2.10701,1.00469056e+06,30.0,24.175165,0.0,1.005682,0.0,3.0382395,0.0,1556.1022,0.0,1.0,181.03656,63.356384,181.03656,,181.03656,29.129345,,14182.673,,,1.0,1.0,2001.0,2001.0,-0.2,125.0,,7.6114917,6.0769033,6.684612,Matched (3),-0.2,125.0,73.0,181.03917,57.818745,181.03917,1556.1022,7.3499393,3.100153,2.7010121,1621.7422,1448.2874,0.8930441,0.0
-0.19,0.19,2.10701,1.00469056e+06,30.0,24.175114,0.0,1.0055811,0.0,3.0382385,0.0,1556.0916,0.0,1.0,181.03574,63.3758,181.03574,,181.03574,29.129278,,14182.576,,,1.0,1.0,2001.0,2001.0,-0.19,125.0,,8.134844,6.118558,6.6635585,Matched (3),-0.2,125.0,73.0,181.03917,57.818745,181.03917,1556.0916,7.3499327,3.100153,2.7010121,1621.7422,1448.2874,0.8930441,0.0
-0.18,0.18,2.10701,1.00469056e+06,30.0,24.1751,0.0,1.0054805,0.0,3.0382383,0.0,1556.0889,0.0,1.0,181.03552,63.395214,181.03552,,181.03552,29.129261,,14182.551,,,1.0,1.0,2001.0,2001.0,-0.18,125.0,,7.4627767,6.0253067,6.4673104,Matched (3),-0.2,125.0,73.0,181.03917,57.818745,181.03917,1556.0889,7.349931,3.100153,2.7010121,1621.7422,1448.2874,0.8930441,0.0
-0.17,0.17,2.10701,1.00469056e+06,30.0,24.175062,0.0,1.0053797,0.0,3.0382376,0.0,1556.0809,0.0,1.0,181.03491,63.41464,181.03491,,181.03491,29.129211,,14182.4795,,,1.0,1.0,2001.0,2001.0,-0.17,125.0,,7.6177983,6.081752,6.6200733,Matched (3),-0.2,125.0,73.0,181.03917,57.818745,181.03917,1556.0809,7.3499255,3.100153,2.7010121,1621.7422,1448.2874,0.8930441,0.0
-0.16,0.16,2.10701,1.00469056e+06,30.0,24.175026,0.0,1.005279,0.0,3.0382369,0.0,1556.0735,0.0,1.0,181.03435,63.434093,181.03435,,181.03435,29.129166,,14182.413,,,1.0,1.0,2001.0,2001.0,-0.16,125.0,,6.8381543,5.7017255,5.7037826,Matched (3),-0.2,125.0,73.0,181.03917,57.818745,181.03917,1556.0735,7.3499207,3.100153,2.7010121,1621.7422,1448.2874,0.8930441,0.0
-0.15,0.15,2.10701,1.00469056e+06,30.0,24.175013,0.0,1.0051783,0.0,3.0382366,0.0,1556.0708,0.0,1.0,181.03413,63.45352,181.03413,,181.03413,29.129148,,14182.388,,,1.0,1.0,2001.0,2001.0,-0.15,125.0,,6.8884006,5.673626,5.809143,Matched (3),-0.2,125.0,73.0,181.03917,57.818745,181.03917,1556.0708,7.3499193,3.100153,2.7010121,1621.7422,1448.2874,0.8930441,0.0
-0.14,0.14,2.10701,1.00469056e+06,30.0,16.743435,0.0,0.95119894,0.0,2.875367,0.0,481.8547,0.0,1.0,82.861275,63.472958,82.861275,,82.861275,19.70713,,4391.735,,,1.0,1.0,2001.0,2001.0,-0.14,57.0,,,,,Master only (1),-0.1,57.0,,82.87562,,82.87562,481.8547,6.177643,3.0521436,1.5289534,828.68427,828.68427,1.0,0.0
-0.13,0.13,2.10701,1.00469056e+06,30.0,16.743584,0.0,0.9511051,0.0,2.8753707,0.0,481.86838,0.0,1.0,82.86285,63.4924,82.86285,,82.86285,19.707315,,4391.8594,,,1.0,1.0,2001.0,2001.0,-0.13,57.0,,,,,Master only (1),-0.1,57.0,,82.87562,,82.87562,481.86838,6.177671,3.0521436,1.5289534,828.68427,828.68427,1.0,0.0
-0.12,0.12,2.10701,1.00469056e+06,30.0,16.743732,0.0,0.95101124,0.0,2.8753746,0.0,481.88205,0.0,1.0,82.86441,63.511875,82.86441,,82.86441,19.707502,,4391.984,,,1.0,1.0,2001.0,2001.0,-0.12,57.0,,,,,Master only (1),-0.1,57.0,,82.87562,,82.87562,481.88205,6.1776996,3.0521436,1.5289534,828.68427,828.68427,1.0,0.0
-0.11,0.11,2.10701,1.00469056e+06,30.0,16.743889,0.0,0.9509175,0.0,2.8753786,0.0,481.8964,0.0,1.0,82.86606,63.531326,82.86606,,82.86606,19.707699,,4392.1147,,,1.0,1.0,2001.0,2001.0,-0.11,57.0,,7.5736127,6.049406,6.539104,Matched (3),-0.1,57.0,,82.87562,,82.87562,481.8964,6.177729,3.0521436,1.5289534,828.68427,828.68427,1.0,0.0
-0.1,0.1,2.10701,1.00469056e+06,30.0,16.744038,0.0,0.95082366,0.0,2.8753824,0.0,481.91006,0.0,1.0,82.86762,63.55078,82.86762,,82.86762,19.707884,,4392.239,,,1.0,1.0,2001.0,2001.0,-0.1,57.0,,8.1346655,6.081752,6.6200733,Matched (3),-0.1,57.0,,82.87562,,82.87562,481.91006,6.1777577,3.0521436,1.5289534,828.68427,828.68427,1.0,0.0
-0.09,0.09,2.10701,1.00469056e+06,30.0,16.744184,0.0,0.9507299,0.0,2.8753862,0.0,481.92355,0.0,1.0,82.86917,63.570267,82.86917,,82.86917,19.708069,,4392.3623,,,1.0,1.0,2001.0,2001.0,-0.09,57.0,,7.610777,6.0874505,6.6366024,Matched (3),-0.1,57.0,,82.87562,,82.87562,481.92355,6.1777854,3.0521436,1.5289534,828.68427,828.68427,1.0,0.0
-0.08,0.08,2.10701,1.00469056e+06,30.0,16.744343,0.0,0.95063615,0.0,2.8753903,0.0,481.9381,0.0,1.0,82.870834,63.589737,82.870834,,82.870834,19.708267,,4392.4946,,,1.0,1.0,2001.0,2001.0,-0.08,57.0,,7.6177983,6.081752,6.6200733,Matched (3),-0.1,57.0,,82.87562,,82.87562,481.9381,6.177816,3.0521436,1.5289534,828.68427,828.68427,1.0,0.0
-0.07,0.07,2.10701,1.00469056e+06,30.0,16.74449,0.0,0.9505424,0.0,2.875394,0.0,481.9516,0.0,1.0,82.87238,63.609234,82.87238,,82.87238,19.70845,,4392.6177,,,1.0,1.0,2001.0,2001.0,-0.07,57.0,,8.134844,2.775942,6.514713,Matched (3),-0.1,57.0,,82.87562,,82.87562,481.9516,6.1778436,3.0521436,1.5289534,828.68427,828.68427,1.0,0.0
-0.06,0.06,2.10701,1.00469056e+06,30.0,16.744648,0.0,0.95044863,0.0,2.8753982,0.0,481.96613,0.0,1.0,82.874054,63.628735,82.874054,,82.874054,19.708649,,4392.7505,,,1.0,1.0,2001.0,2001.0,-0.06,57.0,,,,,Master only (1),-0.1,57.0,,82.87562,,82.87562,481.96613,6.1778736,3.0521436,1.5289534,828.68427,828.68427,1.0,0.0
-0.05,0.05,2.10701,1.00469056e+06,30.0,16.744797,0.0,0.9503549,0.0,2.875402,0.0,481.9798,0.0,1.0,82.87562,63.648212,82.87562,,82.87562,19.708836,,4392.875,,,1.0,1.0,2001.0,2001.0,-0.05,57.0,,,,,Master only (1),-0.1,57.0,,82.87562,,82.87562,481.9798,6.177902,3.0521436,1.5289534,828.68427,828.68427,1.0,0.0
-0.04,0.04,2.10701,1.00469056e+06,30.0,14.860386,0.0,0.9333938,0.0,2.8243668,0.0,329.26895,0.0,1.0,64.28477,63.66772,64.28477,,64.28477,17.358076,,3001.033,,,1.0,1.0,2001.0,2001.0,-0.04,44.0,,6.866069,5.765601,5.646624,Matched (3),0.0,44.0,50.0,64.29362,40.20446,64.29362,329.26895,5.796875,2.853293,1.1481327,530.42725,450.01968,0.84840983,0.0
-0.03,0.03,2.10701,1.00469056e+06,30.0,0.0,12.779217,0.0,1.1287818,0.0,1.1286125,0.0,192.56952,2.0,78.45662,40.203087,,40.203087,40.203087,,17.79588,,0.040255576,998.6961,1.0,0.0,0.0,2001.0,-0.03,,50.0,5.259697,5.0858517,3.5553482,Matched (3),0.0,44.0,50.0,64.29362,40.20446,64.29362,192.56952,5.260457,2.853293,1.1481327,530.42725,450.01968,0.84840983,0.0
-0.02,0.02,2.10701,1.00469056e+06,30.0,14.860854,0.0,0.93321157,0.0,2.8243802,0.0,329.30206,0.0,1.0,64.28908,63.706738,64.28908,,64.28908,17.358658,,3001.3347,,,1.0,1.0,2001.0,2001.0,-0.02,44.0,,7.496298,6.0741553,6.3969297,Matched (3),0.0,44.0,50.0,64.29362,40.20446,64.29362,329.30206,5.7969756,2.853293,1.1481327,530.42725,450.01968,0.84840983,0.0
-0.01,0.01,2.10701,1.00469056e+06,30.0,0.0,12.779427,0.0,1.1286752,0.0,1.1286188,0.0,192.57973,2.0,78.67954,40.20446,,40.20446,40.20446,,17.796213,,0.04025482,998.74896,1.0,0.0,0.0,2001.0,-0.01,,50.0,8.084061,5.9973154,6.3969297,Matched (3),0.0,44.0,50.0,64.29362,40.20446,64.29362,192.57973,5.2605104,2.853293,1.1481327,530.42725,450.01968,0.84840983,0.0
0.0,0.0,2.10701,1.00469056e+06,30.0,14.861347,0.0,0.93302953,0.0,2.8243942,0.0,329.33694,0.0,1.0,64.29362,63.745792,64.29362,,64.29362,17.35927,,3001.6526,,,1.0,1.0,2001.0,2001.0,0.0,44.0,,7.4985085,6.0741553,6.437752,Matched (3),0.0,44.0,50.0,64.29362,40.20446,64.29362,329.33694,5.7970815,2.853293,1.1481327,530.42725,450.01968,0.84840983,0.0
0.01,0.01,2.10701,1.00469056e+06,30.0,14.861105,0.0,0.93312055,0.0,2.8243873,0.0,329.3198,0.0,1.0,64.29138,63.72626,64.29138,,64.29138,17.35897,,3001.4963,,,1.0,1.0,2001.0,2001.0,0.01,44.0,,7.4985085,6.0434394,6.437752,Matched (3),0.0,44.0,50.0,64.29362,40.20446,64.29362,329.3198,5.7970295,2.853293,1.1481327,530.42725,450.01968,0.84840983,0.0
0.02,0.02,2.10701,1.00469056e+06,30.0,14.860854,0.0,0.93321157,0.0,2.8243802,0.0,329.30206,0.0,1.0,64.28908,63.706738,64.28908,,64.28908,17.358658,,3001.3347,,,1.0,1.0,2001.0,2001.0,0.02,44.0,,,,,Master only (1),0.0,44.0,50.0,64.29362,40.20446,64.29362,329.30206,5.7969756,2.853293,1.1481327,530.42725,450.01968,0.84840983,0.0
0.03,0.03,2.10701,1.00469056e+06,30.0,14.860628,0.0,0.9333027,0.0,2.8243737,0.0,329.28607,0.0,1.0,64.286995,63.68724,64.286995,,64.286995,17.358377,,3001.189,,,1.0,1.0,2001.0,2001.0,0.03,44.0,,,,,Master only (1),0.0,44.0,50.0,64.29362,40.20446,64.29362,329.28607,5.796927,2.853293,1.1481327,530.42725,450.01968,0.84840983,0.0
0.04,0.04,2.10701,1.00469056e+06,30.0,14.860386,0.0,0.9333938,0.0,2.8243668,0.0,329.26895,0.0,1.0,64.28477,63.66772,64.28477,,64.28477,17.358076,,3001.033,,,1.0,1.0,2001.0,2001.0,0.04,44.0,,,,,Master only (1),0.0,44.0,50.0,64.29362,40.20446,64.29362,329.26895,5.796875,2.853293,1.1481327,530.42725,450.01968,0.84840983,0.0
0.05,0.05,2.10701,1.00469056e+06,30.0,14.062529,0.0,0.9257918,0.0,2.8010838,0.0,276.09683,0.0,1.0,57.163017,63.648212,57.163017,,57.163017,16.368359,,2516.41,,,1.0,1.0,2001.0,2001.0,0.05,39.0,,,,,Master only (1),0.1,39.0,23.0,57.163017,20.036558,57.163017,276.09683,5.620752,2.9666214,0.9718031,497.28442,457.21228,0.91941804,0.0
0.06,0.06,2.10701,1.00469056e+06,30.0,14.06225,0.0,0.9258816,0.0,2.8010755,0.0,276.07938,0.0,1.0,57.16061,63.628735,57.16061,,57.16061,16.368013,,2516.2507,,,1.0,1.0,2001.0,2001.0,0.06,39.0,,,,,Master only (1),0.1,39.0,23.0,57.163017,20.036558,57.163017,276.07938,5.6206884,2.9666214,0.9718031,497.28442,457.21228,0.91941804,0.0
0.07,0.07,2.10701,1.00469056e+06,30.0,14.061962,0.0,0.9259714,0.0,2.8010669,0.0,276.06134,0.0,1.0,57.15812,63.609234,57.15812,,57.15812,16.367657,,2516.0862,,,1.0,1.0,2001.0,2001.0,0.07,39.0,,7.4939275,6.0523953,6.3758764,Matched (3),0.1,39.0,23.0,57.163017,20.036558,57.163017,276.06134,5.620623,2.9666214,0.9718031,497.28442,457.21228,0.91941804,0.0
0.08,0.08,2.10701,1.00469056e+06,30.0,0.0,9.148183,0.0,1.007769,0.0,1.007366,0.0,65.43519,2.0,77.90216,20.036558,,20.036558,20.036558,,12.133316,,0.05904267,339.35724,1.0,0.0,0.0,2001.0,0.08,,23.0,7.5378456,6.076203,6.3969297,Matched (3),0.1,39.0,23.0,57.163017,20.036558,57.163017,65.43519,4.1810603,2.9666214,0.9718031,497.28442,457.21228,0.91941804,0.0
0.09,0.09,2.10701,1.00469056e+06,30.0,0.0,9.147976,0.0,1.0078117,0.0,1.0073582,0.0,65.430405,2.0,77.791695,20.035614,,20.035614,20.035614,,12.133001,,0.0590442,339.33246,1.0,0.0,0.0,2001.0,0.09,,23.0,7.420663,5.993243,6.214608,Matched (3),0.1,39.0,23.0,57.163017,20.036558,57.163017,65.430405,4.180987,2.9666214,0.9718031,497.28442,457.21228,0.91941804,0.0
0.1,0.1,2.10701,1.00469056e+06,30.0,14.061125,0.0,0.926241,0.0,2.8010418,0.0,276.00888,0.0,1.0,57.15088,63.55078,57.15088,,57.15088,16.366621,,2515.6084,,,1.0,1.0,2001.0,2001.0,0.1,39.0,,8.225749,2.8237145,6.55108,Matched (3),0.1,39.0,23.0,57.163017,20.036558,57.163017,276.00888,5.620433,2.9666214,0.9718031,497.28442,457.21228,0.91941804,0.0
0.11,0.11,2.10701,1.00469056e+06,30.0,14.060853,0.0,0.92633086,0.0,2.8010337,0.0,275.99185,0.0,1.0,57.14853,63.531326,57.14853,,57.14853,16.366283,,2515.4531,,,1.0,1.0,2001.0,2001.0,0.11,39.0,,7.5378456,6.076203,6.3969297,Matched (3),0.1,39.0,23.0,57.163017,20.036558,57.163017,275.99185,5.6203713,2.9666214,0.9718031,497.28442,457.21228,0.91941804,0.0
0.12,0.12,2.10701,1.00469056e+06,30.0,14.060575,0.0,0.92642075,0.0,2.8010254,0.0,275.9744,0.0,1.0,57.14612,63.511875,57.14612,,57.14612,16.36594,,2515.2942,,,1.0,1.0,2001.0,2001.0,0.12,39.0,,,,,Master only (1),0.1,39.0,23.0,57.163017,20.036558,57.163017,275.9744,5.620308,2.9666214,0.9718031,497.28442,457.21228,0.91941804,0.0
0.13,0.13,2.10701,1.00469056e+06,30.0,14.060295,0.0,0.92651063,0.0,2.801017,0.0,275.95688,0.0,1.0,57.143703,63.4924,57.143703,,57.143703,16.365593,,2515.1345,,,1.0,1.0,2001.0,2001.0,0.13,39.0,,7.03197,5.7930713,5.7037826,Matched (3),0.1,39.0,23.0,57.163017,20.036558,57.163017,275.95688,5.6202445,2.9666214,0.9718031,497.28442,457.21228,0.91941804,0.0
0.14,0.14,2.10701,1.00469056e+06,30.0,14.060016,0.0,0.9266006,0.0,2.8010087,0.0,275.9394,0.0,1.0,57.14129,63.472958,57.14129,,57.14129,16.365248,,2514.975,,,1.0,1.0,2001.0,2001.0,0.14,39.0,,,,,Master only (1),0.1,39.0,23.0,57.163017,20.036558,57.163017,275.9394,5.620181,2.9666214,0.9718031,497.28442,457.21228,0.91941804,0.0
0.15,0.15,2.10701,1.00469056e+06,30.0,10.886419,0.0,0.89180696,0.0,2.6955621,0.0,121.965454,0.0,1.0,33.156254,63.45352,33.156254,,33.156254,12.466091,,1111.6212,,,1.0,1.0,2001.0,2001.0,0.15,22.0,,7.50579,6.040175,6.3969297,Matched (3),0.2,22.0,57.0,45.52749,45.52749,33.156254,121.965454,4.8037376,2.9666214,0.80428594,356.16486,265.11038,0.7443474,0.0
0.16,0.16,2.10701,1.00469056e+06,30.0,10.885874,0.0,0.8918895,0.0,2.6955419,0.0,121.94595,0.0,1.0,33.152718,63.434093,33.152718,,33.152718,12.465426,,1111.4435,,,1.0,1.0,2001.0,2001.0,0.16,22.0,,,,,Master only (1),0.2,22.0,57.0,45.52749,45.52749,33.156254,121.94595,4.803578,2.9666214,0.80428594,356.16486,265.11038,0.7443474,0.0
0.17,0.17,2.10701,1.00469056e+06,30.0,0.0,13.565353,0.0,1.1527342,0.0,1.1517547,0.0,233.51228,2.0,76.914,45.52749,,45.52749,45.52749,,19.055805,,0.03759397,1211.0317,1.0,0.0,0.0,2001.0,0.17,,57.0,5.7315855,5.280301,4.0943446,Matched (3),0.2,22.0,57.0,45.52749,45.52749,33.156254,233.51228,5.4532347,2.9666214,0.80428594,356.16486,265.11038,0.7443474,0.0
0.18,0.18,2.10701,1.00469056e+06,30.0,0.0,13.565279,0.0,1.1527896,0.0,1.1517526,0.0,233.50815,2.0,76.80492,45.52697,,45.52697,45.52697,,19.055687,,0.037594203,1211.0104,1.0,0.0,0.0,2001.0,0.18,,57.0,8.225749,5.993243,6.55108,Matched (3),0.2,22.0,57.0,45.52749,45.52749,33.156254,233.50815,5.453217,2.9666214,0.80428594,356.16486,265.11038,0.7443474,0.0
0.19,0.19,2.10701,1.00469056e+06,30.0,10.884256,0.0,0.8921372,0.0,2.6954818,0.0,121.88814,0.0,1.0,33.14224,63.3758,33.14224,,33.14224,12.463456,,1110.9165,,,1.0,1.0,2001.0,2001.0,0.19,22.0,,7.5378456,6.076203,6.3969297,Matched (3),0.2,22.0,57.0,45.52749,45.52749,33.156254,121.88814,4.803104,2.9666214,0.80428594,356.16486,265.11038,0.7443474,0.0
0.2,0.2,2.10701,1.00469056e+06,30.0,10.883723,0.0,0.89221984,0.0,2.695462,0.0,121.86909,0.0,1.0,33.138786,63.356384,33.138786,,33.138786,12.462807,,1110.7429,,,1.0,1.0,2001.0,2001.0,0.2,22.0,,6.940657,5.7805076,5.7037826,Matched (3),0.2,22.0,57.0,45.52749,45.52749,33.156254,121.86909,4.8029475,2.9666214,0.80428594,356.16486,265.11038,0.7443474,0.0
0.21,0.21,2.10701,1.00469056e+06,30.0,10.883184,0.0,0.89230245,0.0,2.695442,0.0,121.84983,0.0,1.0,33.135296,63.336975,33.135296,,33.135296,12.462151,,1110.5675,,,1.0,1.0,2001.0,2001.0,0.21,22.0,,,,,Master only (1),0.2,22.0,57.0,45.52749,45.52749,33.156254,121.84983,4.802789,2.9666214,0.80428594,356.16486,265.11038,0.7443474,0.0
0.22,0.22,2.10701,1.00469056e+06,30.0,10.882651,0.0,0.8923851,0.0,2.6954222,0.0,121.83078,0.0,1.0,33.13184,63.317574,33.13184,,33.13184,12.461501,,1110.3938,,,1.0,1.0,2001.0,2001.0,0.22,22.0,,,,,Master only (1),0.2,22.0,57.0,45.52749,45.52749,33.156254,121.83078,4.802633,2.9666214,0.80428594,356.16486,265.11038,0.7443474,0.0
0.23,0.23,2.10701,1.00469056e+06,30.0,10.8821125,0.0,0.8924678,0.0,2.6954021,0.0,121.81153,0.0,1.0,33.128353,63.29818,33.128353,,33.128353,12.460844,,1110.2184,,,1.0,1.0,2001.0,2001.0,0.23,22.0,,,,,Master only (1),0.2,22.0,57.0,45.52749,45.52749,33.156254,121.81153,4.802475,2.9666214,0.80428594,356.16486,265.11038,0.7443474,0.0
0.24,0.24,2.10701,1.00469056e+06,30.0,10.88158,0.0,0.89255047,0.0,2.6953824,0.0,121.79252,0.0,1.0,33.124905,63.27878,33.124905,,33.124905,12.4601965,,1110.045,,,1.0,1.0,2001.0,2001.0,0.24,22.0,,,,,Master only (1),0.2,22.0,57.0,45.52749,45.52749,33.156254,121.79252,4.802319,2.9666214,0.80428594,356.16486,265.11038,0.7443474,0.0
0.25,0.25,2.10701,1.00469056e+06,30.0,19.947144,0.0,0.977585,0.0,2.95188,0.0,842.5287,0.0,1.0,120.26263,63.259422,120.26263,,120.26263,23.74176,,7679.0005,,,1.0,1.0,2001.0,2001.0,0.25,83.0,,,,,Master only (1),0.3,83.0,64.0,120.26263,50.884956,120.26263,842.5287,6.7364078,2.9666214,2.087459,1184.0981,1082.3293,0.91405374,0.0
0.26,0.26,2.10701,1.00469056e+06,30.0,19.94709,0.0,0.97768235,0.0,2.9518788,0.0,842.5215,0.0,1.0,120.26194,63.24004,120.26194,,120.26194,23.741692,,7678.9346,,,1.0,1.0,2001.0,2001.0,0.26,83.0,,7.2747917,5.9577045,6.0402546,Matched (3),0.3,83.0,64.0,120.26263,50.884956,120.26263,842.5215,6.736399,2.9666214,2.087459,1184.0981,1082.3293,0.91405374,0.0
0.27,0.27,2.10701,1.00469056e+06,30.0,0.0,14.309441,0.0,1.1744416,0.0,1.1728572,0.0,277.45917,2.0,75.8307,50.884956,,50.884956,50.884956,,20.258205,,0.035362627,1438.9473,1.0,0.0,0.0,2001.0,0.27,,64.0,8.247625,5.4070854,6.55108,Matched (3),0.3,83.0,64.0,120.26263,50.884956,120.26263,277.45917,5.625674,2.9666214,2.087459,1184.0981,1082.3293,0.91405374,0.0
0.28,0.28,2.10701,1.00469056e+06,30.0,19.946983,0.0,0.9778771,0.0,2.9518764,0.0,842.5071,0.0,1.0,120.26057,63.201283,120.26057,,120.26057,23.741556,,7678.8027,,,1.0,1.0,2001.0,2001.0,0.28,83.0,,7.4580317,6.0030484,6.2869287,Matched (3),0.3,83.0,64.0,120.26263,50.884956,120.26263,842.5071,6.736382,2.9666214,2.087459,1184.0981,1082.3293,0.91405374,0.0
0.29,0.29,2.10701,1.00469056e+06,30.0,0.0,14.309286,0.0,1.1745547,0.0,1.1728529,0.0,277.4495,2.0,75.615875,50.883812,,50.883812,50.883812,,20.257956,,0.035363063,1438.8972,1.0,0.0,0.0,2001.0,0.29,,64.0,8.130535,5.998003,6.3969297,Matched (3),0.3,83.0,64.0,120.26263,50.884956,120.26263,277.4495,5.625639,2.9666214,2.087459,1184.0981,1082.3293,0.91405374,0.0
0.3,0.3,2.10701,1.00469056e+06,30.0,19.946865,0.0,0.97807187,0.0,2.9518738,0.0,842.49115,0.0,1.0,120.259056,63.162582,120.259056,,120.259056,23.741407,,7678.658,,,1.0,1.0,2001.0,2001.0,0.3,83.0,,,,,Master only (1),0.3,83.0,64.0,120.26263,50.884956,120.26263,842.49115,6.736363,2.9666214,2.087459,1184.0981,1082.3293,0.91405374,0.0
0.31,0.31,2.10701,1.00469056e+06,30.0,19.946821,0.0,0.9781693,0.0,2.9518728,0.0,842.4852,0.0,1.0,120.25849,63.143223,120.25849,,120.25849,23.741352,,7678.6045,,,1.0,1.0,2001.0,2001.0,0.31,83.0,,7.48882,6.068615,6.3099184,Matched (3),0.3,83.0,64.0,120.26263,50.884956,120.26263,842.4852,6.7363563,2.9666214,2.087459,1184.0981,1082.3293,0.91405374,0.0
0.32,0.32,2.10701,1.00469056e+06,30.0,19.946756,0.0,0.9782667,0.0,2.9518714,0.0,842.4765,0.0,1.0,120.25766,63.123894,120.25766,,120.25766,23.74127,,7678.525,,,1.0,1.0,2001.0,2001.0,0.32,83.0,,6.983327,5.773019,5.616771,Matched (3),0.3,83.0,64.0,120.26263,50.884956,120.26263,842.4765,6.736346,2.9666214,2.087459,1184.0981,1082.3293,0.91405374,0.0
0.33,0.33,2.10701,1.00469056e+06,30.0,19.946714,0.0,0.97836417,0.0,2.9518704,0.0,842.4708,0.0,1.0,120.25712,63.10454,120.25712,,120.25712,23.741217,,7678.473,,,1.0,1.0,2001.0,2001.0,0.33,83.0,,,,,Matched (3),0.3,83.0,64.0,120.26263,50.884956,120.26263,842.4708,6.736339,2.9666214,2.087459,1184.0981,1082.3293,0.91405374,0.0
0.34,0.34,2.10701,1.00469056e+06,30.0,19.94665,0.0,0.97846156,0.0,2.951869,0.0,842.4621,0.0,1.0,120.25629,63.085224,120.25629,,120.25629,23.741135,,7678.393,,,1.0,1.0,2001.0,2001.0,0.34,83.0,,,,,Master only (1),0.3,83.0,64.0,120.26263,50.884956,120.26263,842.4621,6.7363286,2.9666214,2.087459,1184.0981,1082.3293,0.91405374,0.0
0.35,0.35,2.10701,1.00469056e+06,30.0,19.946596,0.0,0.978559,0.0,2.9518678,0.0,842.4549,0.0,1.0,120.2556,63.065914,120.2556,,120.2556,23.741066,,7678.327,,,1.0,1.0,2001.0,2001.0,0.35,83.0,,7.0027237,5.6557436,5.845957,Matched (3),0.3,83.0,64.0,120.26263,50.884956,120.26263,842.4549,6.73632,2.9666214,2.087459,1184.0981,1082.3293,0.91405374,0.0
0.36,0.36,2.10701,1.00469056e+06,30.0,17.666441,0.0,0.960998,0.0,2.8986044,0.0,571.8633,0.0,1.0,92.88288,63.046577,92.88288,,92.88288,20.864857,,5212.0933,,,1.0,1.0,2001.0,2001.0,0.36,64.0,,,,,Master only (1),0.4,64.0,56.0,92.88288,44.74982,92.88288,571.8633,6.3489,2.7699113,1.699951,880.64514,835.8953,0.9491852,0.0
0.37,0.37,2.10701,1.00469056e+06,30.0,17.666315,0.0,0.9610931,0.0,2.8986013,0.0,571.8503,0.0,1.0,92.88148,63.02727,92.88148,,92.88148,20.864698,,5211.975,,,1.0,1.0,2001.0,2001.0,0.37,64.0,,8.116822,6.022021,6.35437,Matched (3),0.4,64.0,56.0,92.88288,44.74982,92.88288,571.8503,6.3488774,2.7699113,1.699951,880.64514,835.8953,0.9491852,0.0
0.38,0.38,2.10701,1.00469056e+06,30.0,17.666208,0.0,0.9611884,0.0,2.8985987,0.0,571.83923,0.0,1.0,92.88028,63.00797,92.88028,,92.88028,20.864565,,5211.8745,,,1.0,1.0,2001.0,2001.0,0.38,64.0,,,,,Master only (1),0.4,64.0,56.0,92.88288,44.74982,92.88288,571.83923,6.348858,2.7699113,1.699951,880.64514,835.8953,0.9491852,0.0
0.39,0.39,2.10701,1.00469056e+06,30.0,17.666101,0.0,0.9612836,0.0,2.898596,0.0,571.8282,0.0,1.0,92.87908,62.98865,92.87908,,92.87908,20.86443,,5211.7734,,,1.0,1.0,2001.0,2001.0,0.39,64.0,,,,,Master only (1),0.4,64.0,56.0,92.88288,44.74982,92.88288,571.8282,6.348839,2.7699113,1.699951,880.64514,835.8953,0.9491852,0.0
0.4,0.4,2.10701,1.00469056e+06,30.0,0.0,13.453632,0.0,1.1508201,0.0,1.1485208,0.0,227.35892,2.0,74.44518,44.74982,,44.74982,44.74982,,18.87609,,0.037951894,1179.1195,1.0,0.0,0.0,2001.0,0.4,,56.0,6.9936996,5.720064,5.8028736,Matched (3),0.4,64.0,56.0,92.88288,44.74982,92.88288,227.35892,5.42653,2.7699113,1.699951,880.64514,835.8953,0.9491852,0.0
0.41,0.41,2.10701,1.00469056e+06,30.0,17.665897,0.0,0.9614742,0.0,2.898591,0.0,571.8071,0.0,1.0,92.8768,62.950077,92.8768,,92.8768,20.864174,,5211.5815,,,1.0,1.0,2001.0,2001.0,0.41,64.0,,,,,Master only (1),0.4,64.0,56.0,92.88288,44.74982,92.88288,571.8071,6.3488016,2.7699113,1.699951,880.64514,835.8953,0.9491852,0.0
0.42,0.42,2.10701,1.00469056e+06,30.0,17.665771,0.0,0.96156937,0.0,2.898588,0.0,571.7941,0.0,1.0,92.8754,62.930794,92.8754,,92.8754,20.864016,,5211.4634,,,1.0,1.0,2001.0,2001.0,0.42,64.0,,,,,Master only (1),0.4,64.0,56.0,92.88288,44.74982,92.88288,571.7941,6.348779,2.7699113,1.699951,880.64514,835.8953,0.9491852,0.0
0.43,0.43,2.10701,1.00469056e+06,30.0,17.665676,0.0,0.9616647,0.0,2.8985856,0.0,571.78424,0.0,1.0,92.87433,62.911522,92.87433,,92.87433,20.863895,,5211.373,,,1.0,1.0,2001.0,2001.0,0.43,64.0,,,,,Master only (1),0.4,64.0,56.0,92.88288,44.74982,92.88288,571.78424,6.3487616,2.7699113,1.699951,880.64514,835.8953,0.9491852,0.0
0.44,0.44,2.10701,1.00469056e+06,30.0,17.66557,0.0,0.96176,0.0,2.898583,0.0,571.7732,0.0,1.0,92.87313,62.892246,92.87313,,92.87313,20.863762,,5211.2725,,,1.0,1.0,2001.0,2001.0,0.44,64.0,,,,,Master only (1),0.4,64.0,56.0,92.88288,44.74982,92.88288,571.7732,6.3487425,2.7699113,1.699951,880.64514,835.8953,0.9491852,0.0
0.45,0.45,2.10701,1.00469056e+06,30.0,17.665462,0.0,0.9618553,0.0,2.8985803,0.0,571.7622,0.0,1.0,92.87194,62.872982,92.87194,,92.87194,20.863626,,5211.172,,,1.0,1.0,2001.0,2001.0,0.45,64.0,,,,,Master only (1),0.4,64.0,56.0,92.88288,44.74982,92.88288,571.7622,6.3487234,2.7699113,1.699951,880.64514,835.8953,0.9491852,0.0
0.46,0.46,2.10701,1.00469056e+06,30.0,0.0,16.432224,0.0,1.2321656,0.0,1.2293348,0.0,433.69766,2.0,73.81436,67.88017,,67.88017,67.88017,,23.737524,,0.030179363,2249.2249,1.0,0.0,0.0,2001.0,0.46,,86.0,8.116822,6.0084434,6.35437,Matched (3),0.5,25.0,86.0,67.88017,67.88017,37.24714,433.69766,6.0723476,2.7842999,1.4233989,518.9949,111.720245,0.21526271,0.0
0.47,0.47,2.10701,1.00469056e+06,30.0,0.0,16.432192,0.0,1.2322264,0.0,1.229334,0.0,433.6949,2.0,73.7097,67.8799,,67.8799,67.8799,,23.73747,,0.030179432,2249.2107,1.0,0.0,0.0,2001.0,0.47,,86.0,7.451424,6.022021,6.214608,Matched (3),0.5,25.0,86.0,67.88017,67.88017,37.24714,433.6949,6.0723414,2.7842999,1.4233989,518.9949,111.720245,0.21526271,0.0
0.48,0.48,2.10701,1.00469056e+06,30.0,11.498282,0.0,0.902124,0.0,2.7177627,0.0,145.22055,0.0,1.0,37.24714,62.815216,37.24714,,37.24714,13.212774,,1323.5734,,,1.0,1.0,2001.0,2001.0,0.48,25.0,,6.963566,5.720064,5.7037826,Matched (3),0.5,25.0,86.0,67.88017,67.88017,37.24714,145.22055,4.978254,2.7842999,1.4233989,518.9949,111.720245,0.21526271,0.0
0.49,0.49,2.10701,1.00469056e+06,30.0,0.0,16.43214,0.0,1.2323482,0.0,1.2293327,0.0,433.69052,2.0,73.500854,67.879456,,67.879456,67.879456,,23.737385,,0.03017954,2249.188,1.0,0.0,0.0,2001.0,0.49,,86.0,6.5529447,5.0415897,5.358942,Matched (3),0.5,25.0,86.0,67.88017,67.88017,37.24714,433.69052,6.0723314,2.7842999,1.4233989,518.9949,111.720245,0.21526271,0.0
0.5,0.5,2.10701,1.00469056e+06,30.0,0.0,16.432102,0.0,1.2324089,0.0,1.2293317,0.0,433.68726,2.0,73.39668,67.87913,,67.87913,67.87913,,23.737322,,0.03017962,2249.1711,1.0,0.0,0.0,2001.0,0.5,,86.0,,,,Matched (3),0.5,25.0,86.0,67.88017,67.88017,37.24714,433.68726,6.072324,2.7842999,1.4233989,518.9949,111.720245,0.21526271,0.0
0.51,0.51,2.10701,1.00469056e+06,30.0,11.496964,0.0,0.90237916,0.0,2.717716,0.0,145.16743,0.0,1.0,37.238056,62.75752,37.238056,,37.238056,13.2111635,,1323.0894,,,1.0,1.0,2001.0,2001.0,0.51,25.0,,,,,Master only (1),0.5,25.0,86.0,67.88017,67.88017,37.24714,145.16743,4.9778876,2.7842999,1.4233989,518.9949,111.720245,0.21526271,0.0
0.52,0.52,2.10701,1.00469056e+06,30.0,11.496528,0.0,0.9024643,0.0,2.7177005,0.0,145.14983,0.0,1.0,37.235046,62.738285,37.235046,,37.235046,13.210629,,1322.929,,,1.0,1.0,2001.0,2001.0,0.52,25.0,,7.04053,5.6187344,5.839915,Matched (3),0.5,25.0,86.0,67.88017,67.88017,37.24714,145.14983,4.9777665,2.7842999,1.4233989,518.9949,111.720245,0.21526271,0.0
0.53,0.53,2.10701,1.00469056e+06,30.0,0.0,16.43199,0.0,1.2325909,0.0,1.2293289,0.0,433.67767,2.0,73.08507,67.87816,,67.87816,67.87816,,23.737135,,0.030179858,2249.121,1.0,0.0,0.0,2001.0,0.53,,86.0,8.143735,5.9557786,6.3687587,Matched (3),0.5,25.0,86.0,67.88017,67.88017,37.24714,433.67767,6.0723014,2.7842999,1.4233989,518.9949,111.720245,0.21526271,0.0
0.54,0.54,2.10701,1.00469056e+06,30.0,0.0,16.431953,0.0,1.2326516,0.0,1.2293279,0.0,433.6746,2.0,72.981445,67.877846,,67.877846,67.877846,,23.737076,,0.030179933,2249.1052,1.0,0.0,0.0,2001.0,0.54,,86.0,7.5028954,6.000609,6.30422,Matched (3),0.5,25.0,86.0,67.88017,67.88017,37.24714,433.6746,6.072294,2.7842999,1.4233989,518.9949,111.720245,0.21526271,0.0
0.55,0.55,2.10701,1.00469056e+06,30.0,14.37498,0.0,0.9335044,0.0,2.8103323,0.0,296.15594,0.0,1.0,59.899223,62.68065,59.899223,,59.899223,16.75553,,2699.2334,,,1.0,1.0,2001.0,2001.0,0.55,41.0,,7.6099906,6.0653048,6.3969297,Matched (3),0.6,41.0,76.0,60.122887,60.122887,59.899223,296.15594,5.690886,2.812471,1.2353009,659.7172,419.23416,0.6354755,0.0
0.56,0.56,2.10701,1.00469056e+06,30.0,0.0,15.502397,0.0,1.2086068,0.0,1.2052275,0.0,359.33307,2.0,72.77468,60.122887,,60.122887,60.122887,,22.204893,,0.03226241,1863.5583,1.0,0.0,0.0,2001.0,0.56,,76.0,6.5773234,5.010848,5.358942,Matched (3),0.6,41.0,76.0,60.122887,60.122887,59.899223,359.33307,5.8842497,2.812471,1.2353009,659.7172,419.23416,0.6354755,0.0
0.57,0.57,2.10701,1.00469056e+06,30.0,14.374525,0.0,0.9336867,0.0,2.810319,0.0,296.126,0.0,1.0,59.895187,62.64225,59.895187,,59.895187,16.754965,,2698.9607,,,1.0,1.0,2001.0,2001.0,0.57,41.0,,,,,Master only (1),0.6,41.0,76.0,60.122887,60.122887,59.899223,296.126,5.690785,2.812471,1.2353009,659.7172,419.23416,0.6354755,0.0
0.58,0.58,2.10701,1.00469056e+06,30.0,14.374297,0.0,0.93377787,0.0,2.8103123,0.0,296.11102,0.0,1.0,59.89317,62.623074,59.89317,,59.89317,16.754683,,2698.8242,,,1.0,1.0,2001.0,2001.0,0.58,41.0,,,,,Master only (1),0.6,41.0,76.0,60.122887,60.122887,59.899223,296.11102,5.6907344,2.812471,1.2353009,659.7172,419.23416,0.6354755,0.0
0.59,0.59,2.10701,1.00469056e+06,30.0,14.374069,0.0,0.933869,0.0,2.8103056,0.0,296.09604,0.0,1.0,59.891148,62.603878,59.891148,,59.891148,16.7544,,2698.6875,,,1.0,1.0,2001.0,2001.0,0.59,41.0,,,,,Master only (1),0.6,41.0,76.0,60.122887,60.122887,59.899223,296.09604,5.690684,2.812471,1.2353009,659.7172,419.23416,0.6354755,0.0
0.6,0.6,2.10701,1.00469056e+06,30.0,14.373841,0.0,0.9339602,0.0,2.810299,0.0,296.08105,0.0,1.0,59.889126,62.58471,59.889126,,59.889126,16.754118,,2698.551,,,1.0,1.0,2001.0,2001.0,0.6,41.0,,6.951442,5.66981,5.7446046,Matched (3),0.6,41.0,76.0,60.122887,60.122887,59.899223,296.08105,5.6906333,2.812471,1.2353009,659.7172,419.23416,0.6354755,0.0
0.61,0.61,2.10701,1.00469056e+06,30.0,14.373614,0.0,0.9340514,0.0,2.8102922,0.0,296.06613,0.0,1.0,59.887115,62.56552,59.887115,,59.887115,16.753836,,2698.415,,,1.0,1.0,2001.0,2001.0,0.61,41.0,,,,,Master only (1),0.6,41.0,76.0,60.122887,60.122887,59.899223,296.06613,5.6905828,2.812471,1.2353009,659.7172,419.23416,0.6354755,0.0
0.62,0.62,2.10701,1.00469056e+06,30.0,0.0,15.502103,0.0,1.2089617,0.0,1.2052197,0.0,359.3111,2.0,72.15799,60.12051,,60.12051,60.12051,,22.20441,,0.03226311,1863.4443,1.0,0.0,0.0,2001.0,0.62,,76.0,7.097565,5.752205,5.857933,Matched (3),0.6,41.0,76.0,60.122887,60.122887,59.899223,359.3111,5.8841887,2.812471,1.2353009,659.7172,419.23416,0.6354755,0.0
0.63,0.63,2.10701,1.00469056e+06,30.0,0.0,15.502049,0.0,1.2090207,0.0,1.2052183,0.0,359.3071,2.0,72.055664,60.12008,,60.12008,60.12008,,22.204323,,0.032263238,1863.4236,1.0,0.0,0.0,2001.0,0.63,,76.0,6.5773234,5.010848,5.358942,Matched (3),0.6,41.0,76.0,60.122887,60.122887,59.899223,359.3071,5.8841777,2.812471,1.2353009,659.7172,419.23416,0.6354755,0.0
0.64,0.64,2.10701,1.00469056e+06,30.0,0.0,15.50199,0.0,1.2090796,0.0,1.2052168,0.0,359.30267,2.0,71.95356,60.119602,,60.119602,60.119602,,22.204226,,0.03226338,1863.4006,1.0,0.0,0.0,2001.0,0.64,,76.0,,,,Matched (3),0.6,41.0,76.0,60.122887,60.122887,59.899223,359.30267,5.8841653,2.812471,1.2353009,659.7172,419.23416,0.6354755,0.0
0.65,0.65,2.10701,1.00469056e+06,30.0,14.37272,0.0,0.93441635,0.0,2.810266,0.0,296.00735,0.0,1.0,59.879185,62.48892,59.879185,,59.879185,16.752728,,2697.8792,,,1.0,1.0,2001.0,2001.0,0.65,41.0,,6.752905,5.5146446,5.521461,Matched (3),0.6,41.0,76.0,60.122887,60.122887,59.899223,296.00735,5.6903844,2.812471,1.2353009,659.7172,419.23416,0.6354755,0.0
0.66,0.66,2.10701,1.00469056e+06,30.0,0.0,15.880267,0.0,1.219153,0.0,1.2151365,0.0,388.39258,2.0,71.74975,63.216335,,63.216335,63.216335,,22.826162,,0.03138431,2014.2655,1.0,0.0,0.0,2001.0,0.66,,80.0,6.5853314,5.3892627,5.358942,Matched (3),0.7,41.0,80.0,63.216335,63.216335,59.87522,388.39258,5.9620166,2.5454082,1.3130678,555.5506,239.47562,0.43105996,0.0
0.67,0.67,2.10701,1.00469056e+06,30.0,14.3722725,0.0,0.9345989,0.0,2.810253,0.0,295.97794,0.0,1.0,59.87522,62.45062,59.87522,,59.87522,16.752172,,2697.6113,,,1.0,1.0,2001.0,2001.0,0.67,41.0,,,,,Master only (1),0.7,41.0,80.0,63.216335,63.216335,59.87522,295.97794,5.6902847,2.5454082,1.3130678,555.5506,239.47562,0.43105996,0.0
0.68,0.68,2.10701,1.00469056e+06,30.0,0.0,15.880194,0.0,1.2192731,0.0,1.2151346,0.0,388.38678,2.0,71.54646,63.215725,,63.215725,63.215725,,22.826042,,0.031384476,2014.2355,1.0,0.0,0.0,2001.0,0.68,,80.0,6.7680774,5.653796,5.2793894,Matched (3),0.7,41.0,80.0,63.216335,63.216335,59.87522,388.38678,5.962002,2.5454082,1.3130678,555.5506,239.47562,0.43105996,0.0
0.69,0.69,2.10701,1.00469056e+06,30.0,0.0,15.880134,0.0,1.2193326,0.0,1.2151331,0.0,388.38205,2.0,71.44502,63.21523,,63.21523,63.21523,,22.825943,,0.031384613,2014.2108,1.0,0.0,0.0,2001.0,0.69,,80.0,6.752905,5.5146446,5.521461,Matched (3),0.7,41.0,80.0,63.216335,63.216335,59.87522,388.38205,5.9619894,2.5454082,1.3130678,555.5506,239.47562,0.43105996,0.0
0.7,0.7,2.10701,1.00469056e+06,30.0,14.371614,0.0,0.93487287,0.0,2.8102336,0.0,295.9347,0.0,1.0,59.86939,62.39324,59.86939,,59.86939,16.751356,,2697.217,,,1.0,1.0,2001.0,2001.0,0.7,41.0,,7.272819,5.6964054,6.129867,Matched (3),0.7,41.0,80.0,63.216335,63.216335,59.87522,295.9347,5.690139,2.5454082,1.3130678,555.5506,239.47562,0.43105996,0.0
0.71,0.71,2.10701,1.00469056e+06,30.0,14.371395,0.0,0.93496424,0.0,2.8102272,0.0,295.9203,0.0,1.0,59.867443,62.374134,59.867443,,59.867443,16.751083,,2697.0854,,,1.0,1.0,2001.0,2001.0,0.71,41.0,,,,,Master only (1),0.7,41.0,80.0,63.216335,63.216335,59.87522,295.9203,5.69009,2.5454082,1.3130678,555.5506,239.47562,0.43105996,0.0
0.72,0.72,2.10701,1.00469056e+06,30.0,0.0,15.880006,0.0,1.2195121,0.0,1.2151297,0.0,388.37195,2.0,71.14168,63.21417,,63.21417,63.21417,,22.825733,,0.0313849,2014.1587,1.0,0.0,0.0,2001.0,0.72,,80.0,5.4873285,5.1018987,3.7094986,Matched (3),0.7,41.0,80.0,63.216335,63.216335,59.87522,388.37195,5.9619637,2.5454082,1.3130678,555.5506,239.47562,0.43105996,0.0
0.73,0.73,2.10701,1.00469056e+06,30.0,14.370956,0.0,0.935147,0.0,2.8102143,0.0,295.89145,0.0,1.0,59.863556,62.33594,59.863556,,59.863556,16.75054,,2696.8228,,,1.0,1.0,2001.0,2001.0,0.73,41.0,,,,,Master only (1),0.7,41.0,80.0,63.216335,63.216335,59.87522,295.89145,5.6899924,2.5454082,1.3130678,555.5506,239.47562,0.43105996,0.0
0.74,0.74,2.10701,1.00469056e+06,30.0,0.0,15.879932,0.0,1.2196321,0.0,1.2151278,0.0,388.36615,2.0,70.940155,63.21356,,63.21356,63.21356,,22.825611,,0.031385068,2014.1284,1.0,0.0,0.0,2001.0,0.74,,80.0,7.6630855,5.656129,5.7578497,Matched (3),0.7,41.0,80.0,63.216335,63.216335,59.87522,388.36615,5.9619484,2.5454082,1.3130678,555.5506,239.47562,0.43105996,0.0
0.75,0.75,2.10701,1.00469056e+06,30.0,13.366881,0.0,0.9252272,0.0,2.7798483,0.0,234.8239,0.0,1.0,51.313984,62.297745,51.313984,,51.313984,15.508345,,2140.239,,,1.0,1.0,2001.0,2001.0,0.75,35.0,,7.272819,5.6964054,6.129867,Matched (3),0.8,35.0,61.0,51.313984,48.554596,51.313984,234.8239,5.458836,2.5454082,0.90406317,507.54306,410.43488,0.80867004,0.0
0.76,0.76,2.10701,1.00469056e+06,30.0,13.366614,0.0,0.92531693,0.0,2.77984,0.0,234.80891,0.0,1.0,51.311806,62.278675,51.311806,,51.311806,15.508015,,2140.1025,,,1.0,1.0,2001.0,2001.0,0.76,35.0,,,,,Master only (1),0.8,35.0,61.0,51.313984,48.554596,51.313984,234.80891,5.458772,2.5454082,0.90406317,507.54306,410.43488,0.80867004,0.0
0.77,0.77,2.10701,1.00469056e+06,30.0,13.366339,0.0,0.92540663,0.0,2.7798314,0.0,234.79347,0.0,1.0,51.30955,62.259594,51.30955,,51.30955,15.507674,,2139.9617,,,1.0,1.0,2001.0,2001.0,0.77,35.0,,,,,Master only (1),0.8,35.0,61.0,51.313984,48.554596,51.313984,234.79347,5.4587064,2.5454082,0.90406317,507.54306,410.43488,0.80867004,0.0
0.78,0.78,2.10701,1.00469056e+06,30.0,13.366072,0.0,0.9254964,0.0,2.779823,0.0,234.7785,0.0,1.0,51.307373,62.240505,51.307373,,51.307373,15.507345,,2139.8254,,,1.0,1.0,2001.0,2001.0,0.78,35.0,,,,,Master only (1),0.8,35.0,61.0,51.313984,48.554596,51.313984,234.7785,5.4586425,2.5454082,0.90406317,507.54306,410.43488,0.80867004,0.0
0.79,0.79,2.10701,1.00469056e+06,30.0,0.0,13.99105,0.0,1.168525,0.0,1.1639184,0.0,258.01355,2.0,70.438835,48.554596,,48.554596,48.554596,,19.742561,,0.036286242,1338.0994,1.0,0.0,0.0,2001.0,0.79,,61.0,7.5517774,2.4189186,5.646624,Matched (3),0.8,35.0,61.0,51.313984,48.554596,51.313984,258.01355,5.553012,2.5454082,0.90406317,507.54306,410.43488,0.80867004,0.0
0.8,0.8,2.10701,1.00469056e+06,30.0,13.365529,0.0,0.9256759,0.0,2.7798061,0.0,234.74808,0.0,1.0,51.30294,62.20238,51.30294,,51.30294,15.506675,,2139.5479,,,1.0,1.0,2001.0,2001.0,0.8,35.0,,7.670441,5.237548,5.7709217,Matched (3),0.8,35.0,61.0,51.313984,48.554596,51.313984,234.74808,5.458513,2.5454082,0.90406317,507.54306,410.43488,0.80867004,0.0
0.81,0.81,2.10701,1.00469056e+06,30.0,0.0,13.990911,0.0,1.1686379,0.0,1.1639144,0.0,258.00528,2.0,70.23924,48.55359,,48.55359,48.55359,,19.742336,,0.036286656,1338.0563,1.0,0.0,0.0,2001.0,0.81,,61.0,7.6522145,4.7242484,5.7037826,Matched (3),0.8,35.0,61.0,51.313984,48.554596,51.313984,258.00528,5.55298,2.5454082,0.90406317,507.54306,410.43488,0.80867004,0.0
0.82,0.82,2.10701,1.00469056e+06,30.0,13.364994,0.0,0.92585546,0.0,2.7797894,0.0,234.7181,0.0,1.0,51.298573,62.16428,51.298573,,51.298573,15.506015,,2139.2747,,,1.0,1.0,2001.0,2001.0,0.82,35.0,,,,,Master only (1),0.8,35.0,61.0,51.313984,48.554596,51.313984,234.7181,5.458385,2.5454082,0.90406317,507.54306,410.43488,0.80867004,0.0
0.83,0.83,2.10701,1.00469056e+06,30.0,13.364734,0.0,0.92594534,0.0,2.7797813,0.0,234.7035,0.0,1.0,51.296444,62.14525,51.296444,,51.296444,15.505693,,2139.1416,,,1.0,1.0,2001.0,2001.0,0.83,35.0,,,,,Master only (1),0.8,35.0,61.0,51.313984,48.554596,51.313984,234.7035,5.458323,2.5454082,0.90406317,507.54306,410.43488,0.80867004,0.0
0.84,0.84,2.10701,1.00469056e+06,30.0,13.364459,0.0,0.9260351,0.0,2.7797728,0.0,234.68811,0.0,1.0,51.2942,62.126194,51.2942,,51.2942,15.505355,,2139.0015,,,1.0,1.0,2001.0,2001.0,0.84,35.0,,7.6512957,2.589197,5.7037826,Matched (3),0.8,35.0,61.0,51.313984,48.554596,51.313984,234.68811,5.4582577,2.5454082,0.90406317,507.54306,410.43488,0.80867004,0.0
0.85,0.85,2.10701,1.00469056e+06,30.0,16.035433,0.0,0.9517881,0.0,2.8567924,0.0,419.78934,0.0,1.0,75.58376,62.10717,75.58376,,75.58376,18.821829,,3826.057,,,1.0,1.0,2001.0,2001.0,0.85,52.0,,,,,Master only (1),0.9,52.0,98.0,77.21693,77.21693,75.58376,419.78934,6.039753,2.1993666,1.6231545,839.5467,453.46622,0.5401322,0.0
0.86,0.86,2.10701,1.00469056e+06,30.0,16.03529,0.0,0.951882,0.0,2.8567886,0.0,419.7774,0.0,1.0,75.58233,62.088158,75.58233,,75.58233,18.82165,,3825.9478,,,1.0,1.0,2001.0,2001.0,0.86,52.0,,7.5517774,4.7459173,5.646624,Matched (3),0.9,52.0,98.0,77.21693,77.21693,75.58376,419.7774,6.0397243,2.1993666,1.6231545,839.5467,453.46622,0.5401322,0.0
0.87,0.87,2.10701,1.00469056e+06,30.0,0.0,17.480818,0.0,1.2609376,0.0,1.2554644,0.0,529.59015,2.0,69.644005,77.21693,,77.21693,77.21693,,25.481129,,0.02811427,2746.5386,1.0,0.0,0.0,2001.0,0.87,,98.0,5.5872474,5.107289,3.7926762,Matched (3),0.9,52.0,98.0,77.21693,77.21693,75.58376,529.59015,6.2721033,2.1993666,1.6231545,839.5467,453.46622,0.5401322,0.0
0.88,0.88,2.10701,1.00469056e+06,30.0,0.0,17.480797,0.0,1.2610002,0.0,1.255464,0.0,529.58813,2.0,69.5453,77.216736,,77.216736,77.216736,,25.481094,,0.02811431,2746.5278,1.0,0.0,0.0,2001.0,0.88,,98.0,7.633428,4.763223,5.6827292,Matched (3),0.9,52.0,98.0,77.21693,77.21693,75.58376,529.58813,6.2720995,2.1993666,1.6231545,839.5467,453.46622,0.5401322,0.0
0.89,0.89,2.10701,1.00469056e+06,30.0,16.03487,0.0,0.95216393,0.0,2.8567774,0.0,419.74234,0.0,1.0,75.57812,62.031105,75.57812,,75.57812,18.821125,,3825.628,,,1.0,1.0,2001.0,2001.0,0.89,52.0,,7.670441,2.3418543,5.7709217,Matched (3),0.9,52.0,98.0,77.21693,77.21693,75.58376,419.74234,6.039641,2.1993666,1.6231545,839.5467,453.46622,0.5401322,0.0
0.9,0.9,2.10701,1.00469056e+06,30.0,16.034737,0.0,0.95225793,0.0,2.8567739,0.0,419.73117,0.0,1.0,75.576775,62.012104,75.576775,,75.576775,18.82096,,3825.5264,,,1.0,1.0,2001.0,2001.0,0.9,52.0,,,,,Master only (1),0.9,52.0,98.0,77.21693,77.21693,75.58376,419.73117,6.039614,2.1993666,1.6231545,839.5467,453.46622,0.5401322,0.0
0.91,0.91,2.10701,1.00469056e+06,30.0,0.0,17.480715,0.0,1.2611873,0.0,1.2554619,0.0,529.5801,2.0,69.25,77.21598,,77.21598,77.21598,,25.480957,,0.02811446,2746.4863,1.0,0.0,0.0,2001.0,0.91,,98.0,7.0760403,5.631054,5.7838254,Matched (3),0.9,52.0,98.0,77.21693,77.21693,75.58376,529.5801,6.272084,2.1993666,1.6231545,839.5467,453.46622,0.5401322,0.0
0.92,0.92,2.10701,1.00469056e+06,30.0,16.03446,0.0,0.9524459,0.0,2.8567665,0.0,419.70807,0.0,1.0,75.574005,61.97412,75.574005,,75.574005,18.820614,,3825.316,,,1.0,1.0,2001.0,2001.0,0.92,52.0,,,,,Master only (1),0.9,52.0,98.0,77.21693,77.21693,75.58376,419.70807,6.0395594,2.1993666,1.6231545,839.5467,453.46622,0.5401322,0.0
0.93,0.93,2.10701,1.00469056e+06,30.0,0.0,17.48067,0.0,1.2613124,0.0,1.2554609,0.0,529.5758,2.0,69.05385,77.215576,,77.215576,77.215576,,25.480885,,0.02811454,2746.464,1.0,0.0,0.0,2001.0,0.93,,98.0,6.905585,1.4857105,4.959342,Matched (3),0.9,52.0,98.0,77.21693,77.21693,75.58376,529.5758,6.272076,2.1993666,1.6231545,839.5467,453.46622,0.5401322,0.0
0.94,0.94,2.10701,1.00469056e+06,30.0,16.034184,0.0,0.952634,0.0,2.856759,0.0,419.68497,0.0,1.0,75.57123,61.936157,75.57123,,75.57123,18.820269,,3825.1052,,,1.0,1.0,2001.0,2001.0,0.94,52.0,,,,,Master only (1),0.9,52.0,98.0,77.21693,77.21693,75.58376,419.68497,6.0395045,2.1993666,1.6231545,839.5467,453.46622,0.5401322,0.0
0.95,0.95,2.10701,1.00469056e+06,30.0,0.0,17.480637,0.0,1.2614377,0.0,1.25546,0.0,529.57245,2.0,68.85821,77.21526,,77.21526,77.21526,,25.480827,,0.028114604,2746.4468,1.0,0.0,0.0,2001.0,0.95,,98.0,6.885692,1.4157033,4.959342,Matched (3),0.9,52.0,98.0,77.21693,77.21693,75.58376,529.57245,6.27207,2.1993666,1.6231545,839.5467,453.46622,0.5401322,0.0
0.96,0.96,2.10701,1.00469056e+06,30.0,0.0,18.228018,0.0,1.2795858,0.0,1.2734586,0.0,606.2318,2.0,68.76062,84.25249,,84.25249,84.25249,,26.732975,,0.026797742,3144.0144,1.0,0.0,0.0,2001.0,0.96,,107.0,6.884148,0.89316994,4.959342,Matched (3),1.0,35.0,107.0,84.25249,84.25249,51.266434,606.2318,6.4072623,2.7553124,1.7583135,677.5613,256.3032,0.37827307,0.0
0.97,0.97,2.10701,1.00469056e+06,30.0,13.361058,0.0,0.9272044,0.0,2.7796667,0.0,234.49756,0.0,1.0,51.266434,61.87927,51.266434,,51.266434,15.501157,,2137.2646,,,1.0,1.0,2001.0,2001.0,0.97,35.0,,8.024278,5.551526,6.3397713,Matched (3),1.0,35.0,107.0,84.25249,84.25249,51.266434,234.49756,5.457445,2.7553124,1.7583135,677.5613,256.3032,0.37827307,0.0
0.98,0.98,2.10701,1.00469056e+06,30.0,13.360806,0.0,0.92729443,0.0,2.7796588,0.0,234.48346,0.0,1.0,51.264378,61.86031,51.264378,,51.264378,15.500846,,2137.136,,,1.0,1.0,2001.0,2001.0,0.98,35.0,,,,,Master only (1),1.0,35.0,107.0,84.25249,84.25249,51.266434,234.48346,5.457385,2.7553124,1.7583135,677.5613,256.3032,0.37827307,0.0
0.99,0.99,2.10701,1.00469056e+06,30.0,13.360547,0.0,0.9273845,0.0,2.7796507,0.0,234.46893,0.0,1.0,51.26226,61.841354,51.26226,,51.26226,15.500526,,2137.004,,,1.0,1.0,2001.0,2001.0,0.99,35.0,,7.236699,1.8756833,5.2983174,Matched (3),1.0,35.0,107.0,84.25249,84.25249,51.266434,234.46893,5.457323,2.7553124,1.7583135,677.5613,256.3032,0.37827307,0.0
1.0,1.0,2.10701,1.00469056e+06,30.0,13.360294,0.0,0.9274746,0.0,2.7796428,0.0,234.45477,0.0,1.0,51.260197,61.822407,51.260197,,51.260197,15.500215,,2136.8748,,,1.0,1.0,2001.0,2001.0,1.0,35.0,,,,,Master only (1),1.0,35.0,107.0,84.25249,84.25249,51.266434,234.45477,5.4572625,2.7553124,1.7583135,677.5613,256.3032,0.37827307,0.0
1.01,1.01,2.10701,1.00469056e+06,30.0,0.0,18.227936,0.0,1.2799039,0.0,1.2734567,0.0,606.223,2.0,68.2747,84.25169,,84.25169,84.25169,,26.732838,,0.02679788,3143.9688,1.0,0.0,0.0,2001.0,1.01,,107.0,,,,Matched (3),1.0,35.0,107.0,84.25249,84.25249,51.266434,606.223,6.407248,2.7553124,1.7583135,677.5613,256.3032,0.37827307,0.0
1.02,1.02,2.10701,1.00469056e+06,30.0,0.0,18.227911,0.0,1.2799673,0.0,1.2734561,0.0,606.22034,2.0,68.17788,84.25146,,84.25146,84.25146,,26.732796,,0.026797922,3143.9548,1.0,0.0,0.0,2001.0,1.02,,107.0,6.5960317,5.4979196,5.075174,Matched (3),1.0,35.0,107.0,84.25249,84.25249,51.266434,606.22034,6.4072437,2.7553124,1.7583135,677.5613,256.3032,0.37827307,0.0
1.03,1.03,2.10701,1.00469056e+06,30.0,0.0,18.227901,0.0,1.2800311,0.0,1.2734559,0.0,606.2193,2.0,68.08126,84.251366,,84.251366,84.251366,,26.732779,,0.02679794,3143.9495,1.0,0.0,0.0,2001.0,1.03,,107.0,6.824015,5.579387,5.3936276,Matched (3),1.0,35.0,107.0,84.25249,84.25249,51.266434,606.2193,6.407242,2.7553124,1.7583135,677.5613,256.3032,0.37827307,0.0
1.04,1.04,2.10701,1.00469056e+06,30.0,0.0,18.22787,0.0,1.2800944,0.0,1.2734551,0.0,606.21606,2.0,67.98477,84.251076,,84.251076,84.251076,,26.732727,,0.026797991,3143.9326,1.0,0.0,0.0,2001.0,1.04,,107.0,8.024278,2.1850128,6.3397713,Matched (3),1.0,35.0,107.0,84.25249,84.25249,51.266434,606.21606,6.4072366,2.7553124,1.7583135,677.5613,256.3032,0.37827307,0.0
1.05,1.05,2.10701,1.00469056e+06,30.0,13.359035,0.0,0.9279253,0.0,2.7796035,0.0,234.38423,0.0,1.0,51.249916,61.72777,51.249916,,51.249916,15.498659,,2136.232,,,1.0,1.0,2001.0,2001.0,1.05,35.0,,,,,Master only (1),1.0,35.0,107.0,84.25249,84.25249,51.266434,234.38423,5.4569616,2.7553124,1.7583135,677.5613,256.3032,0.37827307,0.0
1.06,1.06,2.10701,1.00469056e+06,30.0,13.183204,0.0,0.92617565,0.0,2.7740848,0.0,224.67989,0.0,1.0,49.82535,61.708878,49.82535,,49.82535,15.281737,,2047.7843,,,1.0,1.0,2001.0,2001.0,1.06,34.0,,,,,Master only (1),1.1,34.0,50.0,49.82535,40.1321,49.82535,224.67989,5.4146767,2.7254596,0.76572794,469.1151,348.72336,0.74336416,0.0
1.07,1.07,2.10701,1.00469056e+06,30.0,13.18294,0.0,0.9262655,0.0,2.7740765,0.0,224.66553,0.0,1.0,49.823227,61.68998,49.823227,,49.823227,15.281412,,2047.6533,,,1.0,1.0,2001.0,2001.0,1.07,34.0,,,,,Master only (1),1.1,34.0,50.0,49.82535,40.1321,49.82535,224.66553,5.414613,2.7254596,0.76572794,469.1151,348.72336,0.74336416,0.0
1.08,1.08,2.10701,1.00469056e+06,30.0,13.182683,0.0,0.92635536,0.0,2.7740684,0.0,224.65157,0.0,1.0,49.821163,61.671066,49.821163,,49.821163,15.2810955,,2047.5261,,,1.0,1.0,2001.0,2001.0,1.08,34.0,,,,,Master only (1),1.1,34.0,50.0,49.82535,40.1321,49.82535,224.65157,5.414551,2.7254596,0.76572794,469.1151,348.72336,0.74336416,0.0
1.09,1.09,2.10701,1.00469056e+06,30.0,13.182426,0.0,0.9264453,0.0,2.7740602,0.0,224.63762,0.0,1.0,49.8191,61.65218,49.8191,,49.8191,15.280779,,2047.3988,,,1.0,1.0,2001.0,2001.0,1.09,34.0,,,,,Master only (1),1.1,34.0,50.0,49.82535,40.1321,49.82535,224.63762,5.4144883,2.7254596,0.76572794,469.1151,348.72336,0.74336416,0.0
1.1,1.1,2.10701,1.00469056e+06,30.0,0.0,12.768381,0.0,1.1345098,0.0,1.1282871,0.0,192.04276,2.0,67.40859,40.1321,,40.1321,40.1321,,17.778591,,0.04029472,995.9642,1.0,0.0,0.0,2001.0,1.1,,50.0,6.759152,5.591107,5.353042,Matched (3),1.1,34.0,50.0,49.82535,40.1321,49.82535,192.04276,5.257718,2.7254596,0.76572794,469.1151,348.72336,0.74336416,0.0
1.11,1.11,2.10701,1.00469056e+06,30.0,13.181912,0.0,0.9266252,0.0,2.774044,0.0,224.60966,0.0,1.0,49.81497,61.614403,49.81497,,49.81497,15.280146,,2047.1443,,,1.0,1.0,2001.0,2001.0,1.11,34.0,,7.3566537,1.9472555,5.452468,Matched (3),1.1,34.0,50.0,49.82535,40.1321,49.82535,224.60966,5.414364,2.7254596,0.76572794,469.1151,348.72336,0.74336416,0.0
1.12,1.12,2.10701,1.00469056e+06,30.0,0.0,12.768175,0.0,1.134617,0.0,1.1282809,0.0,192.03275,2.0,67.21767,40.130753,,40.130753,40.130753,,17.778261,,0.040295467,995.91235,1.0,0.0,0.0,2001.0,1.12,,50.0,6.51311,2.1858997,4.241327,Matched (3),1.1,34.0,50.0,49.82535,40.1321,49.82535,192.03275,5.257666,2.7254596,0.76572794,469.1151,348.72336,0.74336416,0.0
1.13,1.13,2.10701,1.00469056e+06,30.0,13.181392,0.0,0.9268051,0.0,2.7740276,0.0,224.58134,0.0,1.0,49.81078,61.576675,49.81078,,49.81078,15.279503,,2046.886,,,1.0,1.0,2001.0,2001.0,1.13,34.0,,,,,Master only (1),1.1,34.0,50.0,49.82535,40.1321,49.82535,224.58134,5.414238,2.7254596,0.76572794,469.1151,348.72336,0.74336416,0.0
1.14,1.14,2.10701,1.00469056e+06,30.0,13.181142,0.0,0.9268951,0.0,2.7740197,0.0,224.56776,0.0,1.0,49.808773,61.55781,49.808773,,49.808773,15.279195,,2046.7623,,,1.0,1.0,2001.0,2001.0,1.14,34.0,,,,,Master only (1),1.1,34.0,50.0,49.82535,40.1321,49.82535,224.56776,5.4141774,2.7254596,0.76572794,469.1151,348.72336,0.74336416,0.0
1.15,1.15,2.10701,1.00469056e+06,30.0,0.0,12.767894,0.0,1.1347786,0.0,1.1282724,0.0,192.01907,2.0,66.93221,40.12891,,40.12891,40.12891,,17.777813,,0.040296484,995.8415,1.0,0.0,0.0,2001.0,1.15,,50.0,8.007705,2.1930962,6.3099184,Matched (3),1.1,34.0,50.0,49.82535,40.1321,49.82535,192.01907,5.2575946,2.7254596,0.76572794,469.1151,348.72336,0.74336416,0.0
1.16,1.16,2.10701,1.00469056e+06,30.0,0.0,13.988294,0.0,1.1706103,0.0,1.1638404,0.0,257.84946,2.0,66.83732,48.53467,,48.53467,48.53467,,19.738104,,0.036294438,1337.2482,1.0,0.0,0.0,2001.0,1.16,,61.0,,,,Master only (1),1.2,,61.0,48.53467,48.53467,,257.84946,5.552376,2.2444868,0.90342706,436.79388,0.0,0.0,1.0
1.17,1.17,2.10701,1.00469056e+06,30.0,0.0,13.988243,0.0,1.1706674,0.0,1.163839,0.0,257.84647,2.0,66.74262,48.534306,,48.534306,48.534306,,19.738022,,0.036294587,1337.2327,1.0,0.0,0.0,2001.0,1.17,,61.0,6.2394257,4.981292,4.959342,Matched (3),1.2,,61.0,48.53467,48.53467,,257.84647,5.5523643,2.2444868,0.90342706,436.79388,0.0,0.0,1.0
1.18,1.18,2.10701,1.00469056e+06,30.0,0.0,13.988163,0.0,1.1707237,0.0,1.1638367,0.0,257.8417,2.0,66.64804,48.533726,,48.533726,48.533726,,19.737892,,0.036294825,1337.2079,1.0,0.0,0.0,2001.0,1.18,,61.0,,,,Master only (1),1.2,,61.0,48.53467,48.53467,,257.8417,5.5523458,2.2444868,0.90342706,436.79388,0.0,0.0,1.0
1.19,1.19,2.10701,1.00469056e+06,30.0,0.0,13.988078,0.0,1.1707798,0.0,1.1638343,0.0,257.83664,2.0,66.55352,48.533115,,48.533115,48.533115,,19.737757,,0.036295075,1337.1819,1.0,0.0,0.0,2001.0,1.19,,61.0,5.9779415,5.2240944,4.276666,Matched (3),1.2,,61.0,48.53467,48.53467,,257.83664,5.552326,2.2444868,0.90342706,436.79388,0.0,0.0,1.0
1.2,1.2,2.10701,1.00469056e+06,30.0,0.0,13.988019,0.0,1.1708367,0.0,1.1638327,0.0,257.83313,2.0,66.45919,48.53269,,48.53269,48.53269,,19.73766,,0.036295254,1337.1635,1.0,0.0,0.0,2001.0,1.2,,61.0,,,,Master only (1),1.2,,61.0,48.53467,48.53467,,257.83313,5.5523124,2.2444868,0.90342706,436.79388,0.0,0.0,1.0
1.21,1.21,2.10701,1.00469056e+06,30.0,0.0,13.987939,0.0,1.170893,0.0,1.1638304,0.0,257.82837,2.0,66.36499,48.53211,,48.53211,48.53211,,19.73753,,0.036295492,1337.1387,1.0,0.0,0.0,2001.0,1.21,,61.0,,,,Master only (1),1.2,,61.0,48.53467,48.53467,,257.82837,5.5522943,2.2444868,0.90342706,436.79388,0.0,0.0,1.0
1.22,1.22,2.10701,1.00469056e+06,30.0,0.0,13.987876,0.0,1.1709497,0.0,1.1638286,0.0,257.82462,2.0,66.27091,48.531654,,48.531654,48.531654,,19.737429,,0.03629568,1337.1194,1.0,0.0,0.0,2001.0,1.22,,61.0,6.3448086,5.317926,4.841559,Matched (3),1.2,,61.0,48.53467,48.53467,,257.82462,5.5522795,2.2444868,0.90342706,436.79388,0.0,0.0,1.0
1.23,1.23,2.10701,1.00469056e+06,30.0,0.0,13.987804,0.0,1.1710062,0.0,1.1638266,0.0,257.82034,2.0,66.17704,48.531136,,48.531136,48.531136,,19.737312,,0.03629589,1337.0973,1.0,0.0,0.0,2001.0,1.23,,61.0,7.071012,5.578937,5.8289456,Matched (3),1.2,,61.0,48.53467,48.53467,,257.82034,5.552263,2.2444868,0.90342706,436.79388,0.0,0.0,1.0
1.24,1.24,2.10701,1.00469056e+06,30.0,0.0,13.987716,0.0,1.1710622,0.0,1.1638241,0.0,257.81506,2.0,66.083206,48.530495,,48.530495,48.530495,,19.73717,,0.036296155,1337.0698,1.0,0.0,0.0,2001.0,1.24,,61.0,,,,Master only (1),1.2,,61.0,48.53467,48.53467,,257.81506,5.5522428,2.2444868,0.90342706,436.79388,0.0,0.0,1.0
1.25,1.25,2.10701,1.00469056e+06,30.0,0.0,15.59456,0.0,1.2152303,0.0,1.2076589,0.0,366.27725,2.0,65.9895,60.86994,,60.86994,60.86994,,22.35622,,0.032044027,1899.5721,1.0,0.0,0.0,2001.0,1.25,,77.0,6.5584865,5.3331165,5.2983174,Matched (3),1.3,,77.0,60.86994,60.86994,,366.27725,5.9033904,2.2444868,1.2544416,608.68146,0.0,0.0,1.0
1.26,1.26,2.10701,1.00469056e+06,30.0,0.0,15.594514,0.0,1.21529,0.0,1.2076577,0.0,366.2738,2.0,65.89599,60.869568,,60.869568,60.869568,,22.356144,,0.03204414,1899.5538,1.0,0.0,0.0,2001.0,1.26,,77.0,6.927963,5.2937675,5.2983174,Matched (3),1.3,,77.0,60.86994,60.86994,,366.2738,5.9033813,2.2444868,1.2544416,608.68146,0.0,0.0,1.0
1.27,1.27,2.10701,1.00469056e+06,30.0,0.0,15.594455,0.0,1.2153492,0.0,1.2076561,0.0,366.26932,2.0,65.8026,60.869087,,60.869087,60.869087,,22.356047,,0.032044277,1899.5308,1.0,0.0,0.0,2001.0,1.27,,77.0,6.572139,5.3866653,5.2983174,Matched (3),1.3,,77.0,60.86994,60.86994,,366.26932,5.903369,2.2444868,1.2544416,608.68146,0.0,0.0,1.0
1.28,1.28,2.10701,1.00469056e+06,30.0,0.0,15.594405,0.0,1.2154086,0.0,1.2076548,0.0,366.26553,2.0,65.70934,60.868683,,60.868683,60.868683,,22.355967,,0.032044392,1899.5112,1.0,0.0,0.0,2001.0,1.28,,77.0,7.071012,5.578937,5.8289456,Matched (3),1.3,,77.0,60.86994,60.86994,,366.26553,5.9033585,2.2444868,1.2544416,608.68146,0.0,0.0,1.0
1.29,1.29,2.10701,1.00469056e+06,30.0,0.0,15.594374,0.0,1.2154685,0.0,1.207654,0.0,366.26315,2.0,65.6162,60.868427,,60.868427,60.868427,,22.355915,,0.032044467,1899.4989,1.0,0.0,0.0,2001.0,1.29,,77.0,,,,Master only (1),1.3,,77.0,60.86994,60.86994,,366.26315,5.9033523,2.2444868,1.2544416,608.68146,0.0,0.0,1.0
1.3,1.3,2.10701,1.00469056e+06,30.0,0.0,15.59431,0.0,1.2155277,0.0,1.2076523,0.0,366.2583,2.0,65.52318,60.86791,,60.86791,60.86791,,22.35581,,0.032044616,1899.4739,1.0,0.0,0.0,2001.0,1.3,,77.0,,,,Master only (1),1.3,,77.0,60.86994,60.86994,,366.2583,5.903339,2.2444868,1.2544416,608.68146,0.0,0.0,1.0
1.31,1.31,2.10701,1.00469056e+06,30.0,0.0,15.594274,0.0,1.2155875,0.0,1.2076514,0.0,366.25555,2.0,65.43028,60.867615,,60.867615,60.867615,,22.35575,,0.032044705,1899.4594,1.0,0.0,0.0,2001.0,1.31,,77.0,,,,Master only (1),1.3,,77.0,60.86994,60.86994,,366.25555,5.9033313,2.2444868,1.2544416,608.68146,0.0,0.0,1.0
1.32,1.32,2.10701,1.00469056e+06,30.0,0.0,15.594211,0.0,1.2156465,0.0,1.2076497,0.0,366.2508,2.0,65.33759,60.867104,,60.867104,60.867104,,22.355646,,0.03204485,1899.4348,1.0,0.0,0.0,2001.0,1.32,,77.0,6.0556126,5.2680306,4.3820267,Matched (3),1.3,,77.0,60.86994,60.86994,,366.2508,5.9033184,2.2444868,1.2544416,608.68146,0.0,0.0,1.0
1.33,1.33,2.10701,1.00469056e+06,30.0,0.0,15.594165,0.0,1.2157061,0.0,1.2076485,0.0,366.2473,2.0,65.24494,60.86673,,60.86673,60.86673,,22.355572,,0.03204496,1899.4167,1.0,0.0,0.0,2001.0,1.33,,77.0,6.001144,5.32048,4.3201513,Matched (3),1.3,,77.0,60.86994,60.86994,,366.2473,5.903309,2.2444868,1.2544416,608.68146,0.0,0.0,1.0
1.34,1.34,2.10701,1.00469056e+06,30.0,0.0,15.594125,0.0,1.2157658,0.0,1.2076474,0.0,366.2443,2.0,65.15248,60.866405,,60.866405,60.866405,,22.355505,,0.032045055,1899.4009,1.0,0.0,0.0,2001.0,1.34,,77.0,6.4170866,5.399252,4.9359117,Matched (3),1.3,,77.0,60.86994,60.86994,,366.2443,5.903301,2.2444868,1.2544416,608.68146,0.0,0.0,1.0
1.35,1.35,2.10701,1.00469056e+06,30.0,0.0,15.689037,0.0,1.2183377,0.0,1.2101415,0.0,373.49142,2.0,65.06015,61.64074,,61.64074,61.64074,,22.511482,,0.03182302,1936.9858,1.0,0.0,0.0,2001.0,1.35,,78.0,6.739129,5.544576,5.4049273,Matched (3),1.4,,78.0,61.64074,61.64074,,373.49142,5.922895,1.8204684,1.2739462,616.39014,0.0,0.0,1.0
1.36,1.36,2.10701,1.00469056e+06,30.0,0.0,15.688978,0.0,1.218397,0.0,1.21014,0.0,373.48688,2.0,64.96786,61.640255,,61.640255,61.640255,,22.511385,,0.03182316,1936.9622,1.0,0.0,0.0,2001.0,1.36,,78.0,6.2876205,5.000637,5.0106354,Matched (3),1.4,,78.0,61.64074,61.64074,,373.48688,5.922883,1.8204684,1.2739462,616.39014,0.0,0.0,1.0
1.37,1.37,2.10701,1.00469056e+06,30.0,0.0,15.688942,0.0,1.218457,0.0,1.210139,0.0,373.4841,2.0,64.87584,61.639957,,61.639957,61.639957,,22.511326,,0.03182324,1936.9479,1.0,0.0,0.0,2001.0,1.37,,78.0,6.0625396,5.3301687,4.3820267,Matched (3),1.4,,78.0,61.64074,61.64074,,373.4841,5.9228754,1.8204684,1.2739462,616.39014,0.0,0.0,1.0
1.38,1.38,2.10701,1.00469056e+06,30.0,0.0,15.688888,0.0,1.2185165,0.0,1.2101376,0.0,373.47992,2.0,64.783875,61.639515,,61.639515,61.639515,,22.511236,,0.031823367,1936.9263,1.0,0.0,0.0,2001.0,1.38,,78.0,6.3064995,5.4379463,4.9416423,Matched (3),1.4,,78.0,61.64074,61.64074,,373.47992,5.9228644,1.8204684,1.2739462,616.39014,0.0,0.0,1.0
1.39,1.39,2.10701,1.00469056e+06,30.0,0.0,15.688842,0.0,1.2185762,0.0,1.2101364,0.0,373.4764,2.0,64.692024,61.639137,,61.639137,61.639137,,22.511162,,0.031823475,1936.9078,1.0,0.0,0.0,2001.0,1.39,,78.0,6.292431,5.11068,4.9416423,Matched (3),1.4,,78.0,61.64074,61.64074,,373.4764,5.922855,1.8204684,1.2739462,616.39014,0.0,0.0,1.0
1.4,1.4,2.10701,1.00469056e+06,30.0,0.0,15.688792,0.0,1.2186358,0.0,1.2101351,0.0,373.4726,2.0,64.60029,61.638733,,61.638733,61.638733,,22.51108,,0.03182359,1936.8881,1.0,0.0,0.0,2001.0,1.4,,78.0,6.739129,5.544576,5.4049273,Matched (3),1.4,,78.0,61.64074,61.64074,,373.4726,5.9228444,1.8204684,1.2739462,616.39014,0.0,0.0,1.0
1.41,1.41,2.10701,1.00469056e+06,30.0,0.0,15.688746,0.0,1.2186955,0.0,1.2101339,0.0,373.4691,2.0,64.508766,61.63836,,61.63836,61.63836,,22.511003,,0.0318237,1936.8698,1.0,0.0,0.0,2001.0,1.41,,78.0,6.3064995,5.1628075,4.9416423,Matched (3),1.4,,78.0,61.64074,61.64074,,373.4691,5.9228354,1.8204684,1.2739462,616.39014,0.0,0.0,1.0
1.42,1.42,2.10701,1.00469056e+06,30.0,0.0,15.68872,0.0,1.2187557,0.0,1.2101332,0.0,373.467,2.0,64.41734,61.63814,,61.63814,61.63814,,22.51096,,0.031823758,1936.8593,1.0,0.0,0.0,2001.0,1.42,,78.0,6.2581615,5.016435,4.9416423,Matched (3),1.4,,78.0,61.64074,61.64074,,373.467,5.9228296,1.8204684,1.2739462,616.39014,0.0,0.0,1.0
1.43,1.43,2.10701,1.00469056e+06,30.0,0.0,15.688687,0.0,1.2188158,0.0,1.2101324,0.0,373.46454,2.0,64.32605,61.637875,,61.637875,61.637875,,22.510906,,0.031823836,1936.8462,1.0,0.0,0.0,2001.0,1.43,,78.0,,,,Master only (1),1.4,,78.0,61.64074,61.64074,,373.46454,5.922823,1.8204684,1.2739462,616.39014,0.0,0.0,1.0
1.44,1.44,2.10701,1.00469056e+06,30.0,0.0,15.688633,0.0,1.2188753,0.0,1.2101309,0.0,373.46036,2.0,64.2348,61.63743,,61.63743,61.63743,,22.510818,,0.03182396,1936.8246,1.0,0.0,0.0,2001.0,1.44,,78.0,,,,Master only (1),1.4,,78.0,61.64074,61.64074,,373.46036,5.922812,1.8204684,1.2739462,616.39014,0.0,0.0,1.0
1.45,1.45,2.10701,1.00469056e+06,30.0,0.0,12.880736,0.0,1.1398872,0.0,1.131653,0.0,197.55336,2.0,64.14382,40.87132,,40.87132,40.87132,,17.957962,,0.03989224,1024.5431,1.0,0.0,0.0,2001.0,1.45,,51.0,6.338422,5.41626,4.8202815,Matched (3),1.5,70.0,51.0,101.425896,40.87132,101.425896,197.55336,5.286009,2.0503306,1.8319348,631.2165,304.271,0.48203903,0.0
1.46,1.46,2.10701,1.00469056e+06,30.0,18.412352,0.0,0.9776733,0.0,2.916641,0.0,652.54724,0.0,1.0,101.425896,60.957245,101.425896,,101.425896,21.803288,,5947.4653,,,1.0,1.0,2001.0,2001.0,1.46,70.0,,,,,Master only (1),1.5,70.0,51.0,101.425896,40.87132,101.425896,652.54724,6.4808836,2.0503306,1.8319348,631.2165,304.271,0.48203903,0.0
1.47,1.47,2.10701,1.00469056e+06,30.0,0.0,12.8805485,0.0,1.1399956,0.0,1.1316473,0.0,197.54405,2.0,63.962082,40.87008,,40.87008,40.87008,,17.957663,,0.03989291,1024.4949,1.0,0.0,0.0,2001.0,1.47,,51.0,6.486728,5.4241695,5.1357985,Matched (3),1.5,70.0,51.0,101.425896,40.87132,101.425896,197.54405,5.2859616,2.0503306,1.8319348,631.2165,304.271,0.48203903,0.0
1.48,1.48,2.10701,1.00469056e+06,30.0,0.0,12.880449,0.0,1.1400496,0.0,1.1316444,0.0,197.53914,2.0,63.87145,40.869423,,40.869423,40.869423,,17.957504,,0.03989326,1024.4694,1.0,0.0,0.0,2001.0,1.48,,51.0,6.2911553,5.249266,4.9416423,Matched (3),1.5,70.0,51.0,101.425896,40.87132,101.425896,197.53914,5.285937,2.0503306,1.8319348,631.2165,304.271,0.48203903,0.0
1.49,1.49,2.10701,1.00469056e+06,30.0,0.0,12.880365,0.0,1.140104,0.0,1.1316419,0.0,197.53499,2.0,63.780876,40.868866,,40.868866,40.868866,,17.957369,,0.03989356,1024.4478,1.0,0.0,0.0,2001.0,1.49,,51.0,6.39081,4.530625,5.115996,Matched (3),1.5,70.0,51.0,101.425896,40.87132,101.425896,197.53499,5.285916,2.0503306,1.8319348,631.2165,304.271,0.48203903,0.0
1.5,1.5,2.10701,1.00469056e+06,30.0,0.0,12.880278,0.0,1.1401584,0.0,1.1316392,0.0,197.53064,2.0,63.690495,40.868286,,40.868286,40.868286,,17.95723,,0.03989387,1024.4252,1.0,0.0,0.0,2001.0,1.5,,51.0,6.3516107,1.845225,4.0253515,Matched (3),1.5,70.0,51.0,101.425896,40.87132,101.425896,197.53064,5.285894,2.0503306,1.8319348,631.2165,304.271,0.48203903,0.0
1.51,1.51,2.10701,1.00469056e+06,30.0,18.41209,0.0,0.9781602,0.0,2.9166348,0.0,652.5177,0.0,1.0,101.42284,60.86394,101.42284,,101.42284,21.80296,,5947.197,,,1.0,1.0,2001.0,2001.0,1.51,70.0,,6.3073983,5.4454107,4.9416423,Matched (3),1.5,70.0,51.0,101.425896,40.87132,101.425896,652.5177,6.4808383,2.0503306,1.8319348,631.2165,304.271,0.48203903,0.0
1.52,1.52,2.10701,1.00469056e+06,30.0,18.41204,0.0,0.9782576,0.0,2.9166336,0.0,652.5121,0.0,1.0,101.42226,60.845287,101.42226,,101.42226,21.802896,,5947.1455,,,1.0,1.0,2001.0,2001.0,1.52,70.0,,6.908176,5.6450515,5.6347895,Matched (3),1.5,70.0,51.0,101.425896,40.87132,101.425896,652.5121,6.4808297,2.0503306,1.8319348,631.2165,304.271,0.48203903,0.0
1.53,1.53,2.10701,1.00469056e+06,30.0,0.0,12.879998,0.0,1.140321,0.0,1.1316309,0.0,197.5168,2.0,63.42005,40.86644,,40.86644,40.86644,,17.956783,,0.03989486,1024.3535,1.0,0.0,0.0,2001.0,1.53,,51.0,6.3073983,5.287003,4.9416423,Matched (3),1.5,70.0,51.0,101.425896,40.87132,101.425896,197.5168,5.285824,2.0503306,1.8319348,631.2165,304.271,0.48203903,0.0
1.54,1.54,2.10701,1.00469056e+06,30.0,0.0,12.87991,0.0,1.1403755,0.0,1.1316283,0.0,197.51247,2.0,63.330147,40.86586,,40.86586,40.86586,,17.956642,,0.039895173,1024.3309,1.0,0.0,0.0,2001.0,1.54,,51.0,6.39081,5.249266,5.115996,Matched (3),1.5,70.0,51.0,101.425896,40.87132,101.425896,197.51247,5.285802,2.0503306,1.8319348,631.2165,304.271,0.48203903,0.0
1.55,1.55,2.10701,1.00469056e+06,30.0,0.0,12.879814,0.0,1.1404296,0.0,1.1316254,0.0,197.50769,2.0,63.240353,40.865223,,40.865223,40.865223,,17.95649,,0.039895512,1024.3063,1.0,0.0,0.0,2001.0,1.55,,51.0,6.343243,2.1903634,4.0253515,Matched (3),1.5,70.0,51.0,101.425896,40.87132,101.425896,197.50769,5.2857776,2.0503306,1.8319348,631.2165,304.271,0.48203903,0.0
1.56,1.56,2.10701,1.00469056e+06,30.0,0.0,12.647155,0.0,1.1334399,0.0,1.1246334,0.0,186.21706,2.0,63.150753,39.34238,,39.34238,39.34238,,17.585314,,0.04073759,965.7513,1.0,0.0,0.0,2001.0,1.56,,49.0,6.2519746,5.4454107,4.7004805,Matched (3),1.6,58.0,49.0,84.123116,39.34238,84.123116,186.21706,5.226913,2.3557124,1.5513643,662.07574,504.71265,0.7623186,0.0
1.57,1.57,2.10701,1.00469056e+06,30.0,16.862793,0.0,0.9659275,0.0,2.8784323,0.0,492.90326,0.0,1.0,84.123116,60.752155,84.123116,,84.123116,19.856615,,4492.4336,,,1.0,1.0,2001.0,2001.0,1.57,58.0,,,,,Matched (3),1.6,58.0,49.0,84.123116,39.34238,84.123116,492.90326,6.200313,2.3557124,1.5513643,662.07574,504.71265,0.7623186,0.0
1.58,1.58,2.10701,1.00469056e+06,30.0,0.0,12.646957,0.0,1.1335472,0.0,1.1246275,0.0,186.20767,2.0,62.971836,39.3411,,39.3411,39.3411,,17.585,,0.04073832,965.7025,1.0,0.0,0.0,2001.0,1.58,,49.0,6.43458,5.418489,4.9698133,Matched (3),1.6,58.0,49.0,84.123116,39.34238,84.123116,186.20767,5.2268624,2.3557124,1.5513643,662.07574,504.71265,0.7623186,0.0
1.59,1.59,2.10701,1.00469056e+06,30.0,0.0,12.646863,0.0,1.1336011,0.0,1.1246246,0.0,186.20319,2.0,62.882584,39.34049,,39.34049,39.34049,,17.584848,,0.040738672,965.6792,1.0,0.0,0.0,2001.0,1.59,,49.0,6.9373226,5.682778,5.6813097,Matched (3),1.6,58.0,49.0,84.123116,39.34238,84.123116,186.20319,5.2268386,2.3557124,1.5513643,662.07574,504.71265,0.7623186,0.0
1.6,1.6,2.10701,1.00469056e+06,30.0,16.862534,0.0,0.9662151,0.0,2.8784256,0.0,492.87906,0.0,1.0,84.12036,60.69636,84.12036,,84.12036,19.85629,,4492.213,,,1.0,1.0,2001.0,2001.0,1.6,58.0,,,,,Master only (1),1.6,58.0,49.0,84.123116,39.34238,84.123116,492.87906,6.200264,2.3557124,1.5513643,662.07574,504.71265,0.7623186,0.0
1.61,1.61,2.10701,1.00469056e+06,30.0,0.0,12.646654,0.0,1.133708,0.0,1.1246183,0.0,186.19325,2.0,62.704433,39.339134,,39.339134,39.339134,,17.584517,,0.04073944,965.62775,1.0,0.0,0.0,2001.0,1.61,,49.0,6.373551,2.1903634,4.0253515,Matched (3),1.6,58.0,49.0,84.123116,39.34238,84.123116,186.19325,5.226785,2.3557124,1.5513643,662.07574,504.71265,0.7623186,0.0
1.62,1.62,2.10701,1.00469056e+06,30.0,16.862366,0.0,0.9664069,0.0,2.8784213,0.0,492.8634,0.0,1.0,84.11858,60.659164,84.11858,,84.11858,19.856081,,4492.071,,,1.0,1.0,2001.0,2001.0,1.62,58.0,,6.543328,5.4876184,5.192957,Matched (3),1.6,58.0,49.0,84.123116,39.34238,84.123116,492.8634,6.200232,2.3557124,1.5513643,662.07574,504.71265,0.7623186,0.0
1.63,1.63,2.10701,1.00469056e+06,30.0,16.862282,0.0,0.96650285,0.0,2.8784192,0.0,492.85556,0.0,1.0,84.11769,60.640587,84.11769,,84.11769,19.855976,,4491.9995,,,1.0,1.0,2001.0,2001.0,1.63,58.0,,7.137424,5.6719007,5.9401712,Matched (3),1.6,58.0,49.0,84.123116,39.34238,84.123116,492.85556,6.2002163,2.3557124,1.5513643,662.07574,504.71265,0.7623186,0.0
1.64,1.64,2.10701,1.00469056e+06,30.0,16.862207,0.0,0.9665988,0.0,2.8784173,0.0,492.84863,0.0,1.0,84.1169,60.622005,84.1169,,84.1169,19.855883,,4491.9355,,,1.0,1.0,2001.0,2001.0,1.64,58.0,,,,,Master only (1),1.6,58.0,49.0,84.123116,39.34238,84.123116,492.84863,6.200202,2.3557124,1.5513643,662.07574,504.71265,0.7623186,0.0
1.65,1.65,2.10701,1.00469056e+06,30.0,16.862123,0.0,0.9666948,0.0,2.878415,0.0,492.84082,0.0,1.0,84.11601,60.60344,84.11601,,84.11601,19.855778,,4491.8647,,,1.0,1.0,2001.0,2001.0,1.65,58.0,,6.543328,5.4876184,5.192957,Matched (3),1.6,58.0,49.0,84.123116,39.34238,84.123116,492.84082,6.2001863,2.3557124,1.5513643,662.07574,504.71265,0.7623186,0.0
1.66,1.66,2.10701,1.00469056e+06,30.0,17.65538,0.0,0.9734811,0.0,2.898332,0.0,570.7214,0.0,1.0,92.75919,60.58487,92.75919,,92.75919,20.85096,,5201.6855,,,1.0,1.0,2001.0,2001.0,1.66,64.0,,,,,Master only (1),1.7,64.0,48.0,92.75919,38.575027,92.75919,570.7214,6.346901,2.5247889,1.6979522,455.52408,185.51297,0.40725175,0.0
1.67,1.67,2.10701,1.00469056e+06,30.0,0.0,12.528144,0.0,1.1304238,0.0,1.121024,0.0,180.61765,2.0,62.173023,38.575027,,38.575027,38.575027,,17.395832,,0.041181322,936.71173,1.0,0.0,0.0,2001.0,1.67,,48.0,6.373551,1.8707436,4.0253515,Matched (3),1.7,64.0,48.0,92.75919,38.575027,92.75919,180.61765,5.1963825,2.5247889,1.6979522,455.52408,185.51297,0.40725175,0.0
1.68,1.68,2.10701,1.00469056e+06,30.0,0.0,12.528038,0.0,1.1304771,0.0,1.1210208,0.0,180.61272,2.0,62.084904,38.57435,,38.57435,38.57435,,17.395664,,0.04118172,936.68616,1.0,0.0,0.0,2001.0,1.68,,48.0,5.872962,5.248846,4.158883,Matched (3),1.7,64.0,48.0,92.75919,38.575027,92.75919,180.61272,5.196355,2.5247889,1.6979522,455.52408,185.51297,0.40725175,0.0
1.69,1.69,2.10701,1.00469056e+06,30.0,0.0,12.527936,0.0,1.1305305,0.0,1.1210177,0.0,180.60797,2.0,61.99696,38.573692,,38.573692,38.573692,,17.395502,,0.041182104,936.6615,1.0,0.0,0.0,2001.0,1.69,,48.0,6.0656033,5.376301,4.477337,Matched (3),1.7,64.0,48.0,92.75919,38.575027,92.75919,180.60797,5.1963286,2.5247889,1.6979522,455.52408,185.51297,0.40725175,0.0
1.7,1.7,2.10701,1.00469056e+06,30.0,0.0,12.527826,0.0,1.1305836,0.0,1.1210144,0.0,180.60286,2.0,61.909065,38.57299,,38.57299,38.57299,,17.395327,,0.041182518,936.6351,1.0,0.0,0.0,2001.0,1.7,,48.0,6.3425374,5.366122,4.804021,Matched (3),1.7,64.0,48.0,92.75919,38.575027,92.75919,180.60286,5.1963005,2.5247889,1.6979522,455.52408,185.51297,0.40725175,0.0
1.71,1.71,2.10701,1.00469056e+06,30.0,0.0,12.527733,0.0,1.1306373,0.0,1.1210115,0.0,180.59851,2.0,61.821285,38.57239,,38.57239,38.57239,,17.395178,,0.041182872,936.6125,1.0,0.0,0.0,2001.0,1.71,,48.0,7.137424,5.6719007,5.9401712,Matched (3),1.7,64.0,48.0,92.75919,38.575027,92.75919,180.59851,5.196276,2.5247889,1.6979522,455.52408,185.51297,0.40725175,0.0
1.72,1.72,2.10701,1.00469056e+06,30.0,0.0,12.527615,0.0,1.1306902,0.0,1.1210079,0.0,180.593,2.0,61.73369,38.571632,,38.571632,38.571632,,17.39499,,0.04118331,936.58405,1.0,0.0,0.0,2001.0,1.72,,48.0,6.5928044,5.5982804,5.185522,Matched (3),1.7,64.0,48.0,92.75919,38.575027,92.75919,180.593,5.1962457,2.5247889,1.6979522,455.52408,185.51297,0.40725175,0.0
1.73,1.73,2.10701,1.00469056e+06,30.0,0.0,12.527517,0.0,1.1307437,0.0,1.1210049,0.0,180.58849,2.0,61.64614,38.571007,,38.571007,38.571007,,17.394836,,0.04118368,936.5605,1.0,0.0,0.0,2001.0,1.73,,48.0,5.795065,5.1523514,4.0253515,Matched (3),1.7,64.0,48.0,92.75919,38.575027,92.75919,180.58849,5.196221,2.5247889,1.6979522,455.52408,185.51297,0.40725175,0.0
1.74,1.74,2.10701,1.00469056e+06,30.0,17.654896,0.0,0.97425616,0.0,2.8983202,0.0,570.6714,0.0,1.0,92.753784,60.436565,92.753784,,92.753784,20.850351,,5201.2305,,,1.0,1.0,2001.0,2001.0,1.74,64.0,,7.26114,5.7516994,6.1092477,Matched (3),1.7,64.0,48.0,92.75919,38.575027,92.75919,570.6714,6.3468137,2.5247889,1.6979522,455.52408,185.51297,0.40725175,0.0
1.75,1.75,2.10701,1.00469056e+06,30.0,14.188961,0.0,0.9429299,0.0,2.804847,0.0,284.0974,0.0,1.0,58.262047,60.418064,58.262047,,58.262047,16.524961,,2589.3293,,,1.0,1.0,2001.0,2001.0,1.75,40.0,,6.3739185,5.2647643,4.9416423,Matched (3),1.8,40.0,56.0,58.262047,44.66783,58.262047,284.0974,5.6493173,2.0968509,1.0003685,541.8021,407.80096,0.7526751,0.0
1.76,1.76,2.10701,1.00469056e+06,30.0,14.188792,0.0,0.94302255,0.0,2.804842,0.0,284.08664,0.0,1.0,58.260574,60.399544,58.260574,,58.260574,16.524752,,2589.231,,,1.0,1.0,2001.0,2001.0,1.76,40.0,,,,,Master only (1),1.8,40.0,56.0,58.262047,44.66783,58.262047,284.08664,5.649279,2.0968509,1.0003685,541.8021,407.80096,0.7526751,0.0
1.77,1.77,2.10701,1.00469056e+06,30.0,14.188631,0.0,0.94311523,0.0,2.8048372,0.0,284.07632,0.0,1.0,58.259167,60.381054,58.259167,,58.259167,16.524551,,2589.137,,,1.0,1.0,2001.0,2001.0,1.77,40.0,,,,,Master only (1),1.8,40.0,56.0,58.262047,44.66783,58.262047,284.07632,5.649243,2.0968509,1.0003685,541.8021,407.80096,0.7526751,0.0
1.78,1.78,2.10701,1.00469056e+06,30.0,14.188462,0.0,0.94320786,0.0,2.8048322,0.0,284.06555,0.0,1.0,58.25769,60.362545,58.25769,,58.25769,16.524343,,2589.0388,,,1.0,1.0,2001.0,2001.0,1.78,40.0,,,,,Master only (1),1.8,40.0,56.0,58.262047,44.66783,58.262047,284.06555,5.649205,2.0968509,1.0003685,541.8021,407.80096,0.7526751,0.0
1.79,1.79,2.10701,1.00469056e+06,30.0,14.188293,0.0,0.94330055,0.0,2.8048272,0.0,284.05475,0.0,1.0,58.256214,60.34406,58.256214,,58.256214,16.524134,,2588.9404,,,1.0,1.0,2001.0,2001.0,1.79,40.0,,,,,Master only (1),1.8,40.0,56.0,58.262047,44.66783,58.262047,284.05475,5.649167,2.0968509,1.0003685,541.8021,407.80096,0.7526751,0.0
1.8,1.8,2.10701,1.00469056e+06,30.0,14.188132,0.0,0.94339323,0.0,2.8048224,0.0,284.04446,0.0,1.0,58.254807,60.32559,58.254807,,58.254807,16.523933,,2588.8464,,,1.0,1.0,2001.0,2001.0,1.8,40.0,,,,,Master only (1),1.8,40.0,56.0,58.262047,44.66783,58.262047,284.04446,5.649131,2.0968509,1.0003685,541.8021,407.80096,0.7526751,0.0
1.81,1.81,2.10701,1.00469056e+06,30.0,0.0,13.441795,0.0,1.1586154,0.0,1.1481771,0.0,226.7136,2.0,60.95059,44.66783,,44.66783,44.66783,,18.85706,,0.037990194,1175.7727,1.0,0.0,0.0,2001.0,1.81,,56.0,,,,Matched (3),1.8,40.0,56.0,58.262047,44.66783,58.262047,226.7136,5.4236875,2.0968509,1.0003685,541.8021,407.80096,0.7526751,0.0
1.82,1.82,2.10701,1.00469056e+06,30.0,0.0,13.441701,0.0,1.1586704,0.0,1.1481744,0.0,226.70845,2.0,60.86421,44.66718,,44.66718,44.66718,,18.856907,,0.037990503,1175.746,1.0,0.0,0.0,2001.0,1.82,,56.0,6.5928044,5.5982804,5.185522,Matched (3),1.8,40.0,56.0,58.262047,44.66783,58.262047,226.70845,5.423665,2.0968509,1.0003685,541.8021,407.80096,0.7526751,0.0
1.83,1.83,2.10701,1.00469056e+06,30.0,14.187634,0.0,0.94367135,0.0,2.8048077,0.0,284.01266,0.0,1.0,58.250458,60.270164,58.250458,,58.250458,16.523317,,2588.5566,,,1.0,1.0,2001.0,2001.0,1.83,40.0,,6.9303036,5.7044826,5.6813097,Matched (3),1.8,40.0,56.0,58.262047,44.66783,58.262047,284.01266,5.649019,2.0968509,1.0003685,541.8021,407.80096,0.7526751,0.0
1.84,1.84,2.10701,1.00469056e+06,30.0,0.0,13.441553,0.0,1.158782,0.0,1.1481701,0.0,226.70041,2.0,60.69179,44.666157,,44.666157,44.666157,,18.85667,,0.03799098,1175.7042,1.0,0.0,0.0,2001.0,1.84,,56.0,4.6566143,4.586589,2.6912432,Matched (3),1.8,40.0,56.0,58.262047,44.66783,58.262047,226.70041,5.4236293,2.0968509,1.0003685,541.8021,407.80096,0.7526751,0.0
1.85,1.85,2.10701,1.00469056e+06,30.0,0.0,12.991859,0.0,1.1455101,0.0,1.1349629,0.0,203.10995,2.0,60.605743,41.609337,,41.609337,41.609337,,18.135592,,0.039501518,1053.3605,1.0,0.0,0.0,2001.0,1.85,,52.0,7.26114,5.7516994,6.1092477,Matched (3),1.9,16.0,52.0,41.609337,41.609337,24.253082,203.10995,5.3137474,2.5247889,0.6647987,329.27142,121.23679,0.36819714,0.0
1.86,1.86,2.10701,1.00469056e+06,30.0,0.0,12.991787,0.0,1.1455652,0.0,1.1349608,0.0,203.10631,2.0,60.519825,41.608852,,41.608852,41.608852,,18.135475,,0.03950177,1053.3414,1.0,0.0,0.0,2001.0,1.86,,52.0,6.562333,5.605153,5.159055,Matched (3),1.9,16.0,52.0,41.609337,41.609337,24.253082,203.10631,5.31373,2.5247889,0.6647987,329.27142,121.23679,0.36819714,0.0
1.87,1.87,2.10701,1.00469056e+06,30.0,0.0,12.991683,0.0,1.1456193,0.0,1.1349577,0.0,203.10106,2.0,60.434082,41.60816,,41.60816,41.60816,,18.13531,,0.039502133,1053.3142,1.0,0.0,0.0,2001.0,1.87,,52.0,6.0432506,5.397058,4.477337,Matched (3),1.9,16.0,52.0,41.609337,41.609337,24.253082,203.10106,5.3137035,2.5247889,0.6647987,329.27142,121.23679,0.36819714,0.0
1.88,1.88,2.10701,1.00469056e+06,30.0,9.398526,0.0,0.8875858,0.0,2.63679,0.0,76.30255,0.0,1.0,24.253082,60.1779,24.253082,,24.253082,10.661812,,695.439,,,1.0,1.0,2001.0,2001.0,1.88,16.0,,7.254024,5.771548,6.1092477,Matched (3),1.9,16.0,52.0,41.609337,41.609337,24.253082,76.30255,4.3347063,2.5247889,0.6647987,329.27142,121.23679,0.36819714,0.0
1.89,1.89,2.10701,1.00469056e+06,30.0,9.397999,0.0,0.8876672,0.0,2.6367679,0.0,76.28889,0.0,1.0,24.250187,60.15947,24.250187,,24.250187,10.661176,,695.3145,,,1.0,1.0,2001.0,2001.0,1.89,16.0,,,,,Master only (1),1.9,16.0,52.0,41.609337,41.609337,24.253082,76.28889,4.3345275,2.5247889,0.6647987,329.27142,121.23679,0.36819714,0.0
1.9,1.9,2.10701,1.00469056e+06,30.0,9.397484,0.0,0.8877486,0.0,2.6367462,0.0,76.27555,0.0,1.0,24.24736,60.141033,24.24736,,24.24736,10.660554,,695.19293,,,1.0,1.0,2001.0,2001.0,1.9,16.0,,,,,Master only (1),1.9,16.0,52.0,41.609337,41.609337,24.253082,76.27555,4.3343525,2.5247889,0.6647987,329.27142,121.23679,0.36819714,0.0
1.91,1.91,2.10701,1.00469056e+06,30.0,9.396962,0.0,0.88783,0.0,2.6367242,0.0,76.26204,0.0,1.0,24.244495,60.122612,24.244495,,24.244495,10.6599245,,695.0697,,,1.0,1.0,2001.0,2001.0,1.91,16.0,,,,,Master only (1),1.9,16.0,52.0,41.609337,41.609337,24.253082,76.26204,4.334175,2.5247889,0.6647987,329.27142,121.23679,0.36819714,0.0
1.92,1.92,2.10701,1.00469056e+06,30.0,9.396447,0.0,0.8879115,0.0,2.6367025,0.0,76.2487,0.0,1.0,24.241669,60.10419,24.241669,,24.241669,10.659304,,694.9482,,,1.0,1.0,2001.0,2001.0,1.92,16.0,,,,,Master only (1),1.9,16.0,52.0,41.609337,41.609337,24.253082,76.2487,4.3340006,2.5247889,0.6647987,329.27142,121.23679,0.36819714,0.0
1.93,1.93,2.10701,1.00469056e+06,30.0,0.0,12.991129,0.0,1.1459464,0.0,1.1349412,0.0,203.07309,2.0,59.921917,41.60446,,41.60446,41.60446,,18.134422,,0.039504062,1053.1692,1.0,0.0,0.0,2001.0,1.93,,52.0,6.3422074,5.2531476,4.0943446,Matched (3),1.9,16.0,52.0,41.609337,41.609337,24.253082,203.07309,5.3135657,2.5247889,0.6647987,329.27142,121.23679,0.36819714,0.0
1.94,1.94,2.10701,1.00469056e+06,30.0,0.0,12.991033,0.0,1.1460009,0.0,1.1349384,0.0,203.06822,2.0,59.83696,41.60382,,41.60382,41.60382,,18.13427,,0.039504394,1053.1442,1.0,0.0,0.0,2001.0,1.94,,52.0,5.8998647,5.3019056,4.3130336,Matched (3),1.9,16.0,52.0,41.609337,41.609337,24.253082,203.06822,5.313542,2.5247889,0.6647987,329.27142,121.23679,0.36819714,0.0
1.95,1.95,2.10701,1.00469056e+06,30.0,17.524118,0.0,0.9752161,0.0,2.8950896,0.0,557.2895,0.0,1.0,91.29804,60.04898,91.29804,,91.29804,20.686085,,5079.2646,,,1.0,1.0,2001.0,2001.0,1.95,63.0,,,,,Master only (1),2.0,63.0,38.0,91.29804,30.992657,91.29804,557.2895,6.323085,2.1838622,1.674136,763.0294,639.0662,0.8375381,0.0
1.96,1.96,2.10701,1.00469056e+06,30.0,17.524061,0.0,0.9753131,0.0,2.8950882,0.0,557.2837,0.0,1.0,91.29741,60.03058,91.29741,,91.29741,20.686012,,5079.212,,,1.0,1.0,2001.0,2001.0,1.96,63.0,,,,,Master only (1),2.0,63.0,38.0,91.29804,30.992657,91.29804,557.2837,6.3230743,2.1838622,1.674136,763.0294,639.0662,0.8375381,0.0
1.97,1.97,2.10701,1.00469056e+06,30.0,17.524012,0.0,0.9754102,0.0,2.895087,0.0,557.2786,0.0,1.0,91.29686,60.012207,91.29686,,91.29686,20.68595,,5079.166,,,1.0,1.0,2001.0,2001.0,1.97,63.0,,,,,Master only (1),2.0,63.0,38.0,91.29804,30.992657,91.29804,557.2786,6.3230653,2.1838622,1.674136,763.0294,639.0662,0.8375381,0.0
1.98,1.98,2.10701,1.00469056e+06,30.0,0.0,11.278828,0.0,1.0924529,0.0,1.0816909,0.0,128.65796,2.0,59.49845,30.992657,,30.992657,30.992657,,15.42301,,0.046449,667.2406,1.0,0.0,0.0,2001.0,1.98,,38.0,,,,Matched (3),2.0,63.0,38.0,91.29804,30.992657,91.29804,128.65796,4.857157,2.1838622,1.674136,763.0294,639.0662,0.8375381,0.0
1.99,1.99,2.10701,1.00469056e+06,30.0,17.523897,0.0,0.97560436,0.0,2.8950841,0.0,557.267,0.0,1.0,91.295586,59.97543,91.295586,,91.295586,20.685806,,5079.0596,,,1.0,1.0,2001.0,2001.0,1.99,63.0,,,,,Master only (1),2.0,63.0,38.0,91.29804,30.992657,91.29804,557.267,6.3230443,2.1838622,1.674136,763.0294,639.0662,0.8375381,0.0
2.0,2.0,2.10701,1.00469056e+06,30.0,0.0,11.27858,0.0,1.0925539,0.0,1.0816828,0.0,128.64882,2.0,59.3299,30.991238,,30.991238,30.991238,,15.422621,,0.04645017,667.1932,1.0,0.0,0.0,2001.0,2.0,,38.0,6.503952,5.4885273,5.123964,Matched (3),2.0,63.0,38.0,91.29804,30.992657,91.29804,128.64882,4.857086,2.1838622,1.674136,763.0294,639.0662,0.8375381,0.0
2.01,2.01,2.10701,1.00469056e+06,30.0,0.0,11.278437,0.0,1.0926038,0.0,1.0816782,0.0,128.64355,2.0,59.24579,30.990417,,30.990417,30.990417,,15.422397,,0.046450846,667.16583,1.0,0.0,0.0,2001.0,2.01,,38.0,6.970914,5.6154,5.768321,Matched (3),2.0,63.0,38.0,91.29804,30.992657,91.29804,128.64355,4.8570457,2.1838622,1.674136,763.0294,639.0662,0.8375381,0.0
2.02,2.02,2.10701,1.00469056e+06,30.0,17.523733,0.0,0.9758957,0.0,2.89508,0.0,557.25037,0.0,1.0,91.29377,59.920338,91.29377,,91.29377,20.6856,,5078.908,,,1.0,1.0,2001.0,2001.0,2.02,63.0,,6.970914,5.6154,5.768321,Matched (3),2.0,63.0,38.0,91.29804,30.992657,91.29804,557.25037,6.3230147,2.1838622,1.674136,763.0294,639.0662,0.8375381,0.0
2.03,2.03,2.10701,1.00469056e+06,30.0,0.0,11.27817,0.0,1.0927043,0.0,1.0816694,0.0,128.63371,2.0,59.07797,30.98889,,30.98889,30.98889,,15.421979,,0.046452105,667.11487,1.0,0.0,0.0,2001.0,2.03,,38.0,6.6359982,4.8534393,5.2983174,Matched (3),2.0,63.0,38.0,91.29804,30.992657,91.29804,128.63371,4.856969,2.1838622,1.674136,763.0294,639.0662,0.8375381,0.0
2.04,2.04,2.10701,1.00469056e+06,30.0,17.523628,0.0,0.97609,0.0,2.8950775,0.0,557.23975,0.0,1.0,91.29261,59.88363,91.29261,,91.29261,20.685469,,5078.8115,,,1.0,1.0,2001.0,2001.0,2.04,63.0,,,,,Master only (1),2.0,63.0,38.0,91.29804,30.992657,91.29804,557.23975,6.3229957,2.1838622,1.674136,763.0294,639.0662,0.8375381,0.0
2.05,2.05,2.10701,1.00469056e+06,30.0,17.52357,0.0,0.97618717,0.0,2.895076,0.0,557.23376,0.0,1.0,91.291954,59.865288,91.291954,,91.291954,20.685394,,5078.757,,,1.0,1.0,2001.0,2001.0,2.05,63.0,,,,,Master only (1),2.0,63.0,38.0,91.29804,30.992657,91.29804,557.23376,6.3229847,2.1838622,1.674136,763.0294,639.0662,0.8375381,0.0
2.06,2.06,2.10701,1.00469056e+06,30.0,0.0,14.606093,0.0,1.1932962,0.0,1.1810683,0.0,296.46646,2.0,58.82709,53.10738,,53.10738,53.10738,,20.740154,,0.034540888,1537.5221,1.0,0.0,0.0,2001.0,2.06,,67.0,,,,Master only (1),2.1,,67.0,53.10738,53.10738,,296.46646,5.691934,2.2522993,1.0429853,477.95114,0.0,0.0,1.0
2.07,2.07,2.10701,1.00469056e+06,30.0,0.0,14.606046,0.0,1.1933545,0.0,1.181067,0.0,296.46332,2.0,58.74371,53.107018,,53.107018,53.107018,,20.740076,,0.03454102,1537.5059,1.0,0.0,0.0,2001.0,2.07,,67.0,5.72555,5.162947,4.067316,Matched (3),2.1,,67.0,53.10738,53.10738,,296.46332,5.6919236,2.2522993,1.0429853,477.95114,0.0,0.0,1.0
2.08,2.08,2.10701,1.00469056e+06,30.0,0.0,14.605981,0.0,1.1934124,0.0,1.1810652,0.0,296.45908,2.0,58.660442,53.10653,,53.10653,53.10653,,20.739971,,0.034541193,1537.4839,1.0,0.0,0.0,2001.0,2.08,,67.0,5.9349284,5.2678385,4.3820267,Matched (3),2.1,,67.0,53.10738,53.10738,,296.45908,5.6919093,2.2522993,1.0429853,477.95114,0.0,0.0,1.0
2.09,2.09,2.10701,1.00469056e+06,30.0,0.0,14.605925,0.0,1.1934705,0.0,1.1810637,0.0,296.45538,2.0,58.57728,53.106102,,53.106102,53.106102,,20.73988,,0.034541346,1537.4647,1.0,0.0,0.0,2001.0,2.09,,67.0,,,,Master only (1),2.1,,67.0,53.10738,53.10738,,296.45538,5.691897,2.2522993,1.0429853,477.95114,0.0,0.0,1.0
2.1,2.1,2.10701,1.00469056e+06,30.0,0.0,14.605877,0.0,1.1935288,0.0,1.1810623,0.0,296.45227,2.0,58.49429,53.10574,,53.10574,53.10574,,20.739801,,0.034541477,1537.4485,1.0,0.0,0.0,2001.0,2.1,,67.0,7.033656,5.6912813,5.836758,Matched (3),2.1,,67.0,53.10738,53.10738,,296.45227,5.6918864,2.2522993,1.0429853,477.95114,0.0,0.0,1.0
2.11,2.11,2.10701,1.00469056e+06,30.0,0.0,14.605807,0.0,1.1935866,0.0,1.1810604,0.0,296.4477,2.0,58.411346,53.105213,,53.105213,53.105213,,20.739689,,0.034541663,1537.4249,1.0,0.0,0.0,2001.0,2.11,,67.0,,,,Master only (1),2.1,,67.0,53.10738,53.10738,,296.4477,5.6918707,2.2522993,1.0429853,477.95114,0.0,0.0,1.0
2.12,2.12,2.10701,1.00469056e+06,30.0,0.0,14.605742,0.0,1.1936444,0.0,1.1810586,0.0,296.44345,2.0,58.328583,53.10472,,53.10472,53.10472,,20.739582,,0.03454184,1537.4027,1.0,0.0,0.0,2001.0,2.12,,67.0,,,,Master only (1),2.1,,67.0,53.10738,53.10738,,296.44345,5.6918564,2.2522993,1.0429853,477.95114,0.0,0.0,1.0
2.13,2.13,2.10701,1.00469056e+06,30.0,0.0,14.605712,0.0,1.1937033,0.0,1.1810578,0.0,296.44144,2.0,58.245853,53.10449,,53.10449,53.10449,,20.739532,,0.034541924,1537.3923,1.0,0.0,0.0,2001.0,2.13,,67.0,,,,Master only (1),2.1,,67.0,53.10738,53.10738,,296.44144,5.6918497,2.2522993,1.0429853,477.95114,0.0,0.0,1.0
2.14,2.14,2.10701,1.00469056e+06,30.0,0.0,14.605642,0.0,1.1937611,0.0,1.1810559,0.0,296.4369,2.0,58.163303,53.103962,,53.103962,53.103962,,20.73942,,0.034542114,1537.3687,1.0,0.0,0.0,2001.0,2.14,,67.0,,,,Master only (1),2.1,,67.0,53.10738,53.10738,,296.4369,5.6918344,2.2522993,1.0429853,477.95114,0.0,0.0,1.0
2.15,2.15,2.10701,1.00469056e+06,30.0,0.0,15.301702,0.0,1.2128682,0.0,1.1998997,0.0,344.52676,2.0,58.080868,58.51268,,58.51268,58.51268,,21.875816,,0.03274773,1786.7705,1.0,0.0,0.0,2001.0,2.15,,74.0,,,,Master only (1),2.2,,74.0,58.51268,58.51268,,344.52676,5.8421717,2.5893273,1.1932229,585.1107,0.0,0.0,1.0
2.16,2.16,2.10701,1.00469056e+06,30.0,0.0,15.301657,0.0,1.2129276,0.0,1.1998985,0.0,344.5235,2.0,57.99853,58.51232,,58.51232,58.51232,,21.875744,,0.03274784,1786.7537,1.0,0.0,0.0,2001.0,2.16,,74.0,,,,Master only (1),2.2,,74.0,58.51268,58.51268,,344.5235,5.842162,2.5893273,1.1932229,585.1107,0.0,0.0,1.0
2.17,2.17,2.10701,1.00469056e+06,30.0,0.0,15.301608,0.0,1.212987,0.0,1.1998972,0.0,344.52,2.0,57.91637,58.511936,,58.511936,58.511936,,21.875664,,0.03274796,1786.7352,1.0,0.0,0.0,2001.0,2.17,,74.0,,,,Master only (1),2.2,,74.0,58.51268,58.51268,,344.52,5.842152,2.5893273,1.1932229,585.1107,0.0,0.0,1.0
2.18,2.18,2.10701,1.00469056e+06,30.0,0.0,15.301568,0.0,1.2130466,0.0,1.1998961,0.0,344.51706,2.0,57.83426,58.511616,,58.511616,58.511616,,21.875599,,0.03274806,1786.7201,1.0,0.0,0.0,2001.0,2.18,,74.0,,,,Master only (1),2.2,,74.0,58.51268,58.51268,,344.51706,5.8421435,2.5893273,1.1932229,585.1107,0.0,0.0,1.0
2.19,2.19,2.10701,1.00469056e+06,30.0,0.0,15.301514,0.0,1.2131057,0.0,1.1998947,0.0,344.51312,2.0,57.75225,58.51118,,58.51118,58.51118,,21.87551,,0.032748193,1786.6996,1.0,0.0,0.0,2001.0,2.19,,74.0,5.5639586,5.180355,3.871201,Matched (3),2.2,,74.0,58.51268,58.51268,,344.51312,5.842132,2.5893273,1.1932229,585.1107,0.0,0.0,1.0
2.2,2.2,2.10701,1.00469056e+06,30.0,0.0,15.301482,0.0,1.2131655,0.0,1.1998938,0.0,344.51083,2.0,57.67041,58.510933,,58.510933,58.510933,,21.875458,,0.032748267,1786.6879,1.0,0.0,0.0,2001.0,2.2,,74.0,,,,Master only (1),2.2,,74.0,58.51268,58.51268,,344.51083,5.8421254,2.5893273,1.1932229,585.1107,0.0,0.0,1.0
2.21,2.21,2.10701,1.00469056e+06,30.0,0.0,15.301424,0.0,1.2132246,0.0,1.1998923,0.0,344.5066,2.0,57.588684,58.510468,,58.510468,58.510468,,21.875362,,0.032748412,1786.6658,1.0,0.0,0.0,2001.0,2.21,,74.0,6.3779426,5.2461147,4.9416423,Matched (3),2.2,,74.0,58.51268,58.51268,,344.5066,5.842113,2.5893273,1.1932229,585.1107,0.0,0.0,1.0
2.22,2.22,2.10701,1.00469056e+06,30.0,0.0,15.3013935,0.0,1.2132845,0.0,1.1998914,0.0,344.50436,2.0,57.507065,58.510227,,58.510227,58.510227,,21.875313,,0.032748487,1786.6544,1.0,0.0,0.0,2001.0,2.22,,74.0,6.3779426,4.9809456,4.9416423,Matched (3),2.2,,74.0,58.51268,58.51268,,344.50436,5.842107,2.5893273,1.1932229,585.1107,0.0,0.0,1.0
2.23,2.23,2.10701,1.00469056e+06,30.0,0.0,15.301349,0.0,1.2133439,0.0,1.1998903,0.0,344.50113,2.0,57.425552,58.50987,,58.50987,58.50987,,21.875238,,0.0327486,1786.6373,1.0,0.0,0.0,2001.0,2.23,,74.0,7.058719,5.6803966,5.857933,Matched (3),2.2,,74.0,58.51268,58.51268,,344.50113,5.8420973,2.5893273,1.1932229,585.1107,0.0,0.0,1.0
2.24,2.24,2.10701,1.00469056e+06,30.0,0.0,15.301299,0.0,1.2134032,0.0,1.199889,0.0,344.4975,2.0,57.344147,58.50947,,58.50947,58.50947,,21.875158,,0.032748718,1786.6187,1.0,0.0,0.0,2001.0,2.24,,74.0,7.3142624,5.9011407,6.173786,Matched (3),2.2,,74.0,58.51268,58.51268,,344.4975,5.842087,2.5893273,1.1932229,585.1107,0.0,0.0,1.0
2.25,2.25,2.10701,1.00469056e+06,30.0,0.0,11.914842,0.0,1.1145235,0.0,1.1020554,0.0,153.59225,2.0,57.262844,34.745037,,34.745037,34.745037,,16.42358,,0.043619197,796.5538,1.0,0.0,0.0,2001.0,2.25,,43.0,,,,Master only (1),2.3,,43.0,34.745037,34.745037,,153.59225,5.0343013,1.9502473,0.38535255,382.15863,0.0,0.0,1.0
2.26,2.26,2.10701,1.00469056e+06,30.0,0.0,11.914728,0.0,1.1145756,0.0,1.1020519,0.0,153.58754,2.0,57.18166,34.74435,,34.74435,34.74435,,16.4234,,0.043619674,796.52936,1.0,0.0,0.0,2001.0,2.26,,43.0,6.659875,5.1038666,5.236442,Matched (3),2.3,,43.0,34.745037,34.745037,,153.58754,5.034271,1.9502473,0.38535255,382.15863,0.0,0.0,1.0
2.27,2.27,2.10701,1.00469056e+06,30.0,0.0,11.914618,0.0,1.114628,0.0,1.1020484,0.0,153.58293,2.0,57.10064,34.743675,,34.743675,34.743675,,16.423225,,0.04362014,796.5054,1.0,0.0,0.0,2001.0,2.27,,43.0,6.3779426,5.3098507,4.9416423,Matched (3),2.3,,43.0,34.745037,34.745037,,153.58293,5.0342407,1.9502473,0.38535255,382.15863,0.0,0.0,1.0
2.28,2.28,2.10701,1.00469056e+06,30.0,0.0,11.914508,0.0,1.1146802,0.0,1.1020449,0.0,153.57837,2.0,57.019726,34.74301,,34.74301,34.74301,,16.423052,,0.043620598,796.4818,1.0,0.0,0.0,2001.0,2.28,,43.0,6.3420243,5.352309,4.9416423,Matched (3),2.3,,43.0,34.745037,34.745037,,153.57837,5.034211,1.9502473,0.38535255,382.15863,0.0,0.0,1.0
2.29,2.29,2.10701,1.00469056e+06,30.0,0.0,11.914391,0.0,1.1147321,0.0,1.1020412,0.0,153.57349,2.0,56.938854,34.7423,,34.7423,34.7423,,16.422867,,0.04362109,796.4565,1.0,0.0,0.0,2001.0,2.29,,43.0,6.2785597,5.392589,4.830977,Matched (3),2.3,,43.0,34.745037,34.745037,,153.57349,5.034179,1.9502473,0.38535255,382.15863,0.0,0.0,1.0
2.3,2.3,2.10701,1.00469056e+06,30.0,0.0,11.914292,0.0,1.1147847,0.0,1.1020381,0.0,153.5694,2.0,56.85816,34.7417,,34.7417,34.7417,,16.422712,,0.043621503,796.4352,1.0,0.0,0.0,2001.0,2.3,,43.0,,,,Master only (1),2.3,,43.0,34.745037,34.745037,,153.5694,5.0341525,1.9502473,0.38535255,382.15863,0.0,0.0,1.0
2.31,2.31,2.10701,1.00469056e+06,30.0,0.0,11.914186,0.0,1.114837,0.0,1.1020348,0.0,153.56494,2.0,56.77756,34.74105,,34.74105,34.74105,,16.422543,,0.043621954,796.41205,1.0,0.0,0.0,2001.0,2.31,,43.0,,,,Master only (1),2.3,,43.0,34.745037,34.745037,,153.56494,5.0341234,1.9502473,0.38535255,382.15863,0.0,0.0,1.0
2.32,2.32,2.10701,1.00469056e+06,30.0,0.0,11.914076,0.0,1.1148894,0.0,1.1020314,0.0,153.56038,2.0,56.697075,34.740387,,34.740387,34.740387,,16.42237,,0.043622408,796.38855,1.0,0.0,0.0,2001.0,2.32,,43.0,,,,Master only (1),2.3,,43.0,34.745037,34.745037,,153.56038,5.034094,1.9502473,0.38535255,382.15863,0.0,0.0,1.0
2.33,2.33,2.10701,1.00469056e+06,30.0,0.0,11.91397,0.0,1.1149417,0.0,1.102028,0.0,153.55598,2.0,56.616756,34.739742,,34.739742,34.739742,,16.422203,,0.043622855,796.3656,1.0,0.0,0.0,2001.0,2.33,,43.0,6.8456144,5.7142243,5.534706,Matched (3),2.3,,43.0,34.745037,34.745037,,153.55598,5.0340652,1.9502473,0.38535255,382.15863,0.0,0.0,1.0
2.34,2.34,2.10701,1.00469056e+06,30.0,0.0,11.913845,0.0,1.1149935,0.0,1.1020241,0.0,153.55078,2.0,56.53648,34.738983,,34.738983,34.738983,,16.422005,,0.04362338,796.3386,1.0,0.0,0.0,2001.0,2.34,,43.0,6.401319,5.352309,5.0106354,Matched (3),2.3,,43.0,34.745037,34.745037,,153.55078,5.0340314,1.9502473,0.38535255,382.15863,0.0,0.0,1.0
2.35,2.35,2.10701,1.00469056e+06,30.0,0.0,11.913746,0.0,1.1150461,0.0,1.102021,0.0,153.54665,2.0,56.45637,34.73838,,34.73838,34.73838,,16.421848,,0.043623798,796.3172,1.0,0.0,0.0,2001.0,2.35,,43.0,6.3420243,5.352309,4.9416423,Matched (3),2.3,,43.0,34.745037,34.745037,,153.54665,5.034004,1.9502473,0.38535255,382.15863,0.0,0.0,1.0
2.36,2.36,2.10701,1.00469056e+06,30.0,21.770592,0.0,1.011618,0.0,2.9908671,0.0,1113.8529,0.0,1.0,144.86366,59.2994,144.86366,,144.86366,26.057173,,10151.912,,,1.0,1.0,2001.0,2001.0,2.36,100.0,,,,,Master only (1),2.4,100.0,64.0,144.87003,50.78097,144.87003,1113.8529,7.01558,2.4793262,2.3666978,1021.5449,869.20337,0.8508714,0.0
2.37,2.37,2.10701,1.00469056e+06,30.0,21.770649,0.0,1.0117196,0.0,2.9908683,0.0,1113.8622,0.0,1.0,144.86447,59.281235,144.86447,,144.86447,26.057245,,10151.997,,,1.0,1.0,2001.0,2001.0,2.37,100.0,,7.239158,5.8447766,6.063785,Matched (3),2.4,100.0,64.0,144.87003,50.78097,144.87003,1113.8622,7.0155888,2.4793262,2.3666978,1021.5449,869.20337,0.8508714,0.0
2.38,2.38,2.10701,1.00469056e+06,30.0,0.0,14.295397,0.0,1.1865014,0.0,1.1724657,0.0,276.5808,2.0,56.21662,50.78097,,50.78097,50.78097,,20.235426,,0.035402436,1434.392,1.0,0.0,0.0,2001.0,2.38,,64.0,6.8456144,5.7142243,5.534706,Matched (3),2.4,100.0,64.0,144.87003,50.78097,144.87003,276.5808,5.622503,2.4793262,2.3666978,1021.5449,869.20337,0.8508714,0.0
2.39,2.39,2.10701,1.00469056e+06,30.0,0.0,14.2953415,0.0,1.1865591,0.0,1.1724641,0.0,276.57736,2.0,56.13694,50.780563,,50.780563,50.780563,,20.235336,,0.035402592,1434.3741,1.0,0.0,0.0,2001.0,2.39,,64.0,6.661806,5.071511,5.2293243,Matched (3),2.4,100.0,64.0,144.87003,50.78097,144.87003,276.57736,5.6224904,2.4793262,2.3666978,1021.5449,869.20337,0.8508714,0.0
2.4,2.4,2.10701,1.00469056e+06,30.0,0.0,14.295264,0.0,1.1866163,0.0,1.172462,0.0,276.57254,2.0,56.057358,50.77999,,50.77999,50.77999,,20.23521,,0.035402812,1434.3491,1.0,0.0,0.0,2001.0,2.4,,64.0,6.8456144,5.7142243,5.534706,Matched (3),2.4,100.0,64.0,144.87003,50.78097,144.87003,276.57254,5.6224732,2.4793262,2.3666978,1021.5449,869.20337,0.8508714,0.0
2.41,2.41,2.10701,1.00469056e+06,30.0,21.770857,0.0,1.0121258,0.0,2.9908726,0.0,1113.8962,0.0,1.0,144.86742,59.208645,144.86742,,144.86742,26.05751,,10152.307,,,1.0,1.0,2001.0,2001.0,2.41,100.0,,,,,Master only (1),2.4,100.0,64.0,144.87003,50.78097,144.87003,1113.8962,7.0156193,2.4793262,2.3666978,1021.5449,869.20337,0.8508714,0.0
2.42,2.42,2.10701,1.00469056e+06,30.0,21.770927,0.0,1.0122275,0.0,2.990874,0.0,1113.9077,0.0,1.0,144.86841,59.190502,144.86841,,144.86841,26.0576,,10152.411,,,1.0,1.0,2001.0,2001.0,2.42,100.0,,,,,Master only (1),2.4,100.0,64.0,144.87003,50.78097,144.87003,1113.9077,7.01563,2.4793262,2.3666978,1021.5449,869.20337,0.8508714,0.0
2.43,2.43,2.10701,1.00469056e+06,30.0,21.770996,0.0,1.0123292,0.0,2.9908755,0.0,1113.919,0.0,1.0,144.86938,59.172363,144.86938,,144.86938,26.057688,,10152.514,,,1.0,1.0,2001.0,2001.0,2.43,100.0,,,,,Master only (1),2.4,100.0,64.0,144.87003,50.78097,144.87003,1113.919,7.01564,2.4793262,2.3666978,1021.5449,869.20337,0.8508714,0.0
2.44,2.44,2.10701,1.00469056e+06,30.0,21.771042,0.0,1.0124308,0.0,2.9908764,0.0,1113.9264,0.0,1.0,144.87003,59.154236,144.87003,,144.87003,26.057745,,10152.581,,,1.0,1.0,2001.0,2001.0,2.44,100.0,,,,,Master only (1),2.4,100.0,64.0,144.87003,50.78097,144.87003,1113.9264,7.0156465,2.4793262,2.3666978,1021.5449,869.20337,0.8508714,0.0
2.45,2.45,2.10701,1.00469056e+06,30.0,0.0,13.87245,0.0,1.1748587,0.0,1.1605544,0.0,251.01743,2.0,55.66122,47.701054,,47.701054,47.701054,,19.550919,,0.03664193,1301.8162,1.0,0.0,0.0,2001.0,2.45,,60.0,6.977007,5.7576547,5.6903596,Matched (3),2.5,66.0,60.0,95.601135,47.701054,95.601135,251.01743,5.525522,2.4715443,1.7432193,764.19556,477.99893,0.62549293,0.0
2.46,2.46,2.10701,1.00469056e+06,30.0,0.0,13.872383,0.0,1.1749154,0.0,1.1605525,0.0,251.01352,2.0,55.58233,47.700577,,47.700577,47.700577,,19.550812,,0.03664213,1301.7959,1.0,0.0,0.0,2001.0,2.46,,60.0,6.661806,5.071511,5.2293243,Matched (3),2.5,66.0,60.0,95.601135,47.701054,95.601135,251.01352,5.525507,2.4715443,1.7432193,764.19556,477.99893,0.62549293,0.0
2.47,2.47,2.10701,1.00469056e+06,30.0,0.0,13.872316,0.0,1.1749723,0.0,1.1605506,0.0,251.00961,2.0,55.503544,47.7001,,47.7001,47.7001,,19.550703,,0.03664233,1301.7758,1.0,0.0,0.0,2001.0,2.47,,60.0,6.372075,5.34068,5.0106354,Matched (3),2.5,66.0,60.0,95.601135,47.701054,95.601135,251.00961,5.525491,2.4715443,1.7432193,764.19556,477.99893,0.62549293,0.0
2.48,2.48,2.10701,1.00469056e+06,30.0,17.907581,0.0,0.9835869,0.0,2.904505,0.0,597.1498,0.0,1.0,95.601135,59.08179,95.601135,,95.601135,21.167965,,5442.5605,,,1.0,1.0,2001.0,2001.0,2.48,66.0,,,,,Master only (1),2.5,66.0,60.0,95.601135,47.701054,95.601135,597.1498,6.392168,2.4715443,1.7432193,764.19556,477.99893,0.62549293,0.0
2.49,2.49,2.10701,1.00469056e+06,30.0,17.907553,0.0,0.983685,0.0,2.9045043,0.0,597.1467,0.0,1.0,95.600815,59.06371,95.600815,,95.600815,21.167929,,5442.5327,,,1.0,1.0,2001.0,2001.0,2.49,66.0,,7.197867,5.6956506,6.0088134,Matched (3),2.5,66.0,60.0,95.601135,47.701054,95.601135,597.1467,6.392163,2.4715443,1.7432193,764.19556,477.99893,0.62549293,0.0
2.5,2.5,2.10701,1.00469056e+06,30.0,0.0,13.872115,0.0,1.1751428,0.0,1.1605449,0.0,250.99786,2.0,55.26786,47.698658,,47.698658,47.698658,,19.550379,,0.03664294,1301.7148,1.0,0.0,0.0,2001.0,2.5,,60.0,6.661806,5.071511,5.2293243,Matched (3),2.5,66.0,60.0,95.601135,47.701054,95.601135,250.99786,5.5254445,2.4715443,1.7432193,764.19556,477.99893,0.62549293,0.0
2.51,2.51,2.10701,1.00469056e+06,30.0,0.0,13.872077,0.0,1.1752003,0.0,1.1605438,0.0,250.99564,2.0,55.189495,47.698383,,47.698383,47.698383,,19.550316,,0.036643058,1301.7031,1.0,0.0,0.0,2001.0,2.51,,60.0,7.2451534,5.823602,6.056003,Matched (3),2.5,66.0,60.0,95.601135,47.701054,95.601135,250.99564,5.5254354,2.4715443,1.7432193,764.19556,477.99893,0.62549293,0.0
2.52,2.52,2.10701,1.00469056e+06,30.0,0.0,13.872006,0.0,1.1752571,0.0,1.1605418,0.0,250.99152,2.0,55.111282,47.697876,,47.697876,47.697876,,19.550203,,0.03664327,1301.6818,1.0,0.0,0.0,2001.0,2.52,,60.0,6.372075,5.34068,5.0106354,Matched (3),2.5,66.0,60.0,95.601135,47.701054,95.601135,250.99152,5.525419,2.4715443,1.7432193,764.19556,477.99893,0.62549293,0.0
2.53,2.53,2.10701,1.00469056e+06,30.0,17.907425,0.0,0.98407745,0.0,2.9045012,0.0,597.1331,0.0,1.0,95.59936,58.991364,95.59936,,95.59936,21.167767,,5442.408,,,1.0,1.0,2001.0,2001.0,2.53,66.0,,,,,Master only (1),2.5,66.0,60.0,95.601135,47.701054,95.601135,597.1331,6.39214,2.4715443,1.7432193,764.19556,477.99893,0.62549293,0.0
2.54,2.54,2.10701,1.00469056e+06,30.0,17.907396,0.0,0.9841756,0.0,2.9045005,0.0,597.13007,0.0,1.0,95.59904,58.973297,95.59904,,95.59904,21.167732,,5442.381,,,1.0,1.0,2001.0,2001.0,2.54,66.0,,,,,Master only (1),2.5,66.0,60.0,95.601135,47.701054,95.601135,597.13007,6.392135,2.4715443,1.7432193,764.19556,477.99893,0.62549293,0.0
2.55,2.55,2.10701,1.00469056e+06,30.0,17.907356,0.0,0.9842738,0.0,2.9044995,0.0,597.1258,0.0,1.0,95.59858,58.955215,95.59858,,95.59858,21.16768,,5442.342,,,1.0,1.0,2001.0,2001.0,2.55,66.0,,,,,Master only (1),2.5,66.0,60.0,95.601135,47.701054,95.601135,597.1258,6.392128,2.4715443,1.7432193,764.19556,477.99893,0.62549293,0.0
2.56,2.56,2.10701,1.00469056e+06,30.0,16.719414,0.0,0.97428894,0.0,2.8747478,0.0,479.65192,0.0,1.0,82.60855,58.93716,82.60855,,82.60855,19.677053,,4371.6577,,,1.0,1.0,2001.0,2001.0,2.56,57.0,,,,,Master only (1),2.6,57.0,44.0,82.60855,35.481136,82.60855,479.65192,6.173061,2.4652748,1.5241121,554.94763,413.0329,0.74427366,0.0
2.57,2.57,2.10701,1.00469056e+06,30.0,0.0,12.035345,0.0,1.1201341,0.0,1.1058325,0.0,158.66519,2.0,54.72179,35.481136,,35.481136,35.481136,,16.614046,,0.04311914,822.8628,1.0,0.0,0.0,2001.0,2.57,,44.0,7.0173726,5.7610188,5.7319536,Matched (3),2.6,57.0,44.0,82.60855,35.481136,82.60855,158.66519,5.0667963,2.4652748,1.5241121,554.94763,413.0329,0.74427366,0.0
2.58,2.58,2.10701,1.00469056e+06,30.0,16.719303,0.0,0.97448283,0.0,2.874745,0.0,479.64178,0.0,1.0,82.60738,58.901066,82.60738,,82.60738,19.676914,,4371.565,,,1.0,1.0,2001.0,2001.0,2.58,57.0,,,,,Master only (1),2.6,57.0,44.0,82.60855,35.481136,82.60855,479.64178,6.1730394,2.4652748,1.5241121,554.94763,413.0329,0.74427366,0.0
2.59,2.59,2.10701,1.00469056e+06,30.0,0.0,12.03512,0.0,1.120239,0.0,1.1058254,0.0,158.65561,2.0,54.566776,35.479755,,35.479755,35.479755,,16.613691,,0.04312006,822.81323,1.0,0.0,0.0,2001.0,2.59,,44.0,6.4399695,4.5184827,5.032614,Matched (3),2.6,57.0,44.0,82.60855,35.481136,82.60855,158.65561,5.0667357,2.4652748,1.5241121,554.94763,413.0329,0.74427366,0.0
2.6,2.6,2.10701,1.00469056e+06,30.0,16.7192,0.0,0.97467685,0.0,2.8747423,0.0,479.63235,0.0,1.0,82.60631,58.864986,82.60631,,82.60631,19.676786,,4371.48,,,1.0,1.0,2001.0,2001.0,2.6,57.0,,,,,Master only (1),2.6,57.0,44.0,82.60855,35.481136,82.60855,479.63235,6.17302,2.4652748,1.5241121,554.94763,413.0329,0.74427366,0.0
2.61,2.61,2.10701,1.00469056e+06,30.0,16.719135,0.0,0.97477376,0.0,2.8747406,0.0,479.6264,0.0,1.0,82.60562,58.84696,82.60562,,82.60562,19.676704,,4371.4253,,,1.0,1.0,2001.0,2001.0,2.61,57.0,,,,,Master only (1),2.6,57.0,44.0,82.60855,35.481136,82.60855,479.6264,6.1730075,2.4652748,1.5241121,554.94763,413.0329,0.74427366,0.0
2.62,2.62,2.10701,1.00469056e+06,30.0,16.71908,0.0,0.9748708,0.0,2.8747392,0.0,479.62134,0.0,1.0,82.60504,58.82893,82.60504,,82.60504,19.676636,,4371.3794,,,1.0,1.0,2001.0,2001.0,2.62,57.0,,7.2393875,5.694611,6.0497336,Matched (3),2.6,57.0,44.0,82.60855,35.481136,82.60855,479.62134,6.172997,2.4652748,1.5241121,554.94763,413.0329,0.74427366,0.0
2.63,2.63,2.10701,1.00469056e+06,30.0,0.0,12.034716,0.0,1.1204503,0.0,1.1058128,0.0,158.6384,2.0,54.258026,35.477272,,35.477272,35.477272,,16.61305,,0.04312172,822.72394,1.0,0.0,0.0,2001.0,2.63,,44.0,6.650681,5.331206,5.331107,Matched (3),2.6,57.0,44.0,82.60855,35.481136,82.60855,158.6384,5.0666275,2.4652748,1.5241121,554.94763,413.0329,0.74427366,0.0
2.64,2.64,2.10701,1.00469056e+06,30.0,0.0,12.034601,0.0,1.1205027,0.0,1.1058092,0.0,158.63353,2.0,54.181164,35.47657,,35.47657,35.47657,,16.61287,,0.043122195,822.6986,1.0,0.0,0.0,2001.0,2.64,,44.0,6.650681,5.349934,5.331107,Matched (3),2.6,57.0,44.0,82.60855,35.481136,82.60855,158.63353,5.0665965,2.4652748,1.5241121,554.94763,413.0329,0.74427366,0.0
2.65,2.65,2.10701,1.00469056e+06,30.0,0.0,13.324086,0.0,1.1600175,0.0,1.1447487,0.0,220.36502,2.0,54.10435,43.856792,,43.856792,43.856792,,18.667969,,0.038375005,1142.8479,1.0,0.0,0.0,2001.0,2.65,,55.0,,,,Master only (1),2.7,,55.0,43.856792,43.856792,,220.36502,5.395285,1.3571835,0.7463364,438.54434,0.0,0.0,1.0
2.66,2.66,2.10701,1.00469056e+06,30.0,0.0,13.324013,0.0,1.1600734,0.0,1.1447465,0.0,220.3611,2.0,54.02763,43.85629,,43.85629,43.85629,,18.66785,,0.038375247,1142.8275,1.0,0.0,0.0,2001.0,2.66,,55.0,5.6362133,5.1530485,3.988984,Matched (3),2.7,,55.0,43.856792,43.856792,,220.3611,5.3952675,1.3571835,0.7463364,438.54434,0.0,0.0,1.0
2.67,2.67,2.10701,1.00469056e+06,30.0,0.0,13.323943,0.0,1.1601293,0.0,1.1447445,0.0,220.35738,2.0,53.951077,43.855812,,43.855812,43.855812,,18.66774,,0.038375475,1142.8083,1.0,0.0,0.0,2001.0,2.67,,55.0,,,,Master only (1),2.7,,55.0,43.856792,43.856792,,220.35738,5.395251,1.3571835,0.7463364,438.54434,0.0,0.0,1.0
2.68,2.68,2.10701,1.00469056e+06,30.0,0.0,13.323862,0.0,1.1601849,0.0,1.1447421,0.0,220.35304,2.0,53.874626,43.855255,,43.855255,43.855255,,18.667608,,0.038375743,1142.7859,1.0,0.0,0.0,2001.0,2.68,,55.0,6.264683,5.0995183,4.742029,Matched (3),2.7,,55.0,43.856792,43.856792,,220.35304,5.395231,1.3571835,0.7463364,438.54434,0.0,0.0,1.0
2.69,2.69,2.10701,1.00469056e+06,30.0,0.0,13.323784,0.0,1.1602407,0.0,1.1447399,0.0,220.34888,2.0,53.79821,43.85472,,43.85472,43.85472,,18.667484,,0.038376,1142.7643,1.0,0.0,0.0,2001.0,2.69,,55.0,,,,Master only (1),2.7,,55.0,43.856792,43.856792,,220.34888,5.395212,1.3571835,0.7463364,438.54434,0.0,0.0,1.0
2.7,2.7,2.10701,1.00469056e+06,30.0,0.0,13.323719,0.0,1.1602967,0.0,1.144738,0.0,220.34541,2.0,53.72196,43.854275,,43.854275,43.854275,,18.66738,,0.038376216,1142.7462,1.0,0.0,0.0,2001.0,2.7,,55.0,6.396797,5.4752684,4.9416423,Matched (3),2.7,,55.0,43.856792,43.856792,,220.34541,5.3951964,1.3571835,0.7463364,438.54434,0.0,0.0,1.0
2.71,2.71,2.10701,1.00469056e+06,30.0,0.0,13.323621,0.0,1.1603519,0.0,1.1447351,0.0,220.34016,2.0,53.64587,43.853603,,43.853603,43.853603,,18.667221,,0.03837654,1142.719,1.0,0.0,0.0,2001.0,2.71,,55.0,,,,Master only (1),2.7,,55.0,43.856792,43.856792,,220.34016,5.3951726,1.3571835,0.7463364,438.54434,0.0,0.0,1.0
2.72,2.72,2.10701,1.00469056e+06,30.0,0.0,13.323544,0.0,1.1604075,0.0,1.1447328,0.0,220.33604,2.0,53.569813,43.853073,,43.853073,43.853073,,18.667097,,0.038376797,1142.6976,1.0,0.0,0.0,2001.0,2.72,,55.0,,,,Master only (1),2.7,,55.0,43.856792,43.856792,,220.33604,5.395154,1.3571835,0.7463364,438.54434,0.0,0.0,1.0
2.73,2.73,2.10701,1.00469056e+06,30.0,0.0,13.323458,0.0,1.160463,0.0,1.1447303,0.0,220.33145,2.0,53.493862,43.85248,,43.85248,43.85248,,18.66696,,0.038377076,1142.6738,1.0,0.0,0.0,2001.0,2.73,,55.0,,,,Master only (1),2.7,,55.0,43.856792,43.856792,,220.33145,5.395133,1.3571835,0.7463364,438.54434,0.0,0.0,1.0
2.74,2.74,2.10701,1.00469056e+06,30.0,0.0,13.323393,0.0,1.1605191,0.0,1.1447284,0.0,220.32799,2.0,53.418015,43.85204,,43.85204,43.85204,,18.666855,,0.038377292,1142.6559,1.0,0.0,0.0,2001.0,2.74,,55.0,,,,Master only (1),2.7,,55.0,43.856792,43.856792,,220.32799,5.3951173,1.3571835,0.7463364,438.54434,0.0,0.0,1.0
2.75,2.75,2.10701,1.00469056e+06,30.0,0.0,13.098113,0.0,1.1538675,0.0,1.1381104,0.0,208.52309,2.0,53.342323,42.321438,,42.321438,42.321438,,18.305645,,0.03913456,1081.4338,1.0,0.0,0.0,2001.0,2.75,,53.0,6.1383815,5.1397057,4.65713,Matched (3),2.8,,53.0,42.321438,42.321438,,208.52309,5.3400497,1.3571835,0.691101,465.50415,0.0,0.0,1.0
2.76,2.76,2.10701,1.00469056e+06,30.0,0.0,13.098023,0.0,1.1539226,0.0,1.1381078,0.0,208.51848,2.0,53.266735,42.320835,,42.320835,42.320835,,18.3055,,0.03913487,1081.4098,1.0,0.0,0.0,2001.0,2.76,,53.0,,,,Master only (1),2.8,,53.0,42.321438,42.321438,,208.51848,5.340028,1.3571835,0.691101,465.50415,0.0,0.0,1.0
2.77,2.77,2.10701,1.00469056e+06,30.0,0.0,13.097935,0.0,1.1539776,0.0,1.1381052,0.0,208.51392,2.0,53.191235,42.320236,,42.320236,42.320236,,18.305359,,0.039135173,1081.3862,1.0,0.0,0.0,2001.0,2.77,,53.0,,,,Master only (1),2.8,,53.0,42.321438,42.321438,,208.51392,5.340006,1.3571835,0.691101,465.50415,0.0,0.0,1.0
2.78,2.78,2.10701,1.00469056e+06,30.0,0.0,13.097846,0.0,1.1540326,0.0,1.1381025,0.0,208.50935,2.0,53.115845,42.31964,,42.31964,42.31964,,18.305216,,0.03913548,1081.3625,1.0,0.0,0.0,2001.0,2.78,,53.0,6.264683,5.078773,4.742029,Matched (3),2.8,,53.0,42.321438,42.321438,,208.50935,5.339984,1.3571835,0.691101,465.50415,0.0,0.0,1.0
2.79,2.79,2.10701,1.00469056e+06,30.0,0.0,13.097774,0.0,1.1540881,0.0,1.1381004,0.0,208.50563,2.0,53.040554,42.319153,,42.319153,42.319153,,18.305101,,0.03913572,1081.3434,1.0,0.0,0.0,2001.0,2.79,,53.0,5.6362133,5.1530485,3.988984,Matched (3),2.8,,53.0,42.321438,42.321438,,208.50563,5.339966,1.3571835,0.691101,465.50415,0.0,0.0,1.0
2.8,2.8,2.10701,1.00469056e+06,30.0,0.0,13.097689,0.0,1.1541433,0.0,1.1380979,0.0,208.50127,2.0,52.965363,42.31858,,42.31858,42.31858,,18.304964,,0.039136015,1081.3207,1.0,0.0,0.0,2001.0,2.8,,53.0,,,,Master only (1),2.8,,53.0,42.321438,42.321438,,208.50127,5.3399453,1.3571835,0.691101,465.50415,0.0,0.0,1.0
2.81,2.81,2.10701,1.00469056e+06,30.0,0.0,13.0976,0.0,1.1541984,0.0,1.1380953,0.0,208.4967,2.0,52.89027,42.317986,,42.317986,42.317986,,18.304823,,0.039136317,1081.2971,1.0,0.0,0.0,2001.0,2.81,,53.0,5.7212763,5.1177654,4.0943446,Matched (3),2.8,,53.0,42.321438,42.321438,,208.4967,5.3399234,1.3571835,0.691101,465.50415,0.0,0.0,1.0
2.82,2.82,2.10701,1.00469056e+06,30.0,0.0,13.097515,0.0,1.1542535,0.0,1.1380928,0.0,208.49236,2.0,52.815327,42.317413,,42.317413,42.317413,,18.304688,,0.039136607,1081.2744,1.0,0.0,0.0,2001.0,2.82,,53.0,5.718591,5.087898,4.0943446,Matched (3),2.8,,53.0,42.321438,42.321438,,208.49236,5.3399024,1.3571835,0.691101,465.50415,0.0,0.0,1.0
2.83,2.83,2.10701,1.00469056e+06,30.0,0.0,13.097435,0.0,1.1543088,0.0,1.1380904,0.0,208.48824,2.0,52.740433,42.316875,,42.316875,42.316875,,18.304558,,0.039136883,1081.253,1.0,0.0,0.0,2001.0,2.83,,53.0,,,,Master only (1),2.8,,53.0,42.321438,42.321438,,208.48824,5.339883,1.3571835,0.691101,465.50415,0.0,0.0,1.0
2.84,2.84,2.10701,1.00469056e+06,30.0,0.0,13.09735,0.0,1.154364,0.0,1.1380879,0.0,208.48387,2.0,52.665695,42.316303,,42.316303,42.316303,,18.304422,,0.039137173,1081.2305,1.0,0.0,0.0,2001.0,2.84,,53.0,,,,Master only (1),2.8,,53.0,42.321438,42.321438,,208.48387,5.339862,1.3571835,0.691101,465.50415,0.0,0.0,1.0
2.85,2.85,2.10701,1.00469056e+06,30.0,0.0,13.097261,0.0,1.1544191,0.0,1.1380852,0.0,208.47931,2.0,52.591057,42.315704,,42.315704,42.315704,,18.304281,,0.039137475,1081.2068,1.0,0.0,0.0,2001.0,2.85,,53.0,6.3674746,5.237429,4.9416423,Matched (3),2.8,,53.0,42.321438,42.321438,,208.47931,5.33984,1.3571835,0.691101,465.50415,0.0,0.0,1.0
2.86,2.86,2.10701,1.00469056e+06,30.0,0.0,11.528031,0.0,1.1054537,0.0,1.0897583,0.0,138.06554,2.0,52.51651,32.43636,,32.43636,32.43636,,15.814098,,0.045300297,716.0297,1.0,0.0,0.0,2001.0,2.86,,40.0,5.6952505,5.1651692,4.060443,Matched (3),2.9,,40.0,32.43636,32.43636,,138.06554,4.9277287,1.3571835,0.27877992,291.90234,0.0,0.0,1.0
2.87,2.87,2.10701,1.00469056e+06,30.0,0.0,11.527909,0.0,1.1055051,0.0,1.0897543,0.0,138.0608,2.0,52.44207,32.435646,,32.435646,32.435646,,15.813907,,0.045300845,716.0053,1.0,0.0,0.0,2001.0,2.87,,40.0,,,,Master only (1),2.9,,40.0,32.43636,32.43636,,138.0608,4.9276943,1.3571835,0.27877992,291.90234,0.0,0.0,1.0
2.88,2.88,2.10701,1.00469056e+06,30.0,0.0,11.5278015,0.0,1.1055568,0.0,1.0897509,0.0,138.05664,2.0,52.367718,32.435013,,32.435013,32.435013,,15.813738,,0.04530133,715.9837,1.0,0.0,0.0,2001.0,2.88,,40.0,5.7212763,5.1177654,4.0943446,Matched (3),2.9,,40.0,32.43636,32.43636,,138.05664,4.927664,1.3571835,0.27877992,291.90234,0.0,0.0,1.0
2.89,2.89,2.10701,1.00469056e+06,30.0,0.0,11.527676,0.0,1.105608,0.0,1.0897468,0.0,138.05177,2.0,52.293472,32.434277,,32.434277,32.434277,,15.8135395,,0.0453019,715.95844,1.0,0.0,0.0,2001.0,2.89,,40.0,,,,Master only (1),2.9,,40.0,32.43636,32.43636,,138.05177,4.927629,1.3571835,0.27877992,291.90234,0.0,0.0,1.0
2.9,2.9,2.10701,1.00469056e+06,30.0,0.0,11.527556,0.0,1.1056594,0.0,1.089743,0.0,138.04716,2.0,52.219387,32.433575,,32.433575,32.433575,,15.813353,,0.045302436,715.93445,1.0,0.0,0.0,2001.0,2.9,,40.0,,,,Master only (1),2.9,,40.0,32.43636,32.43636,,138.04716,4.9275956,1.3571835,0.27877992,291.90234,0.0,0.0,1.0
2.91,2.91,2.10701,1.00469056e+06,30.0,0.0,11.527445,0.0,1.1057111,0.0,1.0897394,0.0,138.04285,2.0,52.145332,32.432922,,32.432922,32.432922,,15.813177,,0.045302935,715.9122,1.0,0.0,0.0,2001.0,2.91,,40.0,,,,Master only (1),2.9,,40.0,32.43636,32.43636,,138.04285,4.927564,1.3571835,0.27877992,291.90234,0.0,0.0,1.0
2.92,2.92,2.10701,1.00469056e+06,30.0,0.0,11.527323,0.0,1.1057624,0.0,1.0897355,0.0,138.03813,2.0,52.07143,32.432205,,32.432205,32.432205,,15.812985,,0.045303486,715.88763,1.0,0.0,0.0,2001.0,2.92,,40.0,5.549352,5.0208116,3.912023,Matched (3),2.9,,40.0,32.43636,32.43636,,138.03813,4.92753,1.3571835,0.27877992,291.90234,0.0,0.0,1.0
2.93,2.93,2.10701,1.00469056e+06,30.0,0.0,11.5272045,0.0,1.1058137,0.0,1.0897317,0.0,138.03355,2.0,51.99764,32.431515,,32.431515,32.431515,,15.812799,,0.04530402,715.86395,1.0,0.0,0.0,2001.0,2.93,,40.0,6.3674746,5.237429,4.9416423,Matched (3),2.9,,40.0,32.43636,32.43636,,138.03355,4.927497,1.3571835,0.27877992,291.90234,0.0,0.0,1.0
2.94,2.94,2.10701,1.00469056e+06,30.0,0.0,11.527085,0.0,1.1058652,0.0,1.0897279,0.0,138.02895,2.0,51.923935,32.430817,,32.430817,32.430817,,15.812612,,0.045304555,715.8401,1.0,0.0,0.0,2001.0,2.94,,40.0,,,,Master only (1),2.9,,40.0,32.43636,32.43636,,138.02895,4.9274635,1.3571835,0.27877992,291.90234,0.0,0.0,1.0
2.95,2.95,2.10701,1.00469056e+06,30.0,0.0,11.526975,0.0,1.1059169,0.0,1.0897243,0.0,138.02467,2.0,51.850327,32.43017,,32.43017,32.43017,,15.812438,,0.045305055,715.8179,1.0,0.0,0.0,2001.0,2.95,,40.0,5.9554253,5.2181077,4.3820267,Matched (3),3.0,,40.0,32.43017,32.43017,,138.02467,4.9274325,1.0207114,0.2784838,356.69394,0.0,0.0,1.0
2.96,2.96,2.10701,1.00469056e+06,30.0,0.0,11.526848,0.0,1.105968,0.0,1.0897202,0.0,138.01976,2.0,51.776817,32.429424,,32.429424,32.429424,,15.812239,,0.045305625,715.7925,1.0,0.0,0.0,2001.0,2.96,,40.0,,,,Master only (1),3.0,,40.0,32.43017,32.43017,,138.01976,4.927397,1.0207114,0.2784838,356.69394,0.0,0.0,1.0
2.97,2.97,2.10701,1.00469056e+06,30.0,0.0,11.526726,0.0,1.1060194,0.0,1.0897163,0.0,138.01505,2.0,51.70347,32.428707,,32.428707,32.428707,,15.812047,,0.045306176,715.76794,1.0,0.0,0.0,2001.0,2.97,,40.0,6.104527,5.082551,4.6051702,Matched (3),3.0,,40.0,32.43017,32.43017,,138.01505,4.927363,1.0207114,0.2784838,356.69394,0.0,0.0,1.0
2.98,2.98,2.10701,1.00469056e+06,30.0,0.0,11.526614,0.0,1.106071,0.0,1.0897127,0.0,138.01073,2.0,51.63016,32.428055,,32.428055,32.428055,,15.811872,,0.04530668,715.74554,1.0,0.0,0.0,2001.0,2.98,,40.0,5.5076933,4.9845495,3.8628328,Matched (3),3.0,,40.0,32.43017,32.43017,,138.01073,4.9273314,1.0207114,0.2784838,356.69394,0.0,0.0,1.0
2.99,2.99,2.10701,1.00469056e+06,30.0,0.0,11.52651,0.0,1.106123,0.0,1.0897094,0.0,138.00671,2.0,51.556995,32.427444,,32.427444,32.427444,,15.8117075,,0.04530715,715.7247,1.0,0.0,0.0,2001.0,2.99,,40.0,,,,Master only (1),3.0,,40.0,32.43017,32.43017,,138.00671,4.9273024,1.0207114,0.2784838,356.69394,0.0,0.0,1.0
3.0,3.0,2.10701,1.00469056e+06,30.0,0.0,11.526403,0.0,1.1061747,0.0,1.089706,0.0,138.00258,2.0,51.483875,32.42682,,32.42682,32.42682,,15.81154,,0.04530763,715.7033,1.0,0.0,0.0,2001.0,3.0,,40.0,,,,Master only (1),3.0,,40.0,32.43017,32.43017,,138.00258,4.9272723,1.0207114,0.2784838,356.69394,0.0,0.0,1.0
3.01,3.01,2.10701,1.00469056e+06,30.0,0.0,11.526277,0.0,1.106226,0.0,1.0897019,0.0,137.99768,2.0,51.41091,32.426075,,32.426075,32.426075,,15.81134,,0.0453082,715.67786,1.0,0.0,0.0,2001.0,3.01,,40.0,,,,Master only (1),3.0,,40.0,32.43017,32.43017,,137.99768,4.927237,1.0207114,0.2784838,356.69394,0.0,0.0,1.0
3.02,3.02,2.10701,1.00469056e+06,30.0,0.0,11.526158,0.0,1.1062773,0.0,1.0896981,0.0,137.9931,2.0,51.338043,32.42538,,32.42538,32.42538,,15.811154,,0.04530873,715.6541,1.0,0.0,0.0,2001.0,3.02,,40.0,,,,Master only (1),3.0,,40.0,32.43017,32.43017,,137.9931,4.9272037,1.0207114,0.2784838,356.69394,0.0,0.0,1.0
3.03,3.03,2.10701,1.00469056e+06,30.0,0.0,11.526025,0.0,1.1063284,0.0,1.0896938,0.0,137.98795,2.0,51.265263,32.4246,,32.4246,32.4246,,15.810945,,0.045309335,715.6273,1.0,0.0,0.0,2001.0,3.03,,40.0,,,,Master only (1),3.0,,40.0,32.43017,32.43017,,137.98795,4.9271665,1.0207114,0.2784838,356.69394,0.0,0.0,1.0
3.04,3.04,2.10701,1.00469056e+06,30.0,0.0,11.525909,0.0,1.1063799,0.0,1.0896901,0.0,137.98349,2.0,51.192646,32.423923,,32.423923,32.423923,,15.810763,,0.045309853,715.60425,1.0,0.0,0.0,2001.0,3.04,,40.0,,,,Matched (3),3.0,,40.0,32.43017,32.43017,,137.98349,4.927134,1.0207114,0.2784838,356.69394,0.0,0.0,1.0
3.05,3.05,2.10701,1.00469056e+06,30.0,0.0,11.525809,0.0,1.106432,0.0,1.0896869,0.0,137.97961,2.0,51.12006,32.423336,,32.423336,32.423336,,15.810606,,0.045310304,715.58417,1.0,0.0,0.0,2001.0,3.05,,40.0,5.9554253,5.2181077,4.3820267,Matched (3),3.0,,40.0,32.43017,32.43017,,137.97961,4.927106,1.0207114,0.2784838,356.69394,0.0,0.0,1.0
3.06,3.06,2.10701,1.00469056e+06,30.0,0.0,9.246553,0.0,1.0266237,0.0,1.0110359,0.0,67.734665,2.0,51.047573,20.488035,,20.488035,20.488035,,12.282929,,0.058323495,351.2827,1.0,0.0,0.0,2001.0,3.06,,24.0,5.4708805,5.037184,3.7841897,Matched (3),3.1,,24.0,20.488035,20.488035,,67.734665,4.215598,0.76710844,-0.43335062,184.36153,0.0,0.0,1.0
3.07,3.07,2.10701,1.00469056e+06,30.0,0.0,9.246384,0.0,1.0266687,0.0,1.0110296,0.0,67.730644,2.0,50.975246,20.487251,,20.487251,20.487251,,12.282671,,0.05832472,351.26187,1.0,0.0,0.0,2001.0,3.07,,24.0,,,,Master only (1),3.1,,24.0,20.488035,20.488035,,67.730644,4.2155385,0.76710844,-0.43335062,184.36153,0.0,0.0,1.0
3.08,3.08,2.10701,1.00469056e+06,30.0,0.0,9.246191,0.0,1.0267127,0.0,1.0110224,0.0,67.72609,2.0,50.903008,20.486362,,20.486362,20.486362,,12.282378,,0.05832611,351.23828,1.0,0.0,0.0,2001.0,3.08,,24.0,,,,Master only (1),3.1,,24.0,20.488035,20.488035,,67.72609,4.2154713,0.76710844,-0.43335062,184.36153,0.0,0.0,1.0
3.09,3.09,2.10701,1.00469056e+06,30.0,0.0,9.246005,0.0,1.026757,0.0,1.0110155,0.0,67.721695,2.0,50.830856,20.485504,,20.485504,20.485504,,12.282095,,0.058327455,351.21545,1.0,0.0,0.0,2001.0,3.09,,24.0,,,,Master only (1),3.1,,24.0,20.488035,20.488035,,67.721695,4.2154064,0.76710844,-0.43335062,184.36153,0.0,0.0,1.0
3.1,3.1,2.10701,1.00469056e+06,30.0,0.0,9.24581,0.0,1.026801,0.0,1.0110083,0.0,67.71707,2.0,50.75881,20.484602,,20.484602,20.484602,,12.281797,,0.05832887,351.19147,1.0,0.0,0.0,2001.0,3.1,,24.0,5.9057302,5.0076714,4.3515673,Matched (3),3.1,,24.0,20.488035,20.488035,,67.71707,4.215338,0.76710844,-0.43335062,184.36153,0.0,0.0,1.0
3.11,3.11,2.10701,1.00469056e+06,30.0,0.0,9.245624,0.0,1.0268453,0.0,1.0110013,0.0,67.71267,2.0,50.68686,20.483744,,20.483744,20.483744,,12.281514,,0.058330216,351.16867,1.0,0.0,0.0,2001.0,3.11,,24.0,5.9057302,5.0076714,4.3515673,Matched (3),3.1,,24.0,20.488035,20.488035,,67.71267,4.2152734,0.76710844,-0.43335062,184.36153,0.0,0.0,1.0
3.12,3.12,2.10701,1.00469056e+06,30.0,0.0,9.2454405,0.0,1.0268897,0.0,1.0109946,0.0,67.70834,2.0,50.615,20.482899,,20.482899,20.482899,,12.281236,,0.058331538,351.1462,1.0,0.0,0.0,2001.0,3.12,,24.0,,,,Master only (1),3.1,,24.0,20.488035,20.488035,,67.70834,4.2152095,0.76710844,-0.43335062,184.36153,0.0,0.0,1.0
3.13,3.13,2.10701,1.00469056e+06,30.0,0.0,9.245252,0.0,1.0269339,0.0,1.0109875,0.0,67.70387,2.0,50.543236,20.482027,,20.482027,20.482027,,12.280948,,0.058332905,351.12305,1.0,0.0,0.0,2001.0,3.13,,24.0,,,,Master only (1),3.1,,24.0,20.488035,20.488035,,67.70387,4.215143,0.76710844,-0.43335062,184.36153,0.0,0.0,1.0
3.14,3.14,2.10701,1.00469056e+06,30.0,0.0,9.245052,0.0,1.0269778,0.0,1.0109801,0.0,67.699165,2.0,50.471622,20.481106,,20.481106,20.481106,,12.280644,,0.058334347,351.09857,1.0,0.0,0.0,2001.0,3.14,,24.0,,,,Master only (1),3.1,,24.0,20.488035,20.488035,,67.699165,4.215074,0.76710844,-0.43335062,184.36153,0.0,0.0,1.0
3.15,3.15,2.10701,1.00469056e+06,30.0,0.0,10.997517,0.0,1.0894661,0.0,1.0724415,0.0,118.580925,2.0,50.400043,29.403975,,29.403975,29.403975,,14.983046,,0.047812935,614.9795,1.0,0.0,0.0,2001.0,3.15,,36.0,5.137336,4.8515873,3.3984158,Matched (3),3.2,,36.0,29.403975,29.403975,,118.580925,4.7755957,0.79756784,0.12664692,294.00757,0.0,0.0,1.0
3.16,3.16,2.10701,1.00469056e+06,30.0,0.0,10.997387,0.0,1.0895163,0.0,1.0724372,0.0,118.57641,2.0,50.32862,29.403252,,29.403252,29.403252,,14.982843,,0.04781358,614.9561,1.0,0.0,0.0,2001.0,3.16,,36.0,5.783283,5.0741487,4.199705,Matched (3),3.2,,36.0,29.403975,29.403975,,118.57641,4.7755575,0.79756784,0.12664692,294.00757,0.0,0.0,1.0
3.17,3.17,2.10701,1.00469056e+06,30.0,0.0,10.997268,0.0,1.0895667,0.0,1.0724332,0.0,118.57226,2.0,50.257294,29.402588,,29.402588,29.402588,,14.982657,,0.04781417,614.9346,1.0,0.0,0.0,2001.0,3.17,,36.0,,,,Master only (1),3.2,,36.0,29.403975,29.403975,,118.57226,4.7755227,0.79756784,0.12664692,294.00757,0.0,0.0,1.0
3.18,3.18,2.10701,1.00469056e+06,30.0,0.0,10.997128,0.0,1.0896165,0.0,1.0724286,0.0,118.56738,2.0,50.186058,29.401806,,29.401806,29.401806,,14.982438,,0.047814872,614.90924,1.0,0.0,0.0,2001.0,3.18,,36.0,,,,Master only (1),3.2,,36.0,29.403975,29.403975,,118.56738,4.775481,0.79756784,0.12664692,294.00757,0.0,0.0,1.0
3.19,3.19,2.10701,1.00469056e+06,30.0,0.0,10.997002,0.0,1.0896667,0.0,1.0724244,0.0,118.562996,2.0,50.114914,29.401106,,29.401106,29.401106,,14.982242,,0.047815498,614.88654,1.0,0.0,0.0,2001.0,3.19,,36.0,5.438964,5.112118,3.7612002,Matched (3),3.2,,36.0,29.403975,29.403975,,118.562996,4.7754445,0.79756784,0.12664692,294.00757,0.0,0.0,1.0
3.2,3.2,2.10701,1.00469056e+06,30.0,0.0,10.996873,0.0,1.0897168,0.0,1.0724201,0.0,118.55852,2.0,50.04387,29.400389,,29.400389,29.400389,,14.98204,,0.047816142,614.8632,1.0,0.0,0.0,2001.0,3.2,,36.0,5.508239,5.013917,3.871201,Matched (3),3.2,,36.0,29.403975,29.403975,,118.55852,4.775407,0.79756784,0.12664692,294.00757,0.0,0.0,1.0
3.21,3.21,2.10701,1.00469056e+06,30.0,0.0,10.996751,0.0,1.0897672,0.0,1.0724161,0.0,118.55427,2.0,49.97297,29.399708,,29.399708,29.399708,,14.98185,,0.04781675,614.8412,1.0,0.0,0.0,2001.0,3.21,,36.0,5.537175,5.053563,3.871201,Matched (3),3.2,,36.0,29.403975,29.403975,,118.55427,4.7753706,0.79756784,0.12664692,294.00757,0.0,0.0,1.0
3.22,3.22,2.10701,1.00469056e+06,30.0,0.0,10.996617,0.0,1.0898172,0.0,1.0724117,0.0,118.549614,2.0,49.902107,29.398964,,29.398964,29.398964,,14.981642,,0.047817413,614.81714,1.0,0.0,0.0,2001.0,3.22,,36.0,,,,Master only (1),3.2,,36.0,29.403975,29.403975,,118.549614,4.7753315,0.79756784,0.12664692,294.00757,0.0,0.0,1.0
3.23,3.23,2.10701,1.00469056e+06,30.0,0.0,10.996488,0.0,1.0898674,0.0,1.0724074,0.0,118.545105,2.0,49.831398,29.398243,,29.398243,29.398243,,14.98144,,0.047818057,614.79376,1.0,0.0,0.0,2001.0,3.23,,36.0,5.7967253,5.030425,4.2195077,Matched (3),3.2,,36.0,29.403975,29.403975,,118.545105,4.7752934,0.79756784,0.12664692,294.00757,0.0,0.0,1.0
3.24,3.24,2.10701,1.00469056e+06,30.0,0.0,10.996362,0.0,1.0899177,0.0,1.0724032,0.0,118.54072,2.0,49.760784,29.397541,,29.397541,29.397541,,14.981243,,0.047818687,614.771,1.0,0.0,0.0,2001.0,3.24,,36.0,5.954065,5.1667366,4.3820267,Matched (3),3.2,,36.0,29.403975,29.403975,,118.54072,4.7752566,0.79756784,0.12664692,294.00757,0.0,0.0,1.0
3.25,3.25,2.10701,1.00469056e+06,30.0,0.0,10.443208,0.0,1.0710118,0.0,1.0537485,0.0,100.34263,2.0,49.690197,26.400545,,26.400545,26.400545,,14.120949,,0.050731957,520.3928,1.0,0.0,0.0,2001.0,3.25,,32.0,,,,Master only (1),3.3,,32.0,26.400545,26.400545,,100.34263,4.6085906,0.79756784,-0.040358134,290.3644,0.0,0.0,1.0
3.26,3.26,2.10701,1.00469056e+06,30.0,0.0,10.4430485,0.0,1.0710597,0.0,1.053743,0.0,100.337685,2.0,49.61977,26.399706,,26.399706,26.399706,,14.120702,,0.050732844,520.3672,1.0,0.0,0.0,2001.0,3.26,,32.0,5.537175,5.053563,3.871201,Matched (3),3.3,,32.0,26.400545,26.400545,,100.337685,4.6085415,0.79756784,-0.040358134,290.3644,0.0,0.0,1.0
3.27,3.27,2.10701,1.00469056e+06,30.0,0.0,10.442924,0.0,1.0711089,0.0,1.0537387,0.0,100.33381,2.0,49.549484,26.399048,,26.399048,26.399048,,14.120508,,0.05073354,520.34705,1.0,0.0,0.0,2001.0,3.27,,32.0,,,,Master only (1),3.3,,32.0,26.400545,26.400545,,100.33381,4.608503,0.79756784,-0.040358134,290.3644,0.0,0.0,1.0
3.28,3.28,2.10701,1.00469056e+06,30.0,0.0,10.442774,0.0,1.0711573,0.0,1.0537336,0.0,100.32916,2.0,49.47924,26.398258,,26.398258,26.398258,,14.120276,,0.05073437,520.32294,1.0,0.0,0.0,2001.0,3.28,,32.0,5.438964,5.112118,3.7612002,Matched (3),3.3,,32.0,26.400545,26.400545,,100.32916,4.6084566,0.79756784,-0.040358134,290.3644,0.0,0.0,1.0
3.29,3.29,2.10701,1.00469056e+06,30.0,0.0,10.442628,0.0,1.0712057,0.0,1.0537286,0.0,100.32464,2.0,49.409084,26.397491,,26.397491,26.397491,,14.12005,,0.050735183,520.2995,1.0,0.0,0.0,2001.0,3.29,,32.0,,,,Master only (1),3.3,,32.0,26.400545,26.400545,,100.32464,4.6084113,0.79756784,-0.040358134,290.3644,0.0,0.0,1.0
3.3,3.3,2.10701,1.00469056e+06,30.0,0.0,10.442486,0.0,1.0712544,0.0,1.0537237,0.0,100.32023,2.0,49.339077,26.396742,,26.396742,26.396742,,14.11983,,0.050735977,520.2766,1.0,0.0,0.0,2001.0,3.3,,32.0,,,,Master only (1),3.3,,32.0,26.400545,26.400545,,100.32023,4.6083674,0.79756784,-0.040358134,290.3644,0.0,0.0,1.0
3.31,3.31,2.10701,1.00469056e+06,30.0,0.0,10.442353,0.0,1.0713034,0.0,1.0537192,0.0,100.31612,2.0,49.26911,26.396044,,26.396044,26.396044,,14.119625,,0.050736714,520.2553,1.0,0.0,0.0,2001.0,3.31,,32.0,5.595107,5.176654,3.9512436,Matched (3),3.3,,32.0,26.400545,26.400545,,100.31612,4.6083264,0.79756784,-0.040358134,290.3644,0.0,0.0,1.0
3.32,3.32,2.10701,1.00469056e+06,30.0,0.0,10.442207,0.0,1.0713518,0.0,1.0537142,0.0,100.31159,2.0,49.199287,26.395275,,26.395275,26.395275,,14.119398,,0.05073753,520.23175,1.0,0.0,0.0,2001.0,3.32,,32.0,5.954065,5.1667366,4.3820267,Matched (3),3.3,,32.0,26.400545,26.400545,,100.31159,4.608281,0.79756784,-0.040358134,290.3644,0.0,0.0,1.0
3.33,3.33,2.10701,1.00469056e+06,30.0,0.0,10.442065,0.0,1.0714004,0.0,1.0537093,0.0,100.30718,2.0,49.12956,26.394527,,26.394527,26.394527,,14.119179,,0.050738316,520.209,1.0,0.0,0.0,2001.0,3.33,,32.0,,,,Master only (1),3.3,,32.0,26.400545,26.400545,,100.30718,4.6082373,0.79756784,-0.040358134,290.3644,0.0,0.0,1.0
3.34,3.34,2.10701,1.00469056e+06,30.0,0.0,10.441922,0.0,1.071449,0.0,1.0537044,0.0,100.30274,2.0,49.059914,26.393774,,26.393774,26.393774,,14.118957,,0.050739113,520.186,1.0,0.0,0.0,2001.0,3.34,,32.0,5.3803015,5.0233493,3.6888795,Matched (3),3.3,,32.0,26.400545,26.400545,,100.30274,4.608193,0.79756784,-0.040358134,290.3644,0.0,0.0,1.0
3.35,3.35,2.10701,1.00469056e+06,30.0,0.0,10.441773,0.0,1.0714973,0.0,1.0536993,0.0,100.29813,2.0,48.99037,26.39299,,26.39299,26.39299,,14.118727,,0.05073994,520.16205,1.0,0.0,0.0,2001.0,3.35,,32.0,5.569315,5.060379,3.912023,Matched (3),3.3,,32.0,26.400545,26.400545,,100.29813,4.608147,0.79756784,-0.040358134,290.3644,0.0,0.0,1.0
3.36,3.36,2.10701,1.00469056e+06,30.0,0.0,9.39896,0.0,1.0338956,0.0,1.0166713,0.0,71.40651,2.0,48.920914,21.19785,,21.19785,21.19785,,12.515185,,0.05724113,370.32547,1.0,0.0,0.0,2001.0,3.36,,25.0,,,,Master only (1),3.4,,25.0,21.19785,21.19785,,71.40651,4.268389,0.6640363,-0.3805595,190.74974,0.0,0.0,1.0
3.37,3.37,2.10701,1.00469056e+06,30.0,0.0,9.398775,0.0,1.0339404,0.0,1.0166645,0.0,71.40197,2.0,48.85161,21.196981,,21.196981,21.196981,,12.514903,,0.057242423,370.30197,1.0,0.0,0.0,2001.0,3.37,,25.0,,,,Master only (1),3.4,,25.0,21.19785,21.19785,,71.40197,4.2683253,0.6640363,-0.3805595,190.74974,0.0,0.0,1.0
3.38,3.38,2.10701,1.00469056e+06,30.0,0.0,9.398591,0.0,1.0339853,0.0,1.0166577,0.0,71.39745,2.0,48.782337,21.196115,,21.196115,21.196115,,12.514622,,0.05724371,370.2785,1.0,0.0,0.0,2001.0,3.38,,25.0,5.569315,5.060379,3.912023,Matched (3),3.4,,25.0,21.19785,21.19785,,71.39745,4.2682624,0.6640363,-0.3805595,190.74974,0.0,0.0,1.0
3.39,3.39,2.10701,1.00469056e+06,30.0,0.0,9.398406,0.0,1.0340301,0.0,1.0166509,0.0,71.39292,2.0,48.713215,21.195248,,21.195248,21.195248,,12.51434,,0.057244997,370.255,1.0,0.0,0.0,2001.0,3.39,,25.0,,,,Master only (1),3.4,,25.0,21.19785,21.19785,,71.39292,4.2681985,0.6640363,-0.3805595,190.74974,0.0,0.0,1.0
3.4,3.4,2.10701,1.00469056e+06,30.0,0.0,9.398221,0.0,1.0340748,0.0,1.0166441,0.0,71.38838,2.0,48.644127,21.194378,,21.194378,21.194378,,12.514058,,0.057246286,370.23148,1.0,0.0,0.0,2001.0,3.4,,25.0,,,,Master only (1),3.4,,25.0,21.19785,21.19785,,71.38838,4.268135,0.6640363,-0.3805595,190.74974,0.0,0.0,1.0
3.41,3.41,2.10701,1.00469056e+06,30.0,0.0,9.398049,0.0,1.0341201,0.0,1.0166378,0.0,71.38417,2.0,48.575184,21.193571,,21.193571,21.193571,,12.513796,,0.057247486,370.20963,1.0,0.0,0.0,2001.0,3.41,,25.0,,,,Master only (1),3.4,,25.0,21.19785,21.19785,,71.38417,4.268076,0.6640363,-0.3805595,190.74974,0.0,0.0,1.0
3.42,3.42,2.10701,1.00469056e+06,30.0,0.0,9.397868,0.0,1.034165,0.0,1.0166311,0.0,71.37972,2.0,48.506332,21.19272,,21.19272,21.19272,,12.513519,,0.057248753,370.18658,1.0,0.0,0.0,2001.0,3.42,,25.0,,,,Master only (1),3.4,,25.0,21.19785,21.19785,,71.37972,4.268014,0.6640363,-0.3805595,190.74974,0.0,0.0,1.0
3.43,3.43,2.10701,1.00469056e+06,30.0,0.0,9.397683,0.0,1.0342098,0.0,1.0166243,0.0,71.37519,2.0,48.437572,21.19185,,21.19185,21.19185,,12.513237,,0.057250045,370.16302,1.0,0.0,0.0,2001.0,3.43,,25.0,,,,Master only (1),3.4,,25.0,21.19785,21.19785,,71.37519,4.2679505,0.6640363,-0.3805595,190.74974,0.0,0.0,1.0
3.44,3.44,2.10701,1.00469056e+06,30.0,0.0,9.397509,0.0,1.0342549,0.0,1.0166179,0.0,71.37091,2.0,48.368954,21.19103,,21.19103,21.19103,,12.512971,,0.05725126,370.14087,1.0,0.0,0.0,2001.0,3.44,,25.0,5.9004292,4.4999814,4.248495,Matched (3),3.4,,25.0,21.19785,21.19785,,71.37091,4.2678905,0.6640363,-0.3805595,190.74974,0.0,0.0,1.0
3.45,3.45,2.10701,1.00469056e+06,30.0,0.0,11.521201,0.0,1.1084963,0.0,1.0895387,0.0,137.80156,2.0,48.300373,32.396336,,32.396336,32.396336,,15.803363,,0.045331072,714.6607,1.0,0.0,0.0,2001.0,3.45,,40.0,,,,Master only (1),3.5,,40.0,32.396336,32.396336,,137.80156,4.9258146,0.8463578,0.2768659,356.32373,0.0,0.0,1.0
3.46,3.46,2.10701,1.00469056e+06,30.0,0.0,11.521093,0.0,1.1085482,0.0,1.0895352,0.0,137.7974,2.0,48.231937,32.395702,,32.395702,32.395702,,15.803194,,0.045331556,714.6391,1.0,0.0,0.0,2001.0,3.46,,40.0,6.008985,5.060379,4.3820267,Matched (3),3.5,,40.0,32.396336,32.396336,,137.7974,4.9257846,0.8463578,0.2768659,356.32373,0.0,0.0,1.0
3.47,3.47,2.10701,1.00469056e+06,30.0,0.0,11.520982,0.0,1.1086,0.0,1.0895317,0.0,137.79308,2.0,48.16354,32.39505,,32.39505,32.39505,,15.803019,,0.04533206,714.61676,1.0,0.0,0.0,2001.0,3.47,,40.0,6.008985,4.5087943,4.3820267,Matched (3),3.5,,40.0,32.396336,32.396336,,137.79308,4.925753,0.8463578,0.2768659,356.32373,0.0,0.0,1.0
3.48,3.48,2.10701,1.00469056e+06,30.0,0.0,11.520867,0.0,1.1086516,0.0,1.089528,0.0,137.78867,2.0,48.09528,32.39438,,32.39438,32.39438,,15.802838,,0.045332577,714.5938,1.0,0.0,0.0,2001.0,3.48,,40.0,,,,Master only (1),3.5,,40.0,32.396336,32.396336,,137.78867,4.925721,0.8463578,0.2768659,356.32373,0.0,0.0,1.0
3.49,3.49,2.10701,1.00469056e+06,30.0,0.0,11.520756,0.0,1.1087035,0.0,1.0895244,0.0,137.78435,2.0,48.027115,32.393726,,32.393726,32.393726,,15.802663,,0.04533308,714.5715,1.0,0.0,0.0,2001.0,3.49,,40.0,,,,Master only (1),3.5,,40.0,32.396336,32.396336,,137.78435,4.9256897,0.8463578,0.2768659,356.32373,0.0,0.0,1.0
3.5,3.5,2.10701,1.00469056e+06,30.0,0.0,11.520648,0.0,1.1087554,0.0,1.0895209,0.0,137.7802,2.0,47.95904,32.393097,,32.393097,32.393097,,15.802494,,0.045333564,714.55,1.0,0.0,0.0,2001.0,3.5,,40.0,5.9949174,5.206526,4.4308167,Matched (3),3.5,,40.0,32.396336,32.396336,,137.7802,4.9256597,0.8463578,0.2768659,356.32373,0.0,0.0,1.0
3.51,3.51,2.10701,1.00469056e+06,30.0,0.0,11.52053,0.0,1.108807,0.0,1.0895171,0.0,137.77562,2.0,47.891056,32.392403,,32.392403,32.392403,,15.802308,,0.045334097,714.52625,1.0,0.0,0.0,2001.0,3.51,,40.0,,,,Master only (1),3.5,,40.0,32.396336,32.396336,,137.77562,4.9256263,0.8463578,0.2768659,356.32373,0.0,0.0,1.0
3.52,3.52,2.10701,1.00469056e+06,30.0,0.0,11.520426,0.0,1.108859,0.0,1.0895138,0.0,137.7716,2.0,47.82316,32.391792,,32.391792,32.391792,,15.802145,,0.045334563,714.50543,1.0,0.0,0.0,2001.0,3.52,,40.0,,,,Master only (1),3.5,,40.0,32.396336,32.396336,,137.7716,4.925597,0.8463578,0.2768659,356.32373,0.0,0.0,1.0
3.53,3.53,2.10701,1.00469056e+06,30.0,0.0,11.52031,0.0,1.1089107,0.0,1.0895101,0.0,137.76715,2.0,47.755405,32.391117,,32.391117,32.391117,,15.801963,,0.045335088,714.4823,1.0,0.0,0.0,2001.0,3.53,,40.0,,,,Master only (1),3.5,,40.0,32.396336,32.396336,,137.76715,4.925565,0.8463578,0.2768659,356.32373,0.0,0.0,1.0
3.54,3.54,2.10701,1.00469056e+06,30.0,0.0,11.520192,0.0,1.1089622,0.0,1.0895063,0.0,137.76259,2.0,47.68769,32.390427,,32.390427,32.390427,,15.801778,,0.045335617,714.45874,1.0,0.0,0.0,2001.0,3.54,,40.0,,,,Master only (1),3.5,,40.0,32.396336,32.396336,,137.76259,4.925532,0.8463578,0.2768659,356.32373,0.0,0.0,1.0
3.55,3.55,2.10701,1.00469056e+06,30.0,0.0,11.52007,0.0,1.1090137,0.0,1.0895023,0.0,137.75787,2.0,47.62012,32.38971,,32.38971,32.38971,,15.801585,,0.045336172,714.43414,1.0,0.0,0.0,2001.0,3.55,,40.0,5.516459,4.942439,3.8849943,Matched (3),3.5,,40.0,32.396336,32.396336,,137.75787,4.9254975,0.8463578,0.2768659,356.32373,0.0,0.0,1.0
3.56,3.56,2.10701,1.00469056e+06,30.0,0.0,11.126473,0.0,1.0960375,0.0,1.0767007,0.0,123.12998,2.0,47.552578,30.126852,,30.126852,30.126852,,15.18453,,0.0471785,638.57166,1.0,0.0,0.0,2001.0,3.56,,37.0,,,,Master only (1),3.6,,37.0,30.126852,30.126852,,123.12998,4.8132405,1.040514,0.16429178,271.116,0.0,0.0,1.0
3.57,3.57,2.10701,1.00469056e+06,30.0,0.0,11.126347,0.0,1.096088,0.0,1.0766965,0.0,123.12545,2.0,47.485184,30.126137,,30.126137,30.126137,,15.184332,,0.047179118,638.5481,1.0,0.0,0.0,2001.0,3.57,,37.0,,,,Master only (1),3.6,,37.0,30.126852,30.126852,,123.12545,4.813204,1.040514,0.16429178,271.116,0.0,0.0,1.0
3.58,3.58,2.10701,1.00469056e+06,30.0,0.0,11.126209,0.0,1.0961382,0.0,1.076692,0.0,123.120544,2.0,47.417877,30.125362,,30.125362,30.125362,,15.184116,,0.047179785,638.5227,1.0,0.0,0.0,2001.0,3.58,,37.0,5.794907,5.007213,4.2195077,Matched (3),3.6,,37.0,30.126852,30.126852,,123.120544,4.8131638,1.040514,0.16429178,271.116,0.0,0.0,1.0
3.59,3.59,2.10701,1.00469056e+06,30.0,0.0,11.126089,0.0,1.0961891,0.0,1.076688,0.0,123.11625,2.0,47.35066,30.124683,,30.124683,30.124683,,15.1839285,,0.04718037,638.50037,1.0,0.0,0.0,2001.0,3.59,,37.0,5.6006064,5.1020627,3.9512436,Matched (3),3.6,,37.0,30.126852,30.126852,,123.11625,4.813129,1.040514,0.16429178,271.116,0.0,0.0,1.0
3.6,3.6,2.10701,1.00469056e+06,30.0,0.0,11.125959,0.0,1.0962396,0.0,1.0766838,0.0,123.11161,2.0,47.28358,30.123953,,30.123953,30.123953,,15.183726,,0.047181,638.4764,1.0,0.0,0.0,2001.0,3.6,,37.0,6.1257596,5.092045,4.624973,Matched (3),3.6,,37.0,30.126852,30.126852,,123.11161,4.8130913,1.040514,0.16429178,271.116,0.0,0.0,1.0
3.61,3.61,2.10701,1.00469056e+06,30.0,0.0,11.125833,0.0,1.0962901,0.0,1.0766796,0.0,123.10708,2.0,47.21654,30.123238,,30.123238,30.123238,,15.183528,,0.047181614,638.4529,1.0,0.0,0.0,2001.0,3.61,,37.0,5.516459,4.942439,3.8849943,Matched (3),3.6,,37.0,30.126852,30.126852,,123.10708,4.8130546,1.040514,0.16429178,271.116,0.0,0.0,1.0
3.62,3.62,2.10701,1.00469056e+06,30.0,0.0,11.125716,0.0,1.096341,0.0,1.0766758,0.0,123.10292,2.0,47.14964,30.122581,,30.122581,30.122581,,15.183346,,0.04718218,638.43134,1.0,0.0,0.0,2001.0,3.62,,37.0,,,,Master only (1),3.6,,37.0,30.126852,30.126852,,123.10292,4.8130207,1.040514,0.16429178,271.116,0.0,0.0,1.0
3.63,3.63,2.10701,1.00469056e+06,30.0,0.0,11.125604,0.0,1.096392,0.0,1.0766721,0.0,123.0989,2.0,47.08277,30.121946,,30.121946,30.121946,,15.183169,,0.047182728,638.41046,1.0,0.0,0.0,2001.0,3.63,,37.0,,,,Master only (1),3.6,,37.0,30.126852,30.126852,,123.0989,4.8129883,1.040514,0.16429178,271.116,0.0,0.0,1.0
3.64,3.64,2.10701,1.00469056e+06,30.0,0.0,11.125477,0.0,1.0964427,0.0,1.0766679,0.0,123.09437,2.0,47.016052,30.121231,,30.121231,30.121231,,15.182971,,0.047183346,638.3869,1.0,0.0,0.0,2001.0,3.64,,37.0,,,,Master only (1),3.6,,37.0,30.126852,30.126852,,123.09437,4.812951,1.040514,0.16429178,271.116,0.0,0.0,1.0
3.65,3.65,2.10701,1.00469056e+06,30.0,0.0,9.853928,0.0,1.0521713,0.0,1.0331434,0.0,83.18235,2.0,46.949413,23.391697,,23.391697,23.391697,,13.211762,,0.05422315,431.39685,1.0,0.0,0.0,2001.0,3.65,,28.0,5.5611916,5.1020627,3.912023,Matched (3),3.7,,28.0,23.391697,23.391697,,83.18235,4.4210353,1.0005088,-0.22791345,233.88103,0.0,0.0,1.0
3.66,3.66,2.10701,1.00469056e+06,30.0,0.0,9.85377,0.0,1.0522183,0.0,1.0331378,0.0,83.17806,2.0,46.882866,23.390919,,23.390919,23.390919,,13.21152,,0.054224145,431.3746,1.0,0.0,0.0,2001.0,3.66,,28.0,,,,Master only (1),3.7,,28.0,23.391697,23.391697,,83.17806,4.420984,1.0005088,-0.22791345,233.88103,0.0,0.0,1.0
3.67,3.67,2.10701,1.00469056e+06,30.0,0.0,9.853617,0.0,1.0522653,0.0,1.0331323,0.0,83.173874,2.0,46.816406,23.39016,,23.39016,23.39016,,13.211285,,0.05422511,431.35294,1.0,0.0,0.0,2001.0,3.67,,28.0,6.0937047,5.0656185,4.5849676,Matched (3),3.7,,28.0,23.391697,23.391697,,83.173874,4.4209332,1.0005088,-0.22791345,233.88103,0.0,0.0,1.0
3.68,3.68,2.10701,1.00469056e+06,30.0,0.0,9.853456,0.0,1.0523121,0.0,1.0331266,0.0,83.16948,2.0,46.75004,23.389362,,23.389362,23.389362,,13.211037,,0.054226127,431.33014,1.0,0.0,0.0,2001.0,3.68,,28.0,,,,Master only (1),3.7,,28.0,23.391697,23.391697,,83.16948,4.4208803,1.0005088,-0.22791345,233.88103,0.0,0.0,1.0
3.69,3.69,2.10701,1.00469056e+06,30.0,0.0,9.853282,0.0,1.0523584,0.0,1.0331204,0.0,83.16475,2.0,46.6838,23.388504,,23.388504,23.388504,,13.21077,,0.054227225,431.30557,1.0,0.0,0.0,2001.0,3.69,,28.0,5.7938766,4.996647,4.2195077,Matched (3),3.7,,28.0,23.391697,23.391697,,83.16475,4.4208236,1.0005088,-0.22791345,233.88103,0.0,0.0,1.0
3.7,3.7,2.10701,1.00469056e+06,30.0,0.0,9.853118,0.0,1.0524051,0.0,1.0331146,0.0,83.16028,2.0,46.6176,23.387693,,23.387693,23.387693,,13.210518,,0.054228257,431.2824,1.0,0.0,0.0,2001.0,3.7,,28.0,5.557975,4.955017,3.9383402,Matched (3),3.7,,28.0,23.391697,23.391697,,83.16028,4.4207697,1.0005088,-0.22791345,233.88103,0.0,0.0,1.0
3.71,3.71,2.10701,1.00469056e+06,30.0,0.0,9.852954,0.0,1.0524517,0.0,1.0331087,0.0,83.15581,2.0,46.551548,23.386883,,23.386883,23.386883,,13.210266,,0.05422929,431.25925,1.0,0.0,0.0,2001.0,3.71,,28.0,,,,Master only (1),3.7,,28.0,23.391697,23.391697,,83.15581,4.420716,1.0005088,-0.22791345,233.88103,0.0,0.0,1.0
3.72,3.72,2.10701,1.00469056e+06,30.0,0.0,9.852783,0.0,1.0524981,0.0,1.0331026,0.0,83.15116,2.0,46.485523,23.386038,,23.386038,23.386038,,13.210004,,0.054230366,431.2351,1.0,0.0,0.0,2001.0,3.72,,28.0,,,,Master only (1),3.7,,28.0,23.391697,23.391697,,83.15116,4.42066,1.0005088,-0.22791345,233.88103,0.0,0.0,1.0
3.73,3.73,2.10701,1.00469056e+06,30.0,0.0,9.852633,0.0,1.0525453,0.0,1.0330973,0.0,83.14708,2.0,46.419643,23.385298,,23.385298,23.385298,,13.209774,,0.054231312,431.21393,1.0,0.0,0.0,2001.0,3.73,,28.0,5.7938766,4.996647,4.2195077,Matched (3),3.7,,28.0,23.391697,23.391697,,83.14708,4.420611,1.0005088,-0.22791345,233.88103,0.0,0.0,1.0
3.74,3.74,2.10701,1.00469056e+06,30.0,0.0,9.852466,0.0,1.0525919,0.0,1.0330913,0.0,83.1425,2.0,46.35384,23.384468,,23.384468,23.384468,,13.209516,,0.05423237,431.19022,1.0,0.0,0.0,2001.0,3.74,,28.0,,,,Master only (1),3.7,,28.0,23.391697,23.391697,,83.1425,4.420556,1.0005088,-0.22791345,233.88103,0.0,0.0,1.0
3.75,3.75,2.10701,1.00469056e+06,30.0,0.0,10.001314,0.0,1.0580248,0.0,1.0383717,0.0,87.26737,2.0,46.288185,24.126507,,24.126507,24.126507,,13.4384365,,0.053308535,452.58243,1.0,0.0,0.0,2001.0,3.75,,29.0,6.0937047,5.0656185,4.5849676,Matched (3),3.8,,29.0,24.126507,24.126507,,87.26737,4.4689765,1.1691313,-0.17997225,265.34814,0.0,0.0,1.0
3.76,3.76,2.10701,1.00469056e+06,30.0,0.0,10.00116,0.0,1.0580721,0.0,1.0383662,0.0,87.263016,2.0,46.222557,24.12573,,24.12573,24.12573,,13.438198,,0.05330948,452.55984,1.0,0.0,0.0,2001.0,3.76,,29.0,,,,Master only (1),3.8,,29.0,24.126507,24.126507,,87.263016,4.468927,1.1691313,-0.17997225,265.34814,0.0,0.0,1.0
3.77,3.77,2.10701,1.00469056e+06,30.0,0.0,10.000998,0.0,1.0581192,0.0,1.0383605,0.0,87.25845,2.0,46.157024,24.124916,,24.124916,24.124916,,13.437948,,0.053310473,452.53616,1.0,0.0,0.0,2001.0,3.77,,29.0,5.628256,5.0682707,3.988984,Matched (3),3.8,,29.0,24.126507,24.126507,,87.25845,4.4688745,1.1691313,-0.17997225,265.34814,0.0,0.0,1.0
3.78,3.78,2.10701,1.00469056e+06,30.0,0.0,10.000835,0.0,1.0581663,0.0,1.0383548,0.0,87.25388,2.0,46.09163,24.124102,,24.124102,24.124102,,13.437699,,0.05331146,452.51248,1.0,0.0,0.0,2001.0,3.78,,29.0,5.8261967,5.1400228,4.226834,Matched (3),3.8,,29.0,24.126507,24.126507,,87.25388,4.468822,1.1691313,-0.17997225,265.34814,0.0,0.0,1.0
3.79,3.79,2.10701,1.00469056e+06,30.0,0.0,10.000673,0.0,1.0582134,0.0,1.038349,0.0,87.24931,2.0,46.026257,24.123287,,24.123287,24.123287,,13.437449,,0.05331245,452.4888,1.0,0.0,0.0,2001.0,3.79,,29.0,6.288999,4.441245,4.75359,Matched (3),3.8,,29.0,24.126507,24.126507,,87.24931,4.4687696,1.1691313,-0.17997225,265.34814,0.0,0.0,1.0
3.8,3.8,2.10701,1.00469056e+06,30.0,0.0,10.0005245,0.0,1.0582609,0.0,1.0383438,0.0,87.245125,2.0,45.961033,24.12254,,24.12254,24.12254,,13.437221,,0.05331336,452.46707,1.0,0.0,0.0,2001.0,3.8,,29.0,,,,Master only (1),3.8,,29.0,24.126507,24.126507,,87.245125,4.468722,1.1691313,-0.17997225,265.34814,0.0,0.0,1.0
3.81,3.81,2.10701,1.00469056e+06,30.0,0.0,10.000376,0.0,1.0583085,0.0,1.0383385,0.0,87.24094,2.0,45.895893,24.121792,,24.121792,24.121792,,13.436992,,0.05331427,452.44534,1.0,0.0,0.0,2001.0,3.81,,29.0,,,,Master only (1),3.8,,29.0,24.126507,24.126507,,87.24094,4.4686737,1.1691313,-0.17997225,265.34814,0.0,0.0,1.0
3.82,3.82,2.10701,1.00469056e+06,30.0,0.0,10.000214,0.0,1.0583556,0.0,1.0383328,0.0,87.23637,2.0,45.830837,24.120975,,24.120975,24.120975,,13.436742,,0.05331526,452.4216,1.0,0.0,0.0,2001.0,3.82,,29.0,6.288999,4.441245,4.75359,Matched (3),3.8,,29.0,24.126507,24.126507,,87.23637,4.4686213,1.1691313,-0.17997225,265.34814,0.0,0.0,1.0
3.83,3.83,2.10701,1.00469056e+06,30.0,0.0,10.000062,0.0,1.058403,0.0,1.0383275,0.0,87.23209,2.0,45.765873,24.120214,,24.120214,24.120214,,13.436508,,0.053316187,452.39948,1.0,0.0,0.0,2001.0,3.83,,29.0,5.7185,5.0493317,4.0943446,Matched (3),3.8,,29.0,24.126507,24.126507,,87.23209,4.468572,1.1691313,-0.17997225,265.34814,0.0,0.0,1.0
3.84,3.84,2.10701,1.00469056e+06,30.0,0.0,9.999903,0.0,1.0584502,0.0,1.0383219,0.0,87.22761,2.0,45.700985,24.119413,,24.119413,24.119413,,13.436263,,0.05331716,452.3762,1.0,0.0,0.0,2001.0,3.84,,29.0,,,,Master only (1),3.8,,29.0,24.126507,24.126507,,87.22761,4.468521,1.1691313,-0.17997225,265.34814,0.0,0.0,1.0
3.85,3.85,2.10701,1.00469056e+06,30.0,0.0,9.999751,0.0,1.0584977,0.0,1.0383165,0.0,87.223335,2.0,45.636242,24.118652,,24.118652,24.118652,,13.436029,,0.053318087,452.35403,1.0,0.0,0.0,2001.0,3.85,,29.0,4.258621,4.2003975,2.2512918,Matched (3),3.8,,29.0,24.126507,24.126507,,87.223335,4.468472,1.1691313,-0.17997225,265.34814,0.0,0.0,1.0
3.86,3.86,2.10701,1.00469056e+06,30.0,0.0,10.714887,0.0,1.0837051,0.0,1.0629901,0.0,109.01908,2.0,45.57153,27.85157,,27.85157,27.85157,,14.542668,,0.04926079,565.39026,1.0,0.0,0.0,2001.0,3.86,,34.0,5.5587626,5.095123,3.912023,Matched (3),3.9,,34.0,27.85157,27.85157,,109.01908,4.691523,1.1691313,0.04257434,250.6387,0.0,0.0,1.0
3.87,3.87,2.10701,1.00469056e+06,30.0,0.0,10.71476,0.0,1.0837549,0.0,1.0629858,0.0,109.01491,2.0,45.50695,27.850883,,27.850883,27.850883,,14.542472,,0.04926146,565.36865,1.0,0.0,0.0,2001.0,3.87,,34.0,,,,Master only (1),3.9,,34.0,27.85157,27.85157,,109.01491,4.6914845,1.1691313,0.04257434,250.6387,0.0,0.0,1.0
3.88,3.88,2.10701,1.00469056e+06,30.0,0.0,10.714632,0.0,1.0838046,0.0,1.0629815,0.0,109.01071,2.0,45.442463,27.850191,,27.850191,27.850191,,14.542273,,0.049262132,565.34686,1.0,0.0,0.0,2001.0,3.88,,34.0,,,,Master only (1),3.9,,34.0,27.85157,27.85157,,109.01071,4.6914463,1.1691313,0.04257434,250.6387,0.0,0.0,1.0
3.89,3.89,2.10701,1.00469056e+06,30.0,0.0,10.714505,0.0,1.0838544,0.0,1.0629772,0.0,109.006546,2.0,45.378006,27.849504,,27.849504,27.849504,,14.542075,,0.049262803,565.3252,1.0,0.0,0.0,2001.0,3.89,,34.0,6.288999,5.1400228,4.75359,Matched (3),3.9,,34.0,27.85157,27.85157,,109.006546,4.691408,1.1691313,0.04257434,250.6387,0.0,0.0,1.0
3.9,3.9,2.10701,1.00469056e+06,30.0,0.0,10.714367,0.0,1.0839039,0.0,1.0629725,0.0,109.002,2.0,45.313683,27.848755,,27.848755,27.848755,,14.541861,,0.04926353,565.30164,1.0,0.0,0.0,2001.0,3.9,,34.0,,,,Master only (1),3.9,,34.0,27.85157,27.85157,,109.002,4.691366,1.1691313,0.04257434,250.6387,0.0,0.0,1.0
3.91,3.91,2.10701,1.00469056e+06,30.0,0.0,10.714233,0.0,1.0839535,0.0,1.062968,0.0,108.99762,2.0,45.249504,27.848032,,27.848032,27.848032,,14.541653,,0.049264234,565.27893,1.0,0.0,0.0,2001.0,3.91,,34.0,,,,Master only (1),3.9,,34.0,27.85157,27.85157,,108.99762,4.691326,1.1691313,0.04257434,250.6387,0.0,0.0,1.0
3.92,3.92,2.10701,1.00469056e+06,30.0,0.0,10.714095,0.0,1.084003,0.0,1.0629634,0.0,108.99307,2.0,45.18535,27.847284,,27.847284,27.847284,,14.541438,,0.04926496,565.2554,1.0,0.0,0.0,2001.0,3.92,,34.0,5.555745,5.0897446,3.912023,Matched (3),3.9,,34.0,27.85157,27.85157,,108.99307,4.691284,1.1691313,0.04257434,250.6387,0.0,0.0,1.0
3.93,3.93,2.10701,1.00469056e+06,30.0,0.0,10.713975,0.0,1.084053,0.0,1.0629593,0.0,108.98913,2.0,45.121284,27.846634,,27.846634,27.846634,,14.541251,,0.049265593,565.2349,1.0,0.0,0.0,2001.0,3.93,,34.0,5.7997737,5.1230335,4.1972017,Matched (3),3.9,,34.0,27.85157,27.85157,,108.98913,4.691248,1.1691313,0.04257434,250.6387,0.0,0.0,1.0
3.94,3.94,2.10701,1.00469056e+06,30.0,0.0,10.71383,0.0,1.0841023,0.0,1.0629544,0.0,108.98437,2.0,45.057358,27.845848,,27.845848,27.845848,,14.541025,,0.049266357,565.2102,1.0,0.0,0.0,2001.0,3.94,,34.0,,,,Master only (1),3.9,,34.0,27.85157,27.85157,,108.98437,4.6912045,1.1691313,0.04257434,250.6387,0.0,0.0,1.0
3.95,3.95,2.10701,1.00469056e+06,30.0,0.0,10.145154,0.0,1.0642378,0.0,1.0434253,0.0,91.38561,2.0,44.993458,24.855036,,24.855036,24.855036,,13.660126,,0.052443393,473.94028,1.0,0.0,0.0,2001.0,3.95,,30.0,,,,Master only (1),4.0,,30.0,24.855036,24.855036,,91.38561,4.515088,0.642375,-0.13386066,248.51595,0.0,0.0,1.0
3.96,3.96,2.10701,1.00469056e+06,30.0,0.0,10.144998,0.0,1.0642854,0.0,1.0434198,0.0,91.38106,2.0,44.92969,24.854239,,24.854239,24.854239,,13.659884,,0.05244432,473.9167,1.0,0.0,0.0,2001.0,3.96,,30.0,,,,Master only (1),4.0,,30.0,24.855036,24.855036,,91.38106,4.515038,0.642375,-0.13386066,248.51595,0.0,0.0,1.0
3.97,3.97,2.10701,1.00469056e+06,30.0,0.0,10.144844,0.0,1.0643332,0.0,1.0434145,0.0,91.376595,2.0,44.86602,24.853455,,24.853455,24.853455,,13.659648,,0.05244523,473.89352,1.0,0.0,0.0,2001.0,3.97,,30.0,,,,Master only (1),4.0,,30.0,24.855036,24.855036,,91.376595,4.5149894,0.642375,-0.13386066,248.51595,0.0,0.0,1.0
3.98,3.98,2.10701,1.00469056e+06,30.0,0.0,10.144701,0.0,1.0643812,0.0,1.0434095,0.0,91.37244,2.0,44.80242,24.852724,,24.852724,24.852724,,13.659427,,0.05244608,473.87192,1.0,0.0,0.0,2001.0,3.98,,30.0,,,,Master only (1),4.0,,30.0,24.855036,24.855036,,91.37244,4.514944,0.642375,-0.13386066,248.51595,0.0,0.0,1.0
3.99,3.99,2.10701,1.00469056e+06,30.0,0.0,10.144565,0.0,1.0644296,0.0,1.0434047,0.0,91.36847,2.0,44.738914,24.852028,,24.852028,24.852028,,13.659217,,0.052446883,473.85138,1.0,0.0,0.0,2001.0,3.99,,30.0,5.59376,4.9603643,3.988984,Matched (3),4.0,,30.0,24.855036,24.855036,,91.36847,4.5149,0.642375,-0.13386066,248.51595,0.0,0.0,1.0
4.0,4.0,2.10701,1.00469056e+06,30.0,0.0,10.144411,0.0,1.0644774,0.0,1.0433993,0.0,91.364,2.0,44.675488,24.851244,,24.851244,24.851244,,13.658979,,0.052447796,473.8282,1.0,0.0,0.0,2001.0,4.0,,30.0,5.7997737,5.1230335,4.1972017,Matched (3),4.0,,30.0,24.855036,24.855036,,91.364,4.5148516,0.642375,-0.13386066,248.51595,0.0,0.0,1.0
4.01,4.01,2.10701,1.00469056e+06,30.0,0.0,10.144255,0.0,1.064525,0.0,1.0433939,0.0,91.35945,2.0,44.612194,24.850447,,24.850447,24.850447,,13.658738,,0.052448723,473.8046,1.0,0.0,0.0,2001.0,4.01,,30.0,,,,Master only (1),4.0,,30.0,24.855036,24.855036,,91.35945,4.5148015,0.642375,-0.13386066,248.51595,0.0,0.0,1.0
4.02,4.02,2.10701,1.00469056e+06,30.0,0.0,10.144105,0.0,1.0645729,0.0,1.0433886,0.0,91.355095,2.0,44.548935,24.849682,,24.849682,24.849682,,13.658507,,0.05244961,473.782,1.0,0.0,0.0,2001.0,4.02,,30.0,,,,Master only (1),4.0,,30.0,24.855036,24.855036,,91.355095,4.514754,0.642375,-0.13386066,248.51595,0.0,0.0,1.0
4.03,4.03,2.10701,1.00469056e+06,30.0,0.0,10.143961,0.0,1.064621,0.0,1.0433836,0.0,91.350914,2.0,44.485806,24.848948,,24.848948,24.848948,,13.658285,,0.052450463,473.7603,1.0,0.0,0.0,2001.0,4.03,,30.0,5.8217764,5.133374,4.226834,Matched (3),4.0,,30.0,24.855036,24.855036,,91.350914,4.5147085,0.642375,-0.13386066,248.51595,0.0,0.0,1.0
4.04,4.04,2.10701,1.00469056e+06,30.0,0.0,10.143805,0.0,1.0646687,0.0,1.0433781,0.0,91.34636,2.0,44.422718,24.848148,,24.848148,24.848148,,13.658044,,0.052451387,473.73672,1.0,0.0,0.0,2001.0,4.04,,30.0,,,,Master only (1),4.0,,30.0,24.855036,24.855036,,91.34636,4.5146585,0.642375,-0.13386066,248.51595,0.0,0.0,1.0
4.05,4.05,2.10701,1.00469056e+06,30.0,0.0,11.8957205,0.0,1.1239855,0.0,1.1014538,0.0,152.79773,2.0,44.359753,34.628975,,34.628975,34.628975,,16.393383,,0.043699544,792.43335,1.0,0.0,0.0,2001.0,4.05,,43.0,,,,Master only (1),4.1,,43.0,34.628975,34.628975,,152.79773,5.029115,0.6640363,0.38016647,346.26175,0.0,0.0,1.0
4.06,4.06,2.10701,1.00469056e+06,30.0,0.0,11.8956175,0.0,1.1240385,0.0,1.1014506,0.0,152.79346,2.0,44.296875,34.62835,,34.62835,34.62835,,16.39322,,0.043699976,792.4112,1.0,0.0,0.0,2001.0,4.06,,43.0,5.841022,5.1095524,4.248495,Matched (3),4.1,,43.0,34.628975,34.628975,,152.79346,5.029087,0.6640363,0.38016647,346.26175,0.0,0.0,1.0
4.07,4.07,2.10701,1.00469056e+06,30.0,0.0,11.895515,0.0,1.1240914,0.0,1.1014473,0.0,152.78923,2.0,44.234085,34.62773,,34.62773,34.62773,,16.393059,,0.04370041,792.3892,1.0,0.0,0.0,2001.0,4.07,,43.0,5.572491,5.123374,3.9383402,Matched (3),4.1,,43.0,34.628975,34.628975,,152.78923,5.0290594,0.6640363,0.38016647,346.26175,0.0,0.0,1.0
4.08,4.08,2.10701,1.00469056e+06,30.0,0.0,11.895413,0.0,1.1241443,0.0,1.1014441,0.0,152.78499,2.0,44.171425,34.62711,,34.62711,34.62711,,16.392899,,0.043700837,792.3672,1.0,0.0,0.0,2001.0,4.08,,43.0,,,,Master only (1),4.1,,43.0,34.628975,34.628975,,152.78499,5.0290318,0.6640363,0.38016647,346.26175,0.0,0.0,1.0
4.09,4.09,2.10701,1.00469056e+06,30.0,0.0,11.895311,0.0,1.1241972,0.0,1.1014409,0.0,152.78076,2.0,44.10879,34.62649,,34.62649,34.62649,,16.392736,,0.04370127,792.3452,1.0,0.0,0.0,2001.0,4.09,,43.0,5.589996,4.9538713,3.988984,Matched (3),4.1,,43.0,34.628975,34.628975,,152.78076,5.029004,0.6640363,0.38016647,346.26175,0.0,0.0,1.0
4.1,4.1,2.10701,1.00469056e+06,30.0,0.0,11.895198,0.0,1.1242498,0.0,1.1014373,0.0,152.77606,2.0,44.046295,34.625805,,34.625805,34.625805,,16.392557,,0.043701746,792.32086,1.0,0.0,0.0,2001.0,4.1,,43.0,5.5523562,5.0854454,3.912023,Matched (3),4.1,,43.0,34.628975,34.628975,,152.77606,5.028973,0.6640363,0.38016647,346.26175,0.0,0.0,1.0
4.11,4.11,2.10701,1.00469056e+06,30.0,0.0,11.895106,0.0,1.1243031,0.0,1.1014345,0.0,152.77226,2.0,43.983833,34.625248,,34.625248,34.625248,,16.392412,,0.043702133,792.3011,1.0,0.0,0.0,2001.0,4.11,,43.0,,,,Master only (1),4.1,,43.0,34.628975,34.628975,,152.77226,5.0289483,0.6640363,0.38016647,346.26175,0.0,0.0,1.0
4.12,4.12,2.10701,1.00469056e+06,30.0,0.0,11.895012,0.0,1.1243563,0.0,1.1014315,0.0,152.76834,2.0,43.9215,34.624676,,34.624676,34.624676,,16.392263,,0.043702528,792.2808,1.0,0.0,0.0,2001.0,4.12,,43.0,,,,Master only (1),4.1,,43.0,34.628975,34.628975,,152.76834,5.0289226,0.6640363,0.38016647,346.26175,0.0,0.0,1.0
4.13,4.13,2.10701,1.00469056e+06,30.0,0.0,11.894898,0.0,1.1244088,0.0,1.1014279,0.0,152.76364,2.0,43.859253,34.62399,,34.62399,34.62399,,16.392084,,0.04370301,792.2564,1.0,0.0,0.0,2001.0,4.13,,43.0,5.6225967,5.059526,3.988984,Matched (3),4.1,,43.0,34.628975,34.628975,,152.76364,5.028892,0.6640363,0.38016647,346.26175,0.0,0.0,1.0
4.14,4.14,2.10701,1.00469056e+06,30.0,0.0,11.894796,0.0,1.1244618,0.0,1.1014247,0.0,152.7594,2.0,43.797085,34.62337,,34.62337,34.62337,,16.391924,,0.043703433,792.23456,1.0,0.0,0.0,2001.0,4.14,,43.0,,,,Master only (1),4.1,,43.0,34.628975,34.628975,,152.7594,5.028864,0.6640363,0.38016647,346.26175,0.0,0.0,1.0
4.15,4.15,2.10701,1.00469056e+06,30.0,0.0,12.385207,0.0,1.1400716,0.0,1.1166589,0.0,174.04749,2.0,43.735004,37.66379,,37.66379,37.66379,,17.168606,,0.041726355,902.63794,1.0,0.0,0.0,2001.0,4.15,,47.0,,,,Master only (1),4.2,,47.0,37.66379,37.66379,,174.04749,5.159328,1.040514,0.51037925,376.61282,0.0,0.0,1.0
4.16,4.16,2.10701,1.00469056e+06,30.0,0.0,12.385114,0.0,1.1401258,0.0,1.1166561,0.0,174.04324,2.0,43.672997,37.6632,,37.6632,37.6632,,17.168457,,0.04172672,902.6159,1.0,0.0,0.0,2001.0,4.16,,47.0,,,,Master only (1),4.2,,47.0,37.66379,37.66379,,174.04324,5.1593037,1.040514,0.51037925,376.61282,0.0,0.0,1.0
4.17,4.17,2.10701,1.00469056e+06,30.0,0.0,12.38504,0.0,1.1401805,0.0,1.1166538,0.0,174.03992,2.0,43.611076,37.662735,,37.662735,37.662735,,17.16834,,0.041727,902.5987,1.0,0.0,0.0,2001.0,4.17,,47.0,,,,Matched (3),4.2,,47.0,37.66379,37.66379,,174.03992,5.1592846,1.040514,0.51037925,376.61282,0.0,0.0,1.0
4.18,4.18,2.10701,1.00469056e+06,30.0,0.0,12.384951,0.0,1.1402347,0.0,1.116651,0.0,174.03584,2.0,43.549286,37.662167,,37.662167,37.662167,,17.168198,,0.04172735,902.5775,1.0,0.0,0.0,2001.0,4.18,,47.0,5.9796,4.2873063,4.3820267,Matched (3),4.2,,47.0,37.66379,37.66379,,174.03584,5.159261,1.040514,0.51037925,376.61282,0.0,0.0,1.0
4.19,4.19,2.10701,1.00469056e+06,30.0,0.0,12.384872,0.0,1.1402892,0.0,1.1166487,0.0,174.0323,2.0,43.487576,37.66167,,37.66167,37.66167,,17.168074,,0.04172765,902.5591,1.0,0.0,0.0,2001.0,4.19,,47.0,6.1811585,4.336615,4.624973,Matched (3),4.2,,47.0,37.66379,37.66379,,174.0323,5.1592407,1.040514,0.51037925,376.61282,0.0,0.0,1.0
4.2,4.2,2.10701,1.00469056e+06,30.0,0.0,12.384764,0.0,1.1403428,0.0,1.1166453,0.0,174.02737,2.0,43.4259,37.660984,,37.660984,37.660984,,17.1679,,0.041728072,902.5335,1.0,0.0,0.0,2001.0,4.2,,47.0,,,,Master only (1),4.2,,47.0,37.66379,37.66379,,174.02737,5.1592126,1.040514,0.51037925,376.61282,0.0,0.0,1.0
4.21,4.21,2.10701,1.00469056e+06,30.0,0.0,12.384675,0.0,1.1403971,0.0,1.1166426,0.0,174.02335,2.0,43.364357,37.66042,,37.66042,37.66042,,17.167759,,0.041728415,902.5126,1.0,0.0,0.0,2001.0,4.21,,47.0,,,,Master only (1),4.2,,47.0,37.66379,37.66379,,174.02335,5.159189,1.040514,0.51037925,376.61282,0.0,0.0,1.0
4.22,4.22,2.10701,1.00469056e+06,30.0,0.0,12.384597,0.0,1.1404517,0.0,1.1166402,0.0,174.01979,2.0,43.30289,37.659927,,37.659927,37.659927,,17.167635,,0.041728716,902.49426,1.0,0.0,0.0,2001.0,4.22,,47.0,,,,Master only (1),4.2,,47.0,37.66379,37.66379,,174.01979,5.159169,1.040514,0.51037925,376.61282,0.0,0.0,1.0
4.23,4.23,2.10701,1.00469056e+06,30.0,0.0,12.384488,0.0,1.1405053,0.0,1.1166369,0.0,174.01486,2.0,43.241505,37.659237,,37.659237,37.659237,,17.167463,,0.041729134,902.4687,1.0,0.0,0.0,2001.0,4.23,,47.0,,,,Master only (1),4.2,,47.0,37.66379,37.66379,,174.01486,5.1591406,1.040514,0.51037925,376.61282,0.0,0.0,1.0
4.24,4.24,2.10701,1.00469056e+06,30.0,0.0,12.384402,0.0,1.1405596,0.0,1.1166342,0.0,174.01097,2.0,43.1802,37.65869,,37.65869,37.65869,,17.167326,,0.041729465,902.4485,1.0,0.0,0.0,2001.0,4.24,,47.0,,,,Master only (1),4.2,,47.0,37.66379,37.66379,,174.01097,5.159118,1.040514,0.51037925,376.61282,0.0,0.0,1.0
4.25,4.25,2.10701,1.00469056e+06,30.0,0.0,7.8498874,0.0,0.97682273,0.0,0.9562842,0.0,39.91757,2.0,43.119034,14.566024,,14.566024,14.566024,,10.1815605,,0.07036086,207.01884,1.0,0.0,0.0,2001.0,4.25,,16.0,5.345563,4.9295363,3.6888795,Matched (3),4.3,,16.0,14.566024,14.566024,,39.91757,3.6868165,0.104420684,-0.9621323,160.17432,0.0,0.0,1.0
4.26,4.26,2.10701,1.00469056e+06,30.0,0.0,7.8496385,0.0,0.976861,0.0,0.9562739,0.0,39.913483,2.0,43.057888,14.565062,,14.565062,14.565062,,10.1811905,,0.07036342,206.99765,1.0,0.0,0.0,2001.0,4.26,,16.0,,,,Master only (1),4.3,,16.0,14.566024,14.566024,,39.913483,3.6867142,0.104420684,-0.9621323,160.17432,0.0,0.0,1.0
4.27,4.27,2.10701,1.00469056e+06,30.0,0.0,7.849401,0.0,0.9768998,0.0,0.9562641,0.0,39.909584,2.0,42.996876,14.564144,,14.564144,14.564144,,10.180838,,0.07036585,206.97743,1.0,0.0,0.0,2001.0,4.27,,16.0,,,,Master only (1),4.3,,16.0,14.566024,14.566024,,39.909584,3.6866164,0.104420684,-0.9621323,160.17432,0.0,0.0,1.0
4.28,4.28,2.10701,1.00469056e+06,30.0,0.0,7.849158,0.0,0.97693837,0.0,0.956254,0.0,39.90559,2.0,42.935944,14.563204,,14.563204,14.563204,,10.180476,,0.07036836,206.95671,1.0,0.0,0.0,2001.0,4.28,,16.0,,,,Master only (1),4.3,,16.0,14.566024,14.566024,,39.90559,3.6865165,0.104420684,-0.9621323,160.17432,0.0,0.0,1.0
4.29,4.29,2.10701,1.00469056e+06,30.0,0.0,7.848909,0.0,0.9769767,0.0,0.9562437,0.0,39.901505,2.0,42.87504,14.562242,,14.562242,14.562242,,10.180106,,0.07037091,206.93552,1.0,0.0,0.0,2001.0,4.29,,16.0,,,,Master only (1),4.3,,16.0,14.566024,14.566024,,39.901505,3.686414,0.104420684,-0.9621323,160.17432,0.0,0.0,1.0
4.3,4.3,2.10701,1.00469056e+06,30.0,0.0,7.8486643,0.0,0.9770152,0.0,0.95623356,0.0,39.897488,2.0,42.81427,14.561296,,14.561296,14.561296,,10.179743,,0.07037342,206.9147,1.0,0.0,0.0,2001.0,4.3,,16.0,,,,Master only (1),4.3,,16.0,14.566024,14.566024,,39.897488,3.6863134,0.104420684,-0.9621323,160.17432,0.0,0.0,1.0
4.31,4.31,2.10701,1.00469056e+06,30.0,0.0,7.848418,0.0,0.97705364,0.0,0.95622337,0.0,39.893448,2.0,42.753628,14.560346,,14.560346,14.560346,,10.179378,,0.07037595,206.89377,1.0,0.0,0.0,2001.0,4.31,,16.0,,,,Master only (1),4.3,,16.0,14.566024,14.566024,,39.893448,3.686212,0.104420684,-0.9621323,160.17432,0.0,0.0,1.0
4.32,4.32,2.10701,1.00469056e+06,30.0,0.0,7.848182,0.0,0.9770925,0.0,0.9562136,0.0,39.889576,2.0,42.69302,14.559433,,14.559433,14.559433,,10.179027,,0.07037838,206.87366,1.0,0.0,0.0,2001.0,4.32,,16.0,,,,Master only (1),4.3,,16.0,14.566024,14.566024,,39.889576,3.686115,0.104420684,-0.9621323,160.17432,0.0,0.0,1.0
4.33,4.33,2.10701,1.00469056e+06,30.0,0.0,7.8479347,0.0,0.9771309,0.0,0.95620334,0.0,39.885513,2.0,42.632484,14.558476,,14.558476,14.558476,,10.1786585,,0.07038092,206.8526,1.0,0.0,0.0,2001.0,4.33,,16.0,,,,Master only (1),4.3,,16.0,14.566024,14.566024,,39.885513,3.6860132,0.104420684,-0.9621323,160.17432,0.0,0.0,1.0
4.34,4.34,2.10701,1.00469056e+06,30.0,0.0,7.847686,0.0,0.9771692,0.0,0.95619303,0.0,39.881428,2.0,42.572083,14.557515,,14.557515,14.557515,,10.178288,,0.07038348,206.83142,1.0,0.0,0.0,2001.0,4.34,,16.0,,,,Master only (1),4.3,,16.0,14.566024,14.566024,,39.881428,3.6859107,0.104420684,-0.9621323,160.17432,0.0,0.0,1.0
4.35,4.35,2.10701,1.00469056e+06,30.0,0.0,7.847441,0.0,0.97720766,0.0,0.9561829,0.0,39.877415,2.0,42.511707,14.556569,,14.556569,14.556569,,10.177925,,0.07038599,206.8106,1.0,0.0,0.0,2001.0,4.35,,16.0,,,,Master only (1),4.3,,16.0,14.566024,14.566024,,39.877415,3.68581,0.104420684,-0.9621323,160.17432,0.0,0.0,1.0
4.36,4.36,2.10701,1.00469056e+06,30.0,0.0,11.766746,0.0,1.1215644,0.0,1.0973788,0.0,147.51248,2.0,42.45147,33.851376,,33.851376,33.851376,,16.189884,,0.044248827,765.02313,1.0,0.0,0.0,2001.0,4.36,,42.0,,,,Master only (1),4.4,,42.0,33.851376,33.851376,,147.51248,4.9939127,0.28674224,0.34496397,338.4855,0.0,0.0,1.0
4.37,4.37,2.10701,1.00469056e+06,30.0,0.0,11.766628,0.0,1.1216167,0.0,1.0973752,0.0,147.50774,2.0,42.391296,33.85067,,33.85067,33.85067,,16.1897,,0.04424933,764.9985,1.0,0.0,0.0,2001.0,4.37,,42.0,5.5358233,5.0594435,3.871201,Matched (3),4.4,,42.0,33.851376,33.851376,,147.50774,4.9938807,0.28674224,0.34496397,338.4855,0.0,0.0,1.0
4.38,4.38,2.10701,1.00469056e+06,30.0,0.0,11.766527,0.0,1.1216694,0.0,1.0973719,0.0,147.50365,2.0,42.33122,33.850067,,33.850067,33.850067,,16.18954,,0.044249766,764.9773,1.0,0.0,0.0,2001.0,4.38,,42.0,,,,Master only (1),4.4,,42.0,33.851376,33.851376,,147.50365,4.993853,0.28674224,0.34496397,338.4855,0.0,0.0,1.0
4.39,4.39,2.10701,1.00469056e+06,30.0,0.0,11.766418,0.0,1.121722,0.0,1.0973685,0.0,147.49924,2.0,42.271206,33.849415,,33.849415,33.849415,,16.18937,,0.044250235,764.95447,1.0,0.0,0.0,2001.0,4.39,,42.0,,,,Master only (1),4.4,,42.0,33.851376,33.851376,,147.49924,4.993823,0.28674224,0.34496397,338.4855,0.0,0.0,1.0
4.4,4.4,2.10701,1.00469056e+06,30.0,0.0,11.766313,0.0,1.1217747,0.0,1.0973651,0.0,147.49496,2.0,42.21128,33.84878,,33.84878,33.84878,,16.189201,,0.044250693,764.93225,1.0,0.0,0.0,2001.0,4.4,,42.0,,,,Master only (1),4.4,,42.0,33.851376,33.851376,,147.49496,4.993794,0.28674224,0.34496397,338.4855,0.0,0.0,1.0
4.41,4.41,2.10701,1.00469056e+06,30.0,0.0,11.766215,0.0,1.1218276,0.0,1.097362,0.0,147.49101,2.0,42.151432,33.848198,,33.848198,33.848198,,16.189049,,0.04425111,764.9118,1.0,0.0,0.0,2001.0,4.41,,42.0,,,,Master only (1),4.4,,42.0,33.851376,33.851376,,147.49101,4.9937673,0.28674224,0.34496397,338.4855,0.0,0.0,1.0
4.42,4.42,2.10701,1.00469056e+06,30.0,0.0,11.766129,0.0,1.1218809,0.0,1.0973593,0.0,147.4875,2.0,42.091717,33.847675,,33.847675,33.847675,,16.188911,,0.044251483,764.89355,1.0,0.0,0.0,2001.0,4.42,,42.0,,,,Master only (1),4.4,,42.0,33.851376,33.851376,,147.4875,4.9937434,0.28674224,0.34496397,338.4855,0.0,0.0,1.0
4.43,4.43,2.10701,1.00469056e+06,30.0,0.0,11.766031,0.0,1.1219338,0.0,1.0973562,0.0,147.48357,2.0,42.03202,33.847095,,33.847095,33.847095,,16.188759,,0.0442519,764.8733,1.0,0.0,0.0,2001.0,4.43,,42.0,5.4933844,4.1876698,3.7841897,Matched (3),4.4,,42.0,33.851376,33.851376,,147.48357,4.9937167,0.28674224,0.34496397,338.4855,0.0,0.0,1.0
4.44,4.44,2.10701,1.00469056e+06,30.0,0.0,11.765914,0.0,1.1219862,0.0,1.0973525,0.0,147.47882,2.0,41.97246,33.84639,,33.84639,33.84639,,16.188574,,0.044252407,764.8486,1.0,0.0,0.0,2001.0,4.44,,42.0,,,,Master only (1),4.4,,42.0,33.851376,33.851376,,147.47882,4.993685,0.28674224,0.34496397,338.4855,0.0,0.0,1.0
4.45,4.45,2.10701,1.00469056e+06,30.0,0.0,11.7658205,0.0,1.1220392,0.0,1.0973495,0.0,147.47504,2.0,41.912975,33.84583,,33.84583,33.84583,,16.188427,,0.04425281,764.8289,1.0,0.0,0.0,2001.0,4.45,,42.0,,,,Master only (1),4.4,,42.0,33.851376,33.851376,,147.47504,4.993659,0.28674224,0.34496397,338.4855,0.0,0.0,1.0
4.46,4.46,2.10701,1.00469056e+06,30.0,0.0,0.0,0.0,0.0,0.0,0.0,0.0,0.0,3.0,41.853565,55.604332,,,,,,,,,0.0,0.0,0.0,0.0,4.46,,,,,,Master only (1),4.5,,,,,,0.0,,,,0.0,0.0,,0.0
4.47,4.47,2.10701,1.00469056e+06,30.0,0.0,0.0,0.0,0.0,0.0,0.0,0.0,0.0,3.0,41.79424,55.587288,,,,,,,,,0.0,0.0,0.0,0.0,4.47,,,,,,Master only (1),4.5,,,,,,0.0,,,,0.0,0.0,,0.0
4.48,4.48,2.10701,1.00469056e+06,30.0,0.0,0.0,0.0,0.0,0.0,0.0,0.0,0.0,3.0,41.734985,55.570267,,,,,,,,,0.0,0.0,0.0,0.0,4.48,,,,,,Master only (1),4.5,,,,,,0.0,,,,0.0,0.0,,0.0
4.49,4.49,2.10701,1.00469056e+06,30.0,0.0,0.0,0.0,0.0,0.0,0.0,0.0,0.0,3.0,41.675858,55.553246,,,,,,,,,0.0,0.0,0.0,0.0,4.49,,,,,,Master only (1),4.5,,,,,,0.0,,,,0.0,0.0,,0.0
4.5,4.5,2.10701,1.00469056e+06,30.0,0.0,0.0,0.0,0.0,0.0,0.0,0.0,0.0,3.0,41.616768,55.536236,,,,,,,,,0.0,0.0,0.0,0.0,4.5,,,,,,Master only (1),4.5,,,,,,0.0,,,,0.0,0.0,,0.0
4.51,4.51,2.10701,1.00469056e+06,30.0,0.0,0.0,0.0,0.0,0.0,0.0,0.0,0.0,3.0,41.5578,33.28028,,,,,,,,,0.0,0.0,0.0,0.0,4.51,,,,,,Master only (1),4.5,,,,,,0.0,,,,0.0,0.0,,0.0
4.52,4.52,2.10701,1.00469056e+06,30.0,0.0,0.0,0.0,0.0,0.0,0.0,0.0,0.0,3.0,41.49886,33.270077,,,,,,,,,0.0,0.0,0.0,0.0,4.52,,,,,,Master only (1),4.5,,,,,,0.0,,,,0.0,0.0,,0.0
4.53,4.53,2.10701,1.00469056e+06,30.0,0.0,0.0,0.0,0.0,0.0,0.0,0.0,0.0,3.0,41.440044,33.259888,,,,,,,,,0.0,0.0,0.0,0.0,4.53,,,,,,Master only (1),4.5,,,,,,0.0,,,,0.0,0.0,,0.0
4.54,4.54,2.10701,1.00469056e+06,30.0,0.0,0.0,0.0,0.0,0.0,0.0,0.0,0.0,3.0,41.381306,33.2497,,,,,,,,,0.0,0.0,0.0,0.0,4.54,,,,,,Master only (1),4.5,,,,,,0.0,,,,0.0,0.0,,0.0
4.55,4.55,2.10701,1.00469056e+06,30.0,0.0,12.093532,0.0,1.1331351,0.0,1.1076473,0.0,161.15562,2.0,41.322647,35.839443,,35.839443,35.839443,,16.706116,,0.042881504,835.7786,1.0,0.0,0.0,2001.0,4.55,,44.0,,,,Master only (1),4.6,,44.0,35.839443,35.839443,,161.15562,5.0823703,0.28674224,0.43342155,358.11517,0.0,0.0,1.0
4.56,4.56,2.10701,1.00469056e+06,30.0,0.0,12.093428,0.0,1.1331885,0.0,1.1076441,0.0,161.15115,2.0,41.264065,35.838802,,35.838802,35.838802,,16.705952,,0.042881925,835.75543,1.0,0.0,0.0,2001.0,4.56,,44.0,,,,Master only (1),4.6,,44.0,35.839443,35.839443,,161.15115,5.0823426,0.28674224,0.43342155,358.11517,0.0,0.0,1.0
4.57,4.57,2.10701,1.00469056e+06,30.0,0.0,12.093328,0.0,1.133242,0.0,1.107641,0.0,161.14688,2.0,41.20561,35.838192,,35.838192,35.838192,,16.705793,,0.04288233,835.7333,1.0,0.0,0.0,2001.0,4.57,,44.0,,,,Master only (1),4.6,,44.0,35.839443,35.839443,,161.14688,5.0823164,0.28674224,0.43342155,358.11517,0.0,0.0,1.0
4.58,4.58,2.10701,1.00469056e+06,30.0,0.0,12.093229,0.0,1.1332954,0.0,1.1076379,0.0,161.14261,2.0,41.147186,35.837578,,35.837578,35.837578,,16.705637,,0.042882733,835.7111,1.0,0.0,0.0,2001.0,4.58,,44.0,,,,Master only (1),4.6,,44.0,35.839443,35.839443,,161.14261,5.0822897,0.28674224,0.43342155,358.11517,0.0,0.0,1.0
4.59,4.59,2.10701,1.00469056e+06,30.0,0.0,12.093148,0.0,1.1333495,0.0,1.1076354,0.0,161.13913,2.0,41.088882,35.83708,,35.83708,35.83708,,16.70551,,0.04288306,835.6931,1.0,0.0,0.0,2001.0,4.59,,44.0,5.574787,4.193471,3.871201,Matched (3),4.6,,44.0,35.839443,35.839443,,161.13913,5.082268,0.28674224,0.43342155,358.11517,0.0,0.0,1.0
4.6,4.6,2.10701,1.00469056e+06,30.0,0.0,12.084878,0.0,1.1331426,0.0,1.1073778,0.0,160.78354,2.0,41.03061,35.786037,,35.786037,35.786037,,16.69242,,0.04291669,833.849,1.0,0.0,0.0,2001.0,4.6,,44.0,,,,Master only (1),4.6,,44.0,35.839443,35.839443,,160.78354,5.080059,0.28674224,0.43342155,358.11517,0.0,0.0,1.0
4.61,4.61,2.10701,1.00469056e+06,30.0,0.0,12.084775,0.0,1.133196,0.0,1.1073745,0.0,160.77911,2.0,40.972454,35.785404,,35.785404,35.785404,,16.692255,,0.04291711,833.82605,1.0,0.0,0.0,2001.0,4.61,,44.0,,,,Master only (1),4.6,,44.0,35.839443,35.839443,,160.77911,5.0800314,0.28674224,0.43342155,358.11517,0.0,0.0,1.0
4.62,4.62,2.10701,1.00469056e+06,30.0,0.0,12.084676,0.0,1.1332495,0.0,1.1073714,0.0,160.77486,2.0,40.914387,35.78479,,35.78479,35.78479,,16.692099,,0.042917512,833.8039,1.0,0.0,0.0,2001.0,4.62,,44.0,,,,Master only (1),4.6,,44.0,35.839443,35.839443,,160.77486,5.080005,0.28674224,0.43342155,358.11517,0.0,0.0,1.0
4.63,4.63,2.10701,1.00469056e+06,30.0,0.0,12.084576,0.0,1.1333029,0.0,1.1073684,0.0,160.77055,2.0,40.856384,35.784172,,35.784172,35.784172,,16.69194,,0.04291792,833.7816,1.0,0.0,0.0,2001.0,4.63,,44.0,,,,Master only (1),4.6,,44.0,35.839443,35.839443,,160.77055,5.079978,0.28674224,0.43342155,358.11517,0.0,0.0,1.0
4.64,4.64,2.10701,1.00469056e+06,30.0,0.0,12.084496,0.0,1.133357,0.0,1.1073658,0.0,160.76712,2.0,40.798515,35.78368,,35.78368,35.78368,,16.691814,,0.042918243,833.76385,1.0,0.0,0.0,2001.0,4.64,,44.0,,,,Master only (1),4.6,,44.0,35.839443,35.839443,,160.76712,5.079957,0.28674224,0.43342155,358.11517,0.0,0.0,1.0
4.65,4.65,2.10701,1.00469056e+06,30.0,0.0,9.432198,0.0,1.0418355,0.0,1.0178922,0.0,72.22514,2.0,40.74067,21.35432,,21.35432,21.35432,,12.56591,,0.057010066,374.57104,1.0,0.0,0.0,2001.0,4.65,,25.0,,,,Master only (1),4.7,,25.0,21.35432,21.35432,,72.22514,4.279788,0.28674224,-0.3691607,213.3695,0.0,0.0,1.0
4.66,4.66,2.10701,1.00469056e+06,30.0,0.0,9.432022,0.0,1.041881,0.0,1.0178858,0.0,72.2208,2.0,40.682903,21.353493,,21.353493,21.353493,,12.565642,,0.05701128,374.54855,1.0,0.0,0.0,2001.0,4.66,,25.0,,,,Master only (1),4.7,,25.0,21.35432,21.35432,,72.2208,4.279728,0.28674224,-0.3691607,213.3695,0.0,0.0,1.0
4.67,4.67,2.10701,1.00469056e+06,30.0,0.0,9.431853,0.0,1.0419267,0.0,1.0178796,0.0,72.21663,2.0,40.62525,21.352695,,21.352695,21.352695,,12.565384,,0.057012454,374.52686,1.0,0.0,0.0,2001.0,4.67,,25.0,5.549825,5.018211,3.871201,Matched (3),4.7,,25.0,21.35432,21.35432,,72.21663,4.2796702,0.28674224,-0.3691607,213.3695,0.0,0.0,1.0
4.68,4.68,2.10701,1.00469056e+06,30.0,0.0,9.429634,0.0,1.0418955,0.0,1.0177982,0.0,72.16177,2.0,40.567684,21.34223,,21.34223,21.34223,,12.561996,,0.057027828,374.24237,1.0,0.0,0.0,2001.0,4.68,,25.0,,,,Master only (1),4.7,,25.0,21.35432,21.35432,,72.16177,4.2789106,0.28674224,-0.3691607,213.3695,0.0,0.0,1.0
4.69,4.69,2.10701,1.00469056e+06,30.0,0.0,9.428221,0.0,1.0418946,0.0,1.0177463,0.0,72.126854,2.0,40.510143,21.335567,,21.335567,21.335567,,12.559839,,0.05703762,374.0613,1.0,0.0,0.0,2001.0,4.69,,25.0,,,,Master only (1),4.7,,25.0,21.35432,21.35432,,72.126854,4.2784266,0.28674224,-0.3691607,213.3695,0.0,0.0,1.0
4.7,4.7,2.10701,1.00469056e+06,30.0,0.0,9.427308,0.0,1.0419123,0.0,1.0177128,0.0,72.10431,2.0,40.45273,21.331264,,21.331264,21.331264,,12.558446,,0.05704395,373.94437,1.0,0.0,0.0,2001.0,4.7,,25.0,,,,Master only (1),4.7,,25.0,21.35432,21.35432,,72.10431,4.278114,0.28674224,-0.3691607,213.3695,0.0,0.0,1.0
4.71,4.71,2.10701,1.00469056e+06,30.0,0.0,9.426675,0.0,1.0419406,0.0,1.0176896,0.0,72.08867,2.0,40.395386,21.32828,,21.32828,21.32828,,12.55748,,0.05704834,373.86328,1.0,0.0,0.0,2001.0,4.71,,25.0,,,,Master only (1),4.7,,25.0,21.35432,21.35432,,72.08867,4.277897,0.28674224,-0.3691607,213.3695,0.0,0.0,1.0
4.72,4.72,2.10701,1.00469056e+06,30.0,0.0,9.425915,0.0,1.0419642,0.0,1.0176617,0.0,72.0699,2.0,40.368034,21.324697,,21.324697,21.324697,,12.556319,,0.05705361,373.76596,1.0,0.0,0.0,2001.0,4.72,,25.0,,,,Master only (1),4.7,,25.0,21.35432,21.35432,,72.0699,4.2776365,0.28674224,-0.3691607,213.3695,0.0,0.0,1.0
4.73,4.73,2.10701,1.00469056e+06,30.0,0.0,9.425743,0.0,1.0420098,0.0,1.0176554,0.0,72.06567,2.0,40.352226,21.323887,,21.323887,21.323887,,12.556058,,0.0570548,373.74396,1.0,0.0,0.0,2001.0,4.73,,25.0,,,,Master only (1),4.7,,25.0,21.35432,21.35432,,72.06567,4.277578,0.28674224,-0.3691607,213.3695,0.0,0.0,1.0
4.74,4.74,2.10701,1.00469056e+06,30.0,0.0,9.425571,0.0,1.0420554,0.0,1.017649,0.0,72.061424,2.0,40.28358,21.323078,,21.323078,21.323078,,12.555796,,0.05705599,373.722,1.0,0.0,0.0,2001.0,4.74,,25.0,,,,Master only (1),4.7,,25.0,21.35432,21.35432,,72.061424,4.2775187,0.28674224,-0.3691607,213.3695,0.0,0.0,1.0
4.75,4.75,2.10701,1.00469056e+06,30.0,0.0,0.0,0.0,0.0,0.0,0.0,0.0,0.0,3.0,40.217243,36.1934,,,,,,,,,0.0,0.0,0.0,0.0,4.75,,,,,,Master only (1),4.8,,,,,,0.0,,,,0.0,0.0,,0.0
4.76,4.76,2.10701,1.00469056e+06,30.0,0.0,0.0,0.0,0.0,0.0,0.0,0.0,0.0,3.0,40.155144,36.1823,,,,,,,,,0.0,0.0,0.0,0.0,4.76,,,,,,Master only (1),4.8,,,,,,0.0,,,,0.0,0.0,,0.0
4.77,4.77,2.10701,1.00469056e+06,30.0,0.0,0.0,0.0,0.0,0.0,0.0,0.0,0.0,3.0,40.09823,36.171223,,,,,,,,,0.0,0.0,0.0,0.0,4.77,,,,,,Master only (1),4.8,,,,,,0.0,,,,0.0,0.0,,0.0
4.78,4.78,2.10701,1.00469056e+06,30.0,0.0,0.0,0.0,0.0,0.0,0.0,0.0,0.0,3.0,40.041397,36.16014,,,,,,,,,0.0,0.0,0.0,0.0,4.78,,,,,,Master only (1),4.8,,,,,,0.0,,,,0.0,0.0,,0.0
4.79,4.79,2.10701,1.00469056e+06,30.0,0.0,0.0,0.0,0.0,0.0,0.0,0.0,0.0,3.0,39.975044,36.149063,,,,,,,,,0.0,0.0,0.0,0.0,4.79,,,,,,Master only (1),4.8,,,,,,0.0,,,,0.0,0.0,,0.0
4.8,4.8,2.10701,1.00469056e+06,30.0,0.0,0.0,0.0,0.0,0.0,0.0,0.0,0.0,3.0,39.918377,36.13799,,,,,,,,,0.0,0.0,0.0,0.0,4.8,,,,,,Master only (1),4.8,,,,,,0.0,,,,0.0,0.0,,0.0
4.81,4.81,2.10701,1.00469056e+06,30.0,0.0,0.0,0.0,0.0,0.0,0.0,0.0,0.0,3.0,39.86179,36.126923,,,,,,,,,0.0,0.0,0.0,0.0,4.81,,,,,,Master only (1),4.8,,,,,,0.0,,,,0.0,0.0,,0.0
4.82,4.82,2.10701,1.00469056e+06,30.0,0.0,0.0,0.0,0.0,0.0,0.0,0.0,0.0,3.0,39.805317,36.11585,,,,,,,,,0.0,0.0,0.0,0.0,4.82,,,,,,Master only (1),4.8,,,,,,0.0,,,,0.0,0.0,,0.0
4.83,4.83,2.10701,1.00469056e+06,30.0,0.0,0.0,0.0,0.0,0.0,0.0,0.0,0.0,3.0,39.751007,36.1048,,,,,,,,,0.0,0.0,0.0,0.0,4.83,,,,,,Master only (1),4.8,,,,,,0.0,,,,0.0,0.0,,0.0
4.84,4.84,2.10701,1.00469056e+06,30.0,0.0,0.0,0.0,0.0,0.0,0.0,0.0,0.0,3.0,39.694668,36.09374,,,,,,,,,0.0,0.0,0.0,0.0,4.84,,,,,,Master only (1),4.8,,,,,,0.0,,,,0.0,0.0,,0.0
4.85,4.85,2.10701,1.00469056e+06,30.0,0.0,0.0,0.0,0.0,0.0,0.0,0.0,0.0,3.0,39.6384,36.082676,,,,,,,,,0.0,0.0,0.0,0.0,4.85,,,,,,Master only (1),4.8,,,,,,0.0,,,,0.0,0.0,,0.0
4.86,4.86,2.10701,1.00469056e+06,30.0,0.0,0.0,0.0,0.0,0.0,0.0,0.0,0.0,3.0,39.582214,36.071625,,,,,,,,,0.0,0.0,0.0,0.0,4.86,,,,,,Master only (1),4.9,,,,,,0.0,,,,0.0,0.0,,0.0
4.87,4.87,2.10701,1.00469056e+06,30.0,0.0,0.0,0.0,0.0,0.0,0.0,0.0,0.0,3.0,39.5261,36.06057,,,,,,,,,0.0,0.0,0.0,0.0,4.87,,,,,,Master only (1),4.9,,,,,,0.0,,,,0.0,0.0,,0.0
4.88,4.88,2.10701,1.00469056e+06,30.0,0.0,0.0,0.0,0.0,0.0,0.0,0.0,0.0,3.0,39.470097,36.049534,,,,,,,,,0.0,0.0,0.0,0.0,4.88,,,,,,Master only (1),4.9,,,,,,0.0,,,,0.0,0.0,,0.0
4.89,4.89,2.10701,1.00469056e+06,30.0,0.0,0.0,0.0,0.0,0.0,0.0,0.0,0.0,3.0,39.41413,36.038486,,,,,,,,,0.0,0.0,0.0,0.0,4.89,,,,,,Master only (1),4.9,,,,,,0.0,,,,0.0,0.0,,0.0
4.9,4.9,2.10701,1.00469056e+06,30.0,0.0,0.0,0.0,0.0,0.0,0.0,0.0,0.0,3.0,39.35828,36.027454,,,,,,,,,0.0,0.0,0.0,0.0,4.9,,,,,,Master only (1),4.9,,,,,,0.0,,,,0.0,0.0,,0.0
4.91,4.91,2.10701,1.00469056e+06,30.0,0.0,0.0,0.0,0.0,0.0,0.0,0.0,0.0,3.0,39.30822,36.01641,,,,,,,,,0.0,0.0,0.0,0.0,4.91,,,,,,Master only (1),4.9,,,,,,0.0,,,,0.0,0.0,,0.0
4.92,4.92,2.10701,1.00469056e+06,30.0,0.0,0.0,0.0,0.0,0.0,0.0,0.0,0.0,3.0,39.2525,36.005383,,,,,,,,,0.0,0.0,0.0,0.0,4.92,,,,,,Master only (1),4.9,,,,,,0.0,,,,0.0,0.0,,0.0
4.93,4.93,2.10701,1.00469056e+06,30.0,0.0,0.0,0.0,0.0,0.0,0.0,0.0,0.0,3.0,39.196857,35.994347,,,,,,,,,0.0,0.0,0.0,0.0,4.93,,,,,,Master only (1),4.9,,,,,,0.0,,,,0.0,0.0,,0.0
4.94,4.94,2.10701,1.00469056e+06,30.0,0.0,0.0,0.0,0.0,0.0,0.0,0.0,0.0,3.0,39.141285,35.98333,,,,,,,,,0.0,0.0,0.0,0.0,4.94,,,,,,Master only (1),4.9,,,,,,0.0,,,,0.0,0.0,,0.0
4.95,4.95,2.10701,1.00469056e+06,30.0,0.0,0.0,0.0,0.0,0.0,0.0,0.0,0.0,3.0,39.085785,35.972294,,,,,,,,,0.0,0.0,0.0,0.0,4.95,,,,,,Master only (1),4.9,,,,,,0.0,,,,0.0,0.0,,0.0
4.96,4.96,2.10701,1.00469056e+06,30.0,0.0,10.03627,0.0,1.0657088,0.0,1.0396042,0.0,88.25615,2.0,39.030407,24.302517,,24.302517,24.302517,,13.492269,,0.053095844,457.71036,1.0,0.0,0.0,2001.0,4.96,,29.0,,,,Master only (1),5.0,,29.0,24.302517,24.302517,,88.25615,4.480243,0.28674224,-0.16870554,218.69507,0.0,0.0,1.0
4.97,4.97,2.10701,1.00469056e+06,30.0,0.0,10.036128,0.0,1.0657569,0.0,1.0395992,0.0,88.25211,2.0,38.9751,24.301802,,24.301802,24.301802,,13.49205,,0.0530967,457.68948,1.0,0.0,0.0,2001.0,4.97,,29.0,5.5855923,4.1767597,3.871201,Matched (3),5.0,,29.0,24.302517,24.302517,,88.25211,4.4801974,0.28674224,-0.16870554,218.69507,0.0,0.0,1.0
4.98,4.98,2.10701,1.00469056e+06,30.0,0.0,10.035962,0.0,1.0658041,0.0,1.0395933,0.0,88.2474,2.0,38.91982,24.300964,,24.300964,24.300964,,13.491795,,0.053097706,457.66504,1.0,0.0,0.0,2001.0,4.98,,29.0,,,,Master only (1),5.0,,29.0,24.302517,24.302517,,88.2474,4.480144,0.28674224,-0.16870554,218.69507,0.0,0.0,1.0
4.99,4.99,2.10701,1.00469056e+06,30.0,0.0,10.035807,0.0,1.0658518,0.0,1.0395879,0.0,88.24299,2.0,38.86466,24.30018,,24.30018,24.30018,,13.491555,,0.05309865,457.64215,1.0,0.0,0.0,2001.0,4.99,,29.0,,,,Master only (1),5.0,,29.0,24.302517,24.302517,,88.24299,4.4800944,0.28674224,-0.16870554,218.69507,0.0,0.0,1.0
5.0,5.0,2.10701,1.00469056e+06,30.0,0.0,10.035671,0.0,1.0659002,0.0,1.0395831,0.0,88.23914,2.0,38.80957,24.299496,,24.299496,24.299496,,13.491346,,0.053099472,457.62216,1.0,0.0,0.0,2001.0,5.0,,29.0,,,,Master only (1),5.0,,29.0,24.302517,24.302517,,88.23914,4.4800506,0.28674224,-0.16870554,218.69507,0.0,0.0,1.0
5.01,5.01,2.10701,1.00469056e+06,30.0,0.0,10.035508,0.0,1.0659477,0.0,1.0395774,0.0,88.23451,2.0,38.75456,24.298674,,24.298674,24.298674,,13.491095,,0.053100463,457.59814,1.0,0.0,0.0,2001.0,5.01,,29.0,,,,Master only (1),5.0,,29.0,24.302517,24.302517,,88.23451,4.479998,0.28674224,-0.16870554,218.69507,0.0,0.0,1.0
5.02,5.02,2.10701,1.00469056e+06,30.0,0.0,10.03537,0.0,1.0659959,0.0,1.0395725,0.0,88.23058,2.0,38.699654,24.297976,,24.297976,24.297976,,13.490882,,0.0531013,457.5778,1.0,0.0,0.0,2001.0,5.02,,29.0,,,,Master only (1),5.0,,29.0,24.302517,24.302517,,88.23058,4.479954,0.28674224,-0.16870554,218.69507,0.0,0.0,1.0
5.03,5.03,2.10701,1.00469056e+06,30.0,0.0,10.035193,0.0,1.0660429,0.0,1.0395663,0.0,88.22558,2.0,38.13048,24.297087,,24.297087,24.297087,,13.49061,,0.05310237,457.55182,1.0,0.0,0.0,2001.0,5.03,,29.0,,,,Master only (1),5.0,,29.0,24.302517,24.302517,,88.22558,4.479897,0.28674224,-0.16870554,218.69507,0.0,0.0,1.0
5.04,5.04,2.10701,1.00469056e+06,30.0,0.0,10.035051,0.0,1.0660911,0.0,1.0395613,0.0,88.22154,2.0,38.613903,24.29637,,24.29637,24.29637,,13.490392,,0.053103227,457.53094,1.0,0.0,0.0,2001.0,5.04,,29.0,,,,Master only (1),5.0,,29.0,24.302517,24.302517,,88.22154,4.4798512,0.28674224,-0.16870554,218.69507,0.0,0.0,1.0
5.05,5.05,2.10701,1.00469056e+06,30.0,0.0,8.058806,0.0,0.98953557,0.0,0.9648626,0.0,43.45104,2.0,38.55916,15.385309,,15.385309,15.385309,,10.492651,,0.06827477,225.34398,1.0,0.0,0.0,2001.0,5.05,,17.0,,,,Master only (1),5.1,,17.0,15.385309,15.385309,,43.45104,3.7716348,0.19973089,-0.8773139,153.81209,0.0,0.0,1.0
5.06,5.06,2.10701,1.00469056e+06,30.0,0.0,8.058575,0.0,0.9895754,0.0,0.96485317,0.0,43.447002,2.0,38.50453,15.384388,,15.384388,15.384388,,10.492305,,0.068277024,225.32306,1.0,0.0,0.0,2001.0,5.06,,17.0,,,,Master only (1),5.1,,17.0,15.385309,15.385309,,43.447002,3.7715418,0.19973089,-0.8773139,153.81209,0.0,0.0,1.0
5.07,5.07,2.10701,1.00469056e+06,30.0,0.0,8.058347,0.0,0.9896153,0.0,0.96484387,0.0,43.443035,2.0,38.449936,15.383481,,15.383481,15.383481,,10.491965,,0.06827924,225.30247,1.0,0.0,0.0,2001.0,5.07,,17.0,,,,Master only (1),5.1,,17.0,15.385309,15.385309,,43.443035,3.7714505,0.19973089,-0.8773139,153.81209,0.0,0.0,1.0
5.08,5.08,2.10701,1.00469056e+06,30.0,0.0,8.058118,0.0,0.98965526,0.0,0.9648346,0.0,43.43905,2.0,38.395454,15.38257,,15.38257,15.38257,,10.491623,,0.068281464,225.28178,1.0,0.0,0.0,2001.0,5.08,,17.0,,,,Master only (1),5.1,,17.0,15.385309,15.385309,,43.43905,3.7713587,0.19973089,-0.8773139,153.81209,0.0,0.0,1.0
5.09,5.09,2.10701,1.00469056e+06,30.0,0.0,8.057886,0.0,0.9896951,0.0,0.96482515,0.0,43.435017,2.0,38.341007,15.381649,,15.381649,15.381649,,10.491278,,0.06828371,225.2609,1.0,0.0,0.0,2001.0,5.09,,17.0,,,,Master only (1),5.1,,17.0,15.385309,15.385309,,43.435017,3.771266,0.19973089,-0.8773139,153.81209,0.0,0.0,1.0
5.1,5.1,2.10701,1.00469056e+06,30.0,0.0,8.057661,0.0,0.9897351,0.0,0.964816,0.0,43.4311,2.0,38.286663,15.380754,,15.380754,15.380754,,10.490942,,0.0682859,225.24057,1.0,0.0,0.0,2001.0,5.1,,17.0,,,,Master only (1),5.1,,17.0,15.385309,15.385309,,43.4311,3.7711759,0.19973089,-0.8773139,153.81209,0.0,0.0,1.0
5.11,5.11,2.10701,1.00469056e+06,30.0,0.0,8.057428,0.0,0.98977494,0.0,0.9648065,0.0,43.427048,2.0,38.232407,15.379828,,15.379828,15.379828,,10.490595,,0.068288155,225.21956,1.0,0.0,0.0,2001.0,5.11,,17.0,5.5052233,4.145524,3.7841897,Matched (3),5.1,,17.0,15.385309,15.385309,,43.427048,3.7710824,0.19973089,-0.8773139,153.81209,0.0,0.0,1.0
5.12,5.12,2.10701,1.00469056e+06,30.0,0.0,8.057201,0.0,0.98981494,0.0,0.96479726,0.0,43.4231,2.0,38.178207,15.378926,,15.378926,15.378926,,10.490256,,0.06829036,225.19908,1.0,0.0,0.0,2001.0,5.12,,17.0,,,,Master only (1),5.1,,17.0,15.385309,15.385309,,43.4231,3.7709916,0.19973089,-0.8773139,153.81209,0.0,0.0,1.0
5.13,5.13,2.10701,1.00469056e+06,30.0,0.0,8.05698,0.0,0.9898552,0.0,0.96478826,0.0,43.419247,2.0,38.12408,15.378046,,15.378046,15.378046,,10.489926,,0.068292506,225.17911,1.0,0.0,0.0,2001.0,5.13,,17.0,,,,Master only (1),5.1,,17.0,15.385309,15.385309,,43.419247,3.7709029,0.19973089,-0.8773139,153.81209,0.0,0.0,1.0
5.14,5.14,2.10701,1.00469056e+06,30.0,0.0,8.056749,0.0,0.98989505,0.0,0.96477884,0.0,43.415234,2.0,38.07008,15.377129,,15.377129,15.377129,,10.489582,,0.06829475,225.15828,1.0,0.0,0.0,2001.0,5.14,,17.0,,,,Master only (1),5.1,,17.0,15.385309,15.385309,,43.415234,3.7708104,0.19973089,-0.8773139,153.81209,0.0,0.0,1.0
5.15,5.15,2.10701,1.00469056e+06,30.0,0.0,10.181531,0.0,1.0719461,0.0,1.0446959,0.0,92.44797,2.0,38.016098,25.041067,,25.041067,25.041067,,13.716264,,0.052228753,479.44983,1.0,0.0,0.0,2001.0,5.15,,30.0,,,,Master only (1),5.2,,30.0,25.041067,25.041067,,92.44797,4.526646,0.44089273,-0.1223026,250.37662,0.0,0.0,1.0
5.16,5.16,2.10701,1.00469056e+06,30.0,0.0,10.181384,0.0,1.0719944,0.0,1.0446907,0.0,92.44366,2.0,37.96223,25.040314,,25.040314,25.040314,,13.716037,,0.052229617,479.4275,1.0,0.0,0.0,2001.0,5.16,,30.0,,,,Master only (1),5.2,,30.0,25.041067,25.041067,,92.44366,4.5265994,0.44089273,-0.1223026,250.37662,0.0,0.0,1.0
5.17,5.17,2.10701,1.00469056e+06,30.0,0.0,10.18123,0.0,1.0720426,0.0,1.0446854,0.0,92.43913,2.0,37.908394,25.039522,,25.039522,25.039522,,13.715798,,0.052230526,479.404,1.0,0.0,0.0,2001.0,5.17,,30.0,,,,Master only (1),5.2,,30.0,25.041067,25.041067,,92.43913,4.5265503,0.44089273,-0.1223026,250.37662,0.0,0.0,1.0
5.18,5.18,2.10701,1.00469056e+06,30.0,0.0,10.18108,0.0,1.0720907,0.0,1.0446801,0.0,92.43474,2.0,37.85467,25.038755,,25.038755,25.038755,,13.715568,,0.052231405,479.38123,1.0,0.0,0.0,2001.0,5.18,,30.0,,,,Master only (1),5.2,,30.0,25.041067,25.041067,,92.43474,4.526503,0.44089273,-0.1223026,250.37662,0.0,0.0,1.0
5.19,5.19,2.10701,1.00469056e+06,30.0,0.0,10.180946,0.0,1.0721396,0.0,1.0446755,0.0,92.430824,2.0,37.80102,25.03807,,25.03807,25.03807,,13.715362,,0.05223219,479.3609,1.0,0.0,0.0,2001.0,5.19,,30.0,,,,Master only (1),5.2,,30.0,25.041067,25.041067,,92.430824,4.5264606,0.44089273,-0.1223026,250.37662,0.0,0.0,1.0
5.2,5.2,2.10701,1.00469056e+06,30.0,0.0,10.180789,0.0,1.0721875,0.0,1.04467,0.0,92.426216,2.0,37.747437,25.037264,,25.037264,25.037264,,13.715118,,0.052233115,479.33698,1.0,0.0,0.0,2001.0,5.2,,30.0,,,,Master only (1),5.2,,30.0,25.041067,25.041067,,92.426216,4.5264106,0.44089273,-0.1223026,250.37662,0.0,0.0,1.0
5.21,5.21,2.10701,1.00469056e+06,30.0,0.0,10.180649,0.0,1.0722362,0.0,1.0446651,0.0,92.422104,2.0,37.693928,25.036547,,25.036547,25.036547,,13.714902,,0.052233938,479.3157,1.0,0.0,0.0,2001.0,5.21,,30.0,,,,Master only (1),5.2,,30.0,25.041067,25.041067,,92.422104,4.526366,0.44089273,-0.1223026,250.37662,0.0,0.0,1.0
5.22,5.22,2.10701,1.00469056e+06,30.0,0.0,10.180491,0.0,1.0722842,0.0,1.0446596,0.0,92.41749,2.0,37.640484,25.03574,,25.03574,25.03574,,13.71466,,0.052234862,479.29178,1.0,0.0,0.0,2001.0,5.22,,30.0,,,,Master only (1),5.2,,30.0,25.041067,25.041067,,92.41749,4.526316,0.44089273,-0.1223026,250.37662,0.0,0.0,1.0
5.23,5.23,2.10701,1.00469056e+06,30.0,0.0,10.180355,0.0,1.0723329,0.0,1.0446548,0.0,92.41349,2.0,36.86118,25.035042,,25.035042,25.035042,,13.714449,,0.052235667,479.27103,1.0,0.0,0.0,2001.0,5.23,,30.0,,,,Master only (1),5.2,,30.0,25.041067,25.041067,,92.41349,4.526273,0.44089273,-0.1223026,250.37662,0.0,0.0,1.0
5.24,5.24,2.10701,1.00469056e+06,30.0,0.0,10.180208,0.0,1.0723813,0.0,1.0446497,0.0,92.40919,2.0,36.808952,25.034288,,25.034288,25.034288,,13.714222,,0.05223653,479.2487,1.0,0.0,0.0,2001.0,5.24,,30.0,5.64494,4.9813232,4.0253515,Matched (3),5.2,,30.0,25.041067,25.041067,,92.40919,4.5262265,0.44089273,-0.1223026,250.37662,0.0,0.0,1.0
5.25,5.25,2.10701,1.00469056e+06,30.0,0.0,11.429016,0.0,1.1154668,0.0,1.0865668,0.0,134.27274,2.0,36.756756,31.858646,,31.858646,31.858646,,15.65856,,0.04575027,696.35974,1.0,0.0,0.0,2001.0,5.25,,39.0,,,,Master only (1),5.3,,39.0,31.858646,31.858646,,134.27274,4.8998733,0.44089273,0.25092453,350.4085,0.0,0.0,1.0
5.26,5.26,2.10701,1.00469056e+06,30.0,0.0,11.428894,0.0,1.1155186,0.0,1.0865629,0.0,134.2681,2.0,36.704662,31.857937,,31.857937,31.857937,,15.658368,,0.04575083,696.3357,1.0,0.0,0.0,2001.0,5.26,,39.0,,,,Master only (1),5.3,,39.0,31.858646,31.858646,,134.2681,4.8998384,0.44089273,0.25092453,350.4085,0.0,0.0,1.0
5.27,5.27,2.10701,1.00469056e+06,30.0,0.0,11.428773,0.0,1.1155703,0.0,1.0865589,0.0,134.2635,2.0,36.65264,31.857233,,31.857233,31.857233,,15.658177,,0.04575139,696.3118,1.0,0.0,0.0,2001.0,5.27,,39.0,,,,Master only (1),5.3,,39.0,31.858646,31.858646,,134.2635,4.899804,0.44089273,0.25092453,350.4085,0.0,0.0,1.0
5.28,5.28,2.10701,1.00469056e+06,30.0,0.0,11.428669,0.0,1.1156226,0.0,1.0865556,0.0,134.25957,2.0,36.60069,31.85663,,31.85663,31.85663,,15.658014,,0.045751866,696.2914,1.0,0.0,0.0,2001.0,5.28,,39.0,,,,Master only (1),5.3,,39.0,31.858646,31.858646,,134.25957,4.899775,0.44089273,0.25092453,350.4085,0.0,0.0,1.0
5.29,5.29,2.10701,1.00469056e+06,30.0,0.0,11.4285555,0.0,1.1156746,0.0,1.0865519,0.0,134.25526,2.0,36.548805,31.85597,,31.85597,31.85597,,15.657836,,0.045752387,696.26904,1.0,0.0,0.0,2001.0,5.29,,39.0,,,,Master only (1),5.3,,39.0,31.858646,31.858646,,134.25526,4.899743,0.44089273,0.25092453,350.4085,0.0,0.0,1.0
5.3,5.3,2.10701,1.00469056e+06,30.0,0.0,11.428437,0.0,1.1157265,0.0,1.0865481,0.0,134.25078,2.0,37.399117,31.855284,,31.855284,31.855284,,15.657651,,0.045752928,696.2458,1.0,0.0,0.0,2001.0,5.3,,39.0,,,,Master only (1),5.3,,39.0,31.858646,31.858646,,134.25078,4.8997097,0.44089273,0.25092453,350.4085,0.0,0.0,1.0
5.31,5.31,2.10701,1.00469056e+06,30.0,0.0,11.428327,0.0,1.1157787,0.0,1.0865445,0.0,134.24658,2.0,37.346096,31.854643,,31.854643,31.854643,,15.657477,,0.045753434,696.22406,1.0,0.0,0.0,2001.0,5.31,,39.0,,,,Master only (1),5.3,,39.0,31.858646,31.858646,,134.24658,4.899678,0.44089273,0.25092453,350.4085,0.0,0.0,1.0
5.32,5.32,2.10701,1.00469056e+06,30.0,0.0,11.428212,0.0,1.1158307,0.0,1.0865408,0.0,134.24223,2.0,37.29318,31.853977,,31.853977,31.853977,,15.657297,,0.04575396,696.20154,1.0,0.0,0.0,2001.0,5.32,,39.0,,,,Master only (1),5.3,,39.0,31.858646,31.858646,,134.24223,4.899646,0.44089273,0.25092453,350.4085,0.0,0.0,1.0
5.33,5.33,2.10701,1.00469056e+06,30.0,0.0,11.428109,0.0,1.115883,0.0,1.0865375,0.0,134.23833,2.0,37.240334,31.85338,,31.85338,31.85338,,15.657136,,0.045754433,696.1813,1.0,0.0,0.0,2001.0,5.33,,39.0,,,,Master only (1),5.3,,39.0,31.858646,31.858646,,134.23833,4.8996167,0.44089273,0.25092453,350.4085,0.0,0.0,1.0
5.34,5.34,2.10701,1.00469056e+06,30.0,0.0,11.427999,0.0,1.1159351,0.0,1.0865339,0.0,134.23413,2.0,37.18752,31.852737,,31.852737,31.852737,,15.656962,,0.04575494,696.15955,1.0,0.0,0.0,2001.0,5.34,,39.0,,,,Master only (1),5.3,,39.0,31.858646,31.858646,,134.23413,4.8995857,0.44089273,0.25092453,350.4085,0.0,0.0,1.0
5.35,5.35,2.10701,1.00469056e+06,30.0,0.0,11.427884,0.0,1.1159871,0.0,1.0865302,0.0,134.2298,2.0,37.13481,31.852072,,31.852072,31.852072,,15.656782,,0.045755465,696.137,1.0,0.0,0.0,2001.0,5.35,,39.0,5.64494,4.9813232,4.0253515,Matched (3),5.3,,39.0,31.858646,31.858646,,134.2298,4.8995533,0.44089273,0.25092453,350.4085,0.0,0.0,1.0
5.36,5.36,2.10701,1.00469056e+06,30.0,0.0,0.0,0.0,0.0,0.0,0.0,0.0,0.0,3.0,37.08218,35.523266,,,,,,,,,0.0,0.0,0.0,0.0,5.36,,,,,,Master only (1),5.4,,,,,,0.0,,,,0.0,0.0,,0.0
5.37,5.37,2.10701,1.00469056e+06,30.0,0.0,0.0,0.0,0.0,0.0,0.0,0.0,0.0,3.0,37.029617,35.51239,,,,,,,,,0.0,0.0,0.0,0.0,5.37,,,,,,Master only (1),5.4,,,,,,0.0,,,,0.0,0.0,,0.0
5.38,5.38,2.10701,1.00469056e+06,30.0,0.0,0.0,0.0,0.0,0.0,0.0,0.0,0.0,3.0,36.97712,35.501514,,,,,,,,,0.0,0.0,0.0,0.0,5.38,,,,,,Master only (1),5.4,,,,,,0.0,,,,0.0,0.0,,0.0
5.39,5.39,2.10701,1.00469056e+06,30.0,0.0,0.0,0.0,0.0,0.0,0.0,0.0,0.0,3.0,36.924736,35.490627,,,,,,,,,0.0,0.0,0.0,0.0,5.39,,,,,,Master only (1),5.4,,,,,,0.0,,,,0.0,0.0,,0.0
5.4,5.4,2.10701,1.00469056e+06,30.0,0.0,0.0,0.0,0.0,0.0,0.0,0.0,0.0,3.0,36.872375,35.479767,,,,,,,,,0.0,0.0,0.0,0.0,5.4,,,,,,Master only (1),5.4,,,,,,0.0,,,,0.0,0.0,,0.0
5.41,5.41,2.10701,1.00469056e+06,30.0,0.0,0.0,0.0,0.0,0.0,0.0,0.0,0.0,3.0,36.82013,35.468887,,,,,,,,,0.0,0.0,0.0,0.0,5.41,,,,,,Master only (1),5.4,,,,,,0.0,,,,0.0,0.0,,0.0
5.42,5.42,2.10701,1.00469056e+06,30.0,0.0,0.0,0.0,0.0,0.0,0.0,0.0,0.0,3.0,36.767914,35.458035,,,,,,,,,0.0,0.0,0.0,0.0,5.42,,,,,,Master only (1),5.4,,,,,,0.0,,,,0.0,0.0,,0.0
5.43,5.43,2.10701,1.00469056e+06,30.0,0.0,0.0,0.0,0.0,0.0,0.0,0.0,0.0,3.0,36.7158,35.447163,,,,,,,,,0.0,0.0,0.0,0.0,5.43,,,,,,Master only (1),5.4,,,,,,0.0,,,,0.0,0.0,,0.0
5.44,5.44,2.10701,1.00469056e+06,30.0,0.0,0.0,0.0,0.0,0.0,0.0,0.0,0.0,3.0,36.66376,35.436306,,,,,,,,,0.0,0.0,0.0,0.0,5.44,,,,,,Master only (1),5.4,,,,,,0.0,,,,0.0,0.0,,0.0
5.45,5.45,2.10701,1.00469056e+06,30.0,0.0,0.0,0.0,0.0,0.0,0.0,0.0,0.0,3.0,36.611794,35.42546,,,,,,,,,0.0,0.0,0.0,0.0,5.45,,,,,,Master only (1),5.4,,,,,,0.0,,,,0.0,0.0,,0.0
5.46,5.46,2.10701,1.00469056e+06,30.0,0.0,7.8635473,0.0,0.9833315,0.0,0.9568497,0.0,40.14231,2.0,36.559895,14.61888,,14.61888,14.61888,,10.201864,,0.07022083,208.18439,1.0,0.0,0.0,2001.0,5.46,,16.0,,,,Master only (1),5.5,,16.0,14.61888,14.61888,,40.14231,3.692431,0.36678484,-0.95651776,131.53726,0.0,0.0,1.0
5.47,5.47,2.10701,1.00469056e+06,30.0,0.0,7.8633156,0.0,0.98337084,0.0,0.9568401,0.0,40.13849,2.0,36.508102,14.617983,,14.617983,14.617983,,10.20152,,0.0702232,208.16458,1.0,0.0,0.0,2001.0,5.47,,16.0,,,,Master only (1),5.5,,16.0,14.61888,14.61888,,40.13849,3.6923356,0.36678484,-0.95651776,131.53726,0.0,0.0,1.0
5.48,5.48,2.10701,1.00469056e+06,30.0,0.0,7.863078,0.0,0.9834099,0.0,0.95683026,0.0,40.134575,2.0,36.456333,14.617063,,14.617063,14.617063,,10.201167,,0.070225626,208.14429,1.0,0.0,0.0,2001.0,5.48,,16.0,,,,Master only (1),5.5,,16.0,14.61888,14.61888,,40.134575,3.692238,0.36678484,-0.95651776,131.53726,0.0,0.0,1.0
5.49,5.49,2.10701,1.00469056e+06,30.0,0.0,7.862843,0.0,0.9834491,0.0,0.95682055,0.0,40.130703,2.0,36.40468,14.616153,,14.616153,14.616153,,10.200817,,0.07022804,208.12418,1.0,0.0,0.0,2001.0,5.49,,16.0,5.6451283,4.19689,3.9512436,Matched (3),5.5,,16.0,14.61888,14.61888,,40.130703,3.6921418,0.36678484,-0.95651776,131.53726,0.0,0.0,1.0
5.5,5.5,2.10701,1.00469056e+06,30.0,0.0,7.8626127,0.0,0.98348844,0.0,0.956811,0.0,40.126907,2.0,36.35305,14.615261,,14.615261,14.615261,,10.200475,,0.070230395,208.10449,1.0,0.0,0.0,2001.0,5.5,,16.0,,,,Master only (1),5.5,,16.0,14.61888,14.61888,,40.126907,3.692047,0.36678484,-0.95651776,131.53726,0.0,0.0,1.0
5.51,5.51,2.10701,1.00469056e+06,30.0,0.0,7.8623705,0.0,0.9835273,0.0,0.956801,0.0,40.122913,2.0,36.301525,14.614323,,14.614323,14.614323,,10.200115,,0.07023287,208.0838,1.0,0.0,0.0,2001.0,5.51,,16.0,,,,Master only (1),5.5,,16.0,14.61888,14.61888,,40.122913,3.6919475,0.36678484,-0.95651776,131.53726,0.0,0.0,1.0
5.52,5.52,2.10701,1.00469056e+06,30.0,0.0,7.862143,0.0,0.9835668,0.0,0.9567916,0.0,40.119167,2.0,36.250076,14.613441,,14.613441,14.613441,,10.199777,,0.0702352,208.06435,1.0,0.0,0.0,2001.0,5.52,,16.0,,,,Master only (1),5.5,,16.0,14.61888,14.61888,,40.119167,3.6918542,0.36678484,-0.95651776,131.53726,0.0,0.0,1.0
5.53,5.53,2.10701,1.00469056e+06,30.0,0.0,7.8619094,0.0,0.9836061,0.0,0.9567819,0.0,40.115314,2.0,36.198692,14.612537,,14.612537,14.612537,,10.1994295,,0.07023759,208.0444,1.0,0.0,0.0,2001.0,5.53,,16.0,,,,Master only (1),5.5,,16.0,14.61888,14.61888,,40.115314,3.6917582,0.36678484,-0.95651776,131.53726,0.0,0.0,1.0
5.54,5.54,2.10701,1.00469056e+06,30.0,0.0,7.861675,0.0,0.98364526,0.0,0.9567722,0.0,40.11145,2.0,36.14738,14.611629,,14.611629,14.611629,,10.19908,,0.07024,208.02432,1.0,0.0,0.0,2001.0,5.54,,16.0,,,,Master only (1),5.5,,16.0,14.61888,14.61888,,40.11145,3.6916618,0.36678484,-0.95651776,131.53726,0.0,0.0,1.0
5.55,5.55,2.10701,1.00469056e+06,30.0,0.0,0.0,0.0,0.0,0.0,0.0,0.0,0.0,3.0,36.09613,35.31709,,,,,,,,,0.0,0.0,0.0,0.0,5.55,,,,,,Master only (1),5.6,,,,,,0.0,,,,0.0,0.0,,0.0
5.56,5.56,2.10701,1.00469056e+06,30.0,0.0,0.0,0.0,0.0,0.0,0.0,0.0,0.0,3.0,36.044994,35.30627,,,,,,,,,0.0,0.0,0.0,0.0,5.56,,,,,,Master only (1),5.6,,,,,,0.0,,,,0.0,0.0,,0.0
5.57,5.57,2.10701,1.00469056e+06,30.0,0.0,0.0,0.0,0.0,0.0,0.0,0.0,0.0,3.0,35.99388,35.295452,,,,,,,,,0.0,0.0,0.0,0.0,5.57,,,,,,Master only (1),5.6,,,,,,0.0,,,,0.0,0.0,,0.0
5.58,5.58,2.10701,1.00469056e+06,30.0,0.0,0.0,0.0,0.0,0.0,0.0,0.0,0.0,3.0,35.94288,35.284637,,,,,,,,,0.0,0.0,0.0,0.0,5.58,,,,,,Master only (1),5.6,,,,,,0.0,,,,0.0,0.0,,0.0
5.59,5.59,2.10701,1.00469056e+06,30.0,0.0,0.0,0.0,0.0,0.0,0.0,0.0,0.0,3.0,35.89194,35.273827,,,,,,,,,0.0,0.0,0.0,0.0,5.59,,,,,,Master only (1),5.6,,,,,,0.0,,,,0.0,0.0,,0.0
5.6,5.6,2.10701,1.00469056e+06,30.0,0.0,0.0,0.0,0.0,0.0,0.0,0.0,0.0,3.0,35.84107,35.26303,,,,,,,,,0.0,0.0,0.0,0.0,5.6,,,,,,Master only (1),5.6,,,,,,0.0,,,,0.0,0.0,,0.0
5.61,5.61,2.10701,1.00469056e+06,30.0,0.0,0.0,0.0,0.0,0.0,0.0,0.0,0.0,3.0,35.79027,35.252224,,,,,,,,,0.0,0.0,0.0,0.0,5.61,,,,,,Master only (1),5.6,,,,,,0.0,,,,0.0,0.0,,0.0
5.62,5.62,2.10701,1.00469056e+06,30.0,0.0,0.0,0.0,0.0,0.0,0.0,0.0,0.0,3.0,35.739532,35.241425,,,,,,,,,0.0,0.0,0.0,0.0,5.62,,,,,,Master only (1),5.6,,,,,,0.0,,,,0.0,0.0,,0.0
5.63,5.63,2.10701,1.00469056e+06,30.0,0.0,0.0,0.0,0.0,0.0,0.0,0.0,0.0,3.0,34.200626,35.230633,,,,,,,,,0.0,0.0,0.0,0.0,5.63,,,,,,Master only (1),5.6,,,,,,0.0,,,,0.0,0.0,,0.0
5.64,5.64,2.10701,1.00469056e+06,30.0,0.0,0.0,0.0,0.0,0.0,0.0,0.0,0.0,3.0,35.533516,35.219837,,,,,,,,,0.0,0.0,0.0,0.0,5.64,,,,,,Master only (1),5.6,,,,,,0.0,,,,0.0,0.0,,0.0
5.65,5.65,2.10701,1.00469056e+06,30.0,0.0,9.087113,0.0,1.0338727,0.0,1.0050745,0.0,64.035095,2.0,35.483147,19.758907,,19.758907,19.758907,,12.040552,,0.05949755,332.09616,1.0,0.0,0.0,2001.0,5.65,,23.0,,,,Master only (1),5.7,,23.0,19.758907,19.758907,,64.035095,4.1594315,0.28674224,-0.48951727,197.55194,0.0,0.0,1.0
5.66,5.66,2.10701,1.00469056e+06,30.0,0.0,9.086917,0.0,1.0339168,0.0,1.0050671,0.0,64.030624,2.0,35.432846,19.758018,,19.758018,19.758018,,12.040254,,0.059499025,332.07297,1.0,0.0,0.0,2001.0,5.66,,23.0,5.6107216,4.260687,3.871201,Matched (3),5.7,,23.0,19.758907,19.758907,,64.030624,4.1593614,0.28674224,-0.48951727,197.55194,0.0,0.0,1.0
5.67,5.67,2.10701,1.00469056e+06,30.0,0.0,9.086746,0.0,1.0339619,0.0,1.0050607,0.0,64.02674,2.0,35.38266,19.757244,,19.757244,19.757244,,12.039994,,0.059500307,332.0528,1.0,0.0,0.0,2001.0,5.67,,23.0,,,,Master only (1),5.7,,23.0,19.758907,19.758907,,64.02674,4.159301,0.28674224,-0.48951727,197.55194,0.0,0.0,1.0
5.68,5.68,2.10701,1.00469056e+06,30.0,0.0,9.086559,0.0,1.0340064,0.0,1.0050536,0.0,64.022484,2.0,35.33249,19.7564,,19.7564,19.7564,,12.039711,,0.059501708,332.0308,1.0,0.0,0.0,2001.0,5.68,,23.0,,,,Master only (1),5.7,,23.0,19.758907,19.758907,,64.022484,4.1592345,0.28674224,-0.48951727,197.55194,0.0,0.0,1.0
5.69,5.69,2.10701,1.00469056e+06,30.0,0.0,9.086375,0.0,1.034051,0.0,1.0050467,0.0,64.0183,2.0,35.282387,19.755564,,19.755564,19.755564,,12.039432,,0.05950309,332.00903,1.0,0.0,0.0,2001.0,5.69,,23.0,,,,Master only (1),5.7,,23.0,19.758907,19.758907,,64.0183,4.159169,0.28674224,-0.48951727,197.55194,0.0,0.0,1.0
5.7,5.7,2.10701,1.00469056e+06,30.0,0.0,9.086195,0.0,1.0340956,0.0,1.0050399,0.0,64.0142,2.0,35.232388,19.754747,,19.754747,19.754747,,12.039158,,0.059504442,331.98776,1.0,0.0,0.0,2001.0,5.7,,23.0,5.6107216,4.260687,3.871201,Matched (3),5.7,,23.0,19.758907,19.758907,,64.0142,4.159105,0.28674224,-0.48951727,197.55194,0.0,0.0,1.0
5.71,5.71,2.10701,1.00469056e+06,30.0,0.0,9.086026,0.0,1.0341408,0.0,1.0050336,0.0,64.01036,2.0,35.18246,19.753984,,19.753984,19.753984,,12.038901,,0.05950571,331.9679,1.0,0.0,0.0,2001.0,5.71,,23.0,,,,Master only (1),5.7,,23.0,19.758907,19.758907,,64.01036,4.1590447,0.28674224,-0.48951727,197.55194,0.0,0.0,1.0
5.72,5.72,2.10701,1.00469056e+06,30.0,0.0,9.085849,0.0,1.0341856,0.0,1.0050269,0.0,64.006325,2.0,35.1326,19.75318,,19.75318,19.75318,,12.038632,,0.05950704,331.94693,1.0,0.0,0.0,2001.0,5.72,,23.0,,,,Master only (1),5.7,,23.0,19.758907,19.758907,,64.006325,4.158982,0.28674224,-0.48951727,197.55194,0.0,0.0,1.0
5.73,5.73,2.10701,1.00469056e+06,30.0,0.0,9.085669,0.0,1.0342304,0.0,1.0050201,0.0,64.00222,2.0,35.0828,19.752363,,19.752363,19.752363,,12.038359,,0.05950839,331.9257,1.0,0.0,0.0,2001.0,5.73,,23.0,,,,Master only (1),5.7,,23.0,19.758907,19.758907,,64.00222,4.158918,0.28674224,-0.48951727,197.55194,0.0,0.0,1.0
5.74,5.74,2.10701,1.00469056e+06,30.0,0.0,9.0854845,0.0,1.034275,0.0,1.0050132,0.0,63.998035,2.0,35.03307,19.75153,,19.75153,19.75153,,12.038079,,0.059509773,331.90396,1.0,0.0,0.0,2001.0,5.74,,23.0,,,,Master only (1),5.7,,23.0,19.758907,19.758907,,63.998035,4.1588526,0.28674224,-0.48951727,197.55194,0.0,0.0,1.0
5.75,5.75,2.10701,1.00469056e+06,30.0,0.0,9.566003,0.0,1.0526106,0.0,1.022779,0.0,75.58632,2.0,34.983402,21.99028,,21.99028,21.99028,,12.770377,,0.056097277,392.00262,1.0,0.0,0.0,2001.0,5.75,,26.0,,,,Master only (1),5.8,,26.0,21.99028,21.99028,,75.58632,4.3252754,0.28674224,-0.3236733,241.8507,0.0,0.0,1.0
5.76,5.76,2.10701,1.00469056e+06,30.0,0.0,9.565842,0.0,1.0526572,0.0,1.0227731,0.0,75.58221,2.0,34.933804,21.98951,,21.98951,21.98951,,12.77013,,0.05609836,391.98132,1.0,0.0,0.0,2001.0,5.76,,26.0,5.6107216,4.260687,3.871201,Matched (3),5.8,,26.0,21.99028,21.99028,,75.58221,4.325221,0.28674224,-0.3236733,241.8507,0.0,0.0,1.0
5.77,5.77,2.10701,1.00469056e+06,30.0,0.0,9.565681,0.0,1.0527039,0.0,1.0227673,0.0,75.57812,2.0,34.884308,21.98874,,21.98874,21.98874,,12.769885,,0.056099437,391.9601,1.0,0.0,0.0,2001.0,5.77,,26.0,,,,Master only (1),5.8,,26.0,21.99028,21.99028,,75.57812,4.3251667,0.28674224,-0.3236733,241.8507,0.0,0.0,1.0
5.78,5.78,2.10701,1.00469056e+06,30.0,0.0,9.565517,0.0,1.0527503,0.0,1.0227613,0.0,75.57394,2.0,34.83484,21.987957,,21.987957,21.987957,,12.769634,,0.05610054,391.93842,1.0,0.0,0.0,2001.0,5.78,,26.0,,,,Master only (1),5.8,,26.0,21.99028,21.99028,,75.57394,4.3251114,0.28674224,-0.3236733,241.8507,0.0,0.0,1.0
5.79,5.79,2.10701,1.00469056e+06,30.0,0.0,9.565351,0.0,1.0527967,0.0,1.0227553,0.0,75.56968,2.0,34.78548,21.987158,,21.987158,21.987158,,12.769379,,0.05610166,391.91635,1.0,0.0,0.0,2001.0,5.79,,26.0,,,,Master only (1),5.8,,26.0,21.99028,21.99028,,75.56968,4.325055,0.28674224,-0.3236733,241.8507,0.0,0.0,1.0
5.8,5.8,2.10701,1.00469056e+06,30.0,0.0,9.565189,0.0,1.0528435,0.0,1.0227494,0.0,75.56557,2.0,34.736176,21.986385,,21.986385,21.986385,,12.769133,,0.05610274,391.89502,1.0,0.0,0.0,2001.0,5.8,,26.0,,,,Master only (1),5.8,,26.0,21.99028,21.99028,,75.56557,4.325001,0.28674224,-0.3236733,241.8507,0.0,0.0,1.0
5.81,5.81,2.10701,1.00469056e+06,30.0,0.0,9.565029,0.0,1.0528901,0.0,1.0227436,0.0,75.56148,2.0,34.686943,21.985619,,21.985619,21.985619,,12.7688875,,0.056103818,391.87384,1.0,0.0,0.0,2001.0,5.81,,26.0,,,,Master only (1),5.8,,26.0,21.99028,21.99028,,75.56148,4.3249464,0.28674224,-0.3236733,241.8507,0.0,0.0,1.0
5.82,5.82,2.10701,1.00469056e+06,30.0,0.0,9.564875,0.0,1.0529369,0.0,1.022738,0.0,75.55753,2.0,34.63777,21.984879,,21.984879,21.984879,,12.768651,,0.056104857,391.8534,1.0,0.0,0.0,2001.0,5.82,,26.0,,,,Master only (1),5.8,,26.0,21.99028,21.99028,,75.55753,4.3248944,0.28674224,-0.3236733,241.8507,0.0,0.0,1.0
5.83,5.83,2.10701,1.00469056e+06,30.0,0.0,9.564724,0.0,1.0529839,0.0,1.0227325,0.0,75.553696,2.0,34.58867,21.984156,,21.984156,21.984156,,12.76842,,0.056105874,391.8334,1.0,0.0,0.0,2001.0,5.83,,26.0,,,,Master only (1),5.8,,26.0,21.99028,21.99028,,75.553696,4.3248434,0.28674224,-0.3236733,241.8507,0.0,0.0,1.0
5.84,5.84,2.10701,1.00469056e+06,30.0,0.0,9.564563,0.0,1.0530306,0.0,1.0227267,0.0,75.54958,2.0,34.539627,21.983385,,21.983385,21.983385,,12.768174,,0.056106955,391.81213,1.0,0.0,0.0,2001.0,5.84,,26.0,,,,Master only (1),5.8,,26.0,21.99028,21.99028,,75.54958,4.324789,0.28674224,-0.3236733,241.8507,0.0,0.0,1.0
5.85,5.85,2.10701,1.00469056e+06,30.0,0.0,9.564403,0.0,1.0530772,0.0,1.0227208,0.0,75.545494,2.0,34.4907,21.982618,,21.982618,21.982618,,12.767929,,0.05610803,391.79092,1.0,0.0,0.0,2001.0,5.85,,26.0,,,,Master only (1),5.8,,26.0,21.99028,21.99028,,75.545494,4.324735,0.28674224,-0.3236733,241.8507,0.0,0.0,1.0
5.86,5.86,2.10701,1.00469056e+06,30.0,0.0,0.0,0.0,0.0,0.0,0.0,0.0,0.0,3.0,34.441788,34.983242,,,,,,,,,0.0,0.0,0.0,0.0,5.86,,,,,,Master only (1),5.9,,,,,,0.0,,,,0.0,0.0,,0.0
5.87,5.87,2.10701,1.00469056e+06,30.0,0.0,0.0,0.0,0.0,0.0,0.0,0.0,0.0,3.0,34.39298,34.972538,,,,,,,,,0.0,0.0,0.0,0.0,5.87,,,,,,Master only (1),5.9,,,,,,0.0,,,,0.0,0.0,,0.0
5.88,5.88,2.10701,1.00469056e+06,30.0,0.0,0.0,0.0,0.0,0.0,0.0,0.0,0.0,3.0,34.344242,34.96182,,,,,,,,,0.0,0.0,0.0,0.0,5.88,,,,,,Master only (1),5.9,,,,,,0.0,,,,0.0,0.0,,0.0
5.89,5.89,2.10701,1.00469056e+06,30.0,0.0,0.0,0.0,0.0,0.0,0.0,0.0,0.0,3.0,34.295563,34.951115,,,,,,,,,0.0,0.0,0.0,0.0,5.89,,,,,,Master only (1),5.9,,,,,,0.0,,,,0.0,0.0,,0.0
5.9,5.9,2.10701,1.00469056e+06,30.0,0.0,0.0,0.0,0.0,0.0,0.0,0.0,0.0,3.0,34.246952,34.940403,,,,,,,,,0.0,0.0,0.0,0.0,5.9,,,,,,Master only (1),5.9,,,,,,0.0,,,,0.0,0.0,,0.0
5.91,5.91,2.10701,1.00469056e+06,30.0,0.0,0.0,0.0,0.0,0.0,0.0,0.0,0.0,3.0,34.198406,34.929703,,,,,,,,,0.0,0.0,0.0,0.0,5.91,,,,,,Master only (1),5.9,,,,,,0.0,,,,0.0,0.0,,0.0
5.92,5.92,2.10701,1.00469056e+06,30.0,0.0,0.0,0.0,0.0,0.0,0.0,0.0,0.0,3.0,34.149918,34.919,,,,,,,,,0.0,0.0,0.0,0.0,5.92,,,,,,Master only (1),5.9,,,,,,0.0,,,,0.0,0.0,,0.0
5.93,5.93,2.10701,1.00469056e+06,30.0,0.0,0.0,0.0,0.0,0.0,0.0,0.0,0.0,3.0,34.101498,34.908306,,,,,,,,,0.0,0.0,0.0,0.0,5.93,,,,,,Master only (1),5.9,,,,,,0.0,,,,0.0,0.0,,0.0
5.94,5.94,2.10701,1.00469056e+06,30.0,0.0,0.0,0.0,0.0,0.0,0.0,0.0,0.0,3.0,34.05318,34.8976,,,,,,,,,0.0,0.0,0.0,0.0,5.94,,,,,,Master only (1),5.9,,,,,,0.0,,,,0.0,0.0,,0.0
5.95,5.95,2.10701,1.00469056e+06,30.0,0.0,0.0,0.0,0.0,0.0,0.0,0.0,0.0,3.0,34.00493,34.88692,,,,,,,,,0.0,0.0,0.0,0.0,5.95,,,,,,Master only (1),5.9,,,,,,0.0,,,,0.0,0.0,,0.0
5.96,5.96,2.10701,1.00469056e+06,30.0,0.0,0.0,0.0,0.0,0.0,0.0,0.0,0.0,3.0,33.9567,34.876236,,,,,,,,,0.0,0.0,0.0,0.0,5.96,,,,,,Master only (1),6.0,,,,,,0.0,,,,0.0,0.0,,0.0
5.97,5.97,2.10701,1.00469056e+06,30.0,0.0,0.0,0.0,0.0,0.0,0.0,0.0,0.0,3.0,33.908577,34.86555,,,,,,,,,0.0,0.0,0.0,0.0,5.97,,,,,,Master only (1),6.0,,,,,,0.0,,,,0.0,0.0,,0.0
5.98,5.98,2.10701,1.00469056e+06,30.0,0.0,0.0,0.0,0.0,0.0,0.0,0.0,0.0,3.0,33.86051,34.854877,,,,,,,,,0.0,0.0,0.0,0.0,5.98,,,,,,Master only (1),6.0,,,,,,0.0,,,,0.0,0.0,,0.0
5.99,5.99,2.10701,1.00469056e+06,30.0,0.0,0.0,0.0,0.0,0.0,0.0,0.0,0.0,3.0,33.812515,34.844185,,,,,,,,,0.0,0.0,0.0,0.0,5.99,,,,,,Master only (1),6.0,,,,,,0.0,,,,0.0,0.0,,0.0
6.0,6.0,2.10701,1.00469056e+06,30.0,0.0,0.0,0.0,0.0,0.0,0.0,0.0,0.0,3.0,33.764576,34.83351,,,,,,,,,0.0,0.0,0.0,0.0,6.0,,,,,,Master only (1),6.0,,,,,,0.0,,,,0.0,0.0,,0.0
6.01,6.01,2.10701,1.00469056e+06,30.0,0.0,0.0,0.0,0.0,0.0,0.0,0.0,0.0,3.0,33.716743,34.82284,,,,,,,,,0.0,0.0,0.0,0.0,6.01,,,,,,Master only (1),6.0,,,,,,0.0,,,,0.0,0.0,,0.0
6.02,6.02,2.10701,1.00469056e+06,30.0,0.0,0.0,0.0,0.0,0.0,0.0,0.0,0.0,3.0,33.66894,34.81218,,,,,,,,,0.0,0.0,0.0,0.0,6.02,,,,,,Master only (1),6.0,,,,,,0.0,,,,0.0,0.0,,0.0
6.03,6.03,2.10701,1.00469056e+06,30.0,0.0,0.0,0.0,0.0,0.0,0.0,0.0,0.0,3.0,33.62123,34.801514,,,,,,,,,0.0,0.0,0.0,0.0,6.03,,,,,,Master only (1),6.0,,,,,,0.0,,,,0.0,0.0,,0.0
6.04,6.04,2.10701,1.00469056e+06,30.0,0.0,0.0,0.0,0.0,0.0,0.0,0.0,0.0,3.0,33.573547,34.79085,,,,,,,,,0.0,0.0,0.0,0.0,6.04,,,,,,Master only (1),6.0,,,,,,0.0,,,,0.0,0.0,,0.0
6.05,6.05,2.10701,1.00469056e+06,30.0,0.0,7.849821,0.0,0.98565096,0.0,0.9562815,0.0,39.91648,2.0,33.525963,14.565768,,14.565768,14.565768,,10.181462,,0.07036154,207.01321,1.0,0.0,0.0,2001.0,6.05,,16.0,,,,Master only (1),6.1,,16.0,14.565768,14.565768,,39.91648,3.6867893,0.44089273,-0.96215945,145.61783,0.0,0.0,1.0
6.06,6.06,2.10701,1.00469056e+06,30.0,0.0,7.8495965,0.0,0.98569065,0.0,0.9562722,0.0,39.912792,2.0,33.47845,14.564899,,14.564899,14.564899,,10.1811285,,0.07036385,206.99406,1.0,0.0,0.0,2001.0,6.06,,16.0,,,,Master only (1),6.1,,16.0,14.565768,14.565768,,39.912792,3.6866968,0.44089273,-0.96215945,145.61783,0.0,0.0,1.0
6.07,6.07,2.10701,1.00469056e+06,30.0,0.0,7.8493624,0.0,0.98572993,0.0,0.95626247,0.0,39.908947,2.0,33.430992,14.563994,,14.563994,14.563994,,10.18078,,0.07036625,206.97415,1.0,0.0,0.0,2001.0,6.07,,16.0,,,,Master only (1),6.1,,16.0,14.565768,14.565768,,39.908947,3.6866004,0.44089273,-0.96215945,145.61783,0.0,0.0,1.0
6.08,6.08,2.10701,1.00469056e+06,30.0,0.0,7.8491335,0.0,0.98576945,0.0,0.956253,0.0,39.90519,2.0,33.3836,14.56311,,14.56311,14.56311,,10.18044,,0.0703686,206.95467,1.0,0.0,0.0,2001.0,6.08,,16.0,,,,Master only (1),6.1,,16.0,14.565768,14.565768,,39.90519,3.6865063,0.44089273,-0.96215945,145.61783,0.0,0.0,1.0
6.09,6.09,2.10701,1.00469056e+06,30.0,0.0,7.8489075,0.0,0.9858091,0.0,0.95624363,0.0,39.90148,2.0,33.33631,14.562236,,14.562236,14.562236,,10.180104,,0.07037093,206.9354,1.0,0.0,0.0,2001.0,6.09,,16.0,,,,Master only (1),6.1,,16.0,14.565768,14.565768,,39.90148,3.6864135,0.44089273,-0.96215945,145.61783,0.0,0.0,1.0
6.1,6.1,2.10701,1.00469056e+06,30.0,0.0,7.8486757,0.0,0.9858485,0.0,0.95623404,0.0,39.897675,2.0,33.289043,14.56134,,14.56134,14.56134,,10.17976,,0.070373304,206.91568,1.0,0.0,0.0,2001.0,6.1,,16.0,,,,Master only (1),6.1,,16.0,14.565768,14.565768,,39.897675,3.6863182,0.44089273,-0.96215945,145.61783,0.0,0.0,1.0
6.11,6.11,2.10701,1.00469056e+06,30.0,0.0,7.848447,0.0,0.985888,0.0,0.95622456,0.0,39.89392,2.0,33.241875,14.560456,,14.560456,14.560456,,10.1794195,,0.07037566,206.8962,1.0,0.0,0.0,2001.0,6.11,,16.0,,,,Master only (1),6.1,,16.0,14.565768,14.565768,,39.89392,3.686224,0.44089273,-0.96215945,145.61783,0.0,0.0,1.0
6.12,6.12,2.10701,1.00469056e+06,30.0,0.0,7.848215,0.0,0.9859274,0.0,0.95621496,0.0,39.890114,2.0,33.194733,14.55956,,14.55956,14.55956,,10.179075,,0.07037804,206.87645,1.0,0.0,0.0,2001.0,6.12,,16.0,,,,Master only (1),6.1,,16.0,14.565768,14.565768,,39.890114,3.6861286,0.44089273,-0.96215945,145.61783,0.0,0.0,1.0
6.13,6.13,2.10701,1.00469056e+06,30.0,0.0,7.8479867,0.0,0.985967,0.0,0.9562055,0.0,39.886368,2.0,33.14769,14.558678,,14.558678,14.558678,,10.178736,,0.07038039,206.85703,1.0,0.0,0.0,2001.0,6.13,,16.0,,,,Master only (1),6.1,,16.0,14.565768,14.565768,,39.886368,3.6860347,0.44089273,-0.96215945,145.61783,0.0,0.0,1.0
6.14,6.14,2.10701,1.00469056e+06,30.0,0.0,7.847755,0.0,0.9860064,0.0,0.9561959,0.0,39.882565,2.0,33.100708,14.557782,,14.557782,14.557782,,10.178391,,0.07038277,206.83731,1.0,0.0,0.0,2001.0,6.14,,16.0,5.7308145,4.319651,4.0253515,Matched (3),6.1,,16.0,14.565768,14.565768,,39.882565,3.6859393,0.44089273,-0.96215945,145.61783,0.0,0.0,1.0
6.15,6.15,2.10701,1.00469056e+06,30.0,0.0,10.018713,0.0,1.0714306,0.0,1.0389855,0.0,87.75856,2.0,33.053795,24.214031,,24.214031,24.214031,,13.465227,,0.053202473,455.12982,1.0,0.0,0.0,2001.0,6.15,,29.0,,,,Master only (1),6.2,,29.0,24.214031,24.214031,,87.75856,4.4745893,0.44089273,-0.1743594,242.10808,0.0,0.0,1.0
6.16,6.16,2.10701,1.00469056e+06,30.0,0.0,10.018571,0.0,1.071479,0.0,1.0389805,0.0,87.75454,2.0,33.006935,24.213316,,24.213316,24.213316,,13.465009,,0.053203333,455.109,1.0,0.0,0.0,2001.0,6.16,,29.0,,,,Master only (1),6.2,,29.0,24.214031,24.214031,,87.75454,4.4745436,0.44089273,-0.1743594,242.10808,0.0,0.0,1.0
6.17,6.17,2.10701,1.00469056e+06,30.0,0.0,10.018439,0.0,1.0715277,0.0,1.0389758,0.0,87.75082,2.0,32.96014,24.212652,,24.212652,24.212652,,13.464806,,0.053204138,455.08963,1.0,0.0,0.0,2001.0,6.17,,29.0,,,,Master only (1),6.2,,29.0,24.214031,24.214031,,87.75082,4.474501,0.44089273,-0.1743594,242.10808,0.0,0.0,1.0
6.18,6.18,2.10701,1.00469056e+06,30.0,0.0,10.018287,0.0,1.0715758,0.0,1.0389705,0.0,87.7465,2.0,34.86874,24.211884,,24.211884,24.211884,,13.464571,,0.053205065,455.06726,1.0,0.0,0.0,2001.0,6.18,,29.0,5.735119,4.300575,4.0253515,Matched (3),6.2,,29.0,24.214031,24.214031,,87.7465,4.474452,0.44089273,-0.1743594,242.10808,0.0,0.0,1.0
6.19,6.19,2.10701,1.00469056e+06,30.0,0.0,10.018148,0.0,1.0716244,0.0,1.0389656,0.0,87.74259,2.0,34.8193,24.211187,,24.211187,24.211187,,13.464357,,0.053205907,455.04697,1.0,0.0,0.0,2001.0,6.19,,29.0,,,,Master only (1),6.2,,29.0,24.214031,24.214031,,87.74259,4.4744077,0.44089273,-0.1743594,242.10808,0.0,0.0,1.0
6.2,6.2,2.10701,1.00469056e+06,30.0,0.0,10.0180025,0.0,1.0716727,0.0,1.0389605,0.0,87.738464,2.0,34.769962,24.210453,,24.210453,24.210453,,13.464133,,0.053206794,455.0256,1.0,0.0,0.0,2001.0,6.2,,29.0,,,,Master only (1),6.2,,29.0,24.214031,24.214031,,87.738464,4.4743605,0.44089273,-0.1743594,242.10808,0.0,0.0,1.0
6.21,6.21,2.10701,1.00469056e+06,30.0,0.0,10.017858,0.0,1.071721,0.0,1.0389553,0.0,87.73437,2.0,34.72065,24.209724,,24.209724,24.209724,,13.46391,,0.053207677,455.00436,1.0,0.0,0.0,2001.0,6.21,,29.0,,,,Master only (1),6.2,,29.0,24.214031,24.214031,,87.73437,4.4743137,0.44089273,-0.1743594,242.10808,0.0,0.0,1.0
6.22,6.22,2.10701,1.00469056e+06,30.0,0.0,10.017719,0.0,1.0717695,0.0,1.0389504,0.0,87.73045,2.0,34.671444,24.209028,,24.209028,24.209028,,13.4636965,,0.05320852,454.98407,1.0,0.0,0.0,2001.0,6.22,,29.0,,,,Master only (1),6.2,,29.0,24.214031,24.214031,,87.73045,4.474269,0.44089273,-0.1743594,242.10808,0.0,0.0,1.0
6.23,6.23,2.10701,1.00469056e+06,30.0,0.0,10.017567,0.0,1.0718175,0.0,1.0389451,0.0,87.726135,2.0,34.6223,24.20826,,24.20826,24.20826,,13.463462,,0.053209446,454.9617,1.0,0.0,0.0,2001.0,6.23,,29.0,,,,Master only (1),6.2,,29.0,24.214031,24.214031,,87.726135,4.47422,0.44089273,-0.1743594,242.10808,0.0,0.0,1.0
6.24,6.24,2.10701,1.00469056e+06,30.0,0.0,10.017425,0.0,1.0718659,0.0,1.0389401,0.0,87.72212,2.0,34.57322,24.207544,,24.207544,24.207544,,13.463243,,0.053210314,454.94083,1.0,0.0,0.0,2001.0,6.24,,29.0,,,,Master only (1),6.2,,29.0,24.214031,24.214031,,87.72212,4.474174,0.44089273,-0.1743594,242.10808,0.0,0.0,1.0
6.25,6.25,2.10701,1.00469056e+06,30.0,0.0,10.165837,0.0,1.0772929,0.0,1.0441481,0.0,91.98861,2.0,34.524246,24.96072,,24.96072,24.96072,,13.692041,,0.05232115,477.06747,1.0,0.0,0.0,2001.0,6.25,,30.0,,,,Master only (1),6.3,,30.0,24.96072,24.96072,,91.98861,4.5216646,0.44089273,-0.12728412,274.5298,0.0,0.0,1.0
6.26,6.26,2.10701,1.00469056e+06,30.0,0.0,10.165718,0.0,1.0773425,0.0,1.0441439,0.0,91.98512,2.0,34.4753,24.960112,,24.960112,24.960112,,13.691857,,0.052321855,477.04944,1.0,0.0,0.0,2001.0,6.26,,30.0,,,,Master only (1),6.3,,30.0,24.96072,24.96072,,91.98512,4.521627,0.44089273,-0.12728412,274.5298,0.0,0.0,1.0
6.27,6.27,2.10701,1.00469056e+06,30.0,0.0,10.165578,0.0,1.0773913,0.0,1.044139,0.0,91.981026,2.0,34.426414,24.959394,,24.959394,24.959394,,13.691641,,0.052322682,477.0282,1.0,0.0,0.0,2001.0,6.27,,30.0,,,,Master only (1),6.3,,30.0,24.96072,24.96072,,91.981026,4.521582,0.44089273,-0.12728412,274.5298,0.0,0.0,1.0
6.28,6.28,2.10701,1.00469056e+06,30.0,0.0,10.165431,0.0,1.0774399,0.0,1.0441339,0.0,91.97674,2.0,34.37764,24.958643,,24.958643,24.958643,,13.691415,,0.052323546,477.00595,1.0,0.0,0.0,2001.0,6.28,,30.0,,,,Master only (1),6.3,,30.0,24.96072,24.96072,,91.97674,4.521536,0.44089273,-0.12728412,274.5298,0.0,0.0,1.0
6.29,6.29,2.10701,1.00469056e+06,30.0,0.0,10.165301,0.0,1.077489,0.0,1.0441294,0.0,91.972946,2.0,34.32892,24.95798,,24.95798,24.95798,,13.691215,,0.05232431,476.9863,1.0,0.0,0.0,2001.0,6.29,,30.0,,,,Master only (1),6.3,,30.0,24.96072,24.96072,,91.972946,4.5214944,0.44089273,-0.12728412,274.5298,0.0,0.0,1.0
6.3,6.3,2.10701,1.00469056e+06,30.0,0.0,10.165151,0.0,1.0775375,0.0,1.0441241,0.0,91.968544,2.0,34.28023,24.957209,,24.957209,24.957209,,13.690982,,0.0523252,476.96347,1.0,0.0,0.0,2001.0,6.3,,30.0,,,,Master only (1),6.3,,30.0,24.96072,24.96072,,91.968544,4.5214467,0.44089273,-0.12728412,274.5298,0.0,0.0,1.0
6.31,6.31,2.10701,1.00469056e+06,30.0,0.0,10.165018,0.0,1.0775867,0.0,1.0441195,0.0,91.96467,2.0,34.231647,24.956532,,24.956532,24.956532,,13.690777,,0.052325983,476.9434,1.0,0.0,0.0,2001.0,6.31,,30.0,,,,Master only (1),6.3,,30.0,24.96072,24.96072,,91.96467,4.5214043,0.44089273,-0.12728412,274.5298,0.0,0.0,1.0
6.32,6.32,2.10701,1.00469056e+06,30.0,0.0,10.164882,0.0,1.0776355,0.0,1.0441147,0.0,91.960686,2.0,34.183117,24.955833,,24.955833,24.955833,,13.690567,,0.052326784,476.92276,1.0,0.0,0.0,2001.0,6.32,,30.0,5.6933413,4.224788,4.0253515,Matched (3),6.3,,30.0,24.96072,24.96072,,91.960686,4.5213614,0.44089273,-0.12728412,274.5298,0.0,0.0,1.0
6.33,6.33,2.10701,1.00469056e+06,30.0,0.0,10.164752,0.0,1.0776848,0.0,1.0441102,0.0,91.9569,2.0,34.13466,24.95517,,24.95517,24.95517,,13.690367,,0.05232755,476.90308,1.0,0.0,0.0,2001.0,6.33,,30.0,5.6933413,4.905189,4.0253515,Matched (3),6.3,,30.0,24.96072,24.96072,,91.9569,4.52132,0.44089273,-0.12728412,274.5298,0.0,0.0,1.0
6.34,6.34,2.10701,1.00469056e+06,30.0,0.0,10.164612,0.0,1.0777336,0.0,1.0441053,0.0,91.952805,2.0,34.086308,24.954453,,24.954453,24.954453,,13.69015,,0.052328378,476.88184,1.0,0.0,0.0,2001.0,6.34,,30.0,,,,Master only (1),6.3,,30.0,24.96072,24.96072,,91.952805,4.5212755,0.44089273,-0.12728412,274.5298,0.0,0.0,1.0
6.35,6.35,2.10701,1.00469056e+06,30.0,0.0,10.164475,0.0,1.0777826,0.0,1.0441005,0.0,91.94882,2.0,34.037975,24.953754,,24.953754,24.953754,,13.6899395,,0.052329183,476.86115,1.0,0.0,0.0,2001.0,6.35,,30.0,,,,Master only (1),6.3,,30.0,24.96072,24.96072,,91.94882,4.521232,0.44089273,-0.12728412,274.5298,0.0,0.0,1.0
6.36,6.36,2.10701,1.00469056e+06,30.0,0.0,10.164346,0.0,1.0778319,0.0,1.044096,0.0,91.94503,2.0,33.98975,24.953093,,24.953093,24.953093,,13.689739,,0.05232995,476.84152,1.0,0.0,0.0,2001.0,6.36,,30.0,,,,Master only (1),6.4,,30.0,24.953093,24.953093,,91.94503,4.521191,0.44089273,-0.12775762,249.49948,0.0,0.0,1.0
6.37,6.37,2.10701,1.00469056e+06,30.0,0.0,10.164206,0.0,1.0778806,0.0,1.0440911,0.0,91.94093,2.0,33.941544,24.952375,,24.952375,24.952375,,13.689524,,0.052330773,476.8203,1.0,0.0,0.0,2001.0,6.37,,30.0,,,,Master only (1),6.4,,30.0,24.953093,24.953093,,91.94093,4.5211463,0.44089273,-0.12775762,249.49948,0.0,0.0,1.0
6.38,6.38,2.10701,1.00469056e+06,30.0,0.0,10.164069,0.0,1.0779296,0.0,1.0440863,0.0,91.93695,2.0,33.893444,24.951677,,24.951677,24.951677,,13.689313,,0.052331578,476.79962,1.0,0.0,0.0,2001.0,6.38,,30.0,,,,Master only (1),6.4,,30.0,24.953093,24.953093,,91.93695,4.521103,0.44089273,-0.12775762,249.49948,0.0,0.0,1.0
6.39,6.39,2.10701,1.00469056e+06,30.0,0.0,10.163926,0.0,1.0779784,0.0,1.0440813,0.0,91.93278,2.0,33.845413,24.950945,,24.950945,24.950945,,13.689092,,0.052332424,476.77792,1.0,0.0,0.0,2001.0,6.39,,30.0,,,,Master only (1),6.4,,30.0,24.953093,24.953093,,91.93278,4.5210576,0.44089273,-0.12775762,249.49948,0.0,0.0,1.0
6.4,6.4,2.10701,1.00469056e+06,30.0,0.0,10.163793,0.0,1.0780275,0.0,1.0440767,0.0,91.92887,2.0,33.79744,24.950262,,24.950262,24.950262,,13.688886,,0.052333213,476.7577,1.0,0.0,0.0,2001.0,6.4,,30.0,5.6933413,4.224788,4.0253515,Matched (3),6.4,,30.0,24.953093,24.953093,,91.92887,4.521015,0.44089273,-0.12775762,249.49948,0.0,0.0,1.0
6.41,6.41,2.10701,1.00469056e+06,30.0,0.0,10.163667,0.0,1.0780768,0.0,1.0440723,0.0,91.9252,2.0,33.749527,24.94962,,24.94962,24.94962,,13.688692,,0.05233395,476.73868,1.0,0.0,0.0,2001.0,6.41,,30.0,5.4892216,4.9326687,3.871201,Matched (3),6.4,,30.0,24.953093,24.953093,,91.9252,4.520975,0.44089273,-0.12775762,249.49948,0.0,0.0,1.0
6.42,6.42,2.10701,1.00469056e+06,30.0,0.0,10.163533,0.0,1.078126,0.0,1.0440676,0.0,91.921295,2.0,33.70168,24.948936,,24.948936,24.948936,,13.688486,,0.05233474,476.71844,1.0,0.0,0.0,2001.0,6.42,,30.0,,,,Master only (1),6.4,,30.0,24.953093,24.953093,,91.921295,4.5209327,0.44089273,-0.12775762,249.49948,0.0,0.0,1.0
6.43,6.43,2.10701,1.00469056e+06,30.0,0.0,10.1634,0.0,1.078175,0.0,1.044063,0.0,91.9174,2.0,33.65394,24.948254,,24.948254,24.948254,,13.688279,,0.05233553,476.6982,1.0,0.0,0.0,2001.0,6.43,,30.0,,,,Master only (1),6.4,,30.0,24.953093,24.953093,,91.9174,4.52089,0.44089273,-0.12775762,249.49948,0.0,0.0,1.0
6.44,6.44,2.10701,1.00469056e+06,30.0,0.0,10.163257,0.0,1.0782237,0.0,1.044058,0.0,91.91322,2.0,33.606216,24.947521,,24.947521,24.947521,,13.688059,,0.052336372,476.67654,1.0,0.0,0.0,2001.0,6.44,,30.0,,,,Master only (1),6.4,,30.0,24.953093,24.953093,,91.91322,4.520845,0.44089273,-0.12775762,249.49948,0.0,0.0,1.0
6.45,6.45,2.10701,1.00469056e+06,30.0,0.0,10.163116,0.0,1.0782726,0.0,1.0440531,0.0,91.90913,2.0,33.5586,24.946806,,24.946806,24.946806,,13.687842,,0.052337203,476.6553,1.0,0.0,0.0,2001.0,6.45,,30.0,,,,Master only (1),6.4,,30.0,24.953093,24.953093,,91.90913,4.5208,0.44089273,-0.12775762,249.49948,0.0,0.0,1.0
6.46,6.46,2.10701,1.00469056e+06,30.0,0.0,0.0,0.0,0.0,0.0,0.0,0.0,0.0,3.0,33.511005,34.346043,,,,,,,,,0.0,0.0,0.0,0.0,6.46,,,,,,Master only (1),6.5,,,,,,0.0,,,,0.0,0.0,,0.0
6.47,6.47,2.10701,1.00469056e+06,30.0,0.0,0.0,0.0,0.0,0.0,0.0,0.0,0.0,3.0,33.46351,34.335526,,,,,,,,,0.0,0.0,0.0,0.0,6.47,,,,,,Master only (1),6.5,,,,,,0.0,,,,0.0,0.0,,0.0
6.48,6.48,2.10701,1.00469056e+06,30.0,0.0,0.0,0.0,0.0,0.0,0.0,0.0,0.0,3.0,33.41608,34.32501,,,,,,,,,0.0,0.0,0.0,0.0,6.48,,,,,,Master only (1),6.5,,,,,,0.0,,,,0.0,0.0,,0.0
6.49,6.49,2.10701,1.00469056e+06,30.0,0.0,0.0,0.0,0.0,0.0,0.0,0.0,0.0,3.0,33.368713,34.314495,,,,,,,,,0.0,0.0,0.0,0.0,6.49,,,,,,Master only (1),6.5,,,,,,0.0,,,,0.0,0.0,,0.0
6.5,6.5,2.10701,1.00469056e+06,30.0,0.0,0.0,0.0,0.0,0.0,0.0,0.0,0.0,3.0,33.32141,34.30399,,,,,,,,,0.0,0.0,0.0,0.0,6.5,,,,,,Master only (1),6.5,,,,,,0.0,,,,0.0,0.0,,0.0
6.51,6.51,2.10701,1.00469056e+06,30.0,0.0,0.0,0.0,0.0,0.0,0.0,0.0,0.0,3.0,33.274162,34.293476,,,,,,,,,0.0,0.0,0.0,0.0,6.51,,,,,,Master only (1),6.5,,,,,,0.0,,,,0.0,0.0,,0.0
6.52,6.52,2.10701,1.00469056e+06,30.0,0.0,0.0,0.0,0.0,0.0,0.0,0.0,0.0,3.0,33.227028,34.282974,,,,,,,,,0.0,0.0,0.0,0.0,6.52,,,,,,Master only (1),6.5,,,,,,0.0,,,,0.0,0.0,,0.0
6.53,6.53,2.10701,1.00469056e+06,30.0,0.0,0.0,0.0,0.0,0.0,0.0,0.0,0.0,3.0,33.179905,34.272472,,,,,,,,,0.0,0.0,0.0,0.0,6.53,,,,,,Master only (1),6.5,,,,,,0.0,,,,0.0,0.0,,0.0
6.54,6.54,2.10701,1.00469056e+06,30.0,0.0,0.0,0.0,0.0,0.0,0.0,0.0,0.0,3.0,33.132893,34.26197,,,,,,,,,0.0,0.0,0.0,0.0,6.54,,,,,,Master only (1),6.5,,,,,,0.0,,,,0.0,0.0,,0.0
6.55,6.55,2.10701,1.00469056e+06,30.0,0.0,7.647262,0.0,0.9793741,0.0,0.9478191,0.0,36.68504,2.0,33.085934,13.793665,,13.793665,13.793665,,9.880993,,0.07250115,190.25443,1.0,0.0,0.0,2001.0,6.55,,15.0,,,,Master only (1),6.6,,15.0,13.793665,13.793665,,36.68504,3.602369,0.28674224,-1.0465797,137.89682,0.0,0.0,1.0
6.56,6.56,2.10701,1.00469056e+06,30.0,0.0,7.647026,0.0,0.9794128,0.0,0.94780916,0.0,36.68138,2.0,33.039043,13.792778,,13.792778,13.792778,,9.880644,,0.072503716,190.23546,1.0,0.0,0.0,2001.0,6.56,,15.0,,,,Master only (1),6.6,,15.0,13.793665,13.793665,,36.68138,3.6022694,0.28674224,-1.0465797,137.89682,0.0,0.0,1.0
6.57,6.57,2.10701,1.00469056e+06,30.0,0.0,7.6467986,0.0,0.97945184,0.0,0.94779956,0.0,36.67786,2.0,32.99221,13.7919235,,13.7919235,13.7919235,,9.880307,,0.07250618,190.21721,1.0,0.0,0.0,2001.0,6.57,,15.0,,,,Master only (1),6.6,,15.0,13.793665,13.793665,,36.67786,3.6021733,0.28674224,-1.0465797,137.89682,0.0,0.0,1.0
6.58,6.58,2.10701,1.00469056e+06,30.0,0.0,7.6465497,0.0,0.97949,0.0,0.9477891,0.0,36.674004,2.0,32.945446,13.790988,,13.790988,13.790988,,9.879938,,0.072508894,190.19719,1.0,0.0,0.0,2001.0,6.58,,15.0,,,,Master only (1),6.6,,15.0,13.793665,13.793665,,36.674004,3.6020682,0.28674224,-1.0465797,137.89682,0.0,0.0,1.0
6.59,6.59,2.10701,1.00469056e+06,30.0,0.0,7.646322,0.0,0.979529,0.0,0.9477795,0.0,36.670475,2.0,32.898735,13.790132,,13.790132,13.790132,,9.8796015,,0.07251136,190.17891,1.0,0.0,0.0,2001.0,6.59,,15.0,,,,Master only (1),6.6,,15.0,13.793665,13.793665,,36.670475,3.6019719,0.28674224,-1.0465797,137.89682,0.0,0.0,1.0
6.6,6.6,2.10701,1.00469056e+06,30.0,0.0,7.64608,0.0,0.97956747,0.0,0.9477693,0.0,36.66673,2.0,32.852123,13.789224,,13.789224,13.789224,,9.879243,,0.072514,190.15947,1.0,0.0,0.0,2001.0,6.6,,15.0,,,,Master only (1),6.6,,15.0,13.793665,13.793665,,36.66673,3.6018698,0.28674224,-1.0465797,137.89682,0.0,0.0,1.0
6.61,6.61,2.10701,1.00469056e+06,30.0,0.0,7.645849,0.0,0.9796064,0.0,0.94775957,0.0,36.66316,2.0,32.805542,13.788356,,13.788356,13.788356,,9.8789015,,0.0725165,190.14095,1.0,0.0,0.0,2001.0,6.61,,15.0,,,,Master only (1),6.6,,15.0,13.793665,13.793665,,36.66316,3.6017723,0.28674224,-1.0465797,137.89682,0.0,0.0,1.0
6.62,6.62,2.10701,1.00469056e+06,30.0,0.0,7.645612,0.0,0.979645,0.0,0.94774956,0.0,36.65948,2.0,32.759056,13.787464,,13.787464,13.787464,,9.87855,,0.07251909,190.12187,1.0,0.0,0.0,2001.0,6.62,,15.0,,,,Master only (1),6.6,,15.0,13.793665,13.793665,,36.65948,3.6016722,0.28674224,-1.0465797,137.89682,0.0,0.0,1.0
6.63,6.63,2.10701,1.00469056e+06,30.0,0.0,7.6453786,0.0,0.9796838,0.0,0.9477397,0.0,36.65587,2.0,32.7126,13.786588,,13.786588,13.786588,,9.878204,,0.07252162,190.10315,1.0,0.0,0.0,2001.0,6.63,,15.0,,,,Master only (1),6.6,,15.0,13.793665,13.793665,,36.65587,3.6015735,0.28674224,-1.0465797,137.89682,0.0,0.0,1.0
6.64,6.64,2.10701,1.00469056e+06,30.0,0.0,7.645142,0.0,0.97972256,0.0,0.94772977,0.0,36.652206,2.0,32.666237,13.7857,,13.7857,13.7857,,9.877854,,0.07252419,190.08417,1.0,0.0,0.0,2001.0,6.64,,15.0,5.5351295,5.0492053,3.871201,Matched (3),6.6,,15.0,13.793665,13.793665,,36.652206,3.6014736,0.28674224,-1.0465797,137.89682,0.0,0.0,1.0
6.65,6.65,2.10701,1.00469056e+06,30.0,0.0,0.0,0.0,0.0,0.0,0.0,0.0,0.0,3.0,32.619934,34.146698,,,,,,,,,0.0,0.0,0.0,0.0,6.65,,,,,,Master only (1),6.7,,,,,,0.0,,,,0.0,0.0,,0.0
6.66,6.66,2.10701,1.00469056e+06,30.0,0.0,0.0,0.0,0.0,0.0,0.0,0.0,0.0,3.0,32.5737,34.13623,,,,,,,,,0.0,0.0,0.0,0.0,6.66,,,,,,Master only (1),6.7,,,,,,0.0,,,,0.0,0.0,,0.0
6.67,6.67,2.10701,1.00469056e+06,30.0,0.0,0.0,0.0,0.0,0.0,0.0,0.0,0.0,3.0,32.52752,34.12578,,,,,,,,,0.0,0.0,0.0,0.0,6.67,,,,,,Master only (1),6.7,,,,,,0.0,,,,0.0,0.0,,0.0
6.68,6.68,2.10701,1.00469056e+06,30.0,0.0,0.0,0.0,0.0,0.0,0.0,0.0,0.0,3.0,32.481438,34.115334,,,,,,,,,0.0,0.0,0.0,0.0,6.68,,,,,,Master only (1),6.7,,,,,,0.0,,,,0.0,0.0,,0.0
6.69,6.69,2.10701,1.00469056e+06,30.0,0.0,0.0,0.0,0.0,0.0,0.0,0.0,0.0,3.0,32.43538,34.10487,,,,,,,,,0.0,0.0,0.0,0.0,6.69,,,,,,Master only (1),6.7,,,,,,0.0,,,,0.0,0.0,,0.0
6.7,6.7,2.10701,1.00469056e+06,30.0,0.0,0.0,0.0,0.0,0.0,0.0,0.0,0.0,3.0,32.389423,34.09443,,,,,,,,,0.0,0.0,0.0,0.0,6.7,,,,,,Master only (1),6.7,,,,,,0.0,,,,0.0,0.0,,0.0
6.71,6.71,2.10701,1.00469056e+06,30.0,0.0,0.0,0.0,0.0,0.0,0.0,0.0,0.0,3.0,32.343487,34.08399,,,,,,,,,0.0,0.0,0.0,0.0,6.71,,,,,,Master only (1),6.7,,,,,,0.0,,,,0.0,0.0,,0.0
6.72,6.72,2.10701,1.00469056e+06,30.0,0.0,0.0,0.0,0.0,0.0,0.0,0.0,0.0,3.0,32.29765,34.073547,,,,,,,,,0.0,0.0,0.0,0.0,6.72,,,,,,Master only (1),6.7,,,,,,0.0,,,,0.0,0.0,,0.0
6.73,6.73,2.10701,1.00469056e+06,30.0,0.0,0.0,0.0,0.0,0.0,0.0,0.0,0.0,3.0,32.251873,34.06311,,,,,,,,,0.0,0.0,0.0,0.0,6.73,,,,,,Master only (1),6.7,,,,,,0.0,,,,0.0,0.0,,0.0
6.74,6.74,2.10701,1.00469056e+06,30.0,0.0,0.0,0.0,0.0,0.0,0.0,0.0,0.0,3.0,32.206158,34.05268,,,,,,,,,0.0,0.0,0.0,0.0,6.74,,,,,,Master only (1),6.7,,,,,,0.0,,,,0.0,0.0,,0.0
6.75,6.75,2.10701,1.00469056e+06,30.0,0.0,10.873185,0.0,1.1049743,0.0,1.0683037,0.0,114.30618,2.0,32.160503,28.715664,,28.715664,28.715664,,14.789114,,0.048439912,592.81,1.0,0.0,0.0,2001.0,6.75,,35.0,5.750281,4.3012457,4.0253515,Matched (3),6.8,,35.0,28.715664,28.715664,,114.30618,4.7388806,0.44089273,0.0899319,315.83643,0.0,0.0,1.0
6.76,6.76,2.10701,1.00469056e+06,30.0,0.0,10.873064,0.0,1.1050253,0.0,1.0682997,0.0,114.30207,2.0,32.114944,28.714996,,28.714996,28.714996,,14.788925,,0.04844053,592.78864,1.0,0.0,0.0,2001.0,6.76,,35.0,,,,Master only (1),6.8,,35.0,28.715664,28.715664,,114.30207,4.738845,0.44089273,0.0899319,315.83643,0.0,0.0,1.0
6.77,6.77,2.10701,1.00469056e+06,30.0,0.0,10.87295,0.0,1.1050767,0.0,1.0682958,0.0,114.29819,2.0,32.06941,28.714367,,28.714367,28.714367,,14.788747,,0.048441112,592.76855,1.0,0.0,0.0,2001.0,6.77,,35.0,5.494353,4.8975835,3.871201,Matched (3),6.8,,35.0,28.715664,28.715664,,114.29819,4.7388105,0.44089273,0.0899319,315.83643,0.0,0.0,1.0
6.78,6.78,2.10701,1.00469056e+06,30.0,0.0,10.8728285,0.0,1.1051277,0.0,1.0682918,0.0,114.294075,2.0,32.02393,28.713701,,28.713701,28.713701,,14.788558,,0.04844173,592.74725,1.0,0.0,0.0,2001.0,6.78,,35.0,,,,Master only (1),6.8,,35.0,28.715664,28.715664,,114.294075,4.738775,0.44089273,0.0899319,315.83643,0.0,0.0,1.0
6.79,6.79,2.10701,1.00469056e+06,30.0,0.0,10.872707,0.0,1.1051788,0.0,1.0682877,0.0,114.28996,2.0,31.978558,28.713036,,28.713036,28.713036,,14.788369,,0.04844235,592.7259,1.0,0.0,0.0,2001.0,6.79,,35.0,,,,Master only (1),6.8,,35.0,28.715664,28.715664,,114.28996,4.7387385,0.44089273,0.0899319,315.83643,0.0,0.0,1.0
6.8,6.8,2.10701,1.00469056e+06,30.0,0.0,10.872579,0.0,1.1052296,0.0,1.0682834,0.0,114.28559,2.0,31.933237,28.712326,,28.712326,28.712326,,14.788169,,0.04844301,592.7032,1.0,0.0,0.0,2001.0,6.8,,35.0,,,,Master only (1),6.8,,35.0,28.715664,28.715664,,114.28559,4.7387004,0.44089273,0.0899319,315.83643,0.0,0.0,1.0
6.81,6.81,2.10701,1.00469056e+06,30.0,0.0,10.872468,0.0,1.105281,0.0,1.0682797,0.0,114.28184,2.0,31.887978,28.711718,,28.711718,28.711718,,14.787996,,0.04844357,592.6838,1.0,0.0,0.0,2001.0,6.81,,35.0,,,,Master only (1),6.8,,35.0,28.715664,28.715664,,114.28184,4.7386675,0.44089273,0.0899319,315.83643,0.0,0.0,1.0
6.82,6.82,2.10701,1.00469056e+06,30.0,0.0,10.872364,0.0,1.1053327,0.0,1.0682763,0.0,114.27831,2.0,31.842783,28.711145,,28.711145,28.711145,,14.787834,,0.048444103,592.6654,1.0,0.0,0.0,2001.0,6.82,,35.0,,,,Master only (1),6.8,,35.0,28.715664,28.715664,,114.27831,4.738637,0.44089273,0.0899319,315.83643,0.0,0.0,1.0
6.83,6.83,2.10701,1.00469056e+06,30.0,0.0,10.872243,0.0,1.1053838,0.0,1.0682722,0.0,114.2742,2.0,31.797644,28.71048,,28.71048,28.71048,,14.787645,,0.04844472,592.6441,1.0,0.0,0.0,2001.0,6.83,,35.0,,,,Master only (1),6.8,,35.0,28.715664,28.715664,,114.2742,4.7386007,0.44089273,0.0899319,315.83643,0.0,0.0,1.0
6.84,6.84,2.10701,1.00469056e+06,30.0,0.0,10.872122,0.0,1.1054349,0.0,1.0682682,0.0,114.27009,2.0,31.752565,28.709814,,28.709814,28.709814,,14.7874565,,0.04844534,592.6228,1.0,0.0,0.0,2001.0,6.84,,35.0,,,,Master only (1),6.8,,35.0,28.715664,28.715664,,114.27009,4.738565,0.44089273,0.0899319,315.83643,0.0,0.0,1.0
6.85,6.85,2.10701,1.00469056e+06,30.0,0.0,10.8720045,0.0,1.105486,0.0,1.0682642,0.0,114.266106,2.0,31.707544,28.709167,,28.709167,28.709167,,14.787274,,0.048445936,592.6022,1.0,0.0,0.0,2001.0,6.85,,35.0,,,,Master only (1),6.8,,35.0,28.715664,28.715664,,114.266106,4.73853,0.44089273,0.0899319,315.83643,0.0,0.0,1.0
6.86,6.86,2.10701,1.00469056e+06,30.0,0.0,11.411662,0.0,1.1239017,0.0,1.0860056,0.0,133.61548,2.0,31.662624,31.757948,,31.757948,31.757948,,15.631319,,0.04583,692.95105,1.0,0.0,0.0,2001.0,6.86,,39.0,,,,Master only (1),6.9,,39.0,31.757948,31.757948,,133.61548,4.894966,0.36678484,0.24601738,317.5529,0.0,0.0,1.0
6.87,6.87,2.10701,1.00469056e+06,30.0,0.0,11.411551,0.0,1.1239543,0.0,1.086002,0.0,133.6113,2.0,31.617723,31.757307,,31.757307,31.757307,,15.6311455,,0.04583051,692.9294,1.0,0.0,0.0,2001.0,6.87,,39.0,5.613329,5.041485,3.9512436,Matched (3),6.9,,39.0,31.757948,31.757948,,133.6113,4.8949347,0.36678484,0.24601738,317.5529,0.0,0.0,1.0
6.88,6.88,2.10701,1.00469056e+06,30.0,0.0,11.411463,0.0,1.1240075,0.0,1.0859991,0.0,133.60794,2.0,31.572914,31.756792,,31.756792,31.756792,,15.631006,,0.045830917,692.912,1.0,0.0,0.0,2001.0,6.88,,39.0,,,,Master only (1),6.9,,39.0,31.757948,31.757948,,133.60794,4.89491,0.36678484,0.24601738,317.5529,0.0,0.0,1.0
6.89,6.89,2.10701,1.00469056e+06,30.0,0.0,11.411364,0.0,1.1240604,0.0,1.0859959,0.0,133.60419,2.0,31.528173,31.756218,,31.756218,31.756218,,15.630851,,0.045831375,692.8925,1.0,0.0,0.0,2001.0,6.89,,39.0,,,,Master only (1),6.9,,39.0,31.757948,31.757948,,133.60419,4.8948817,0.36678484,0.24601738,317.5529,0.0,0.0,1.0
6.9,6.9,2.10701,1.00469056e+06,30.0,0.0,11.411264,0.0,1.1241132,0.0,1.0859927,0.0,133.60045,2.0,31.483484,31.755642,,31.755642,31.755642,,15.630694,,0.045831833,692.87305,1.0,0.0,0.0,2001.0,6.9,,39.0,,,,Master only (1),6.9,,39.0,31.757948,31.757948,,133.60045,4.8948536,0.36678484,0.24601738,317.5529,0.0,0.0,1.0
6.91,6.91,2.10701,1.00469056e+06,30.0,0.0,11.411154,0.0,1.1241658,0.0,1.0859891,0.0,133.59627,2.0,31.438854,31.755001,,31.755001,31.755001,,15.630521,,0.04583234,692.8514,1.0,0.0,0.0,2001.0,6.91,,39.0,,,,Master only (1),6.9,,39.0,31.757948,31.757948,,133.59627,4.894822,0.36678484,0.24601738,317.5529,0.0,0.0,1.0
6.92,6.92,2.10701,1.00469056e+06,30.0,0.0,11.411043,0.0,1.1242182,0.0,1.0859855,0.0,133.59207,2.0,31.39429,31.75436,,31.75436,31.75436,,15.630347,,0.04583285,692.8297,1.0,0.0,0.0,2001.0,6.92,,39.0,,,,Master only (1),6.9,,39.0,31.757948,31.757948,,133.59207,4.894791,0.36678484,0.24601738,317.5529,0.0,0.0,1.0
6.93,6.93,2.10701,1.00469056e+06,30.0,0.0,11.41094,0.0,1.124271,0.0,1.0859822,0.0,133.58818,2.0,31.34978,31.753763,,31.753763,31.753763,,15.630186,,0.045833323,692.8095,1.0,0.0,0.0,2001.0,6.93,,39.0,,,,Master only (1),6.9,,39.0,31.757948,31.757948,,133.58818,4.8947616,0.36678484,0.24601738,317.5529,0.0,0.0,1.0
6.94,6.94,2.10701,1.00469056e+06,30.0,0.0,11.410848,0.0,1.1243241,0.0,1.0859792,0.0,133.58469,2.0,31.305367,31.753227,,31.753227,31.753227,,15.630041,,0.045833748,692.79144,1.0,0.0,0.0,2001.0,6.94,,39.0,,,,Master only (1),6.9,,39.0,31.757948,31.757948,,133.58469,4.894736,0.36678484,0.24601738,317.5529,0.0,0.0,1.0
6.95,6.95,2.10701,1.00469056e+06,30.0,0.0,11.410745,0.0,1.1243769,0.0,1.0859759,0.0,133.5808,2.0,31.260975,31.75263,,31.75263,31.75263,,15.629879,,0.045834225,692.7712,1.0,0.0,0.0,2001.0,6.95,,39.0,5.4834647,4.9256706,3.871201,Matched (3),6.9,,39.0,31.757948,31.757948,,133.5808,4.8947067,0.36678484,0.24601738,317.5529,0.0,0.0,1.0
6.96,6.96,2.10701,1.00469056e+06,30.0,0.0,0.0,0.0,0.0,0.0,0.0,0.0,0.0,3.0,31.216675,33.82392,,,,,,,,,0.0,0.0,0.0,0.0,6.96,,,,,,Master only (1),7.0,,,,,,0.0,,,,0.0,0.0,,0.0
6.97,6.97,2.10701,1.00469056e+06,30.0,0.0,0.0,0.0,0.0,0.0,0.0,0.0,0.0,3.0,31.172438,33.81356,,,,,,,,,0.0,0.0,0.0,0.0,6.97,,,,,,Master only (1),7.0,,,,,,0.0,,,,0.0,0.0,,0.0
6.98,6.98,2.10701,1.00469056e+06,30.0,0.0,0.0,0.0,0.0,0.0,0.0,0.0,0.0,3.0,33.874336,33.803207,,,,,,,,,0.0,0.0,0.0,0.0,6.98,,,,,,Master only (1),7.0,,,,,,0.0,,,,0.0,0.0,,0.0
6.99,6.99,2.10701,1.00469056e+06,30.0,0.0,0.0,0.0,0.0,0.0,0.0,0.0,0.0,3.0,33.82633,33.79285,,,,,,,,,0.0,0.0,0.0,0.0,6.99,,,,,,Master only (1),7.0,,,,,,0.0,,,,0.0,0.0,,0.0
7.0,7.0,2.10701,1.00469056e+06,30.0,0.0,0.0,0.0,0.0,0.0,0.0,0.0,0.0,3.0,33.778416,33.7825,,,,,,,,,0.0,0.0,0.0,0.0,7.0,,,,,,Master only (1),7.0,,,,,,0.0,,,,0.0,0.0,,0.0
7.01,7.01,2.10701,1.00469056e+06,30.0,0.0,0.0,0.0,0.0,0.0,0.0,0.0,0.0,3.0,33.730522,33.772152,,,,,,,,,0.0,0.0,0.0,0.0,7.01,,,,,,Master only (1),7.0,,,,,,0.0,,,,0.0,0.0,,0.0
7.02,7.02,2.10701,1.00469056e+06,30.0,0.0,0.0,0.0,0.0,0.0,0.0,0.0,0.0,3.0,33.6827,33.761806,,,,,,,,,0.0,0.0,0.0,0.0,7.02,,,,,,Master only (1),7.0,,,,,,0.0,,,,0.0,0.0,,0.0
7.03,7.03,2.10701,1.00469056e+06,30.0,0.0,0.0,0.0,0.0,0.0,0.0,0.0,0.0,3.0,33.63498,33.75146,,,,,,,,,0.0,0.0,0.0,0.0,7.03,,,,,,Master only (1),7.0,,,,,,0.0,,,,0.0,0.0,,0.0
7.04,7.04,2.10701,1.00469056e+06,30.0,0.0,0.0,0.0,0.0,0.0,0.0,0.0,0.0,3.0,33.587284,33.741127,,,,,,,,,0.0,0.0,0.0,0.0,7.04,,,,,,Master only (1),7.0,,,,,,0.0,,,,0.0,0.0,,0.0
7.05,7.05,2.10701,1.00469056e+06,30.0,0.0,12.050886,0.0,1.146011,0.0,1.1063178,0.0,159.32774,2.0,33.539684,35.576653,,35.576653,35.576653,,16.638632,,0.043055426,826.29895,1.0,0.0,0.0,2001.0,7.05,,44.0,,,,Master only (1),7.1,,44.0,35.576653,35.576653,,159.32774,5.0709634,0.36678484,0.42201465,355.74255,0.0,0.0,1.0
7.06,7.06,2.10701,1.00469056e+06,30.0,0.0,12.050795,0.0,1.1460652,0.0,1.1063149,0.0,159.32384,2.0,33.492153,35.57609,,35.57609,35.57609,,16.638487,,0.0430558,826.27875,1.0,0.0,0.0,2001.0,7.06,,44.0,,,,Master only (1),7.1,,44.0,35.576653,35.576653,,159.32384,5.070939,0.36678484,0.42201465,355.74255,0.0,0.0,1.0
7.07,7.07,2.10701,1.00469056e+06,30.0,0.0,12.050718,0.0,1.1461201,0.0,1.1063125,0.0,159.32057,2.0,33.444683,35.575623,,35.575623,35.575623,,16.638365,,0.043056116,826.2618,1.0,0.0,0.0,2001.0,7.07,,44.0,5.6082473,5.043946,3.9512436,Matched (3),7.1,,44.0,35.576653,35.576653,,159.32057,5.0709186,0.36678484,0.42201465,355.74255,0.0,0.0,1.0
7.08,7.08,2.10701,1.00469056e+06,30.0,0.0,12.050619,0.0,1.1461742,0.0,1.1063094,0.0,159.31635,2.0,33.397274,35.575012,,35.575012,35.575012,,16.638208,,0.04305652,826.2398,1.0,0.0,0.0,2001.0,7.08,,44.0,5.471439,4.954054,3.871201,Matched (3),7.1,,44.0,35.576653,35.576653,,159.31635,5.070892,0.36678484,0.42201465,355.74255,0.0,0.0,1.0
7.09,7.09,2.10701,1.00469056e+06,30.0,0.0,12.050539,0.0,1.1462289,0.0,1.1063069,0.0,159.31293,2.0,33.34993,35.57452,,35.57452,35.57452,,16.638083,,0.043056846,826.22217,1.0,0.0,0.0,2001.0,7.09,,44.0,,,,Master only (1),7.1,,44.0,35.576653,35.576653,,159.31293,5.0708704,0.36678484,0.42201465,355.74255,0.0,0.0,1.0
7.1,7.1,2.10701,1.00469056e+06,30.0,0.0,12.050455,0.0,1.1462835,0.0,1.1063043,0.0,159.30934,2.0,33.30265,35.574,,35.574,35.574,,16.637949,,0.043057192,826.2035,1.0,0.0,0.0,2001.0,7.1,,44.0,,,,Master only (1),7.1,,44.0,35.576653,35.576653,,159.30934,5.070848,0.36678484,0.42201465,355.74255,0.0,0.0,1.0
7.11,7.11,2.10701,1.00469056e+06,30.0,0.0,12.050364,0.0,1.1463379,0.0,1.1063014,0.0,159.30544,2.0,33.255463,35.57344,,35.57344,35.57344,,16.637804,,0.04305757,826.1832,1.0,0.0,0.0,2001.0,7.11,,44.0,,,,Master only (1),7.1,,44.0,35.576653,35.576653,,159.30544,5.070823,0.36678484,0.42201465,355.74255,0.0,0.0,1.0
7.12,7.12,2.10701,1.00469056e+06,30.0,0.0,12.050283,0.0,1.1463926,0.0,1.1062989,0.0,159.30202,2.0,33.208305,35.57295,,35.57295,35.57295,,16.637678,,0.043057892,826.1656,1.0,0.0,0.0,2001.0,7.12,,44.0,,,,Master only (1),7.1,,44.0,35.576653,35.576653,,159.30202,5.0708017,0.36678484,0.42201465,355.74255,0.0,0.0,1.0
7.13,7.13,2.10701,1.00469056e+06,30.0,0.0,12.050202,0.0,1.1464473,0.0,1.1062964,0.0,159.29855,2.0,33.161247,35.57245,,35.57245,35.57245,,16.637548,,0.043058228,826.1475,1.0,0.0,0.0,2001.0,7.13,,44.0,5.5947614,5.0738153,3.9512436,Matched (3),7.1,,44.0,35.576653,35.576653,,159.29855,5.0707803,0.36678484,0.42201465,355.74255,0.0,0.0,1.0
7.14,7.14,2.10701,1.00469056e+06,30.0,0.0,12.050099,0.0,1.1465013,0.0,1.1062932,0.0,159.29416,2.0,33.114212,35.571815,,35.571815,35.571815,,16.637386,,0.04305865,826.12476,1.0,0.0,0.0,2001.0,7.14,,44.0,,,,Master only (1),7.1,,44.0,35.576653,35.576653,,159.29416,5.0707526,0.36678484,0.42201465,355.74255,0.0,0.0,1.0
7.15,7.15,2.10701,1.00469056e+06,30.0,0.0,12.050012,0.0,1.1465558,0.0,1.1062905,0.0,159.2904,2.0,33.067284,35.571278,,35.571278,35.571278,,16.637247,,0.04305901,826.10535,1.0,0.0,0.0,2001.0,7.15,,44.0,,,,Master only (1),7.2,,44.0,35.571278,35.571278,,159.2904,5.070729,0.44089273,0.42178005,355.6897,0.0,0.0,1.0
7.16,7.16,2.10701,1.00469056e+06,30.0,0.0,12.049939,0.0,1.1466107,0.0,1.1062882,0.0,159.28732,2.0,33.020416,35.57083,,35.57083,35.57083,,16.637133,,0.043059304,826.0893,1.0,0.0,0.0,2001.0,7.16,,44.0,5.6656084,5.091362,4.0253515,Matched (3),7.2,,44.0,35.571278,35.571278,,159.28732,5.0707097,0.44089273,0.42178005,355.6897,0.0,0.0,1.0
7.17,7.17,2.10701,1.00469056e+06,30.0,0.0,12.049855,0.0,1.1466653,0.0,1.1062856,0.0,159.28374,2.0,32.973602,35.570312,,35.570312,35.570312,,16.637,,0.04305965,826.0706,1.0,0.0,0.0,2001.0,7.17,,44.0,,,,Master only (1),7.2,,44.0,35.571278,35.571278,,159.28374,5.0706873,0.44089273,0.42178005,355.6897,0.0,0.0,1.0
7.18,7.18,2.10701,1.00469056e+06,30.0,0.0,12.049764,0.0,1.1467198,0.0,1.1062827,0.0,159.27983,2.0,32.926895,35.56975,,35.56975,35.56975,,16.636856,,0.04306002,826.05054,1.0,0.0,0.0,2001.0,7.18,,44.0,,,,Master only (1),7.2,,44.0,35.571278,35.571278,,159.27983,5.0706625,0.44089273,0.42178005,355.6897,0.0,0.0,1.0
7.19,7.19,2.10701,1.00469056e+06,30.0,0.0,12.04968,0.0,1.1467744,0.0,1.1062801,0.0,159.27625,2.0,32.880207,35.569233,,35.569233,35.569233,,16.636723,,0.043060366,826.0318,1.0,0.0,0.0,2001.0,7.19,,44.0,,,,Master only (1),7.2,,44.0,35.571278,35.571278,,159.27625,5.07064,0.44089273,0.42178005,355.6897,0.0,0.0,1.0
7.2,7.2,2.10701,1.00469056e+06,30.0,0.0,12.049596,0.0,1.146829,0.0,1.1062775,0.0,159.27266,2.0,32.833622,35.568718,,35.568718,35.568718,,16.63659,,0.043060713,826.01324,1.0,0.0,0.0,2001.0,7.2,,44.0,,,,Master only (1),7.2,,44.0,35.571278,35.571278,,159.27266,5.0706177,0.44089273,0.42178005,355.6897,0.0,0.0,1.0
7.21,7.21,2.10701,1.00469056e+06,30.0,0.0,12.049508,0.0,1.1468835,0.0,1.1062747,0.0,159.26892,2.0,32.787064,35.56818,,35.56818,35.56818,,16.636452,,0.043061066,825.99396,1.0,0.0,0.0,2001.0,7.21,,44.0,5.5186815,5.050932,3.871201,Matched (3),7.2,,44.0,35.571278,35.571278,,159.26892,5.0705943,0.44089273,0.42178005,355.6897,0.0,0.0,1.0
7.22,7.22,2.10701,1.00469056e+06,30.0,0.0,12.049428,0.0,1.1469382,0.0,1.1062722,0.0,159.2655,2.0,32.740597,35.567688,,35.567688,35.567688,,16.636324,,0.043061398,825.97614,1.0,0.0,0.0,2001.0,7.22,,44.0,,,,Master only (1),7.2,,44.0,35.571278,35.571278,,159.2655,5.070573,0.44089273,0.42178005,355.6897,0.0,0.0,1.0
7.23,7.23,2.10701,1.00469056e+06,30.0,0.0,12.0493355,0.0,1.1469927,0.0,1.1062694,0.0,159.26155,2.0,32.6942,35.567116,,35.567116,35.567116,,16.636177,,0.043061778,825.95557,1.0,0.0,0.0,2001.0,7.23,,44.0,,,,Master only (1),7.2,,44.0,35.571278,35.571278,,159.26155,5.070548,0.44089273,0.42178005,355.6897,0.0,0.0,1.0
7.24,7.24,2.10701,1.00469056e+06,30.0,0.0,12.049248,0.0,1.1470472,0.0,1.1062666,0.0,159.2578,2.0,32.647854,35.566578,,35.566578,35.566578,,16.63604,,0.04306213,825.9363,1.0,0.0,0.0,2001.0,7.24,,44.0,,,,Master only (1),7.2,,44.0,35.571278,35.571278,,159.2578,5.070524,0.44089273,0.42178005,355.6897,0.0,0.0,1.0
7.25,7.25,2.10701,1.00469056e+06,30.0,0.0,8.722954,0.0,1.0277848,0.0,0.99119484,0.0,56.1126,2.0,32.60158,18.145042,,18.145042,18.145042,,11.489303,,0.062352207,291.00882,1.0,0.0,0.0,2001.0,7.25,,21.0,,,,Master only (1),7.3,,21.0,18.145042,18.145042,,56.1126,4.0273604,0.28674224,-0.6215883,199.55191,0.0,0.0,1.0
7.26,7.26,2.10701,1.00469056e+06,30.0,0.0,8.7227745,0.0,1.027829,0.0,0.99118793,0.0,56.108875,2.0,32.55536,18.144266,,18.144266,18.144266,,11.489033,,0.06235367,290.98953,1.0,0.0,0.0,2001.0,7.26,,21.0,,,,Master only (1),7.3,,21.0,18.145042,18.145042,,56.108875,4.027294,0.28674224,-0.6215883,199.55191,0.0,0.0,1.0
7.27,7.27,2.10701,1.00469056e+06,30.0,0.0,8.722583,0.0,1.0278728,0.0,0.99118054,0.0,56.104893,2.0,32.509205,18.143435,,18.143435,18.143435,,11.488743,,0.062355243,290.96887,1.0,0.0,0.0,2001.0,7.27,,21.0,,,,Master only (1),7.3,,21.0,18.145042,18.145042,,56.104893,4.027223,0.28674224,-0.6215883,199.55191,0.0,0.0,1.0
7.28,7.28,2.10701,1.00469056e+06,30.0,0.0,8.722407,0.0,1.0279171,0.0,0.99117374,0.0,56.10125,2.0,32.463146,18.142675,,18.142675,18.142675,,11.488479,,0.062356677,290.95,1.0,0.0,0.0,2001.0,7.28,,21.0,,,,Master only (1),7.3,,21.0,18.145042,18.145042,,56.10125,4.0271583,0.28674224,-0.6215883,199.55191,0.0,0.0,1.0
7.29,7.29,2.10701,1.00469056e+06,30.0,0.0,8.722222,0.0,1.0279611,0.0,0.9911666,0.0,56.09741,2.0,32.417114,18.141872,,18.141872,18.141872,,11.488199,,0.062358193,290.93005,1.0,0.0,0.0,2001.0,7.29,,21.0,,,,Master only (1),7.3,,21.0,18.145042,18.145042,,56.09741,4.0270896,0.28674224,-0.6215883,199.55191,0.0,0.0,1.0
7.3,7.3,2.10701,1.00469056e+06,30.0,0.0,8.7220335,0.0,1.028005,0.0,0.9911593,0.0,56.093487,2.0,32.371178,18.141054,,18.141054,18.141054,,11.487914,,0.062359743,290.9097,1.0,0.0,0.0,2001.0,7.3,,21.0,,,,Master only (1),7.3,,21.0,18.145042,18.145042,,56.093487,4.0270195,0.28674224,-0.6215883,199.55191,0.0,0.0,1.0
7.31,7.31,2.10701,1.00469056e+06,30.0,0.0,8.72185,0.0,1.028049,0.0,0.9911522,0.0,56.089684,2.0,32.325302,18.14026,,18.14026,18.14026,,11.4876375,,0.062361244,290.88998,1.0,0.0,0.0,2001.0,7.31,,21.0,,,,Master only (1),7.3,,21.0,18.145042,18.145042,,56.089684,4.026952,0.28674224,-0.6215883,199.55191,0.0,0.0,1.0
7.32,7.32,2.10701,1.00469056e+06,30.0,0.0,8.721665,0.0,1.028093,0.0,0.9911451,0.0,56.085842,2.0,32.279446,18.13946,,18.13946,18.13946,,11.487358,,0.06236276,290.87006,1.0,0.0,0.0,2001.0,7.32,,21.0,,,,Master only (1),7.3,,21.0,18.145042,18.145042,,56.085842,4.0268836,0.28674224,-0.6215883,199.55191,0.0,0.0,1.0
7.33,7.33,2.10701,1.00469056e+06,30.0,0.0,8.721498,0.0,1.0281377,0.0,0.9911386,0.0,56.082355,2.0,32.23373,18.138733,,18.138733,18.138733,,11.487105,,0.06236413,290.85202,1.0,0.0,0.0,2001.0,7.33,,21.0,,,,Master only (1),7.3,,21.0,18.145042,18.145042,,56.082355,4.026821,0.28674224,-0.6215883,199.55191,0.0,0.0,1.0
7.34,7.34,2.10701,1.00469056e+06,30.0,0.0,8.721321,0.0,1.028182,0.0,0.9911318,0.0,56.078693,2.0,32.188034,18.137968,,18.137968,18.137968,,11.486839,,0.062365577,290.833,1.0,0.0,0.0,2001.0,7.34,,21.0,5.516084,5.056482,3.871201,Matched (3),7.3,,21.0,18.145042,18.145042,,56.078693,4.026756,0.28674224,-0.6215883,199.55191,0.0,0.0,1.0
7.35,7.35,2.10701,1.00469056e+06,30.0,0.0,8.72113,0.0,1.0282258,0.0,0.9911244,0.0,56.07473,2.0,32.1424,18.137142,,18.137142,18.137142,,11.486551,,0.06236714,290.81247,1.0,0.0,0.0,2001.0,7.35,,21.0,,,,Master only (1),7.3,,21.0,18.145042,18.145042,,56.07473,4.026685,0.28674224,-0.6215883,199.55191,0.0,0.0,1.0
7.36,7.36,2.10701,1.00469056e+06,30.0,0.0,0.0,0.0,0.0,0.0,0.0,0.0,0.0,3.0,32.09683,33.41195,,,,,,,,,0.0,0.0,0.0,0.0,7.36,,,,,,Master only (1),7.4,,,,,,0.0,,,,0.0,0.0,,0.0
7.37,7.37,2.10701,1.00469056e+06,30.0,0.0,0.0,0.0,0.0,0.0,0.0,0.0,0.0,3.0,32.051353,33.40171,,,,,,,,,0.0,0.0,0.0,0.0,7.37,,,,,,Master only (1),7.4,,,,,,0.0,,,,0.0,0.0,,0.0
7.38,7.38,2.10701,1.00469056e+06,30.0,0.0,0.0,0.0,0.0,0.0,0.0,0.0,0.0,3.0,32.0059,33.391483,,,,,,,,,0.0,0.0,0.0,0.0,7.38,,,,,,Master only (1),7.4,,,,,,0.0,,,,0.0,0.0,,0.0
7.39,7.39,2.10701,1.00469056e+06,30.0,0.0,0.0,0.0,0.0,0.0,0.0,0.0,0.0,3.0,31.960546,33.38125,,,,,,,,,0.0,0.0,0.0,0.0,7.39,,,,,,Master only (1),7.4,,,,,,0.0,,,,0.0,0.0,,0.0
7.4,7.4,2.10701,1.00469056e+06,30.0,0.0,0.0,0.0,0.0,0.0,0.0,0.0,0.0,3.0,31.915247,33.371025,,,,,,,,,0.0,0.0,0.0,0.0,7.4,,,,,,Master only (1),7.4,,,,,,0.0,,,,0.0,0.0,,0.0
7.41,7.41,2.10701,1.00469056e+06,30.0,0.0,0.0,0.0,0.0,0.0,0.0,0.0,0.0,3.0,31.870012,33.360798,,,,,,,,,0.0,0.0,0.0,0.0,7.41,,,,,,Master only (1),7.4,,,,,,0.0,,,,0.0,0.0,,0.0
7.42,7.42,2.10701,1.00469056e+06,30.0,0.0,0.0,0.0,0.0,0.0,0.0,0.0,0.0,3.0,31.82484,33.350582,,,,,,,,,0.0,0.0,0.0,0.0,7.42,,,,,,Master only (1),7.4,,,,,,0.0,,,,0.0,0.0,,0.0
7.43,7.43,2.10701,1.00469056e+06,30.0,0.0,0.0,0.0,0.0,0.0,0.0,0.0,0.0,3.0,31.77972,33.340366,,,,,,,,,0.0,0.0,0.0,0.0,7.43,,,,,,Master only (1),7.4,,,,,,0.0,,,,0.0,0.0,,0.0
7.44,7.44,2.10701,1.00469056e+06,30.0,0.0,0.0,0.0,0.0,0.0,0.0,0.0,0.0,3.0,31.734661,33.330143,,,,,,,,,0.0,0.0,0.0,0.0,7.44,,,,,,Master only (1),7.4,,,,,,0.0,,,,0.0,0.0,,0.0
7.45,7.45,2.10701,1.00469056e+06,30.0,0.0,0.0,0.0,0.0,0.0,0.0,0.0,0.0,3.0,31.6897,33.319942,,,,,,,,,0.0,0.0,0.0,0.0,7.45,,,,,,Master only (1),7.4,,,,,,0.0,,,,0.0,0.0,,0.0
7.46,7.46,2.10701,1.00469056e+06,30.0,0.0,11.921708,0.0,1.1441624,0.0,1.1022713,0.0,153.87827,2.0,31.644766,34.786766,,34.786766,34.786766,,16.434425,,0.04359041,798.0371,1.0,0.0,0.0,2001.0,7.46,,43.0,,,,Master only (1),7.5,,43.0,34.786766,34.786766,,153.87827,5.036162,0.28674224,0.38721317,313.06125,0.0,0.0,1.0
7.47,7.47,2.10701,1.00469056e+06,30.0,0.0,11.921613,0.0,1.1442165,0.0,1.1022683,0.0,153.8743,2.0,31.599924,34.786186,,34.786186,34.786186,,16.434275,,0.04359081,798.01654,1.0,0.0,0.0,2001.0,7.47,,43.0,5.188643,4.7957177,3.583519,Matched (3),7.5,,43.0,34.786766,34.786766,,153.8743,5.036136,0.28674224,0.38721317,313.06125,0.0,0.0,1.0
7.48,7.48,2.10701,1.00469056e+06,30.0,0.0,11.921522,0.0,1.1442708,0.0,1.1022655,0.0,153.87051,2.0,31.555143,34.785637,,34.785637,34.785637,,16.434132,,0.04359119,797.99695,1.0,0.0,0.0,2001.0,7.48,,43.0,5.5256286,4.012028,3.871201,Matched (3),7.5,,43.0,34.786766,34.786766,,153.87051,5.0361114,0.28674224,0.38721317,313.06125,0.0,0.0,1.0
7.49,7.49,2.10701,1.00469056e+06,30.0,0.0,11.921431,0.0,1.144325,0.0,1.1022626,0.0,153.8667,2.0,31.510414,34.78508,,34.78508,34.78508,,16.433987,,0.043591574,797.9772,1.0,0.0,0.0,2001.0,7.49,,43.0,,,,Master only (1),7.5,,43.0,34.786766,34.786766,,153.8667,5.0360866,0.28674224,0.38721317,313.06125,0.0,0.0,1.0
7.5,7.5,2.10701,1.00469056e+06,30.0,0.0,11.921351,0.0,1.1443796,0.0,1.1022601,0.0,153.8634,2.0,31.465752,34.7846,,34.7846,34.7846,,16.433863,,0.043591905,797.9601,1.0,0.0,0.0,2001.0,7.5,,43.0,,,,Master only (1),7.5,,43.0,34.786766,34.786766,,153.8634,5.036065,0.28674224,0.38721317,313.06125,0.0,0.0,1.0
7.51,7.51,2.10701,1.00469056e+06,30.0,0.0,11.921253,0.0,1.1444337,0.0,1.102257,0.0,153.85931,2.0,31.421148,34.784,,34.784,34.784,,16.433706,,0.04359232,797.9387,1.0,0.0,0.0,2001.0,7.51,,43.0,,,,Master only (1),7.5,,43.0,34.786766,34.786766,,153.85931,5.036039,0.28674224,0.38721317,313.06125,0.0,0.0,1.0
7.52,7.52,2.10701,1.00469056e+06,30.0,0.0,11.921173,0.0,1.1444883,0.0,1.1022545,0.0,153.85597,2.0,31.376598,34.783516,,34.783516,34.783516,,16.43358,,0.043592654,797.9215,1.0,0.0,0.0,2001.0,7.52,,43.0,5.4491525,4.012028,3.7841897,Matched (3),7.5,,43.0,34.786766,34.786766,,153.85597,5.036017,0.28674224,0.38721317,313.06125,0.0,0.0,1.0
7.53,7.53,2.10701,1.00469056e+06,30.0,0.0,11.92109,0.0,1.1445428,0.0,1.1022519,0.0,153.85251,2.0,31.332113,34.78301,,34.78301,34.78301,,16.433449,,0.043593,797.9035,1.0,0.0,0.0,2001.0,7.53,,43.0,,,,Master only (1),7.5,,43.0,34.786766,34.786766,,153.85251,5.0359945,0.28674224,0.38721317,313.06125,0.0,0.0,1.0
7.54,7.54,2.10701,1.00469056e+06,30.0,0.0,11.920999,0.0,1.144597,0.0,1.102249,0.0,153.8487,2.0,31.28772,34.78245,,34.78245,34.78245,,16.433304,,0.043593388,797.88367,1.0,0.0,0.0,2001.0,7.54,,43.0,,,,Master only (1),7.5,,43.0,34.786766,34.786766,,153.8487,5.0359697,0.28674224,0.38721317,313.06125,0.0,0.0,1.0
7.55,7.55,2.10701,1.00469056e+06,30.0,0.0,0.0,0.0,0.0,0.0,0.0,0.0,0.0,3.0,31.243385,33.218006,,,,,,,,,0.0,0.0,0.0,0.0,7.55,,,,,,Master only (1),7.6,,,,,,0.0,,,,0.0,0.0,,0.0
7.56,7.56,2.10701,1.00469056e+06,30.0,0.0,0.0,0.0,0.0,0.0,0.0,0.0,0.0,3.0,31.199072,33.207848,,,,,,,,,0.0,0.0,0.0,0.0,7.56,,,,,,Master only (1),7.6,,,,,,0.0,,,,0.0,0.0,,0.0
7.57,7.57,2.10701,1.00469056e+06,30.0,0.0,0.0,0.0,0.0,0.0,0.0,0.0,0.0,3.0,31.154858,33.19767,,,,,,,,,0.0,0.0,0.0,0.0,7.57,,,,,,Master only (1),7.6,,,,,,0.0,,,,0.0,0.0,,0.0
7.58,7.58,2.10701,1.00469056e+06,30.0,0.0,0.0,0.0,0.0,0.0,0.0,0.0,0.0,3.0,31.1107,33.187496,,,,,,,,,0.0,0.0,0.0,0.0,7.58,,,,,,Master only (1),7.6,,,,,,0.0,,,,0.0,0.0,,0.0
7.59,7.59,2.10701,1.00469056e+06,30.0,0.0,0.0,0.0,0.0,0.0,0.0,0.0,0.0,3.0,31.066595,33.17734,,,,,,,,,0.0,0.0,0.0,0.0,7.59,,,,,,Master only (1),7.6,,,,,,0.0,,,,0.0,0.0,,0.0
7.6,7.6,2.10701,1.00469056e+06,30.0,0.0,0.0,0.0,0.0,0.0,0.0,0.0,0.0,3.0,31.022556,33.167168,,,,,,,,,0.0,0.0,0.0,0.0,7.6,,,,,,Master only (1),7.6,,,,,,0.0,,,,0.0,0.0,,0.0
7.61,7.61,2.10701,1.00469056e+06,30.0,0.0,0.0,0.0,0.0,0.0,0.0,0.0,0.0,3.0,30.97861,33.157005,,,,,,,,,0.0,0.0,0.0,0.0,7.61,,,,,,Master only (1),7.6,,,,,,0.0,,,,0.0,0.0,,0.0
7.62,7.62,2.10701,1.00469056e+06,30.0,0.0,0.0,0.0,0.0,0.0,0.0,0.0,0.0,3.0,30.93468,33.146854,,,,,,,,,0.0,0.0,0.0,0.0,7.62,,,,,,Master only (1),7.6,,,,,,0.0,,,,0.0,0.0,,0.0
7.63,7.63,2.10701,1.00469056e+06,30.0,0.0,0.0,0.0,0.0,0.0,0.0,0.0,0.0,3.0,30.89085,33.136692,,,,,,,,,0.0,0.0,0.0,0.0,7.63,,,,,,Master only (1),7.6,,,,,,0.0,,,,0.0,0.0,,0.0
7.64,7.64,2.10701,1.00469056e+06,30.0,0.0,0.0,0.0,0.0,0.0,0.0,0.0,0.0,3.0,30.84704,33.126545,,,,,,,,,0.0,0.0,0.0,0.0,7.64,,,,,,Master only (1),7.6,,,,,,0.0,,,,0.0,0.0,,0.0
7.65,7.65,2.10701,1.00469056e+06,30.0,0.0,8.366025,0.0,1.0153171,0.0,0.9772146,0.0,49.030807,2.0,30.803326,16.632484,,16.632484,16.632484,,10.952247,,0.06540972,254.28154,1.0,0.0,0.0,2001.0,7.65,,19.0,,,,Master only (1),7.7,,19.0,16.632484,16.632484,,49.030807,3.892449,0.104420684,-0.7564998,166.28917,0.0,0.0,1.0
7.66,7.66,2.10701,1.00469056e+06,30.0,0.0,8.3658285,0.0,1.0153598,0.0,0.97720677,0.0,49.02709,2.0,30.75967,16.63167,,16.63167,16.63167,,10.951952,,0.06541148,254.26225,1.0,0.0,0.0,2001.0,7.66,,19.0,,,,Master only (1),7.7,,19.0,16.632484,16.632484,,49.02709,3.8923728,0.104420684,-0.7564998,166.28917,0.0,0.0,1.0
7.67,7.67,2.10701,1.00469056e+06,30.0,0.0,8.3656435,0.0,1.0154029,0.0,0.97719944,0.0,49.02359,2.0,30.716066,16.630905,,16.630905,16.630905,,10.951674,,0.06541313,254.24414,1.0,0.0,0.0,2001.0,7.67,,19.0,,,,Master only (1),7.7,,19.0,16.632484,16.632484,,49.02359,3.8923016,0.104420684,-0.7564998,166.28917,0.0,0.0,1.0
7.68,7.68,2.10701,1.00469056e+06,30.0,0.0,8.365447,0.0,1.0154456,0.0,0.9771916,0.0,49.01987,2.0,30.672522,16.63009,,16.63009,16.63009,,10.95138,,0.0654149,254.22482,1.0,0.0,0.0,2001.0,7.68,,19.0,,,,Master only (1),7.7,,19.0,16.632484,16.632484,,49.01987,3.8922257,0.104420684,-0.7564998,166.28917,0.0,0.0,1.0
7.69,7.69,2.10701,1.00469056e+06,30.0,0.0,8.365261,0.0,1.0154886,0.0,0.97718424,0.0,49.016354,2.0,30.629042,16.62932,,16.62932,16.62932,,10.9511,,0.06541657,254.20656,1.0,0.0,0.0,2001.0,7.69,,19.0,,,,Master only (1),7.7,,19.0,16.632484,16.632484,,49.016354,3.892154,0.104420684,-0.7564998,166.28917,0.0,0.0,1.0
7.7,7.7,2.10701,1.00469056e+06,30.0,0.0,8.3650675,0.0,1.0155314,0.0,0.97717655,0.0,49.012688,2.0,30.585646,16.62852,,16.62852,16.62852,,10.95081,,0.065418296,254.18759,1.0,0.0,0.0,2001.0,7.7,,19.0,,,,Master only (1),7.7,,19.0,16.632484,16.632484,,49.012688,3.892079,0.104420684,-0.7564998,166.28917,0.0,0.0,1.0
7.71,7.71,2.10701,1.00469056e+06,30.0,0.0,8.364874,0.0,1.0155742,0.0,0.97716886,0.0,49.009026,2.0,30.542274,16.627718,,16.627718,16.627718,,10.95052,,0.06542003,254.16861,1.0,0.0,0.0,2001.0,7.71,,19.0,5.270448,4.7712255,3.6888795,Matched (3),7.7,,19.0,16.632484,16.632484,,49.009026,3.8920045,0.104420684,-0.7564998,166.28917,0.0,0.0,1.0
7.72,7.72,2.10701,1.00469056e+06,30.0,0.0,8.364698,0.0,1.0156177,0.0,0.9771619,0.0,49.005707,2.0,30.499,16.626991,,16.626991,16.626991,,10.950256,,0.0654216,254.15138,1.0,0.0,0.0,2001.0,7.72,,19.0,,,,Master only (1),7.7,,19.0,16.632484,16.632484,,49.005707,3.8919368,0.104420684,-0.7564998,166.28917,0.0,0.0,1.0
7.73,7.73,2.10701,1.00469056e+06,30.0,0.0,8.364495,0.0,1.0156602,0.0,0.97715384,0.0,49.001865,2.0,30.455778,16.62615,,16.62615,16.62615,,10.949952,,0.06542342,254.13147,1.0,0.0,0.0,2001.0,7.73,,19.0,,,,Master only (1),7.7,,19.0,16.632484,16.632484,,49.001865,3.8918583,0.104420684,-0.7564998,166.28917,0.0,0.0,1.0
7.74,7.74,2.10701,1.00469056e+06,30.0,0.0,8.364296,0.0,1.0157027,0.0,0.9771459,0.0,48.998093,2.0,30.412582,16.625324,,16.625324,16.625324,,10.949653,,0.06542521,254.1119,1.0,0.0,0.0,2001.0,7.74,,19.0,,,,Master only (1),7.7,,19.0,16.632484,16.632484,,48.998093,3.8917813,0.104420684,-0.7564998,166.28917,0.0,0.0,1.0
7.75,7.75,2.10701,1.00469056e+06,30.0,0.0,9.051002,0.0,1.043372,0.0,1.0037147,0.0,63.21699,2.0,30.369474,19.595675,,19.595675,19.595675,,11.985742,,0.05976963,327.85336,1.0,0.0,0.0,2001.0,7.75,,23.0,,,,Master only (1),7.8,,23.0,19.595675,19.595675,,63.21699,4.146573,-0.11872289,-0.50237566,215.51115,0.0,0.0,1.0
7.76,7.76,2.10701,1.00469056e+06,30.0,0.0,9.050837,0.0,1.0434177,0.0,1.0037085,0.0,63.213272,2.0,30.326426,19.59493,,19.59493,19.59493,,11.985491,,0.059770882,327.83405,1.0,0.0,0.0,2001.0,7.76,,23.0,,,,Master only (1),7.8,,23.0,19.595675,19.595675,,63.213272,4.1465144,-0.11872289,-0.50237566,215.51115,0.0,0.0,1.0
7.77,7.77,2.10701,1.00469056e+06,30.0,0.0,9.050663,0.0,1.0434631,0.0,1.0037019,0.0,63.20936,2.0,30.283466,19.594147,,19.594147,19.594147,,11.985228,,0.059772193,327.81375,1.0,0.0,0.0,2001.0,7.77,,23.0,,,,Master only (1),7.8,,23.0,19.595675,19.595675,,63.20936,4.1464524,-0.11872289,-0.50237566,215.51115,0.0,0.0,1.0
7.78,7.78,2.10701,1.00469056e+06,30.0,0.0,9.050498,0.0,1.0435089,0.0,1.0036957,0.0,63.205635,2.0,30.240534,19.593403,,19.593403,19.593403,,11.984978,,0.05977344,327.79446,1.0,0.0,0.0,2001.0,7.78,,23.0,,,,Master only (1),7.8,,23.0,19.595675,19.595675,,63.205635,4.1463933,-0.11872289,-0.50237566,215.51115,0.0,0.0,1.0
7.79,7.79,2.10701,1.00469056e+06,30.0,0.0,9.050327,0.0,1.0435543,0.0,1.0036893,0.0,63.201786,2.0,30.19765,19.592634,,19.592634,19.592634,,11.984718,,0.059774734,327.7745,1.0,0.0,0.0,2001.0,7.79,,23.0,,,,Master only (1),7.8,,23.0,19.595675,19.595675,,63.201786,4.1463327,-0.11872289,-0.50237566,215.51115,0.0,0.0,1.0
7.8,7.8,2.10701,1.00469056e+06,30.0,0.0,9.050166,0.0,1.0436002,0.0,1.0036832,0.0,63.198154,2.0,30.154865,19.591908,,19.591908,19.591908,,11.984474,,0.059775952,327.75568,1.0,0.0,0.0,2001.0,7.8,,23.0,5.1216207,4.824916,3.465736,Matched (3),7.8,,23.0,19.595675,19.595675,,63.198154,4.146275,-0.11872289,-0.50237566,215.51115,0.0,0.0,1.0
7.81,7.81,2.10701,1.00469056e+06,30.0,0.0,9.050009,0.0,1.0436462,0.0,1.0036772,0.0,63.194603,2.0,30.112135,19.591196,,19.591196,19.591196,,11.984235,,0.059777148,327.7372,1.0,0.0,0.0,2001.0,7.81,,23.0,5.111499,4.8319936,3.465736,Matched (3),7.8,,23.0,19.595675,19.595675,,63.194603,4.146219,-0.11872289,-0.50237566,215.51115,0.0,0.0,1.0
7.82,7.82,2.10701,1.00469056e+06,30.0,0.0,9.049848,0.0,1.043692,0.0,1.0036712,0.0,63.19097,2.0,30.069426,19.59047,,19.59047,19.59047,,11.983991,,0.059778366,327.71838,1.0,0.0,0.0,2001.0,7.82,,23.0,5.1049423,4.8512216,3.465736,Matched (3),7.8,,23.0,19.595675,19.595675,,63.19097,4.1461616,-0.11872289,-0.50237566,215.51115,0.0,0.0,1.0
7.83,7.83,2.10701,1.00469056e+06,30.0,0.0,9.049673,0.0,1.0437374,0.0,1.0036646,0.0,63.187035,2.0,30.026806,19.589684,,19.589684,19.589684,,11.983726,,0.05977969,327.698,1.0,0.0,0.0,2001.0,7.83,,23.0,,,,Master only (1),7.8,,23.0,19.595675,19.595675,,63.187035,4.146099,-0.11872289,-0.50237566,215.51115,0.0,0.0,1.0
7.84,7.84,2.10701,1.00469056e+06,30.0,0.0,9.049502,0.0,1.0437828,0.0,1.0036582,0.0,63.183186,2.0,29.984247,19.588913,,19.588913,19.588913,,11.983467,,0.059780978,327.67804,1.0,0.0,0.0,2001.0,7.84,,23.0,,,,Master only (1),7.8,,23.0,19.595675,19.595675,,63.183186,4.146038,-0.11872289,-0.50237566,215.51115,0.0,0.0,1.0
7.85,7.85,2.10701,1.00469056e+06,30.0,0.0,9.049344,0.0,1.0438288,0.0,1.0036522,0.0,63.17962,2.0,29.941742,19.5882,,19.5882,19.5882,,11.983227,,0.059782173,327.65955,1.0,0.0,0.0,2001.0,7.85,,23.0,,,,Master only (1),7.8,,23.0,19.595675,19.595675,,63.17962,4.145982,-0.11872289,-0.50237566,215.51115,0.0,0.0,1.0
7.86,7.86,2.10701,1.00469056e+06,30.0,0.0,8.71204,0.0,1.0304856,0.0,0.990773,0.0,55.886208,2.0,29.89933,18.097778,,18.097778,18.097778,,11.472834,,0.06244171,289.83478,1.0,0.0,0.0,2001.0,7.86,,21.0,,,,Master only (1),7.9,,21.0,18.097778,18.097778,,55.886208,4.023318,0.104420684,-0.6256309,180.94331,0.0,0.0,1.0
7.87,7.87,2.10701,1.00469056e+06,30.0,0.0,8.711861,0.0,1.03053,0.0,0.9907661,0.0,55.882496,2.0,29.856932,18.097002,,18.097002,18.097002,,11.472563,,0.062443186,289.8155,1.0,0.0,0.0,2001.0,7.87,,21.0,,,,Master only (1),7.9,,21.0,18.097778,18.097778,,55.882496,4.023251,0.104420684,-0.6256309,180.94331,0.0,0.0,1.0
7.88,7.88,2.10701,1.00469056e+06,30.0,0.0,8.711682,0.0,1.0305743,0.0,0.9907592,0.0,55.8788,2.0,29.814634,18.09623,,18.09623,18.09623,,11.472294,,0.06244465,289.79633,1.0,0.0,0.0,2001.0,7.88,,21.0,5.318633,4.918496,3.6888795,Matched (3),7.9,,21.0,18.097778,18.097778,,55.8788,4.0231853,0.104420684,-0.6256309,180.94331,0.0,0.0,1.0
7.89,7.89,2.10701,1.00469056e+06,30.0,0.0,8.711503,0.0,1.0306187,0.0,0.9907523,0.0,55.875088,2.0,29.77235,18.095455,,18.095455,18.095455,,11.472023,,0.062446125,289.77707,1.0,0.0,0.0,2001.0,7.89,,21.0,,,,Master only (1),7.9,,21.0,18.097778,18.097778,,55.875088,4.0231185,0.104420684,-0.6256309,180.94331,0.0,0.0,1.0
7.9,7.9,2.10701,1.00469056e+06,30.0,0.0,8.711346,0.0,1.0306638,0.0,0.9907462,0.0,55.87183,2.0,29.73016,18.094774,,18.094774,18.094774,,11.471786,,0.062447418,289.76016,1.0,0.0,0.0,2001.0,7.9,,21.0,,,,Master only (1),7.9,,21.0,18.097778,18.097778,,55.87183,4.0230603,0.104420684,-0.6256309,180.94331,0.0,0.0,1.0
7.91,7.91,2.10701,1.00469056e+06,30.0,0.0,8.711161,0.0,1.030708,0.0,0.99073905,0.0,55.867996,2.0,29.688028,18.093973,,18.093973,18.093973,,11.471506,,0.062448937,289.7403,1.0,0.0,0.0,2001.0,7.91,,21.0,,,,Master only (1),7.9,,21.0,18.097778,18.097778,,55.867996,4.0229917,0.104420684,-0.6256309,180.94331,0.0,0.0,1.0
7.92,7.92,2.10701,1.00469056e+06,30.0,0.0,8.710976,0.0,1.0307521,0.0,0.9907319,0.0,55.864166,2.0,29.645945,18.093172,,18.093172,18.093172,,11.471228,,0.062450454,289.72043,1.0,0.0,0.0,2001.0,7.92,,21.0,,,,Master only (1),7.9,,21.0,18.097778,18.097778,,55.864166,4.022923,0.104420684,-0.6256309,180.94331,0.0,0.0,1.0
7.93,7.93,2.10701,1.00469056e+06,30.0,0.0,8.710794,0.0,1.0307963,0.0,0.99072486,0.0,55.860413,2.0,29.60392,18.092388,,18.092388,18.092388,,11.470954,,0.062451944,289.70096,1.0,0.0,0.0,2001.0,7.93,,21.0,,,,Master only (1),7.9,,21.0,18.097778,18.097778,,55.860413,4.0228558,0.104420684,-0.6256309,180.94331,0.0,0.0,1.0
7.94,7.94,2.10701,1.00469056e+06,30.0,0.0,8.710618,0.0,1.0308408,0.0,0.99071807,0.0,55.85676,2.0,29.561956,18.091625,,18.091625,18.091625,,11.470688,,0.062453393,289.68204,1.0,0.0,0.0,2001.0,7.94,,21.0,,,,Master only (1),7.9,,21.0,18.097778,18.097778,,55.85676,4.0227904,0.104420684,-0.6256309,180.94331,0.0,0.0,1.0
7.95,7.95,2.10701,1.00469056e+06,30.0,0.0,8.710455,0.0,1.0308857,0.0,0.99071175,0.0,55.853382,2.0,29.520044,18.09092,,18.09092,18.09092,,11.470442,,0.06245473,289.66452,1.0,0.0,0.0,2001.0,7.95,,21.0,,,,Master only (1),7.9,,21.0,18.097778,18.097778,,55.853382,4.02273,0.104420684,-0.6256309,180.94331,0.0,0.0,1.0
7.96,7.96,2.10701,1.00469056e+06,30.0,0.0,9.531994,0.0,1.0630184,0.0,1.0215412,0.0,74.722,2.0,29.47822,21.82772,,21.82772,21.82772,,12.718369,,0.056326672,387.52014,1.0,0.0,0.0,2001.0,7.96,,26.0,5.1085057,4.844604,3.465736,Matched (3),8.0,,26.0,21.82772,21.82772,,74.722,4.3137746,-0.00093982706,-0.33517414,196.42372,0.0,0.0,1.0
7.97,7.97,2.10701,1.00469056e+06,30.0,0.0,9.53183,0.0,1.0630654,0.0,1.0215353,0.0,74.71785,2.0,29.436413,21.826937,,21.826937,21.826937,,12.718118,,0.056327783,387.4986,1.0,0.0,0.0,2001.0,7.97,,26.0,,,,Master only (1),8.0,,26.0,21.82772,21.82772,,74.71785,4.313719,-0.00093982706,-0.33517414,196.42372,0.0,0.0,1.0
7.98,7.98,2.10701,1.00469056e+06,30.0,0.0,9.53169,0.0,1.0631133,0.0,1.0215302,0.0,74.714294,2.0,29.394701,21.82627,,21.82627,21.82627,,12.717903,,0.056328733,387.48022,1.0,0.0,0.0,2001.0,7.98,,26.0,5.1799803,3.9645715,3.465736,Matched (3),8.0,,26.0,21.82772,21.82772,,74.714294,4.3136716,-0.00093982706,-0.33517414,196.42372,0.0,0.0,1.0
7.99,7.99,2.10701,1.00469056e+06,30.0,0.0,9.531539,0.0,1.0631607,0.0,1.0215247,0.0,74.71049,2.0,29.353046,21.82555,,21.82555,21.82555,,12.717672,,0.056329753,387.46042,1.0,0.0,0.0,2001.0,7.99,,26.0,,,,Master only (1),8.0,,26.0,21.82772,21.82772,,74.71049,4.3136206,-0.00093982706,-0.33517414,196.42372,0.0,0.0,1.0
8.0,8.0,2.10701,1.00469056e+06,30.0,0.0,9.531395,0.0,1.0632085,0.0,1.0215194,0.0,74.70684,2.0,29.311409,21.824863,,21.824863,21.824863,,12.717452,,0.05633073,387.44153,1.0,0.0,0.0,2001.0,8.0,,26.0,,,,Master only (1),8.0,,26.0,21.82772,21.82772,,74.70684,4.3135715,-0.00093982706,-0.33517414,196.42372,0.0,0.0,1.0
8.01,8.01,2.10701,1.00469056e+06,30.0,0.0,9.531248,0.0,1.063256,0.0,1.021514,0.0,74.703125,2.0,29.26986,21.824162,,21.824162,21.824162,,12.717228,,0.056331724,387.4222,1.0,0.0,0.0,2001.0,8.01,,26.0,,,,Master only (1),8.0,,26.0,21.82772,21.82772,,74.703125,4.313522,-0.00093982706,-0.33517414,196.42372,0.0,0.0,1.0
8.02,8.02,2.10701,1.00469056e+06,30.0,0.0,9.531091,0.0,1.0633032,0.0,1.0215083,0.0,74.69914,2.0,29.228405,21.823412,,21.823412,21.823412,,12.716988,,0.05633279,387.40158,1.0,0.0,0.0,2001.0,8.02,,26.0,,,,Master only (1),8.0,,26.0,21.82772,21.82772,,74.69914,4.3134685,-0.00093982706,-0.33517414,196.42372,0.0,0.0,1.0
8.03,8.03,2.10701,1.00469056e+06,30.0,0.0,9.530951,0.0,1.063351,0.0,1.0215032,0.0,74.695595,2.0,29.186968,21.822742,,21.822742,21.822742,,12.716773,,0.05633374,387.38318,1.0,0.0,0.0,2001.0,8.03,,26.0,5.159344,4.715695,3.583519,Matched (3),8.0,,26.0,21.82772,21.82772,,74.695595,4.3134212,-0.00093982706,-0.33517414,196.42372,0.0,0.0,1.0
8.04,8.04,2.10701,1.00469056e+06,30.0,0.0,9.530809,0.0,1.0633988,0.0,1.0214981,0.0,74.69202,2.0,29.145586,21.82207,,21.82207,21.82207,,12.7165575,,0.056334693,387.36465,1.0,0.0,0.0,2001.0,8.04,,26.0,5.159344,4.715695,3.583519,Matched (3),8.0,,26.0,21.82772,21.82772,,74.69202,4.313373,-0.00093982706,-0.33517414,196.42372,0.0,0.0,1.0
8.05,8.05,2.10701,1.00469056e+06,30.0,0.0,9.530649,0.0,1.0634459,0.0,1.0214922,0.0,74.687965,2.0,29.104292,21.821306,,21.821306,21.821306,,12.716312,,0.056335777,387.34366,1.0,0.0,0.0,2001.0,8.05,,26.0,,,,Master only (1),8.1,,26.0,21.821306,21.821306,,74.687965,4.313319,0.104420684,-0.33562952,239.99588,0.0,0.0,1.0
8.06,8.06,2.10701,1.00469056e+06,30.0,0.0,9.530516,0.0,1.0634941,0.0,1.0214874,0.0,74.684586,2.0,29.063017,21.82067,,21.82067,21.82067,,12.716108,,0.056336682,387.32614,1.0,0.0,0.0,2001.0,8.06,,26.0,,,,Master only (1),8.1,,26.0,21.821306,21.821306,,74.684586,4.313274,0.104420684,-0.33562952,239.99588,0.0,0.0,1.0
8.07,8.07,2.10701,1.00469056e+06,30.0,0.0,9.530361,0.0,1.0635414,0.0,1.0214818,0.0,74.68068,2.0,29.021833,21.819931,,21.819931,21.819931,,12.715872,,0.05633773,387.30582,1.0,0.0,0.0,2001.0,8.07,,26.0,,,,Master only (1),8.1,,26.0,21.821306,21.821306,,74.68068,4.3132215,0.104420684,-0.33562952,239.99588,0.0,0.0,1.0
8.08,8.08,2.10701,1.00469056e+06,30.0,0.0,9.530201,0.0,1.0635885,0.0,1.0214759,0.0,74.67662,2.0,28.980701,21.819168,,21.819168,21.819168,,12.715627,,0.056338817,387.28482,1.0,0.0,0.0,2001.0,8.08,,26.0,,,,Master only (1),8.1,,26.0,21.821306,21.821306,,74.67662,4.313167,0.104420684,-0.33562952,239.99588,0.0,0.0,1.0
8.09,8.09,2.10701,1.00469056e+06,30.0,0.0,9.530064,0.0,1.0636364,0.0,1.0214709,0.0,74.67315,2.0,28.939623,21.818512,,21.818512,21.818512,,12.715417,,0.056339744,387.26678,1.0,0.0,0.0,2001.0,8.09,,26.0,,,,Master only (1),8.1,,26.0,21.821306,21.821306,,74.67315,4.3131204,0.104420684,-0.33562952,239.99588,0.0,0.0,1.0
8.1,8.1,2.10701,1.00469056e+06,30.0,0.0,9.529913,0.0,1.063684,0.0,1.0214654,0.0,74.669334,2.0,28.898602,21.817793,,21.817793,21.817793,,12.715187,,0.056340765,387.247,1.0,0.0,0.0,2001.0,8.1,,26.0,,,,Master only (1),8.1,,26.0,21.821306,21.821306,,74.669334,4.3130693,0.104420684,-0.33562952,239.99588,0.0,0.0,1.0
8.11,8.11,2.10701,1.00469056e+06,30.0,0.0,9.529766,0.0,1.0637316,0.0,1.02146,0.0,74.66562,2.0,28.857635,21.817093,,21.817093,21.817093,,12.714962,,0.056341764,387.22772,1.0,0.0,0.0,2001.0,8.11,,26.0,,,,Master only (1),8.1,,26.0,21.821306,21.821306,,74.66562,4.3130198,0.104420684,-0.33562952,239.99588,0.0,0.0,1.0
8.12,8.12,2.10701,1.00469056e+06,30.0,0.0,9.529622,0.0,1.0637792,0.0,1.0214548,0.0,74.66198,2.0,28.81672,21.816406,,21.816406,21.816406,,12.714742,,0.05634274,387.20883,1.0,0.0,0.0,2001.0,8.12,,26.0,5.256978,4.7582583,3.6888795,Matched (3),8.1,,26.0,21.821306,21.821306,,74.66198,4.312971,0.104420684,-0.33562952,239.99588,0.0,0.0,1.0
8.13,8.13,2.10701,1.00469056e+06,30.0,0.0,9.529475,0.0,1.0638268,0.0,1.0214494,0.0,74.658264,2.0,28.775894,21.815706,,21.815706,21.815706,,12.714518,,0.05634373,387.1896,1.0,0.0,0.0,2001.0,8.13,,26.0,5.290516,4.843017,3.583519,Matched (3),8.1,,26.0,21.821306,21.821306,,74.658264,4.312921,0.104420684,-0.33562952,239.99588,0.0,0.0,1.0
8.14,8.14,2.10701,1.00469056e+06,30.0,0.0,9.529318,0.0,1.0638741,0.0,1.0214437,0.0,74.65428,2.0,28.735088,21.814955,,21.814955,21.814955,,12.714277,,0.056344796,387.16895,1.0,0.0,0.0,2001.0,8.14,,26.0,,,,Master only (1),8.1,,26.0,21.821306,21.821306,,74.65428,4.3128676,0.104420684,-0.33562952,239.99588,0.0,0.0,1.0
8.15,8.15,2.10701,1.00469056e+06,30.0,0.0,9.529187,0.0,1.0639223,0.0,1.021439,0.0,74.65098,2.0,,21.814333,,21.814333,21.814333,,12.714077,,0.056345683,387.1518,1.0,0.0,0.0,2001.0,8.15,,26.0,,,,Master only (1),8.1,,26.0,21.821306,21.821306,,74.65098,4.312824,0.104420684,-0.33562952,239.99588,0.0,0.0,1.0
8.16,8.16,2.10701,1.00469056e+06,30.0,0.0,9.0443125,0.0,1.0452504,0.0,1.0034624,0.0,63.06625,2.0,,19.565516,,19.565516,19.565516,,11.975593,,0.059820283,327.0716,1.0,0.0,0.0,2001.0,8.16,,23.0,,,,Master only (1),8.2,,23.0,19.565516,19.565516,,63.06625,4.1441855,-0.00093982706,-0.5047632,176.06343,0.0,0.0,1.0
8.17,8.17,2.10701,1.00469056e+06,30.0,0.0,9.044151,0.0,1.0452963,0.0,1.0034564,0.0,63.062622,2.0,,19.564789,,19.564789,19.564789,,11.9753475,,0.05982151,327.05273,1.0,0.0,0.0,2001.0,8.17,,23.0,,,,Master only (1),8.2,,23.0,19.565516,19.565516,,63.062622,4.1441283,-0.00093982706,-0.5047632,176.06343,0.0,0.0,1.0
8.18,8.18,2.10701,1.00469056e+06,30.0,0.0,9.043993,0.0,1.0453423,0.0,1.0034504,0.0,63.059055,2.0,,19.564075,,19.564075,19.564075,,11.975107,,0.05982271,327.03427,1.0,0.0,0.0,2001.0,8.18,,23.0,,,,Master only (1),8.2,,23.0,19.565516,19.565516,,63.059055,4.1440716,-0.00093982706,-0.5047632,176.06343,0.0,0.0,1.0
8.19,8.19,2.10701,1.00469056e+06,30.0,0.0,9.043832,0.0,1.0453883,0.0,1.0034443,0.0,63.055428,2.0,,19.563349,,19.563349,19.563349,,11.974863,,0.05982393,327.01544,1.0,0.0,0.0,2001.0,8.19,,23.0,,,,Master only (1),8.2,,23.0,19.565516,19.565516,,63.055428,4.1440144,-0.00093982706,-0.5047632,176.06343,0.0,0.0,1.0
8.2,8.2,2.10701,1.00469056e+06,30.0,0.0,9.043671,0.0,1.0454342,0.0,1.0034382,0.0,63.0518,2.0,,19.562624,,19.562624,19.562624,,11.974619,,0.05982515,326.99667,1.0,0.0,0.0,2001.0,8.2,,23.0,5.290516,4.8171067,3.583519,Matched (3),8.2,,23.0,19.565516,19.565516,,63.0518,4.1439567,-0.00093982706,-0.5047632,176.06343,0.0,0.0,1.0
8.21,8.21,2.10701,1.00469056e+06,30.0,0.0,9.043501,0.0,1.0454798,0.0,1.0034318,0.0,63.047977,2.0,,19.56186,,19.56186,19.56186,,11.974361,,0.059826437,326.97684,1.0,0.0,0.0,2001.0,8.21,,23.0,,,,Master only (1),8.2,,23.0,19.565516,19.565516,,63.047977,4.143896,-0.00093982706,-0.5047632,176.06343,0.0,0.0,1.0
8.22,8.22,2.10701,1.00469056e+06,30.0,0.0,9.04334,0.0,1.0455258,0.0,1.0034257,0.0,63.04435,2.0,,19.561132,,19.561132,19.561132,,11.974116,,0.05982766,326.958,1.0,0.0,0.0,2001.0,8.22,,23.0,,,,Master only (1),8.2,,23.0,19.565516,19.565516,,63.04435,4.1438384,-0.00093982706,-0.5047632,176.06343,0.0,0.0,1.0
8.23,8.23,2.10701,1.00469056e+06,30.0,0.0,9.043179,0.0,1.0455717,0.0,1.0034196,0.0,63.04072,2.0,,19.560406,,19.560406,19.560406,,11.973872,,0.05982888,326.93918,1.0,0.0,0.0,2001.0,8.23,,23.0,,,,Master only (1),8.2,,23.0,19.565516,19.565516,,63.04072,4.1437807,-0.00093982706,-0.5047632,176.06343,0.0,0.0,1.0
8.24,8.24,2.10701,1.00469056e+06,30.0,0.0,9.043017,0.0,1.0456176,0.0,1.0034136,0.0,63.037094,2.0,,19.559679,,19.559679,19.559679,,11.973627,,0.059830103,326.92035,1.0,0.0,0.0,2001.0,8.24,,23.0,,,,Master only (1),8.2,,23.0,19.565516,19.565516,,63.037094,4.1437235,-0.00093982706,-0.5047632,176.06343,0.0,0.0,1.0
8.25,8.25,2.10701,1.00469056e+06,30.0,0.0,9.527716,0.0,1.0643985,0.0,1.0213853,0.0,74.613754,2.0,,21.807316,,21.807316,21.807316,,12.711827,,0.056355655,386.95877,1.0,0.0,0.0,2001.0,8.25,,26.0,5.220079,4.87465,3.583519,Matched (3),8.3,,26.0,21.807316,21.807316,,74.613754,4.312325,-0.00093982706,-0.33662373,218.04239,0.0,0.0,1.0
8.26,8.26,2.10701,1.00469056e+06,30.0,0.0,9.527575,0.0,1.0644463,0.0,1.0213802,0.0,74.61018,2.0,,21.806643,,21.806643,21.806643,,12.711612,,0.056356613,386.94028,1.0,0.0,0.0,2001.0,8.26,,26.0,,,,Master only (1),8.3,,26.0,21.807316,21.807316,,74.61018,4.312277,-0.00093982706,-0.33662373,218.04239,0.0,0.0,1.0
8.27,8.27,2.10701,1.00469056e+06,30.0,0.0,9.527431,0.0,1.0644941,0.0,1.021375,0.0,74.606544,2.0,,21.805956,,21.805956,21.805956,,12.711391,,0.05635759,386.9214,1.0,0.0,0.0,2001.0,8.27,,26.0,,,,Master only (1),8.3,,26.0,21.807316,21.807316,,74.606544,4.312228,-0.00093982706,-0.33662373,218.04239,0.0,0.0,1.0
8.28,8.28,2.10701,1.00469056e+06,30.0,0.0,9.527277,0.0,1.0645416,0.0,1.0213693,0.0,74.60266,2.0,,21.805223,,21.805223,21.805223,,12.711157,,0.056358628,386.90125,1.0,0.0,0.0,2001.0,8.28,,26.0,,,,Master only (1),8.3,,26.0,21.807316,21.807316,,74.60266,4.312176,-0.00093982706,-0.33662373,218.04239,0.0,0.0,1.0
8.29,8.29,2.10701,1.00469056e+06,30.0,0.0,9.527133,0.0,1.0645893,0.0,1.0213641,0.0,74.59902,2.0,,21.804537,,21.804537,21.804537,,12.710937,,0.056359604,386.88235,1.0,0.0,0.0,2001.0,8.29,,26.0,,,,Master only (1),8.3,,26.0,21.807316,21.807316,,74.59902,4.3121276,-0.00093982706,-0.33662373,218.04239,0.0,0.0,1.0
8.3,8.3,2.10701,1.00469056e+06,30.0,0.0,9.526996,0.0,1.0646373,0.0,1.0213591,0.0,74.59555,2.0,,21.803883,,21.803883,21.803883,,12.710727,,0.056360535,386.86435,1.0,0.0,0.0,2001.0,8.3,,26.0,5.2976537,3.988062,3.583519,Matched (3),8.3,,26.0,21.807316,21.807316,,74.59555,4.312081,-0.00093982706,-0.33662373,218.04239,0.0,0.0,1.0
8.31,8.31,2.10701,1.00469056e+06,30.0,0.0,9.526862,0.0,1.0646855,0.0,1.0213542,0.0,74.59217,2.0,,21.803246,,21.803246,21.803246,,12.710523,,0.05636144,386.84683,1.0,0.0,0.0,2001.0,8.31,,26.0,,,,Master only (1),8.3,,26.0,21.807316,21.807316,,74.59217,4.3120356,-0.00093982706,-0.33662373,218.04239,0.0,0.0,1.0
8.32,8.32,2.10701,1.00469056e+06,30.0,0.0,9.526705,0.0,1.0647327,0.0,1.0213485,0.0,74.588196,2.0,,21.802494,,21.802494,21.802494,,12.710282,,0.056362506,386.8262,1.0,0.0,0.0,2001.0,8.32,,26.0,,,,Master only (1),8.3,,26.0,21.807316,21.807316,,74.588196,4.311982,-0.00093982706,-0.33662373,218.04239,0.0,0.0,1.0
8.33,8.33,2.10701,1.00469056e+06,30.0,0.0,9.526577,0.0,1.0647811,0.0,1.0213438,0.0,74.58496,2.0,,21.801886,,21.801886,21.801886,,12.710087,,0.056363374,386.80945,1.0,0.0,0.0,2001.0,8.33,,26.0,,,,Master only (1),8.3,,26.0,21.807316,21.807316,,74.58496,4.311939,-0.00093982706,-0.33662373,218.04239,0.0,0.0,1.0
8.34,8.34,2.10701,1.00469056e+06,30.0,0.0,9.526433,0.0,1.0648289,0.0,1.0213386,0.0,74.58132,2.0,,21.801199,,21.801199,21.801199,,12.709867,,0.05636435,386.79056,1.0,0.0,0.0,2001.0,8.34,,26.0,,,,Master only (1),8.3,,26.0,21.807316,21.807316,,74.58132,4.31189,-0.00093982706,-0.33662373,218.04239,0.0,0.0,1.0
8.35,8.35,2.10701,1.00469056e+06,30.0,0.0,11.263813,0.0,1.1272968,0.0,1.0812011,0.0,128.10571,2.0,,30.906765,,30.906765,30.906765,,15.399487,,0.04651995,664.3766,1.0,0.0,0.0,2001.0,8.35,,38.0,,,,Master only (1),8.4,,38.0,30.906765,30.906765,,128.10571,4.8528557,0.19973089,0.20390694,339.94138,0.0,0.0,1.0
8.36,8.36,2.10701,1.00469056e+06,30.0,0.0,11.263718,0.0,1.1273499,0.0,1.081198,0.0,128.1022,2.0,,30.90622,,30.90622,30.90622,,15.399337,,0.046520405,664.35834,1.0,0.0,0.0,2001.0,8.36,,38.0,5.415677,3.946348,3.7841897,Matched (3),8.4,,38.0,30.906765,30.906765,,128.1022,4.8528285,0.19973089,0.20390694,339.94138,0.0,0.0,1.0
8.37,8.37,2.10701,1.00469056e+06,30.0,0.0,11.263604,0.0,1.1274024,0.0,1.0811943,0.0,128.09804,2.0,,30.905571,,30.905571,30.905571,,15.399159,,0.04652094,664.33673,1.0,0.0,0.0,2001.0,8.37,,38.0,,,,Master only (1),8.4,,38.0,30.906765,30.906765,,128.09804,4.852796,0.19973089,0.20390694,339.94138,0.0,0.0,1.0
8.38,8.38,2.10701,1.00469056e+06,30.0,0.0,11.263498,0.0,1.1274552,0.0,1.0811908,0.0,128.09415,2.0,,30.904964,,30.904964,30.904964,,15.3989935,,0.04652144,664.3166,1.0,0.0,0.0,2001.0,8.38,,38.0,,,,Master only (1),8.4,,38.0,30.906765,30.906765,,128.09415,4.8527656,0.19973089,0.20390694,339.94138,0.0,0.0,1.0
8.39,8.39,2.10701,1.00469056e+06,30.0,0.0,11.263389,0.0,1.1275078,0.0,1.0811872,0.0,128.09012,2.0,,30.904339,,30.904339,30.904339,,15.398822,,0.046521958,664.2958,1.0,0.0,0.0,2001.0,8.39,,38.0,4.999951,4.7211,3.3322046,Matched (3),8.4,,38.0,30.906765,30.906765,,128.09012,4.852734,0.19973089,0.20390694,339.94138,0.0,0.0,1.0
8.4,8.4,2.10701,1.00469056e+06,30.0,0.0,11.26329,0.0,1.1275609,0.0,1.081184,0.0,128.08652,2.0,,30.903776,,30.903776,30.903776,,15.398667,,0.046522427,664.277,1.0,0.0,0.0,2001.0,8.4,,38.0,,,,Master only (1),8.4,,38.0,30.906765,30.906765,,128.08652,4.852706,0.19973089,0.20390694,339.94138,0.0,0.0,1.0
8.41,8.41,2.10701,1.00469056e+06,30.0,0.0,11.263177,0.0,1.1276134,0.0,1.0811803,0.0,128.08235,2.0,,30.903128,,30.903128,30.903128,,15.39849,,0.046522964,664.2554,1.0,0.0,0.0,2001.0,8.41,,38.0,,,,Master only (1),8.4,,38.0,30.906765,30.906765,,128.08235,4.8526735,0.19973089,0.20390694,339.94138,0.0,0.0,1.0
8.42,8.42,2.10701,1.00469056e+06,30.0,0.0,11.263075,0.0,1.1276662,0.0,1.081177,0.0,128.0786,2.0,,30.902544,,30.902544,30.902544,,15.39833,,0.046523444,664.23596,1.0,0.0,0.0,2001.0,8.42,,38.0,,,,Master only (1),8.4,,38.0,30.906765,30.906765,,128.0786,4.852644,0.19973089,0.20390694,339.94138,0.0,0.0,1.0
8.43,8.43,2.10701,1.00469056e+06,30.0,0.0,11.262977,0.0,1.1277193,0.0,1.0811738,0.0,128.075,2.0,,30.901983,,30.901983,30.901983,,15.398176,,0.04652391,664.2172,1.0,0.0,0.0,2001.0,8.43,,38.0,,,,Master only (1),8.4,,38.0,30.906765,30.906765,,128.075,4.852616,0.19973089,0.20390694,339.94138,0.0,0.0,1.0
8.44,8.44,2.10701,1.00469056e+06,30.0,0.0,11.262859,0.0,1.1277717,0.0,1.08117,0.0,128.0707,2.0,,30.901312,,30.901312,30.901312,,15.397992,,0.046524465,664.1949,1.0,0.0,0.0,2001.0,8.44,,38.0,,,,Master only (1),8.4,,38.0,30.906765,30.906765,,128.0707,4.8525825,0.19973089,0.20390694,339.94138,0.0,0.0,1.0
8.45,8.45,2.10701,1.00469056e+06,30.0,0.0,11.262764,0.0,1.1278249,0.0,1.0811669,0.0,128.06718,2.0,,30.900768,,30.900768,30.900768,,15.397843,,0.046524916,664.17676,1.0,0.0,0.0,2001.0,8.45,,38.0,5.415677,3.946348,3.7841897,Matched (3),8.4,,38.0,30.906765,30.906765,,128.06718,4.852555,0.19973089,0.20390694,339.94138,0.0,0.0,1.0
8.46,8.46,2.10701,1.00469056e+06,30.0,0.0,0.0,0.0,0.0,0.0,0.0,0.0,0.0,3.0,,32.304688,,,,,,,,,0.0,0.0,0.0,0.0,8.46,,,,,,Master only (1),8.5,,,,,,0.0,,,,0.0,0.0,,0.0
8.47,8.47,2.10701,1.00469056e+06,30.0,0.0,0.0,0.0,0.0,0.0,0.0,0.0,0.0,3.0,,32.294796,,,,,,,,,0.0,0.0,0.0,0.0,8.47,,,,,,Master only (1),8.5,,,,,,0.0,,,,0.0,0.0,,0.0
8.48,8.48,2.10701,1.00469056e+06,30.0,0.0,0.0,0.0,0.0,0.0,0.0,0.0,0.0,3.0,,32.284904,,,,,,,,,0.0,0.0,0.0,0.0,8.48,,,,,,Master only (1),8.5,,,,,,0.0,,,,0.0,0.0,,0.0
8.49,8.49,2.10701,1.00469056e+06,30.0,0.0,0.0,0.0,0.0,0.0,0.0,0.0,0.0,3.0,,32.275013,,,,,,,,,0.0,0.0,0.0,0.0,8.49,,,,,,Master only (1),8.5,,,,,,0.0,,,,0.0,0.0,,0.0
8.5,8.5,2.10701,1.00469056e+06,30.0,0.0,0.0,0.0,0.0,0.0,0.0,0.0,0.0,3.0,,32.26513,,,,,,,,,0.0,0.0,0.0,0.0,8.5,,,,,,Master only (1),8.5,,,,,,0.0,,,,0.0,0.0,,0.0
8.51,8.51,2.10701,1.00469056e+06,30.0,0.0,0.0,0.0,0.0,0.0,0.0,0.0,0.0,3.0,,32.25524,,,,,,,,,0.0,0.0,0.0,0.0,8.51,,,,,,Master only (1),8.5,,,,,,0.0,,,,0.0,0.0,,0.0
8.52,8.52,2.10701,1.00469056e+06,30.0,0.0,0.0,0.0,0.0,0.0,0.0,0.0,0.0,3.0,,32.24536,,,,,,,,,0.0,0.0,0.0,0.0,8.52,,,,,,Master only (1),8.5,,,,,,0.0,,,,0.0,0.0,,0.0
8.53,8.53,2.10701,1.00469056e+06,30.0,0.0,0.0,0.0,0.0,0.0,0.0,0.0,0.0,3.0,,32.235485,,,,,,,,,0.0,0.0,0.0,0.0,8.53,,,,,,Master only (1),8.5,,,,,,0.0,,,,0.0,0.0,,0.0
8.54,8.54,2.10701,1.00469056e+06,30.0,0.0,0.0,0.0,0.0,0.0,0.0,0.0,0.0,3.0,,32.22561,,,,,,,,,0.0,0.0,0.0,0.0,8.54,,,,,,Master only (1),8.5,,,,,,0.0,,,,0.0,0.0,,0.0
8.55,8.55,2.10701,1.00469056e+06,30.0,0.0,10.135448,0.0,1.0886446,0.0,1.0430858,0.0,91.1036,2.0,,24.805525,,24.805525,24.805525,,13.645153,,0.05250094,472.47772,1.0,0.0,0.0,2001.0,8.55,,30.0,4.9280086,4.5906353,3.3322046,Matched (3),8.6,,30.0,24.805525,24.805525,,91.1036,4.511997,-0.25225422,-0.13695152,272.82596,0.0,0.0,1.0
8.56,8.56,2.10701,1.00469056e+06,30.0,0.0,10.135323,0.0,1.0886945,0.0,1.0430814,0.0,91.099945,2.0,,24.804882,,24.804882,24.804882,,13.6449585,,0.05250169,472.45874,1.0,0.0,0.0,2001.0,8.56,,30.0,,,,Master only (1),8.6,,30.0,24.805525,24.805525,,91.099945,4.511957,-0.25225422,-0.13695152,272.82596,0.0,0.0,1.0
8.57,8.57,2.10701,1.00469056e+06,30.0,0.0,10.135203,0.0,1.0887445,0.0,1.0430772,0.0,91.09648,2.0,,24.804274,,24.804274,24.804274,,13.644774,,0.052502397,472.44077,1.0,0.0,0.0,2001.0,8.57,,30.0,4.942239,4.539654,3.3322046,Matched (3),8.6,,30.0,24.805525,24.805525,,91.09648,4.511919,-0.25225422,-0.13695152,272.82596,0.0,0.0,1.0
8.58,8.58,2.10701,1.00469056e+06,30.0,0.0,10.135074,0.0,1.0887942,0.0,1.0430727,0.0,91.09272,2.0,,24.803614,,24.803614,24.803614,,13.644575,,0.052503165,472.4213,1.0,0.0,0.0,2001.0,8.58,,30.0,,,,Master only (1),8.6,,30.0,24.805525,24.805525,,91.09272,4.511878,-0.25225422,-0.13695152,272.82596,0.0,0.0,1.0
8.59,8.59,2.10701,1.00469056e+06,30.0,0.0,10.134954,0.0,1.0888443,0.0,1.0430685,0.0,91.08926,2.0,,24.803005,,24.803005,24.803005,,13.644391,,0.052503873,472.40335,1.0,0.0,0.0,2001.0,8.59,,30.0,,,,Master only (1),8.6,,30.0,24.805525,24.805525,,91.08926,4.51184,-0.25225422,-0.13695152,272.82596,0.0,0.0,1.0
8.6,8.6,2.10701,1.00469056e+06,30.0,0.0,10.134825,0.0,1.088894,0.0,1.043064,0.0,91.085495,2.0,,24.802343,,24.802343,24.802343,,13.644191,,0.052504644,472.3838,1.0,0.0,0.0,2001.0,8.6,,30.0,,,,Master only (1),8.6,,30.0,24.805525,24.805525,,91.085495,4.5117984,-0.25225422,-0.13695152,272.82596,0.0,0.0,1.0
8.61,8.61,2.10701,1.00469056e+06,30.0,0.0,10.134699,0.0,1.0889438,0.0,1.0430596,0.0,91.08184,2.0,,24.801702,,24.801702,24.801702,,13.643996,,0.052505393,472.36487,1.0,0.0,0.0,2001.0,8.61,,30.0,4.942239,4.539654,3.3322046,Matched (3),8.6,,30.0,24.805525,24.805525,,91.08184,4.5117583,-0.25225422,-0.13695152,272.82596,0.0,0.0,1.0
8.62,8.62,2.10701,1.00469056e+06,30.0,0.0,10.134583,0.0,1.0889941,0.0,1.0430555,0.0,91.07849,2.0,,24.801113,,24.801113,24.801113,,13.643819,,0.052506074,472.3475,1.0,0.0,0.0,2001.0,8.62,,30.0,,,,Master only (1),8.6,,30.0,24.805525,24.805525,,91.07849,4.5117216,-0.25225422,-0.13695152,272.82596,0.0,0.0,1.0
8.63,8.63,2.10701,1.00469056e+06,30.0,0.0,10.134464,0.0,1.0890442,0.0,1.0430514,0.0,91.075035,2.0,,24.800507,,24.800507,24.800507,,13.643635,,0.052506782,472.3296,1.0,0.0,0.0,2001.0,8.63,,30.0,,,,Master only (1),8.6,,30.0,24.805525,24.805525,,91.075035,4.511684,-0.25225422,-0.13695152,272.82596,0.0,0.0,1.0
8.64,8.64,2.10701,1.00469056e+06,30.0,0.0,10.134328,0.0,1.0890937,0.0,1.0430466,0.0,91.071075,2.0,,24.79981,,24.79981,24.79981,,13.643424,,0.052507594,472.30902,1.0,0.0,0.0,2001.0,8.64,,30.0,,,,Master only (1),8.6,,30.0,24.805525,24.805525,,91.071075,4.51164,-0.25225422,-0.13695152,272.82596,0.0,0.0,1.0
8.65,8.65,2.10701,1.00469056e+06,30.0,0.0,10.134202,0.0,1.0891435,0.0,1.0430422,0.0,91.06742,2.0,,24.79917,,24.79917,24.79917,,13.64323,,0.05250834,472.2901,1.0,0.0,0.0,2001.0,8.65,,30.0,,,,Master only (1),8.6,,30.0,24.805525,24.805525,,91.06742,4.5116,-0.25225422,-0.13695152,272.82596,0.0,0.0,1.0
8.66,8.66,2.10701,1.00469056e+06,30.0,0.0,8.868758,0.0,1.0409065,0.0,0.99679714,0.0,59.198124,2.0,,18.78263,,18.78263,18.78263,,11.70962,,0.06117904,307.01086,1.0,0.0,0.0,2001.0,8.66,,22.0,5.2238016,4.8519053,3.583519,Matched (3),8.7,,22.0,18.78263,18.78263,,59.198124,4.0808897,-0.00093982706,-0.568059,169.0172,0.0,0.0,1.0
8.67,8.67,2.10701,1.00469056e+06,30.0,0.0,8.868584,0.0,1.0409516,0.0,0.99679047,0.0,59.194363,2.0,,18.78186,,18.78186,18.78186,,11.709356,,0.061180424,306.99133,1.0,0.0,0.0,2001.0,8.67,,22.0,,,,Master only (1),8.7,,22.0,18.78263,18.78263,,59.194363,4.0808263,-0.00093982706,-0.568059,169.0172,0.0,0.0,1.0
8.68,8.68,2.10701,1.00469056e+06,30.0,0.0,8.868417,0.0,1.040997,0.0,0.9967841,0.0,59.190765,2.0,,18.781124,,18.781124,18.781124,,11.709104,,0.061181743,306.9727,1.0,0.0,0.0,2001.0,8.68,,22.0,,,,Master only (1),8.7,,22.0,18.78263,18.78263,,59.190765,4.0807657,-0.00093982706,-0.568059,169.0172,0.0,0.0,1.0
8.69,8.69,2.10701,1.00469056e+06,30.0,0.0,8.868252,0.0,1.0410424,0.0,0.9967778,0.0,59.18721,2.0,,18.780396,,18.780396,18.780396,,11.708855,,0.061183043,306.95425,1.0,0.0,0.0,2001.0,8.69,,22.0,,,,Master only (1),8.7,,22.0,18.78263,18.78263,,59.18721,4.0807056,-0.00093982706,-0.568059,169.0172,0.0,0.0,1.0
8.7,8.7,2.10701,1.00469056e+06,30.0,0.0,8.8680935,0.0,1.0410882,0.0,0.99677175,0.0,59.183796,2.0,,18.779697,,18.779697,18.779697,,11.708614,,0.0611843,306.93655,1.0,0.0,0.0,2001.0,8.7,,22.0,,,,Master only (1),8.7,,22.0,18.78263,18.78263,,59.183796,4.080648,-0.00093982706,-0.568059,169.0172,0.0,0.0,1.0
8.71,8.71,2.10701,1.00469056e+06,30.0,0.0,8.867933,0.0,1.0411339,0.0,0.9967656,0.0,59.180344,2.0,,18.778992,,18.778992,18.778992,,11.708372,,0.061185565,306.91867,1.0,0.0,0.0,2001.0,8.71,,22.0,,,,Master only (1),8.7,,22.0,18.78263,18.78263,,59.180344,4.0805893,-0.00093982706,-0.568059,169.0172,0.0,0.0,1.0
8.72,8.72,2.10701,1.00469056e+06,30.0,0.0,8.867762,0.0,1.0411791,0.0,0.99675906,0.0,59.176647,2.0,,18.778234,,18.778234,18.778234,,11.708113,,0.06118692,306.89948,1.0,0.0,0.0,2001.0,8.72,,22.0,,,,Master only (1),8.7,,22.0,18.78263,18.78263,,59.176647,4.080527,-0.00093982706,-0.568059,169.0172,0.0,0.0,1.0
8.73,8.73,2.10701,1.00469056e+06,30.0,0.0,8.867595,0.0,1.0412245,0.0,0.9967527,0.0,59.17305,2.0,,18.777498,,18.777498,18.777498,,11.70786,,0.06118824,306.88083,1.0,0.0,0.0,2001.0,8.73,,22.0,5.2238016,4.8519053,3.583519,Matched (3),8.7,,22.0,18.78263,18.78263,,59.17305,4.0804663,-0.00093982706,-0.568059,169.0172,0.0,0.0,1.0
8.74,8.74,2.10701,1.00469056e+06,30.0,0.0,8.867428,0.0,1.0412699,0.0,0.9967463,0.0,59.169453,2.0,,18.776762,,18.776762,18.776762,,11.707607,,0.061189562,306.86218,1.0,0.0,0.0,2001.0,8.74,,22.0,5.2238016,4.8519053,3.583519,Matched (3),8.7,,22.0,18.78263,18.78263,,59.169453,4.080405,-0.00093982706,-0.568059,169.0172,0.0,0.0,1.0
8.75,8.75,2.10701,1.00469056e+06,30.0,0.0,8.164326,0.0,1.0124806,0.0,0.9691396,0.0,45.315174,2.0,,15.807975,,15.807975,15.807975,,10.650223,,0.06726464,235.01167,1.0,0.0,0.0,2001.0,8.75,,18.0,,,,Master only (1),8.8,,18.0,15.807975,15.807975,,45.315174,3.813642,0.104420684,-0.8353067,158.04451,0.0,0.0,1.0
8.76,8.76,2.10701,1.00469056e+06,30.0,0.0,8.164132,0.0,1.012523,0.0,0.96913177,0.0,45.311703,2.0,,15.807194,,15.807194,15.807194,,10.649934,,0.067266464,234.99368,1.0,0.0,0.0,2001.0,8.76,,18.0,,,,Master only (1),8.8,,18.0,15.807975,15.807975,,45.311703,3.8135653,0.104420684,-0.8353067,158.04451,0.0,0.0,1.0
8.77,8.77,2.10701,1.00469056e+06,30.0,0.0,8.163934,0.0,1.0125654,0.0,0.9691238,0.0,45.308147,2.0,,15.806394,,15.806394,15.806394,,10.649637,,0.067268334,234.97525,1.0,0.0,0.0,2001.0,8.77,,18.0,,,,Master only (1),8.8,,18.0,15.807975,15.807975,,45.308147,3.8134868,0.104420684,-0.8353067,158.04451,0.0,0.0,1.0
8.78,8.78,2.10701,1.00469056e+06,30.0,0.0,8.163747,0.0,1.012608,0.0,0.9691162,0.0,45.3048,2.0,,15.805639,,15.805639,15.805639,,10.649358,,0.0672701,234.95787,1.0,0.0,0.0,2001.0,8.78,,18.0,,,,Master only (1),8.8,,18.0,15.807975,15.807975,,45.3048,3.813413,0.104420684,-0.8353067,158.04451,0.0,0.0,1.0
8.79,8.79,2.10701,1.00469056e+06,30.0,0.0,8.163548,0.0,1.0126504,0.0,0.9691082,0.0,45.301243,2.0,,15.804839,,15.804839,15.804839,,10.649061,,0.06727197,234.93944,1.0,0.0,0.0,2001.0,8.79,,18.0,5.25172,4.731931,3.6888795,Matched (3),8.8,,18.0,15.807975,15.807975,,45.301243,3.8133345,0.104420684,-0.8353067,158.04451,0.0,0.0,1.0
8.8,8.8,2.10701,1.00469056e+06,30.0,0.0,8.163352,0.0,1.0126927,0.0,0.9691003,0.0,45.297726,2.0,,15.804047,,15.804047,15.804047,,10.648767,,0.067273825,234.92119,1.0,0.0,0.0,2001.0,8.8,,18.0,,,,Master only (1),8.8,,18.0,15.807975,15.807975,,45.297726,3.8132567,0.104420684,-0.8353067,158.04451,0.0,0.0,1.0
8.81,8.81,2.10701,1.00469056e+06,30.0,0.0,8.163155,0.0,1.012735,0.0,0.9690923,0.0,45.294186,2.0,,15.803251,,15.803251,15.803251,,10.648473,,0.06727569,234.90286,1.0,0.0,0.0,2001.0,8.81,,18.0,5.25172,4.731931,3.6888795,Matched (3),8.8,,18.0,15.807975,15.807975,,45.294186,3.8131788,0.104420684,-0.8353067,158.04451,0.0,0.0,1.0
8.82,8.82,2.10701,1.00469056e+06,30.0,0.0,8.162969,0.0,1.0127778,0.0,0.9690848,0.0,45.290855,2.0,,15.802501,,15.802501,15.802501,,10.648194,,0.067277454,234.88553,1.0,0.0,0.0,2001.0,8.82,,18.0,,,,Master only (1),8.8,,18.0,15.807975,15.807975,,45.290855,3.813105,0.104420684,-0.8353067,158.04451,0.0,0.0,1.0
8.83,8.83,2.10701,1.00469056e+06,30.0,0.0,8.162778,0.0,1.0128204,0.0,0.9690771,0.0,45.287437,2.0,,15.801731,,15.801731,15.801731,,10.64791,,0.06727925,234.86783,1.0,0.0,0.0,2001.0,8.83,,18.0,,,,Master only (1),8.8,,18.0,15.807975,15.807975,,45.287437,3.8130298,0.104420684,-0.8353067,158.04451,0.0,0.0,1.0
8.84,8.84,2.10701,1.00469056e+06,30.0,0.0,8.162582,0.0,1.0128628,0.0,0.96906924,0.0,45.283936,2.0,,15.800943,,15.800943,15.800943,,10.647617,,0.0672811,234.84967,1.0,0.0,0.0,2001.0,8.84,,18.0,,,,Master only (1),8.8,,18.0,15.807975,15.807975,,45.283936,3.8129523,0.104420684,-0.8353067,158.04451,0.0,0.0,1.0
8.85,8.85,2.10701,1.00469056e+06,30.0,0.0,7.7884593,0.0,0.9968837,0.0,0.9537333,0.0,38.91765,2.0,,14.329563,,14.329563,14.329563,,10.09032,,0.0709971,201.83308,1.0,0.0,0.0,2001.0,8.85,,16.0,,,,Master only (1),8.9,,16.0,14.329563,14.329563,,38.91765,3.6614478,0.104420684,-0.98750097,157.58128,0.0,0.0,1.0
8.86,8.86,2.10701,1.00469056e+06,30.0,0.0,7.7882476,0.0,0.9969243,0.0,0.9537245,0.0,38.91423,2.0,,14.328752,,14.328752,14.328752,,10.090005,,0.07099931,201.81537,1.0,0.0,0.0,2001.0,8.86,,16.0,,,,Master only (1),8.9,,16.0,14.329563,14.329563,,38.91423,3.66136,0.104420684,-0.98750097,157.58128,0.0,0.0,1.0
8.87,8.87,2.10701,1.00469056e+06,30.0,0.0,7.78804,0.0,0.9969651,0.0,0.95371586,0.0,38.910885,2.0,,14.327957,,14.327957,14.327957,,10.089697,,0.07100148,201.79802,1.0,0.0,0.0,2001.0,8.87,,16.0,,,,Master only (1),8.9,,16.0,14.329563,14.329563,,38.910885,3.661274,0.104420684,-0.98750097,157.58128,0.0,0.0,1.0
8.88,8.88,2.10701,1.00469056e+06,30.0,0.0,7.7878366,0.0,0.9970061,0.0,0.9537074,0.0,38.9076,2.0,,14.327176,,14.327176,14.327176,,10.089395,,0.0710036,201.78098,1.0,0.0,0.0,2001.0,8.88,,16.0,5.25172,4.731931,3.6888795,Matched (3),8.9,,16.0,14.329563,14.329563,,38.9076,3.6611896,0.104420684,-0.98750097,157.58128,0.0,0.0,1.0
8.89,8.89,2.10701,1.00469056e+06,30.0,0.0,7.787622,0.0,0.99704665,0.0,0.95369846,0.0,38.90414,2.0,,14.326354,,14.326354,14.326354,,10.089076,,0.07100584,201.76303,1.0,0.0,0.0,2001.0,8.89,,16.0,,,,Master only (1),8.9,,16.0,14.329563,14.329563,,38.90414,3.6611006,0.104420684,-0.98750097,157.58128,0.0,0.0,1.0
8.9,8.9,2.10701,1.00469056e+06,30.0,0.0,7.787416,0.0,0.9970875,0.0,0.9536899,0.0,38.900814,2.0,,14.325564,,14.325564,14.325564,,10.088771,,0.07100799,201.7458,1.0,0.0,0.0,2001.0,8.9,,16.0,,,,Master only (1),8.9,,16.0,14.329563,14.329563,,38.900814,3.6610153,0.104420684,-0.98750097,157.58128,0.0,0.0,1.0
8.91,8.91,2.10701,1.00469056e+06,30.0,0.0,7.787211,0.0,0.9971284,0.0,0.95368135,0.0,38.897507,2.0,,14.324779,,14.324779,14.324779,,10.088467,,0.071010135,201.72865,1.0,0.0,0.0,2001.0,8.91,,16.0,,,,Master only (1),8.9,,16.0,14.329563,14.329563,,38.897507,3.6609302,0.104420684,-0.98750097,157.58128,0.0,0.0,1.0
8.92,8.92,2.10701,1.00469056e+06,30.0,0.0,7.786998,0.0,0.997169,0.0,0.95367247,0.0,38.89407,2.0,,14.323962,,14.323962,14.323962,,10.08815,,0.07101236,201.71083,1.0,0.0,0.0,2001.0,8.92,,16.0,,,,Master only (1),8.9,,16.0,14.329563,14.329563,,38.89407,3.6608417,0.104420684,-0.98750097,157.58128,0.0,0.0,1.0
8.93,8.93,2.10701,1.00469056e+06,30.0,0.0,7.786793,0.0,0.99720997,0.0,0.95366395,0.0,38.89077,2.0,,14.323178,,14.323178,14.323178,,10.087846,,0.0710145,201.69371,1.0,0.0,0.0,2001.0,8.93,,16.0,,,,Master only (1),8.9,,16.0,14.329563,14.329563,,38.89077,3.660757,0.104420684,-0.98750097,157.58128,0.0,0.0,1.0
8.94,8.94,2.10701,1.00469056e+06,30.0,0.0,7.78659,0.0,0.997251,0.0,0.9536555,0.0,38.887497,2.0,,14.3224,,14.3224,14.3224,,10.087544,,0.071016625,201.67673,1.0,0.0,0.0,2001.0,8.94,,16.0,,,,Master only (1),8.9,,16.0,14.329563,14.329563,,38.887497,3.6606727,0.104420684,-0.98750097,157.58128,0.0,0.0,1.0
8.95,8.95,2.10701,1.00469056e+06,30.0,0.0,7.7863793,0.0,0.9972917,0.0,0.9536467,0.0,38.884098,2.0,,14.321592,,14.321592,14.321592,,10.087232,,0.07101883,201.65909,1.0,0.0,0.0,2001.0,8.95,,16.0,,,,Master only (1),8.9,,16.0,14.329563,14.329563,,38.884098,3.6605854,0.104420684,-0.98750097,157.58128,0.0,0.0,1.0
8.96,8.96,2.10701,1.00469056e+06,30.0,0.0,0.0,0.0,0.0,0.0,0.0,0.0,0.0,3.0,,31.813595,,,,,,,,,0.0,0.0,0.0,0.0,8.96,,,,,,Master only (1),9.0,,,,,,0.0,,,,0.0,0.0,,0.0
8.97,8.97,2.10701,1.00469056e+06,30.0,0.0,0.0,0.0,0.0,0.0,0.0,0.0,0.0,3.0,,31.80385,,,,,,,,,0.0,0.0,0.0,0.0,8.97,,,,,,Master only (1),9.0,,,,,,0.0,,,,0.0,0.0,,0.0
8.98,8.98,2.10701,1.00469056e+06,30.0,0.0,0.0,0.0,0.0,0.0,0.0,0.0,0.0,3.0,,31.79411,,,,,,,,,0.0,0.0,0.0,0.0,8.98,,,,,,Master only (1),9.0,,,,,,0.0,,,,0.0,0.0,,0.0
8.99,8.99,2.10701,1.00469056e+06,30.0,0.0,0.0,0.0,0.0,0.0,0.0,0.0,0.0,3.0,,31.784369,,,,,,,,,0.0,0.0,0.0,0.0,8.99,,,,,,Master only (1),9.0,,,,,,0.0,,,,0.0,0.0,,0.0
9.0,9.0,2.10701,1.00469056e+06,30.0,0.0,0.0,0.0,0.0,0.0,0.0,0.0,0.0,3.0,,31.77463,,,,,,,,,0.0,0.0,0.0,0.0,9.0,,,,,,Master only (1),9.0,,,,,,0.0,,,,0.0,0.0,,0.0
9.01,9.01,2.10701,1.00469056e+06,30.0,0.0,0.0,0.0,0.0,0.0,0.0,0.0,0.0,3.0,,31.764896,,,,,,,,,0.0,0.0,0.0,0.0,9.01,,,,,,Master only (1),9.0,,,,,,0.0,,,,0.0,0.0,,0.0
9.02,9.02,2.10701,1.00469056e+06,30.0,0.0,0.0,0.0,0.0,0.0,0.0,0.0,0.0,3.0,,31.755167,,,,,,,,,0.0,0.0,0.0,0.0,9.02,,,,,,Master only (1),9.0,,,,,,0.0,,,,0.0,0.0,,0.0
9.03,9.03,2.10701,1.00469056e+06,30.0,0.0,0.0,0.0,0.0,0.0,0.0,0.0,0.0,3.0,,31.745451,,,,,,,,,0.0,0.0,0.0,0.0,9.03,,,,,,Master only (1),9.0,,,,,,0.0,,,,0.0,0.0,,0.0
9.04,9.04,2.10701,1.00469056e+06,30.0,0.0,0.0,0.0,0.0,0.0,0.0,0.0,0.0,3.0,,31.735723,,,,,,,,,0.0,0.0,0.0,0.0,9.04,,,,,,Master only (1),9.0,,,,,,0.0,,,,0.0,0.0,,0.0
9.05,9.05,2.10701,1.00469056e+06,30.0,0.0,0.0,0.0,0.0,0.0,0.0,0.0,0.0,3.0,,31.725998,,,,,,,,,0.0,0.0,0.0,0.0,9.05,,,,,,Master only (1),9.1,,,,,,0.0,,,,0.0,0.0,,0.0
9.06,9.06,2.10701,1.00469056e+06,30.0,0.0,0.0,0.0,0.0,0.0,0.0,0.0,0.0,3.0,,31.716274,,,,,,,,,0.0,0.0,0.0,0.0,9.06,,,,,,Master only (1),9.1,,,,,,0.0,,,,0.0,0.0,,0.0
9.07,9.07,2.10701,1.00469056e+06,30.0,0.0,0.0,0.0,0.0,0.0,0.0,0.0,0.0,3.0,,31.70657,,,,,,,,,0.0,0.0,0.0,0.0,9.07,,,,,,Master only (1),9.1,,,,,,0.0,,,,0.0,0.0,,0.0
9.08,9.08,2.10701,1.00469056e+06,30.0,0.0,0.0,0.0,0.0,0.0,0.0,0.0,0.0,3.0,,31.69685,,,,,,,,,0.0,0.0,0.0,0.0,9.08,,,,,,Master only (1),9.1,,,,,,0.0,,,,0.0,0.0,,0.0
9.09,9.09,2.10701,1.00469056e+06,30.0,0.0,0.0,0.0,0.0,0.0,0.0,0.0,0.0,3.0,,31.687136,,,,,,,,,0.0,0.0,0.0,0.0,9.09,,,,,,Master only (1),9.1,,,,,,0.0,,,,0.0,0.0,,0.0
9.1,9.1,2.10701,1.00469056e+06,30.0,0.0,0.0,0.0,0.0,0.0,0.0,0.0,0.0,3.0,,31.677437,,,,,,,,,0.0,0.0,0.0,0.0,9.1,,,,,,Master only (1),9.1,,,,,,0.0,,,,0.0,0.0,,0.0
9.11,9.11,2.10701,1.00469056e+06,30.0,0.0,0.0,0.0,0.0,0.0,0.0,0.0,0.0,3.0,,31.667727,,,,,,,,,0.0,0.0,0.0,0.0,9.11,,,,,,Master only (1),9.1,,,,,,0.0,,,,0.0,0.0,,0.0
9.12,9.12,2.10701,1.00469056e+06,30.0,0.0,0.0,0.0,0.0,0.0,0.0,0.0,0.0,3.0,,31.658035,,,,,,,,,0.0,0.0,0.0,0.0,9.12,,,,,,Master only (1),9.1,,,,,,0.0,,,,0.0,0.0,,0.0
9.13,9.13,2.10701,1.00469056e+06,30.0,0.0,0.0,0.0,0.0,0.0,0.0,0.0,0.0,3.0,,31.648329,,,,,,,,,0.0,0.0,0.0,0.0,9.13,,,,,,Master only (1),9.1,,,,,,0.0,,,,0.0,0.0,,0.0
9.14,9.14,2.10701,1.00469056e+06,30.0,0.0,0.0,0.0,0.0,0.0,0.0,0.0,0.0,3.0,,31.638641,,,,,,,,,0.0,0.0,0.0,0.0,9.14,,,,,,Master only (1),9.1,,,,,,0.0,,,,0.0,0.0,,0.0
9.15,9.15,2.10701,1.00469056e+06,30.0,0.0,0.0,0.0,0.0,0.0,0.0,0.0,0.0,3.0,,31.628954,,,,,,,,,0.0,0.0,0.0,0.0,9.15,,,,,,Master only (1),9.1,,,,,,0.0,,,,0.0,0.0,,0.0
9.16,9.16,2.10701,1.00469056e+06,30.0,0.0,10.275594,0.0,1.0970805,0.0,1.0479674,0.0,95.23447,2.0,,25.525444,,25.525444,25.525444,,13.86156,,0.051681295,493.901,1.0,0.0,0.0,2001.0,9.16,,31.0,4.9888783,4.556497,3.4011974,Matched (3),9.2,,31.0,25.525444,25.525444,,95.23447,4.556342,-0.18326138,-0.09260661,229.70656,0.0,0.0,1.0
9.17,9.17,2.10701,1.00469056e+06,30.0,0.0,10.27548,0.0,1.0971311,0.0,1.0479635,0.0,95.231064,2.0,,25.524857,,25.524857,25.524857,,13.861384,,0.05168195,493.8834,1.0,0.0,0.0,2001.0,9.17,,31.0,,,,Master only (1),9.2,,31.0,25.525444,25.525444,,95.231064,4.5563064,-0.18326138,-0.09260661,229.70656,0.0,0.0,1.0
9.18,9.18,2.10701,1.00469056e+06,30.0,0.0,10.27535,0.0,1.0971813,0.0,1.047959,0.0,95.22716,2.0,,25.524181,,25.524181,25.524181,,13.861182,,0.051682703,493.86313,1.0,0.0,0.0,2001.0,9.18,,31.0,,,,Master only (1),9.2,,31.0,25.525444,25.525444,,95.22716,4.5562654,-0.18326138,-0.09260661,229.70656,0.0,0.0,1.0
9.19,9.19,2.10701,1.00469056e+06,30.0,0.0,10.275233,0.0,1.0972319,0.0,1.0479549,0.0,95.22367,2.0,,25.523579,,25.523579,25.523579,,13.861003,,0.05168337,493.8451,1.0,0.0,0.0,2001.0,9.19,,31.0,,,,Master only (1),9.2,,31.0,25.525444,25.525444,,95.22367,4.5562286,-0.18326138,-0.09260661,229.70656,0.0,0.0,1.0
9.2,9.2,2.10701,1.00469056e+06,30.0,0.0,10.27512,0.0,1.0972826,0.0,1.047951,0.0,95.220276,2.0,,25.522991,,25.522991,25.522991,,13.860827,,0.051684026,493.82745,1.0,0.0,0.0,2001.0,9.2,,31.0,,,,Master only (1),9.2,,31.0,25.525444,25.525444,,95.220276,4.556193,-0.18326138,-0.09260661,229.70656,0.0,0.0,1.0
9.21,9.21,2.10701,1.00469056e+06,30.0,0.0,10.274985,0.0,1.0973327,0.0,1.0479463,0.0,95.216255,2.0,,25.522297,,25.522297,25.522297,,13.86062,,0.0516848,493.8066,1.0,0.0,0.0,2001.0,9.21,,31.0,,,,Master only (1),9.2,,31.0,25.525444,25.525444,,95.216255,4.556151,-0.18326138,-0.09260661,229.70656,0.0,0.0,1.0
9.22,9.22,2.10701,1.00469056e+06,30.0,0.0,10.274858,0.0,1.0973829,0.0,1.0479419,0.0,95.212456,2.0,,25.521639,,25.521639,25.521639,,13.860423,,0.051685534,493.7869,1.0,0.0,0.0,2001.0,9.22,,31.0,,,,Master only (1),9.2,,31.0,25.525444,25.525444,,95.212456,4.556111,-0.18326138,-0.09260661,229.70656,0.0,0.0,1.0
9.23,9.23,2.10701,1.00469056e+06,30.0,0.0,10.2747555,0.0,1.097434,0.0,1.0479383,0.0,95.20937,2.0,,25.521107,,25.521107,25.521107,,13.860264,,0.051686127,493.77094,1.0,0.0,0.0,2001.0,9.23,,31.0,,,,Master only (1),9.2,,31.0,25.525444,25.525444,,95.20937,4.5560784,-0.18326138,-0.09260661,229.70656,0.0,0.0,1.0
9.24,9.24,2.10701,1.00469056e+06,30.0,0.0,10.2746315,0.0,1.0974845,0.0,1.047934,0.0,95.205666,2.0,,25.520466,,25.520466,25.520466,,13.860073,,0.05168684,493.75174,1.0,0.0,0.0,2001.0,9.24,,31.0,,,,Master only (1),9.2,,31.0,25.525444,25.525444,,95.205666,4.5560393,-0.18326138,-0.09260661,229.70656,0.0,0.0,1.0
9.25,9.25,2.10701,1.00469056e+06,30.0,0.0,11.778937,0.0,1.1497294,0.0,1.0977653,0.0,148.0066,2.0,,33.924488,,33.924488,33.924488,,16.209106,,0.044196352,767.5857,1.0,0.0,0.0,2001.0,9.25,,42.0,,,,Master only (1),9.3,,42.0,33.924488,33.924488,,148.0066,4.9972568,0.104420684,0.34830803,339.2224,0.0,0.0,1.0
9.26,9.26,2.10701,1.00469056e+06,30.0,0.0,11.778844,0.0,1.1497837,0.0,1.0977623,0.0,148.0028,2.0,,33.923927,,33.923927,33.923927,,16.20896,,0.04419675,767.5661,1.0,0.0,0.0,2001.0,9.26,,42.0,4.9888783,4.556497,3.4011974,Matched (3),9.3,,42.0,33.924488,33.924488,,148.0028,4.997231,0.104420684,0.34830803,339.2224,0.0,0.0,1.0
9.27,9.27,2.10701,1.00469056e+06,30.0,0.0,11.778772,0.0,1.1498388,0.0,1.0977601,0.0,147.99991,2.0,,33.923496,,33.923496,33.923496,,16.208847,,0.04419706,767.55096,1.0,0.0,0.0,2001.0,9.27,,42.0,,,,Master only (1),9.3,,42.0,33.924488,33.924488,,147.99991,4.9972115,0.104420684,0.34830803,339.2224,0.0,0.0,1.0
9.28,9.28,2.10701,1.00469056e+06,30.0,0.0,11.778689,0.0,1.1498936,0.0,1.0977575,0.0,147.99654,2.0,,33.923,,33.923,33.923,,16.208715,,0.044197418,767.5335,1.0,0.0,0.0,2001.0,9.28,,42.0,,,,Master only (1),9.3,,42.0,33.924488,33.924488,,147.99654,4.997189,0.104420684,0.34830803,339.2224,0.0,0.0,1.0
9.29,9.29,2.10701,1.00469056e+06,30.0,0.0,11.778606,0.0,1.1499484,0.0,1.0977548,0.0,147.99318,2.0,,33.9225,,33.9225,33.9225,,16.208586,,0.04419777,767.5161,1.0,0.0,0.0,2001.0,9.29,,42.0,,,,Master only (1),9.3,,42.0,33.924488,33.924488,,147.99318,4.997166,0.104420684,0.34830803,339.2224,0.0,0.0,1.0
9.3,9.3,2.10701,1.00469056e+06,30.0,0.0,11.778521,0.0,1.150003,0.0,1.0977521,0.0,147.9897,2.0,,33.921986,,33.921986,33.921986,,16.20845,,0.04419814,767.49805,1.0,0.0,0.0,2001.0,9.3,,42.0,,,,Master only (1),9.3,,42.0,33.924488,33.924488,,147.9897,4.997143,0.104420684,0.34830803,339.2224,0.0,0.0,1.0
9.31,9.31,2.10701,1.00469056e+06,30.0,0.0,11.77843,0.0,1.1500574,0.0,1.0977492,0.0,147.98602,2.0,,33.921444,,33.921444,33.921444,,16.208307,,0.04419853,767.479,1.0,0.0,0.0,2001.0,9.31,,42.0,,,,Master only (1),9.3,,42.0,33.924488,33.924488,,147.98602,4.997118,0.104420684,0.34830803,339.2224,0.0,0.0,1.0
9.32,9.32,2.10701,1.00469056e+06,30.0,0.0,11.778355,0.0,1.1501125,0.0,1.0977468,0.0,147.98296,2.0,,33.92099,,33.92099,33.92099,,16.208189,,0.044198852,767.46313,1.0,0.0,0.0,2001.0,9.32,,42.0,,,,Master only (1),9.3,,42.0,33.924488,33.924488,,147.98296,4.997097,0.104420684,0.34830803,339.2224,0.0,0.0,1.0
9.33,9.33,2.10701,1.00469056e+06,30.0,0.0,11.7782755,0.0,1.1501673,0.0,1.0977443,0.0,147.97975,2.0,,33.920517,,33.920517,33.920517,,16.208063,,0.044199195,767.4465,1.0,0.0,0.0,2001.0,9.33,,42.0,5.3104696,3.8860316,3.6888795,Matched (3),9.3,,42.0,33.924488,33.924488,,147.97975,4.9970756,0.104420684,0.34830803,339.2224,0.0,0.0,1.0
9.34,9.34,2.10701,1.00469056e+06,30.0,0.0,11.7782,0.0,1.1502224,0.0,1.097742,0.0,147.9767,2.0,,33.920063,,33.920063,33.920063,,16.207945,,0.04419952,767.4306,1.0,0.0,0.0,2001.0,9.34,,42.0,,,,Master only (1),9.3,,42.0,33.924488,33.924488,,147.9767,4.997055,0.104420684,0.34830803,339.2224,0.0,0.0,1.0
9.35,9.35,2.10701,1.00469056e+06,30.0,0.0,8.512169,0.0,1.0300312,0.0,0.9829855,0.0,51.850845,2.0,,17.243525,,17.243525,17.243525,,11.171747,,0.06412456,268.9067,1.0,0.0,0.0,2001.0,9.35,,20.0,,,,Master only (1),9.4,,20.0,17.243525,17.243525,,51.850845,3.9483712,-0.00093982706,-0.70057756,189.63823,0.0,0.0,1.0
9.36,9.36,2.10701,1.00469056e+06,30.0,0.0,8.511996,0.0,1.0300756,0.0,0.9829787,0.0,51.84745,2.0,,17.242796,,17.242796,17.242796,,11.171488,,0.064126045,268.88913,1.0,0.0,0.0,2001.0,9.36,,20.0,,,,Master only (1),9.4,,20.0,17.243525,17.243525,,51.84745,3.9483058,-0.00093982706,-0.70057756,189.63823,0.0,0.0,1.0
9.37,9.37,2.10701,1.00469056e+06,30.0,0.0,8.5118065,0.0,1.0301193,0.0,0.98297125,0.0,51.84372,2.0,,17.241995,,17.241995,17.241995,,11.171203,,0.06412768,268.86975,1.0,0.0,0.0,2001.0,9.37,,20.0,,,,Master only (1),9.4,,20.0,17.243525,17.243525,,51.84372,3.9482338,-0.00093982706,-0.70057756,189.63823,0.0,0.0,1.0
9.38,9.38,2.10701,1.00469056e+06,30.0,0.0,8.511644,0.0,1.0301641,0.0,0.9829649,0.0,51.84053,2.0,,17.24131,,17.24131,17.24131,,11.1709585,,0.064129084,268.8532,1.0,0.0,0.0,2001.0,9.38,,20.0,5.093822,4.8128605,3.465736,Matched (3),9.4,,20.0,17.243525,17.243525,,51.84053,3.9481723,-0.00093982706,-0.70057756,189.63823,0.0,0.0,1.0
9.39,9.39,2.10701,1.00469056e+06,30.0,0.0,8.511474,0.0,1.0302086,0.0,0.9829582,0.0,51.837173,2.0,,17.240591,,17.240591,17.240591,,11.170702,,0.06413056,268.83582,1.0,0.0,0.0,2001.0,9.39,,20.0,5.205611,4.866027,3.583519,Matched (3),9.4,,20.0,17.243525,17.243525,,51.837173,3.9481075,-0.00093982706,-0.70057756,189.63823,0.0,0.0,1.0
9.4,9.4,2.10701,1.00469056e+06,30.0,0.0,8.511287,0.0,1.0302525,0.0,0.98295087,0.0,51.833496,2.0,,17.239801,,17.239801,17.239801,,11.170421,,0.06413218,268.8167,1.0,0.0,0.0,2001.0,9.4,,20.0,,,,Master only (1),9.4,,20.0,17.243525,17.243525,,51.833496,3.9480367,-0.00093982706,-0.70057756,189.63823,0.0,0.0,1.0
9.41,9.41,2.10701,1.00469056e+06,30.0,0.0,8.511122,0.0,1.0302972,0.0,0.98294437,0.0,51.830254,2.0,,17.239105,,17.239105,17.239105,,11.170173,,0.0641336,268.7999,1.0,0.0,0.0,2001.0,9.41,,20.0,,,,Master only (1),9.4,,20.0,17.243525,17.243525,,51.830254,3.947974,-0.00093982706,-0.70057756,189.63823,0.0,0.0,1.0
9.42,9.42,2.10701,1.00469056e+06,30.0,0.0,8.510945,0.0,1.0303414,0.0,0.98293746,0.0,51.826782,2.0,,17.238361,,17.238361,17.238361,,11.169908,,0.06413512,268.78192,1.0,0.0,0.0,2001.0,9.42,,20.0,,,,Master only (1),9.4,,20.0,17.243525,17.243525,,51.826782,3.947907,-0.00093982706,-0.70057756,189.63823,0.0,0.0,1.0
9.43,9.43,2.10701,1.00469056e+06,30.0,0.0,8.51078,0.0,1.0303861,0.0,0.98293096,0.0,51.82354,2.0,,17.237665,,17.237665,17.237665,,11.16966,,0.06413654,268.7651,1.0,0.0,0.0,2001.0,9.43,,20.0,,,,Master only (1),9.4,,20.0,17.243525,17.243525,,51.82354,3.9478445,-0.00093982706,-0.70057756,189.63823,0.0,0.0,1.0
9.44,9.44,2.10701,1.00469056e+06,30.0,0.0,8.510603,0.0,1.0304303,0.0,0.982924,0.0,51.82005,2.0,,17.236916,,17.236916,17.236916,,11.169393,,0.06413808,268.747,1.0,0.0,0.0,2001.0,9.44,,20.0,,,,Master only (1),9.4,,20.0,17.243525,17.243525,,51.82005,3.947777,-0.00093982706,-0.70057756,189.63823,0.0,0.0,1.0
9.45,9.45,2.10701,1.00469056e+06,30.0,0.0,8.510425,0.0,1.0304745,0.0,0.982917,0.0,51.816544,2.0,,17.236164,,17.236164,17.236164,,11.169125,,0.06413962,268.72882,1.0,0.0,0.0,2001.0,9.45,,20.0,,,,Master only (1),9.4,,20.0,17.243525,17.243525,,51.816544,3.9477096,-0.00093982706,-0.70057756,189.63823,0.0,0.0,1.0
9.46,9.46,2.10701,1.00469056e+06,30.0,0.0,0.0,0.0,0.0,0.0,0.0,0.0,0.0,3.0,,31.32997,,,,,,,,,0.0,0.0,0.0,0.0,9.46,,,,,,Master only (1),9.5,,,,,,0.0,,,,0.0,0.0,,0.0
9.47,9.47,2.10701,1.00469056e+06,30.0,0.0,0.0,0.0,0.0,0.0,0.0,0.0,0.0,3.0,,31.320374,,,,,,,,,0.0,0.0,0.0,0.0,9.47,,,,,,Master only (1),9.5,,,,,,0.0,,,,0.0,0.0,,0.0
9.48,9.48,2.10701,1.00469056e+06,30.0,0.0,0.0,0.0,0.0,0.0,0.0,0.0,0.0,3.0,,31.31078,,,,,,,,,0.0,0.0,0.0,0.0,9.48,,,,,,Master only (1),9.5,,,,,,0.0,,,,0.0,0.0,,0.0
9.49,9.49,2.10701,1.00469056e+06,30.0,0.0,0.0,0.0,0.0,0.0,0.0,0.0,0.0,3.0,,31.301188,,,,,,,,,0.0,0.0,0.0,0.0,9.49,,,,,,Master only (1),9.5,,,,,,0.0,,,,0.0,0.0,,0.0
9.5,9.5,2.10701,1.00469056e+06,30.0,0.0,0.0,0.0,0.0,0.0,0.0,0.0,0.0,3.0,,31.291603,,,,,,,,,0.0,0.0,0.0,0.0,9.5,,,,,,Master only (1),9.5,,,,,,0.0,,,,0.0,0.0,,0.0
9.51,9.51,2.10701,1.00469056e+06,30.0,0.0,0.0,0.0,0.0,0.0,0.0,0.0,0.0,3.0,,31.282013,,,,,,,,,0.0,0.0,0.0,0.0,9.51,,,,,,Master only (1),9.5,,,,,,0.0,,,,0.0,0.0,,0.0
9.52,9.52,2.10701,1.00469056e+06,30.0,0.0,0.0,0.0,0.0,0.0,0.0,0.0,0.0,3.0,,31.272432,,,,,,,,,0.0,0.0,0.0,0.0,9.52,,,,,,Master only (1),9.5,,,,,,0.0,,,,0.0,0.0,,0.0
9.53,9.53,2.10701,1.00469056e+06,30.0,0.0,0.0,0.0,0.0,0.0,0.0,0.0,0.0,3.0,,31.262852,,,,,,,,,0.0,0.0,0.0,0.0,9.53,,,,,,Master only (1),9.5,,,,,,0.0,,,,0.0,0.0,,0.0
9.54,9.54,2.10701,1.00469056e+06,30.0,0.0,0.0,0.0,0.0,0.0,0.0,0.0,0.0,3.0,,31.253273,,,,,,,,,0.0,0.0,0.0,0.0,9.54,,,,,,Master only (1),9.5,,,,,,0.0,,,,0.0,0.0,,0.0
9.55,9.55,2.10701,1.00469056e+06,30.0,0.0,0.0,0.0,0.0,0.0,0.0,0.0,0.0,3.0,,31.243708,,,,,,,,,0.0,0.0,0.0,0.0,9.55,,,,,,Master only (1),9.6,,,,,,0.0,,,,0.0,0.0,,0.0
9.56,9.56,2.10701,1.00469056e+06,30.0,0.0,0.0,0.0,0.0,0.0,0.0,0.0,0.0,3.0,,31.23413,,,,,,,,,0.0,0.0,0.0,0.0,9.56,,,,,,Master only (1),9.6,,,,,,0.0,,,,0.0,0.0,,0.0
9.57,9.57,2.10701,1.00469056e+06,30.0,0.0,0.0,0.0,0.0,0.0,0.0,0.0,0.0,3.0,,31.224562,,,,,,,,,0.0,0.0,0.0,0.0,9.57,,,,,,Master only (1),9.6,,,,,,0.0,,,,0.0,0.0,,0.0
9.58,9.58,2.10701,1.00469056e+06,30.0,0.0,0.0,0.0,0.0,0.0,0.0,0.0,0.0,3.0,,31.215002,,,,,,,,,0.0,0.0,0.0,0.0,9.58,,,,,,Master only (1),9.6,,,,,,0.0,,,,0.0,0.0,,0.0
9.59,9.59,2.10701,1.00469056e+06,30.0,0.0,0.0,0.0,0.0,0.0,0.0,0.0,0.0,3.0,,31.205437,,,,,,,,,0.0,0.0,0.0,0.0,9.59,,,,,,Master only (1),9.6,,,,,,0.0,,,,0.0,0.0,,0.0
9.6,9.6,2.10701,1.00469056e+06,30.0,0.0,0.0,0.0,0.0,0.0,0.0,0.0,0.0,3.0,,31.195873,,,,,,,,,0.0,0.0,0.0,0.0,9.6,,,,,,Master only (1),9.6,,,,,,0.0,,,,0.0,0.0,,0.0
9.61,9.61,2.10701,1.00469056e+06,30.0,0.0,0.0,0.0,0.0,0.0,0.0,0.0,0.0,3.0,,31.186321,,,,,,,,,0.0,0.0,0.0,0.0,9.61,,,,,,Master only (1),9.6,,,,,,0.0,,,,0.0,0.0,,0.0
9.62,9.62,2.10701,1.00469056e+06,30.0,0.0,0.0,0.0,0.0,0.0,0.0,0.0,0.0,3.0,,31.176762,,,,,,,,,0.0,0.0,0.0,0.0,9.62,,,,,,Master only (1),9.6,,,,,,0.0,,,,0.0,0.0,,0.0
9.63,9.63,2.10701,1.00469056e+06,30.0,0.0,0.0,0.0,0.0,0.0,0.0,0.0,0.0,3.0,,31.16722,,,,,,,,,0.0,0.0,0.0,0.0,9.63,,,,,,Master only (1),9.6,,,,,,0.0,,,,0.0,0.0,,0.0
9.64,9.64,2.10701,1.00469056e+06,30.0,0.0,0.0,0.0,0.0,0.0,0.0,0.0,0.0,3.0,,31.157673,,,,,,,,,0.0,0.0,0.0,0.0,9.64,,,,,,Master only (1),9.6,,,,,,0.0,,,,0.0,0.0,,0.0
9.65,9.65,2.10701,1.00469056e+06,30.0,0.0,0.0,0.0,0.0,0.0,0.0,0.0,0.0,3.0,,31.148123,,,,,,,,,0.0,0.0,0.0,0.0,9.65,,,,,,Master only (1),9.6,,,,,,0.0,,,,0.0,0.0,,0.0
9.66,9.66,2.10701,1.00469056e+06,30.0,0.0,9.664897,0.0,1.0771518,0.0,1.0263618,0.0,78.13885,2.0,,22.466553,,22.466553,22.466553,,12.921764,,0.055440057,405.24045,1.0,0.0,0.0,2001.0,9.66,,27.0,5.302654,3.902225,3.6888795,Matched (3),9.7,,27.0,22.466553,22.466553,,78.13885,4.358487,0.104420684,-0.2904616,202.17593,0.0,0.0,1.0
9.67,9.67,2.10701,1.00469056e+06,30.0,0.0,9.664759,0.0,1.0772004,0.0,1.0263568,0.0,78.13524,2.0,,22.465883,,22.465883,22.465883,,12.921553,,0.055440966,405.2217,1.0,0.0,0.0,2001.0,9.67,,27.0,,,,Master only (1),9.7,,27.0,22.466553,22.466553,,78.13524,4.3584414,0.104420684,-0.2904616,202.17593,0.0,0.0,1.0
9.68,9.68,2.10701,1.00469056e+06,30.0,0.0,9.664626,0.0,1.0772493,0.0,1.026352,0.0,78.131775,2.0,,22.465242,,22.465242,22.465242,,12.92135,,0.055441838,405.2038,1.0,0.0,0.0,2001.0,9.68,,27.0,,,,Master only (1),9.7,,27.0,22.466553,22.466553,,78.131775,4.358397,0.104420684,-0.2904616,202.17593,0.0,0.0,1.0
9.69,9.69,2.10701,1.00469056e+06,30.0,0.0,9.664492,0.0,1.077298,0.0,1.0263472,0.0,78.128265,2.0,,22.46459,,22.46459,22.46459,,12.921144,,0.05544272,405.18558,1.0,0.0,0.0,2001.0,9.69,,27.0,,,,Master only (1),9.7,,27.0,22.466553,22.466553,,78.128265,4.3583517,0.104420684,-0.2904616,202.17593,0.0,0.0,1.0
9.7,9.7,2.10701,1.00469056e+06,30.0,0.0,9.664379,0.0,1.0773476,0.0,1.0263431,0.0,78.12533,2.0,,22.464045,,22.464045,22.464045,,12.920972,,0.05544346,405.17035,1.0,0.0,0.0,2001.0,9.7,,27.0,,,,Master only (1),9.7,,27.0,22.466553,22.466553,,78.12533,4.3583145,0.104420684,-0.2904616,202.17593,0.0,0.0,1.0
9.71,9.71,2.10701,1.00469056e+06,30.0,0.0,9.66424,0.0,1.0773963,0.0,1.0263381,0.0,78.12169,2.0,,22.463371,,22.463371,22.463371,,12.920758,,0.055444375,405.1515,1.0,0.0,0.0,2001.0,9.71,,27.0,,,,Master only (1),9.7,,27.0,22.466553,22.466553,,78.12169,4.358268,0.104420684,-0.2904616,202.17593,0.0,0.0,1.0
9.72,9.72,2.10701,1.00469056e+06,30.0,0.0,9.664105,0.0,1.0774449,0.0,1.0263332,0.0,78.11818,2.0,,22.46272,,22.46272,22.46272,,12.920552,,0.055445258,405.1333,1.0,0.0,0.0,2001.0,9.72,,27.0,,,,Master only (1),9.7,,27.0,22.466553,22.466553,,78.11818,4.358223,0.104420684,-0.2904616,202.17593,0.0,0.0,1.0
9.73,9.73,2.10701,1.00469056e+06,30.0,0.0,9.66398,0.0,1.077494,0.0,1.0263287,0.0,78.1149,2.0,,22.46211,,22.46211,22.46211,,12.92036,,0.055446085,405.11627,1.0,0.0,0.0,2001.0,9.73,,27.0,5.126264,4.6823335,3.583519,Matched (3),9.7,,27.0,22.466553,22.466553,,78.1149,4.358181,0.104420684,-0.2904616,202.17593,0.0,0.0,1.0
9.74,9.74,2.10701,1.00469056e+06,30.0,0.0,9.663837,0.0,1.0775425,0.0,1.0263236,0.0,78.11119,2.0,,22.461422,,22.461422,22.461422,,12.920141,,0.055447023,405.097,1.0,0.0,0.0,2001.0,9.74,,27.0,,,,Master only (1),9.7,,27.0,22.466553,22.466553,,78.11119,4.3581333,0.104420684,-0.2904616,202.17593,0.0,0.0,1.0
9.75,9.75,2.10701,1.00469056e+06,30.0,0.0,9.818381,0.0,1.083425,0.0,1.0318748,0.0,82.21728,2.0,,23.216246,,23.216246,23.216246,,13.1571665,,0.05444815,426.3918,1.0,0.0,0.0,2001.0,9.75,,28.0,,,,Master only (1),9.8,,28.0,23.216246,23.216246,,82.21728,4.4093657,-0.00093982706,-0.23958309,232.13446,0.0,0.0,1.0
9.76,9.76,2.10701,1.00469056e+06,30.0,0.0,9.818265,0.0,1.0834748,0.0,1.0318706,0.0,82.214134,2.0,,23.215673,,23.215673,23.215673,,13.156988,,0.054448888,426.37552,1.0,0.0,0.0,2001.0,9.76,,28.0,,,,Master only (1),9.8,,28.0,23.216246,23.216246,,82.214134,4.409327,-0.00093982706,-0.23958309,232.13446,0.0,0.0,1.0
9.77,9.77,2.10701,1.00469056e+06,30.0,0.0,9.818138,0.0,1.0835242,0.0,1.0318661,0.0,82.2107,2.0,,23.215048,,23.215048,23.215048,,13.156794,,0.054449692,426.35773,1.0,0.0,0.0,2001.0,9.77,,28.0,,,,Master only (1),9.8,,28.0,23.216246,23.216246,,82.2107,4.4092855,-0.00093982706,-0.23958309,232.13446,0.0,0.0,1.0
9.78,9.78,2.10701,1.00469056e+06,30.0,0.0,9.818008,0.0,1.0835735,0.0,1.0318614,0.0,82.2072,2.0,,23.214409,,23.214409,23.214409,,13.156594,,0.054450516,426.33957,1.0,0.0,0.0,2001.0,9.78,,28.0,,,,Master only (1),9.8,,28.0,23.216246,23.216246,,82.2072,4.409243,-0.00093982706,-0.23958309,232.13446,0.0,0.0,1.0
9.79,9.79,2.10701,1.00469056e+06,30.0,0.0,9.817878,0.0,1.0836228,0.0,1.0318568,0.0,82.20367,2.0,,23.213766,,23.213766,23.213766,,13.156394,,0.054451346,426.32126,1.0,0.0,0.0,2001.0,9.79,,28.0,,,,Master only (1),9.8,,28.0,23.216246,23.216246,,82.20367,4.4091997,-0.00093982706,-0.23958309,232.13446,0.0,0.0,1.0
9.8,9.8,2.10701,1.00469056e+06,30.0,0.0,9.817741,0.0,1.0836718,0.0,1.0318519,0.0,82.199974,2.0,,23.213095,,23.213095,23.213095,,13.156184,,0.054452214,426.30212,1.0,0.0,0.0,2001.0,9.8,,28.0,5.126264,4.6823335,3.583519,Matched (3),9.8,,28.0,23.216246,23.216246,,82.199974,4.409155,-0.00093982706,-0.23958309,232.13446,0.0,0.0,1.0
9.81,9.81,2.10701,1.00469056e+06,30.0,0.0,9.817617,0.0,1.0837214,0.0,1.0318475,0.0,82.196625,2.0,,23.212482,,23.212482,23.212482,,13.155994,,0.054453,426.28473,1.0,0.0,0.0,2001.0,9.81,,28.0,,,,Master only (1),9.8,,28.0,23.216246,23.216246,,82.196625,4.4091144,-0.00093982706,-0.23958309,232.13446,0.0,0.0,1.0
9.82,9.82,2.10701,1.00469056e+06,30.0,0.0,9.817484,0.0,1.0837706,0.0,1.0318427,0.0,82.193016,2.0,,23.211826,,23.211826,23.211826,,13.155789,,0.05445385,426.26602,1.0,0.0,0.0,2001.0,9.82,,28.0,,,,Master only (1),9.8,,28.0,23.216246,23.216246,,82.193016,4.4090705,-0.00093982706,-0.23958309,232.13446,0.0,0.0,1.0
9.83,9.83,2.10701,1.00469056e+06,30.0,0.0,9.81737,0.0,1.0838205,0.0,1.0318387,0.0,82.18995,2.0,,23.211267,,23.211267,23.211267,,13.155615,,0.054454572,426.25012,1.0,0.0,0.0,2001.0,9.83,,28.0,,,,Master only (1),9.8,,28.0,23.216246,23.216246,,82.18995,4.409033,-0.00093982706,-0.23958309,232.13446,0.0,0.0,1.0
9.84,9.84,2.10701,1.00469056e+06,30.0,0.0,9.817245,0.0,1.0838699,0.0,1.0318341,0.0,82.18655,2.0,,23.210646,,23.210646,23.210646,,13.155421,,0.054455373,426.23242,1.0,0.0,0.0,2001.0,9.84,,28.0,,,,Master only (1),9.8,,28.0,23.216246,23.216246,,82.18655,4.408992,-0.00093982706,-0.23958309,232.13446,0.0,0.0,1.0
9.85,9.85,2.10701,1.00469056e+06,30.0,0.0,12.639428,0.0,1.1811628,0.0,1.1243998,0.0,185.84993,2.0,,39.29232,,39.29232,39.29232,,17.573004,,0.04076613,963.84717,1.0,0.0,0.0,2001.0,9.85,,49.0,,,,Master only (1),9.9,,49.0,39.29232,39.29232,,185.84993,5.2249393,-0.00093982706,0.5759906,432.19247,0.0,0.0,1.0
9.86,9.86,2.10701,1.00469056e+06,30.0,0.0,12.639369,0.0,1.1812199,0.0,1.124398,0.0,185.84712,2.0,,39.29194,,39.29194,39.29194,,17.57291,,0.040766347,963.8327,1.0,0.0,0.0,2001.0,9.86,,49.0,4.655555,4.524237,2.9957323,Matched (3),9.9,,49.0,39.29232,39.29232,,185.84712,5.2249246,-0.00093982706,0.5759906,432.19247,0.0,0.0,1.0
9.87,9.87,2.10701,1.00469056e+06,30.0,0.0,12.63929,0.0,1.1812766,0.0,1.1243956,0.0,185.84337,2.0,,39.291428,,39.291428,39.291428,,17.572784,,0.040766638,963.8133,1.0,0.0,0.0,2001.0,9.87,,49.0,,,,Master only (1),9.9,,49.0,39.29232,39.29232,,185.84337,5.224904,-0.00093982706,0.5759906,432.19247,0.0,0.0,1.0
9.88,9.88,2.10701,1.00469056e+06,30.0,0.0,12.639232,0.0,1.1813337,0.0,1.1243938,0.0,185.8406,2.0,,39.29105,,39.29105,39.29105,,17.572691,,0.040766858,963.7988,1.0,0.0,0.0,2001.0,9.88,,49.0,5.1192822,4.6782994,3.583519,Matched (3),9.9,,49.0,39.29232,39.29232,,185.8406,5.2248893,-0.00093982706,0.5759906,432.19247,0.0,0.0,1.0
9.89,9.89,2.10701,1.00469056e+06,30.0,0.0,12.63916,0.0,1.1813905,0.0,1.1243917,0.0,185.83722,2.0,,39.290585,,39.290585,39.290585,,17.572577,,0.040767122,963.7812,1.0,0.0,0.0,2001.0,9.89,,49.0,,,,Master only (1),9.9,,49.0,39.29232,39.29232,,185.83722,5.224871,-0.00093982706,0.5759906,432.19247,0.0,0.0,1.0
9.9,9.9,2.10701,1.00469056e+06,30.0,0.0,12.639113,0.0,1.1814481,0.0,1.1243902,0.0,185.83499,2.0,,39.290283,,39.290283,39.290283,,17.572502,,0.040767293,963.7697,1.0,0.0,0.0,2001.0,9.9,,49.0,,,,Master only (1),9.9,,49.0,39.29232,39.29232,,185.83499,5.224859,-0.00093982706,0.5759906,432.19247,0.0,0.0,1.0
9.91,9.91,2.10701,1.00469056e+06,30.0,0.0,12.639038,0.0,1.1815048,0.0,1.124388,0.0,185.83142,2.0,,39.289795,,39.289795,39.289795,,17.572382,,0.040767573,963.75116,1.0,0.0,0.0,2001.0,9.91,,49.0,4.6461215,4.5395255,2.9957323,Matched (3),9.9,,49.0,39.29232,39.29232,,185.83142,5.2248397,-0.00093982706,0.5759906,432.19247,0.0,0.0,1.0
9.92,9.92,2.10701,1.00469056e+06,30.0,0.0,12.638975,0.0,1.1815618,0.0,1.1243861,0.0,185.82843,2.0,,39.289387,,39.289387,39.289387,,17.572283,,0.040767804,963.73566,1.0,0.0,0.0,2001.0,9.92,,49.0,,,,Master only (1),9.9,,49.0,39.29232,39.29232,,185.82843,5.224824,-0.00093982706,0.5759906,432.19247,0.0,0.0,1.0
9.93,9.93,2.10701,1.00469056e+06,30.0,0.0,12.638912,0.0,1.1816189,0.0,1.1243842,0.0,185.82544,2.0,,39.28898,,39.28898,39.28898,,17.572182,,0.04076804,963.7201,1.0,0.0,0.0,2001.0,9.93,,49.0,,,,Master only (1),9.9,,49.0,39.29232,39.29232,,185.82544,5.2248077,-0.00093982706,0.5759906,432.19247,0.0,0.0,1.0
9.94,9.94,2.10701,1.00469056e+06,30.0,0.0,12.638845,0.0,1.1816759,0.0,1.1243821,0.0,185.82227,2.0,,39.288548,,39.288548,39.288548,,17.572077,,0.04076828,963.7038,1.0,0.0,0.0,2001.0,9.94,,49.0,,,,Master only (1),9.9,,49.0,39.29232,39.29232,,185.82227,5.2247906,-0.00093982706,0.5759906,432.19247,0.0,0.0,1.0
9.95,9.95,2.10701,1.00469056e+06,30.0,0.0,12.638786,0.0,1.1817331,0.0,1.1243804,0.0,185.81946,2.0,,39.288166,,39.288166,39.288166,,17.571981,,0.0407685,963.6893,1.0,0.0,0.0,2001.0,9.95,,49.0,4.655555,4.524237,2.9957323,Matched (3),9.9,,49.0,39.29232,39.29232,,185.81946,5.2247753,-0.00093982706,0.5759906,432.19247,0.0,0.0,1.0
9.96,9.96,2.10701,1.00469056e+06,30.0,0.0,15.90816,0.0,1.2779448,0.0,1.2158618,0.0,390.59982,2.0,,63.447884,,63.447884,63.447884,,22.872108,,0.031321265,2025.7126,1.0,0.0,0.0,2001.0,9.96,,80.0,,,,Matched (3),10.0,,80.0,63.447884,63.447884,,390.59982,5.967684,,1.318735,571.0236,0.0,0.0,1.0
9.97,9.97,2.10701,1.00469056e+06,30.0,0.0,15.908155,0.0,1.2780086,0.0,1.2158617,0.0,390.59946,2.0,,63.44784,,63.44784,63.44784,,22.8721,,0.031321276,2025.7106,1.0,0.0,0.0,2001.0,9.97,,80.0,,,,Master only (1),10.0,,80.0,63.447884,63.447884,,390.59946,5.967683,,1.318735,571.0236,0.0,0.0,1.0
9.98,9.98,2.10701,1.00469056e+06,30.0,0.0,15.908124,0.0,1.2780715,0.0,1.2158608,0.0,390.59695,2.0,,63.447582,,63.447582,63.447582,,22.87205,,0.031321347,2025.6978,1.0,0.0,0.0,2001.0,9.98,,80.0,,,,Master only (1),10.0,,80.0,63.447884,63.447884,,390.59695,5.967676,,1.318735,571.0236,0.0,0.0,1.0
9.99,9.99,2.10701,1.00469056e+06,30.0,0.0,15.908092,0.0,1.2781346,0.0,1.21586,0.0,390.5944,2.0,,63.44731,,63.44731,63.44731,,22.871996,,0.031321418,2025.6846,1.0,0.0,0.0,2001.0,9.99,,80.0,,,,Master only (1),10.0,,80.0,63.447884,63.447884,,390.5944,5.9676695,,1.318735,571.0236,0.0,0.0,1.0
10.0,10.0,2.10701,1.00469056e+06,30.0,0.0,15.908055,0.0,1.2781975,0.0,1.215859,0.0,390.59152,2.0,,63.44701,,63.44701,63.44701,,22.871937,,0.0313215,2025.6697,1.0,0.0,0.0,2001.0,10.0,,80.0,,,,Master only (1),10.0,,80.0,63.447884,63.447884,,390.59152,5.9676623,,1.318735,571.0236,0.0,0.0,1.0
10.01,10.01,2.10701,1.00469056e+06,30.0,0.0,15.908031,0.0,1.2782608,0.0,1.2158585,0.0,390.58963,2.0,,63.44681,,63.44681,63.44681,,22.871897,,0.031321555,2025.6597,1.0,0.0,0.0,2001.0,10.01,,80.0,,,,Master only (1),10.0,,80.0,63.447884,63.447884,,390.58963,5.9676576,,1.318735,571.0236,0.0,0.0,1.0
10.02,10.02,2.10701,1.00469056e+06,30.0,0.0,15.908,0.0,1.2783238,0.0,1.2158576,0.0,390.58713,2.0,,63.446552,,63.446552,63.446552,,22.871845,,0.031321626,2025.6469,1.0,0.0,0.0,2001.0,10.02,,80.0,,,,Master only (1),10.0,,80.0,63.447884,63.447884,,390.58713,5.967651,,1.318735,571.0236,0.0,0.0,1.0
10.03,10.03,2.10701,1.00469056e+06,30.0,0.0,15.907986,0.0,1.2783873,0.0,1.2158573,0.0,390.586,2.0,,63.44643,,63.44643,63.44643,,22.87182,,0.03132166,2025.6407,1.0,0.0,0.0,2001.0,10.03,,80.0,,,,Master only (1),10.0,,80.0,63.447884,63.447884,,390.586,5.967648,,1.318735,571.0236,0.0,0.0,1.0
10.04,10.04,2.10701,1.00469056e+06,30.0,0.0,15.907954,0.0,1.2784504,0.0,1.2158564,0.0,390.5835,2.0,,63.44617,,63.44617,63.44617,,22.871769,,0.03132173,2025.6279,1.0,0.0,0.0,2001.0,10.04,,80.0,,,,Master only (1),10.0,,80.0,63.447884,63.447884,,390.5835,5.967642,,1.318735,571.0236,0.0,0.0,1.0
10.05,10.05,2.10701,1.00469056e+06,30.0,0.0,7.569496,0.0,0.9932064,0.0,0.94453096,0.0,35.49398,2.0,,13.503046,,13.503046,13.503046,,9.7659445,,0.07335526,184.07741,1.0,0.0,0.0,2001.0,10.05,,15.0,,,,Master only (1),10.1,,15.0,13.503046,13.503046,,35.49398,3.569363,,-1.0795857,148.491,0.0,0.0,1.0
10.06,10.06,2.10701,1.00469056e+06,30.0,0.0,7.5692897,0.0,0.99324685,0.0,0.9445222,0.0,35.490852,2.0,,13.502278,,13.502278,13.502278,,9.765639,,0.07335755,184.06119,1.0,0.0,0.0,2001.0,10.06,,15.0,,,,Matched (3),10.1,,15.0,13.503046,13.503046,,35.490852,3.569275,,-1.0795857,148.491,0.0,0.0,1.0
10.07,10.07,2.10701,1.00469056e+06,30.0,0.0,7.569082,0.0,0.9932872,0.0,0.9445134,0.0,35.487705,2.0,,13.501506,,13.501506,13.501506,,9.765332,,0.073359855,184.04488,1.0,0.0,0.0,2001.0,10.07,,15.0,,,,Master only (1),10.1,,15.0,13.503046,13.503046,,35.487705,3.5691862,,-1.0795857,148.491,0.0,0.0,1.0
10.08,10.08,2.10701,1.00469056e+06,30.0,0.0,7.5688725,0.0,0.99332756,0.0,0.9445045,0.0,35.48454,2.0,,13.500729,,13.500729,13.500729,,9.765022,,0.07336219,184.02844,1.0,0.0,0.0,2001.0,10.08,,15.0,,,,Master only (1),10.1,,15.0,13.503046,13.503046,,35.48454,3.569097,,-1.0795857,148.491,0.0,0.0,1.0
10.09,10.09,2.10701,1.00469056e+06,30.0,0.0,7.568663,0.0,0.99336785,0.0,0.9444956,0.0,35.48137,2.0,,13.49995,,13.49995,13.49995,,9.764713,,0.0733645,184.01202,1.0,0.0,0.0,2001.0,10.09,,15.0,,,,Master only (1),10.1,,15.0,13.503046,13.503046,,35.48137,3.5690076,,-1.0795857,148.491,0.0,0.0,1.0
10.1,10.1,2.10701,1.00469056e+06,30.0,0.0,7.568454,0.0,0.9934082,0.0,0.94448674,0.0,35.4782,2.0,,13.499172,,13.499172,13.499172,,9.764403,,0.073366836,183.99556,1.0,0.0,0.0,2001.0,10.1,,15.0,,,,Master only (1),10.1,,15.0,13.503046,13.503046,,35.4782,3.5689185,,-1.0795857,148.491,0.0,0.0,1.0
10.11,10.11,2.10701,1.00469056e+06,30.0,0.0,7.568246,0.0,0.99344856,0.0,0.9444779,0.0,35.47505,2.0,,13.4984,,13.4984,13.4984,,9.764096,,0.073369145,183.97925,1.0,0.0,0.0,2001.0,10.11,,15.0,,,,Master only (1),10.1,,15.0,13.503046,13.503046,,35.47505,3.5688298,,-1.0795857,148.491,0.0,0.0,1.0
10.12,10.12,2.10701,1.00469056e+06,30.0,0.0,7.568041,0.0,0.9934891,0.0,0.9444692,0.0,35.47195,2.0,,13.497638,,13.497638,13.497638,,9.763793,,0.07337142,183.96317,1.0,0.0,0.0,2001.0,10.12,,15.0,,,,Master only (1),10.1,,15.0,13.503046,13.503046,,35.47195,3.5687423,,-1.0795857,148.491,0.0,0.0,1.0
10.13,10.13,2.10701,1.00469056e+06,30.0,0.0,7.567837,0.0,0.9935297,0.0,0.9444606,0.0,35.46887,2.0,,13.4968815,,13.4968815,13.4968815,,9.763492,,0.07337368,183.94717,1.0,0.0,0.0,2001.0,10.13,,15.0,,,,Master only (1),10.1,,15.0,13.503046,13.503046,,35.46887,3.5686553,,-1.0795857,148.491,0.0,0.0,1.0
10.14,10.14,2.10701,1.00469056e+06,30.0,0.0,7.567622,0.0,0.9935698,0.0,0.94445145,0.0,35.465614,2.0,,13.496082,,13.496082,13.496082,,9.763174,,0.073376074,183.93028,1.0,0.0,0.0,2001.0,10.14,,15.0,,,,Master only (1),10.1,,15.0,13.503046,13.503046,,35.465614,3.5685637,,-1.0795857,148.491,0.0,0.0,1.0
10.15,10.15,2.10701,1.00469056e+06,30.0,0.0,7.5674143,0.0,0.99361014,0.0,0.94444263,0.0,35.462467,2.0,,13.49531,,13.49531,13.49531,,9.762867,,0.07337838,183.91399,1.0,0.0,0.0,2001.0,10.15,,15.0,,,,Master only (1),10.1,,15.0,13.503046,13.503046,,35.462467,3.5684748,,-1.0795857,148.491,0.0,0.0,1.0
10.16,10.16,2.10701,1.00469056e+06,30.0,0.0,8.137958,0.0,1.018523,0.0,0.96807426,0.0,44.844273,2.0,,15.701797,,15.701797,15.701797,,10.61082,,0.06751442,232.56952,1.0,0.0,0.0,2001.0,10.16,,18.0,,,,Master only (1),10.2,,18.0,15.701797,15.701797,,44.844273,3.803196,-0.25225422,-0.8457528,141.2896,0.0,0.0,1.0
10.17,10.17,2.10701,1.00469056e+06,30.0,0.0,8.137766,0.0,1.0185658,0.0,0.9680665,0.0,44.840862,2.0,,15.701026,,15.701026,15.701026,,10.610533,,0.067516245,232.55182,1.0,0.0,0.0,2001.0,10.17,,18.0,,,,Master only (1),10.2,,18.0,15.701797,15.701797,,44.840862,3.80312,-0.25225422,-0.8457528,141.2896,0.0,0.0,1.0
10.18,10.18,2.10701,1.00469056e+06,30.0,0.0,8.137598,0.0,1.0186095,0.0,0.9680597,0.0,44.837875,2.0,,15.700352,,15.700352,15.700352,,10.610282,,0.06751785,232.53632,1.0,0.0,0.0,2001.0,10.18,,18.0,4.864212,4.5485835,3.3322046,Matched (3),10.2,,18.0,15.701797,15.701797,,44.837875,3.8030531,-0.25225422,-0.8457528,141.2896,0.0,0.0,1.0
10.19,10.19,2.10701,1.00469056e+06,30.0,0.0,8.137422,0.0,1.0186529,0.0,0.96805257,0.0,44.834736,2.0,,15.699642,,15.699642,15.699642,,10.610019,,0.067519516,232.52007,1.0,0.0,0.0,2001.0,10.19,,18.0,,,,Master only (1),10.2,,18.0,15.701797,15.701797,,44.834736,3.8029833,-0.25225422,-0.8457528,141.2896,0.0,0.0,1.0
10.2,10.2,2.10701,1.00469056e+06,30.0,0.0,8.137221,0.0,1.0186954,0.0,0.96804446,0.0,44.831173,2.0,,15.698837,,15.698837,15.698837,,10.609719,,0.06752142,232.50157,1.0,0.0,0.0,2001.0,10.2,,18.0,,,,Master only (1),10.2,,18.0,15.701797,15.701797,,44.831173,3.8029037,-0.25225422,-0.8457528,141.2896,0.0,0.0,1.0
10.21,10.21,2.10701,1.00469056e+06,30.0,0.0,8.137035,0.0,1.0187384,0.0,0.96803695,0.0,44.827866,2.0,,15.69809,,15.69809,15.69809,,10.609442,,0.06752319,232.48442,1.0,0.0,0.0,2001.0,10.21,,18.0,4.602856,4.583991,2.9957323,Matched (3),10.2,,18.0,15.701797,15.701797,,44.827866,3.80283,-0.25225422,-0.8457528,141.2896,0.0,0.0,1.0
10.22,10.22,2.10701,1.00469056e+06,30.0,0.0,8.136852,0.0,1.0187815,0.0,0.96802956,0.0,44.824608,2.0,,15.697354,,15.697354,15.697354,,10.609168,,0.06752493,232.46753,1.0,0.0,0.0,2001.0,10.22,,18.0,4.864212,4.5485835,3.3322046,Matched (3),10.2,,18.0,15.701797,15.701797,,44.824608,3.8027573,-0.25225422,-0.8457528,141.2896,0.0,0.0,1.0
10.23,10.23,2.10701,1.00469056e+06,30.0,0.0,8.13667,0.0,1.0188247,0.0,0.96802217,0.0,44.82137,2.0,,15.696622,,15.696622,15.696622,,10.608896,,0.06752666,232.45073,1.0,0.0,0.0,2001.0,10.23,,18.0,,,,Master only (1),10.2,,18.0,15.701797,15.701797,,44.82137,3.802685,-0.25225422,-0.8457528,141.2896,0.0,0.0,1.0
10.24,10.24,2.10701,1.00469056e+06,30.0,0.0,8.136484,0.0,1.0188677,0.0,0.96801466,0.0,44.818058,2.0,,15.695874,,15.695874,15.695874,,10.608618,,0.067528434,232.43356,1.0,0.0,0.0,2001.0,10.24,,18.0,,,,Master only (1),10.2,,18.0,15.701797,15.701797,,44.818058,3.802611,-0.25225422,-0.8457528,141.2896,0.0,0.0,1.0
10.25,10.25,2.10701,1.00469056e+06,30.0,0.0,8.318414,0.0,1.0266083,0.0,0.97532016,0.0,48.135456,2.0,,16.435892,,16.435892,16.435892,,10.8808565,,0.06583887,249.6381,1.0,0.0,0.0,2001.0,10.25,,19.0,,,,Master only (1),10.3,,19.0,16.435892,16.435892,,48.135456,3.8740191,-0.25225422,-0.7749296,164.32718,0.0,0.0,1.0
10.26,10.26,2.10701,1.00469056e+06,30.0,0.0,8.318249,0.0,1.0266528,0.0,0.9753136,0.0,48.132374,2.0,,16.435213,,16.435213,16.435213,,10.8806095,,0.06584037,249.62212,1.0,0.0,0.0,2001.0,10.26,,19.0,4.849928,4.5519166,3.3322046,Matched (3),10.3,,19.0,16.435892,16.435892,,48.132374,3.873955,-0.25225422,-0.7749296,164.32718,0.0,0.0,1.0
10.27,10.27,2.10701,1.00469056e+06,30.0,0.0,8.318074,0.0,1.0266968,0.0,0.97530663,0.0,48.129116,2.0,,16.434496,,16.434496,16.434496,,10.880348,,0.06584195,249.60524,1.0,0.0,0.0,2001.0,10.27,,19.0,,,,Master only (1),10.3,,19.0,16.435892,16.435892,,48.129116,3.8738873,-0.25225422,-0.7749296,164.32718,0.0,0.0,1.0
10.28,10.28,2.10701,1.00469056e+06,30.0,0.0,8.3179,0.0,1.0267408,0.0,0.97529966,0.0,48.125854,2.0,,16.433777,,16.433777,16.433777,,10.880087,,0.06584353,249.58833,1.0,0.0,0.0,2001.0,10.28,,19.0,,,,Master only (1),10.3,,19.0,16.435892,16.435892,,48.125854,3.8738196,-0.25225422,-0.7749296,164.32718,0.0,0.0,1.0
10.29,10.29,2.10701,1.00469056e+06,30.0,0.0,8.317721,0.0,1.0267847,0.0,0.97529256,0.0,48.12252,2.0,,16.433043,,16.433043,16.433043,,10.879819,,0.065845154,249.57103,1.0,0.0,0.0,2001.0,10.29,,19.0,,,,Master only (1),10.3,,19.0,16.435892,16.435892,,48.12252,3.8737502,-0.25225422,-0.7749296,164.32718,0.0,0.0,1.0
10.3,10.3,2.10701,1.00469056e+06,30.0,0.0,8.317555,0.0,1.026829,0.0,0.97528595,0.0,48.119423,2.0,,16.43236,,16.43236,16.43236,,10.879571,,0.06584666,249.55495,1.0,0.0,0.0,2001.0,10.3,,19.0,,,,Master only (1),10.3,,19.0,16.435892,16.435892,,48.119423,3.8736858,-0.25225422,-0.7749296,164.32718,0.0,0.0,1.0
10.31,10.31,2.10701,1.00469056e+06,30.0,0.0,8.317394,0.0,1.0268736,0.0,0.9752795,0.0,48.11641,2.0,,16.431696,,16.431696,16.431696,,10.879329,,0.06584812,249.53934,1.0,0.0,0.0,2001.0,10.31,,19.0,,,,Master only (1),10.3,,19.0,16.435892,16.435892,,48.11641,3.8736234,-0.25225422,-0.7749296,164.32718,0.0,0.0,1.0
10.32,10.32,2.10701,1.00469056e+06,30.0,0.0,8.317213,0.0,1.0269173,0.0,0.9752723,0.0,48.113026,2.0,,16.43095,,16.43095,16.43095,,10.879057,,0.065849766,249.52177,1.0,0.0,0.0,2001.0,10.32,,19.0,,,,Master only (1),10.3,,19.0,16.435892,16.435892,,48.113026,3.873553,-0.25225422,-0.7749296,164.32718,0.0,0.0,1.0
10.33,10.33,2.10701,1.00469056e+06,30.0,0.0,8.317039,0.0,1.0269613,0.0,0.9752653,0.0,48.109764,2.0,,16.430233,,16.430233,16.430233,,10.878796,,0.065851346,249.5049,1.0,0.0,0.0,2001.0,10.33,,19.0,,,,Master only (1),10.3,,19.0,16.435892,16.435892,,48.109764,3.873485,-0.25225422,-0.7749296,164.32718,0.0,0.0,1.0
10.34,10.34,2.10701,1.00469056e+06,30.0,0.0,8.316865,0.0,1.0270054,0.0,0.9752584,0.0,48.106525,2.0,,16.429518,,16.429518,16.429518,,10.878535,,0.065852925,249.48805,1.0,0.0,0.0,2001.0,10.34,,19.0,,,,Master only (1),10.3,,19.0,16.435892,16.435892,,48.106525,3.8734179,-0.25225422,-0.7749296,164.32718,0.0,0.0,1.0
10.35,10.35,2.10701,1.00469056e+06,30.0,0.0,7.9483595,0.0,1.0113524,0.0,0.9603461,0.0,41.557274,2.0,,14.949283,,14.949283,14.949283,,10.328042,,0.06936294,215.52263,1.0,0.0,0.0,2001.0,10.35,,17.0,,,,Master only (1),10.4,,17.0,14.949283,14.949283,,41.557274,3.7270725,-0.25225422,-0.92187625,164.40163,0.0,0.0,1.0
10.36,10.36,2.10701,1.00469056e+06,30.0,0.0,7.948177,0.0,1.0113951,0.0,0.9603386,0.0,41.554188,2.0,,14.948566,,14.948566,14.948566,,10.327769,,0.06936477,215.5066,1.0,0.0,0.0,2001.0,10.36,,17.0,,,,Master only (1),10.4,,17.0,14.949283,14.949283,,41.554188,3.7269983,-0.25225422,-0.92187625,164.40163,0.0,0.0,1.0
10.37,10.37,2.10701,1.00469056e+06,30.0,0.0,7.947981,0.0,1.0114372,0.0,0.96033055,0.0,41.55088,2.0,,14.947799,,14.947799,14.947799,,10.327477,,0.06936673,215.48946,1.0,0.0,0.0,2001.0,10.37,,17.0,,,,Master only (1),10.4,,17.0,14.949283,14.949283,,41.55088,3.7269187,-0.25225422,-0.92187625,164.40163,0.0,0.0,1.0
10.38,10.38,2.10701,1.00469056e+06,30.0,0.0,7.947788,0.0,1.0114794,0.0,0.9603226,0.0,41.54762,2.0,,14.947042,,14.947042,14.947042,,10.32719,,0.06936866,215.47255,1.0,0.0,0.0,2001.0,10.38,,17.0,,,,Master only (1),10.4,,17.0,14.949283,14.949283,,41.54762,3.7268403,-0.25225422,-0.92187625,164.40163,0.0,0.0,1.0
10.39,10.39,2.10701,1.00469056e+06,30.0,0.0,7.947608,0.0,1.0115222,0.0,0.9603152,0.0,41.544586,2.0,,14.946338,,14.946338,14.946338,,10.326922,,0.06937046,215.45679,1.0,0.0,0.0,2001.0,10.39,,17.0,4.839236,4.550827,3.3322046,Matched (3),10.4,,17.0,14.949283,14.949283,,41.544586,3.7267673,-0.25225422,-0.92187625,164.40163,0.0,0.0,1.0
10.4,10.4,2.10701,1.00469056e+06,30.0,0.0,7.9474254,0.0,1.0115649,0.0,0.9603077,0.0,41.541504,2.0,,14.945622,,14.945622,14.945622,,10.326651,,0.06937229,215.44081,1.0,0.0,0.0,2001.0,10.4,,17.0,,,,Master only (1),10.4,,17.0,14.949283,14.949283,,41.541504,3.726693,-0.25225422,-0.92187625,164.40163,0.0,0.0,1.0
10.41,10.41,2.10701,1.00469056e+06,30.0,0.0,7.9472337,0.0,1.0116072,0.0,0.96029985,0.0,41.53827,2.0,,14.944872,,14.944872,14.944872,,10.326365,,0.0693742,215.42406,1.0,0.0,0.0,2001.0,10.41,,17.0,,,,Master only (1),10.4,,17.0,14.949283,14.949283,,41.53827,3.7266152,-0.25225422,-0.92187625,164.40163,0.0,0.0,1.0
10.42,10.42,2.10701,1.00469056e+06,30.0,0.0,7.9470377,0.0,1.0116493,0.0,0.9602918,0.0,41.53496,2.0,,14.944104,,14.944104,14.944104,,10.326074,,0.06937616,215.4069,1.0,0.0,0.0,2001.0,10.42,,17.0,,,,Master only (1),10.4,,17.0,14.949283,14.949283,,41.53496,3.7265356,-0.25225422,-0.92187625,164.40163,0.0,0.0,1.0
10.43,10.43,2.10701,1.00469056e+06,30.0,0.0,7.946858,0.0,1.011692,0.0,0.9602844,0.0,41.531925,2.0,,14.943399,,14.943399,14.943399,,10.325806,,0.069377966,215.39114,1.0,0.0,0.0,2001.0,10.43,,17.0,,,,Master only (1),10.4,,17.0,14.949283,14.949283,,41.531925,3.7264624,-0.25225422,-0.92187625,164.40163,0.0,0.0,1.0
10.44,10.44,2.10701,1.00469056e+06,30.0,0.0,7.9466724,0.0,1.0117346,0.0,0.9602768,0.0,41.528797,2.0,,14.942673,,14.942673,14.942673,,10.32553,,0.069379814,215.37494,1.0,0.0,0.0,2001.0,10.44,,17.0,,,,Master only (1),10.4,,17.0,14.949283,14.949283,,41.528797,3.726387,-0.25225422,-0.92187625,164.40163,0.0,0.0,1.0
10.45,10.45,2.10701,1.00469056e+06,30.0,0.0,7.9464836,0.0,1.011777,0.0,0.96026903,0.0,41.525608,2.0,,14.941933,,14.941933,14.941933,,10.325249,,0.06938171,215.3584,1.0,0.0,0.0,2001.0,10.45,,17.0,,,,Master only (1),10.4,,17.0,14.949283,14.949283,,41.525608,3.7263103,-0.25225422,-0.92187625,164.40163,0.0,0.0,1.0
10.46,10.46,2.10701,1.00469056e+06,30.0,0.0,9.337029,0.0,1.068853,0.0,1.0143887,0.0,69.8983,2.0,,20.9079,,20.9079,20.9079,,12.420741,,0.05767638,362.5037,1.0,0.0,0.0,2001.0,10.46,,25.0,,,,Master only (1),10.5,,25.0,20.9079,20.9079,,69.8983,4.247041,-0.25225422,-0.4019075,188.1485,0.0,0.0,1.0
10.47,10.47,2.10701,1.00469056e+06,30.0,0.0,9.336901,0.0,1.0689014,0.0,1.0143839,0.0,69.89519,2.0,,20.907299,,20.907299,20.907299,,12.420545,,0.05767729,362.48752,1.0,0.0,0.0,2001.0,10.47,,25.0,,,,Master only (1),10.5,,25.0,20.9079,20.9079,,69.89519,4.246997,-0.25225422,-0.4019075,188.1485,0.0,0.0,1.0
10.48,10.48,2.10701,1.00469056e+06,30.0,0.0,9.336768,0.0,1.0689497,0.0,1.014379,0.0,69.89198,2.0,,20.906681,,20.906681,20.906681,,12.420342,,0.05767823,362.47092,1.0,0.0,0.0,2001.0,10.48,,25.0,4.839236,4.550827,3.3322046,Matched (3),10.5,,25.0,20.9079,20.9079,,69.89198,4.246951,-0.25225422,-0.4019075,188.1485,0.0,0.0,1.0
10.49,10.49,2.10701,1.00469056e+06,30.0,0.0,9.336626,0.0,1.0689976,0.0,1.0143738,0.0,69.88855,2.0,,20.906017,,20.906017,20.906017,,12.420126,,0.057679236,362.4531,1.0,0.0,0.0,2001.0,10.49,,25.0,,,,Master only (1),10.5,,25.0,20.9079,20.9079,,69.88855,4.246902,-0.25225422,-0.4019075,188.1485,0.0,0.0,1.0
10.5,10.5,2.10701,1.00469056e+06,30.0,0.0,9.336487,0.0,1.0690457,0.0,1.0143687,0.0,69.885185,2.0,,20.905369,,20.905369,20.905369,,12.419914,,0.05768022,362.43567,1.0,0.0,0.0,2001.0,10.5,,25.0,,,,Master only (1),10.5,,25.0,20.9079,20.9079,,69.885185,4.246854,-0.25225422,-0.4019075,188.1485,0.0,0.0,1.0
10.51,10.51,2.10701,1.00469056e+06,30.0,0.0,9.336351,0.0,1.069094,0.0,1.0143636,0.0,69.88191,2.0,,20.904737,,20.904737,20.904737,,12.419707,,0.05768118,362.41867,1.0,0.0,0.0,2001.0,10.51,,25.0,,,,Master only (1),10.5,,25.0,20.9079,20.9079,,69.88191,4.2468066,-0.25225422,-0.4019075,188.1485,0.0,0.0,1.0
10.52,10.52,2.10701,1.00469056e+06,30.0,0.0,9.336229,0.0,1.0691426,0.0,1.0143591,0.0,69.87896,2.0,,20.904167,,20.904167,20.904167,,12.419521,,0.05768204,362.40338,1.0,0.0,0.0,2001.0,10.52,,25.0,,,,Master only (1),10.5,,25.0,20.9079,20.9079,,69.87896,4.2467647,-0.25225422,-0.4019075,188.1485,0.0,0.0,1.0
10.53,10.53,2.10701,1.00469056e+06,30.0,0.0,9.336087,0.0,1.0691905,0.0,1.0143539,0.0,69.87553,2.0,,20.903503,,20.903503,20.903503,,12.419305,,0.057683047,362.38556,1.0,0.0,0.0,2001.0,10.53,,25.0,,,,Master only (1),10.5,,25.0,20.9079,20.9079,,69.87553,4.2467155,-0.25225422,-0.4019075,188.1485,0.0,0.0,1.0
10.54,10.54,2.10701,1.00469056e+06,30.0,0.0,9.335942,0.0,1.0692383,0.0,1.0143485,0.0,69.872025,2.0,,20.902828,,20.902828,20.902828,,12.419084,,0.057684075,362.3674,1.0,0.0,0.0,2001.0,10.54,,25.0,,,,Master only (1),10.5,,25.0,20.9079,20.9079,,69.872025,4.2466655,-0.25225422,-0.4019075,188.1485,0.0,0.0,1.0
10.55,10.55,2.10701,1.00469056e+06,30.0,0.0,10.111432,0.0,1.0986991,0.0,1.0422448,0.0,90.40834,2.0,,24.683228,,24.683228,24.683228,,13.608111,,0.05264385,468.872,1.0,0.0,0.0,2001.0,10.55,,30.0,,,,Master only (1),10.6,,30.0,24.683228,24.683228,,90.40834,4.5043364,-0.11872289,-0.14461239,271.48306,0.0,0.0,1.0
10.56,10.56,2.10701,1.00469056e+06,30.0,0.0,10.11131,0.0,1.0987495,0.0,1.0422405,0.0,90.40482,2.0,,24.682608,,24.682608,24.682608,,13.6079235,,0.052644577,468.85376,1.0,0.0,0.0,2001.0,10.56,,30.0,,,,Master only (1),10.6,,30.0,24.683228,24.683228,,90.40482,4.5042977,-0.11872289,-0.14461239,271.48306,0.0,0.0,1.0
10.57,10.57,2.10701,1.00469056e+06,30.0,0.0,10.111197,0.0,1.0988003,0.0,1.0422366,0.0,90.40157,2.0,,24.682035,,24.682035,24.682035,,13.60775,,0.052645247,468.8369,1.0,0.0,0.0,2001.0,10.57,,30.0,,,,Master only (1),10.6,,30.0,24.683228,24.683228,,90.40157,4.5042615,-0.11872289,-0.14461239,271.48306,0.0,0.0,1.0
10.58,10.58,2.10701,1.00469056e+06,30.0,0.0,10.111085,0.0,1.0988511,0.0,1.0422326,0.0,90.39832,2.0,,24.681461,,24.681461,24.681461,,13.607576,,0.052645918,468.82004,1.0,0.0,0.0,2001.0,10.58,,30.0,5.0360236,4.827603,3.465736,Matched (3),10.6,,30.0,24.683228,24.683228,,90.39832,4.5042257,-0.11872289,-0.14461239,271.48306,0.0,0.0,1.0
10.59,10.59,2.10701,1.00469056e+06,30.0,0.0,10.11097,0.0,1.0989017,0.0,1.0422286,0.0,90.39499,2.0,,24.680876,,24.680876,24.680876,,13.607398,,0.052646607,468.80276,1.0,0.0,0.0,2001.0,10.59,,30.0,,,,Master only (1),10.6,,30.0,24.683228,24.683228,,90.39499,4.504189,-0.11872289,-0.14461239,271.48306,0.0,0.0,1.0
10.6,10.6,2.10701,1.00469056e+06,30.0,0.0,10.110861,0.0,1.0989527,0.0,1.0422248,0.0,90.39185,2.0,,24.680323,,24.680323,24.680323,,13.60723,,0.05264726,468.78647,1.0,0.0,0.0,2001.0,10.6,,30.0,,,,Master only (1),10.6,,30.0,24.683228,24.683228,,90.39185,4.504154,-0.11872289,-0.14461239,271.48306,0.0,0.0,1.0
10.61,10.61,2.10701,1.00469056e+06,30.0,0.0,10.110735,0.0,1.099003,0.0,1.0422204,0.0,90.388214,2.0,,24.679682,,24.679682,24.679682,,13.607037,,0.052648008,468.76764,1.0,0.0,0.0,2001.0,10.61,,30.0,,,,Master only (1),10.6,,30.0,24.683228,24.683228,,90.388214,4.5041137,-0.11872289,-0.14461239,271.48306,0.0,0.0,1.0
10.62,10.62,2.10701,1.00469056e+06,30.0,0.0,10.110622,0.0,1.0990537,0.0,1.0422164,0.0,90.38497,2.0,,24.67911,,24.67911,24.67911,,13.606863,,0.05264868,468.7508,1.0,0.0,0.0,2001.0,10.62,,30.0,4.603404,4.5500154,2.9957323,Matched (3),10.6,,30.0,24.683228,24.683228,,90.38497,4.504078,-0.11872289,-0.14461239,271.48306,0.0,0.0,1.0
10.63,10.63,2.10701,1.00469056e+06,30.0,0.0,10.110503,0.0,1.0991044,0.0,1.0422122,0.0,90.38153,2.0,,24.678503,,24.678503,24.678503,,13.606679,,0.05264939,468.73294,1.0,0.0,0.0,2001.0,10.63,,30.0,,,,Master only (1),10.6,,30.0,24.683228,24.683228,,90.38153,4.50404,-0.11872289,-0.14461239,271.48306,0.0,0.0,1.0
10.64,10.64,2.10701,1.00469056e+06,30.0,0.0,10.110384,0.0,1.099155,0.0,1.0422081,0.0,90.37809,2.0,,24.677898,,24.677898,24.677898,,13.606495,,0.0526501,468.71512,1.0,0.0,0.0,2001.0,10.64,,30.0,4.594455,4.563681,2.9957323,Matched (3),10.6,,30.0,24.683228,24.683228,,90.37809,4.504002,-0.11872289,-0.14461239,271.48306,0.0,0.0,1.0
10.65,10.65,2.10701,1.00469056e+06,30.0,0.0,10.110272,0.0,1.0992057,0.0,1.0422041,0.0,90.37486,2.0,,24.67733,,24.67733,24.67733,,13.606323,,0.05265077,468.6984,1.0,0.0,0.0,2001.0,10.65,,30.0,,,,Master only (1),10.6,,30.0,24.683228,24.683228,,90.37486,4.5039663,-0.11872289,-0.14461239,271.48306,0.0,0.0,1.0
10.66,10.66,2.10701,1.00469056e+06,30.0,0.0,13.444451,0.0,1.2111167,0.0,1.1482543,0.0,226.85829,2.0,,44.686222,,44.686222,44.686222,,18.861328,,0.037981596,1176.5231,1.0,0.0,0.0,2001.0,10.66,,56.0,4.682625,4.460151,3.1780539,Matched (3),10.7,,56.0,44.686222,44.686222,,226.85829,5.4243255,-0.25225422,0.77537674,402.16223,0.0,0.0,1.0
10.67,10.67,2.10701,1.00469056e+06,30.0,0.0,13.444389,0.0,1.2111753,0.0,1.1482525,0.0,226.8549,2.0,,44.685795,,44.685795,44.685795,,18.861229,,0.037981797,1176.5055,1.0,0.0,0.0,2001.0,10.67,,56.0,4.903363,3.7189705,3.3322046,Matched (3),10.7,,56.0,44.686222,44.686222,,226.8549,5.4243107,-0.25225422,0.77537674,402.16223,0.0,0.0,1.0
10.68,10.68,2.10701,1.00469056e+06,30.0,0.0,13.444324,0.0,1.2112339,0.0,1.1482506,0.0,226.85132,2.0,,44.685337,,44.685337,44.685337,,18.861124,,0.03798201,1176.4869,1.0,0.0,0.0,2001.0,10.68,,56.0,,,,Master only (1),10.7,,56.0,44.686222,44.686222,,226.85132,5.424295,-0.25225422,0.77537674,402.16223,0.0,0.0,1.0
10.69,10.69,2.10701,1.00469056e+06,30.0,0.0,13.444286,0.0,1.2112933,0.0,1.1482495,0.0,226.84929,2.0,,44.68508,,44.68508,44.68508,,18.861063,,0.037982132,1176.4764,1.0,0.0,0.0,2001.0,10.69,,56.0,,,,Master only (1),10.7,,56.0,44.686222,44.686222,,226.84929,5.424286,-0.25225422,0.77537674,402.16223,0.0,0.0,1.0
10.7,10.7,2.10701,1.00469056e+06,30.0,0.0,13.444225,0.0,1.211352,0.0,1.1482477,0.0,226.84596,2.0,,44.684658,,44.684658,44.684658,,18.860966,,0.037982326,1176.4592,1.0,0.0,0.0,2001.0,10.7,,56.0,,,,Master only (1),10.7,,56.0,44.686222,44.686222,,226.84596,5.424271,-0.25225422,0.77537674,402.16223,0.0,0.0,1.0
10.71,10.71,2.10701,1.00469056e+06,30.0,0.0,13.4441805,0.0,1.2114111,0.0,1.1482464,0.0,226.84352,2.0,,44.68435,,44.68435,44.68435,,18.860893,,0.03798247,1176.4467,1.0,0.0,0.0,2001.0,10.71,,56.0,,,,Master only (1),10.7,,56.0,44.686222,44.686222,,226.84352,5.4242606,-0.25225422,0.77537674,402.16223,0.0,0.0,1.0
10.72,10.72,2.10701,1.00469056e+06,30.0,0.0,13.444122,0.0,1.21147,0.0,1.1482447,0.0,226.84036,2.0,,44.683945,,44.683945,44.683945,,18.8608,,0.03798266,1176.43,1.0,0.0,0.0,2001.0,10.72,,56.0,,,,Master only (1),10.7,,56.0,44.686222,44.686222,,226.84036,5.4242463,-0.25225422,0.77537674,402.16223,0.0,0.0,1.0
10.73,10.73,2.10701,1.00469056e+06,30.0,0.0,13.444074,0.0,1.211529,0.0,1.1482433,0.0,226.8377,2.0,,44.68361,,44.68361,44.68361,,18.860722,,0.037982818,1176.4164,1.0,0.0,0.0,2001.0,10.73,,56.0,,,,Master only (1),10.7,,56.0,44.686222,44.686222,,226.8377,5.424235,-0.25225422,0.77537674,402.16223,0.0,0.0,1.0
10.74,10.74,2.10701,1.00469056e+06,30.0,0.0,13.44402,0.0,1.211588,0.0,1.1482418,0.0,226.8348,2.0,,44.68324,,44.68324,44.68324,,18.860636,,0.037982993,1176.4012,1.0,0.0,0.0,2001.0,10.74,,56.0,,,,Master only (1),10.7,,56.0,44.686222,44.686222,,226.8348,5.424222,-0.25225422,0.77537674,402.16223,0.0,0.0,1.0
10.75,10.75,2.10701,1.00469056e+06,30.0,0.0,0.0,0.0,0.0,0.0,0.0,0.0,0.0,3.0,,30.11589,,,,,,,,,0.0,0.0,0.0,0.0,10.75,,,,,,Master only (1),10.8,,,,,,0.0,,,,0.0,0.0,,0.0
10.76,10.76,2.10701,1.00469056e+06,30.0,0.0,0.0,0.0,0.0,0.0,0.0,0.0,0.0,3.0,,30.106665,,,,,,,,,0.0,0.0,0.0,0.0,10.76,,,,,,Master only (1),10.8,,,,,,0.0,,,,0.0,0.0,,0.0
10.77,10.77,2.10701,1.00469056e+06,30.0,0.0,0.0,0.0,0.0,0.0,0.0,0.0,0.0,3.0,,30.09745,,,,,,,,,0.0,0.0,0.0,0.0,10.77,,,,,,Master only (1),10.8,,,,,,0.0,,,,0.0,0.0,,0.0
10.78,10.78,2.10701,1.00469056e+06,30.0,0.0,0.0,0.0,0.0,0.0,0.0,0.0,0.0,3.0,,30.088232,,,,,,,,,0.0,0.0,0.0,0.0,10.78,,,,,,Master only (1),10.8,,,,,,0.0,,,,0.0,0.0,,0.0
10.79,10.79,2.10701,1.00469056e+06,30.0,0.0,0.0,0.0,0.0,0.0,0.0,0.0,0.0,3.0,,30.07901,,,,,,,,,0.0,0.0,0.0,0.0,10.79,,,,,,Master only (1),10.8,,,,,,0.0,,,,0.0,0.0,,0.0
10.8,10.8,2.10701,1.00469056e+06,30.0,0.0,0.0,0.0,0.0,0.0,0.0,0.0,0.0,3.0,,30.069796,,,,,,,,,0.0,0.0,0.0,0.0,10.8,,,,,,Master only (1),10.8,,,,,,0.0,,,,0.0,0.0,,0.0
10.81,10.81,2.10701,1.00469056e+06,30.0,0.0,0.0,0.0,0.0,0.0,0.0,0.0,0.0,3.0,,30.060583,,,,,,,,,0.0,0.0,0.0,0.0,10.81,,,,,,Master only (1),10.8,,,,,,0.0,,,,0.0,0.0,,0.0
10.82,10.82,2.10701,1.00469056e+06,30.0,0.0,0.0,0.0,0.0,0.0,0.0,0.0,0.0,3.0,,30.051382,,,,,,,,,0.0,0.0,0.0,0.0,10.82,,,,,,Master only (1),10.8,,,,,,0.0,,,,0.0,0.0,,0.0
10.83,10.83,2.10701,1.00469056e+06,30.0,0.0,0.0,0.0,0.0,0.0,0.0,0.0,0.0,3.0,,30.042171,,,,,,,,,0.0,0.0,0.0,0.0,10.83,,,,,,Master only (1),10.8,,,,,,0.0,,,,0.0,0.0,,0.0
10.84,10.84,2.10701,1.00469056e+06,30.0,0.0,0.0,0.0,0.0,0.0,0.0,0.0,0.0,3.0,,30.032969,,,,,,,,,0.0,0.0,0.0,0.0,10.84,,,,,,Master only (1),10.8,,,,,,0.0,,,,0.0,0.0,,0.0
10.85,10.85,2.10701,1.00469056e+06,30.0,0.0,8.308101,0.0,1.0292586,0.0,0.9749089,0.0,47.943016,2.0,,16.393469,,16.393469,16.393469,,10.865401,,0.06593253,248.64008,1.0,0.0,0.0,2001.0,10.85,,19.0,,,,Master only (1),10.9,,19.0,16.393469,16.393469,,47.943016,3.8700132,-0.694087,-0.7789355,180.2899,0.0,0.0,1.0
10.86,10.86,2.10701,1.00469056e+06,30.0,0.0,8.307923,0.0,1.0293026,0.0,0.9749018,0.0,47.93971,2.0,,16.39274,,16.39274,16.39274,,10.865135,,0.065934144,248.62294,1.0,0.0,0.0,2001.0,10.86,,19.0,,,,Master only (1),10.9,,19.0,16.393469,16.393469,,47.93971,3.869944,-0.694087,-0.7789355,180.2899,0.0,0.0,1.0
10.87,10.87,2.10701,1.00469056e+06,30.0,0.0,8.307752,0.0,1.0293468,0.0,0.97489494,0.0,47.936512,2.0,,16.392035,,16.392035,16.392035,,10.864878,,0.0659357,248.60635,1.0,0.0,0.0,2001.0,10.87,,19.0,4.500111,3.4326828,2.8903718,Matched (3),10.9,,19.0,16.393469,16.393469,,47.936512,3.8698776,-0.694087,-0.7789355,180.2899,0.0,0.0,1.0
10.88,10.88,2.10701,1.00469056e+06,30.0,0.0,8.307591,0.0,1.0293915,0.0,0.97488856,0.0,47.933525,2.0,,16.391376,,16.391376,16.391376,,10.864638,,0.065937154,248.5909,1.0,0.0,0.0,2001.0,10.88,,19.0,,,,Master only (1),10.9,,19.0,16.393469,16.393469,,47.933525,3.869815,-0.694087,-0.7789355,180.2899,0.0,0.0,1.0
10.89,10.89,2.10701,1.00469056e+06,30.0,0.0,8.307423,0.0,1.0294359,0.0,0.9748818,0.0,47.93038,2.0,,16.390682,,16.390682,16.390682,,10.864385,,0.065938696,248.57455,1.0,0.0,0.0,2001.0,10.89,,19.0,,,,Master only (1),10.9,,19.0,16.393469,16.393469,,47.93038,3.8697495,-0.694087,-0.7789355,180.2899,0.0,0.0,1.0
10.9,10.9,2.10701,1.00469056e+06,30.0,0.0,8.307253,0.0,1.0294802,0.0,0.97487503,0.0,47.92722,2.0,,16.389984,,16.389984,16.389984,,10.864131,,0.06594024,248.55815,1.0,0.0,0.0,2001.0,10.9,,19.0,,,,Master only (1),10.9,,19.0,16.393469,16.393469,,47.92722,3.8696835,-0.694087,-0.7789355,180.2899,0.0,0.0,1.0
10.91,10.91,2.10701,1.00469056e+06,30.0,0.0,8.307081,0.0,1.0295244,0.0,0.9748682,0.0,47.92402,2.0,,16.389278,,16.389278,16.389278,,10.8638735,,0.065941796,248.54158,1.0,0.0,0.0,2001.0,10.91,,19.0,,,,Master only (1),10.9,,19.0,16.393469,16.393469,,47.92402,3.8696167,-0.694087,-0.7789355,180.2899,0.0,0.0,1.0
10.92,10.92,2.10701,1.00469056e+06,30.0,0.0,8.306915,0.0,1.0295689,0.0,0.97486156,0.0,47.92093,2.0,,16.388597,,16.388597,16.388597,,10.863625,,0.06594331,248.52556,1.0,0.0,0.0,2001.0,10.92,,19.0,,,,Master only (1),10.9,,19.0,16.393469,16.393469,,47.92093,3.8695524,-0.694087,-0.7789355,180.2899,0.0,0.0,1.0
10.93,10.93,2.10701,1.00469056e+06,30.0,0.0,8.306747,0.0,1.0296134,0.0,0.9748549,0.0,47.9178,2.0,,16.387907,,16.387907,16.387907,,10.863373,,0.065944836,248.50934,1.0,0.0,0.0,2001.0,10.93,,19.0,,,,Master only (1),10.9,,19.0,16.393469,16.393469,,47.9178,3.869487,-0.694087,-0.7789355,180.2899,0.0,0.0,1.0
10.94,10.94,2.10701,1.00469056e+06,30.0,0.0,8.306591,0.0,1.0296582,0.0,0.9748486,0.0,47.91489,2.0,,16.387264,,16.387264,16.387264,,10.863139,,0.06594626,248.49422,1.0,0.0,0.0,2001.0,10.94,,19.0,,,,Master only (1),10.9,,19.0,16.393469,16.393469,,47.91489,3.8694263,-0.694087,-0.7789355,180.2899,0.0,0.0,1.0
10.95,10.95,2.10701,1.00469056e+06,30.0,0.0,8.30642,0.0,1.0297025,0.0,0.97484183,0.0,47.91171,2.0,,16.386562,,16.386562,16.386562,,10.862883,,0.065947816,248.4777,1.0,0.0,0.0,2001.0,10.95,,19.0,,,,Master only (1),10.9,,19.0,16.393469,16.393469,,47.91171,3.86936,-0.694087,-0.7789355,180.2899,0.0,0.0,1.0
10.96,10.96,2.10701,1.00469056e+06,30.0,0.0,0.0,0.0,0.0,0.0,0.0,0.0,0.0,3.0,,29.92276,,,,,,,,,0.0,0.0,0.0,0.0,10.96,,,,,,Master only (1),11.0,,,,,,0.0,,,,0.0,0.0,,0.0
10.97,10.97,2.10701,1.00469056e+06,30.0,0.0,0.0,0.0,0.0,0.0,0.0,0.0,0.0,3.0,,29.913593,,,,,,,,,0.0,0.0,0.0,0.0,10.97,,,,,,Master only (1),11.0,,,,,,0.0,,,,0.0,0.0,,0.0
10.98,10.98,2.10701,1.00469056e+06,30.0,0.0,0.0,0.0,0.0,0.0,0.0,0.0,0.0,3.0,,29.904432,,,,,,,,,0.0,0.0,0.0,0.0,10.98,,,,,,Master only (1),11.0,,,,,,0.0,,,,0.0,0.0,,0.0
10.99,10.99,2.10701,1.00469056e+06,30.0,0.0,0.0,0.0,0.0,0.0,0.0,0.0,0.0,3.0,,29.89527,,,,,,,,,0.0,0.0,0.0,0.0,10.99,,,,,,Master only (1),11.0,,,,,,0.0,,,,0.0,0.0,,0.0
11.0,11.0,2.10701,1.00469056e+06,30.0,0.0,0.0,0.0,0.0,0.0,0.0,0.0,0.0,3.0,,29.886112,,,,,,,,,0.0,0.0,0.0,0.0,11.0,,,,,,Master only (1),11.0,,,,,,0.0,,,,0.0,0.0,,0.0
11.01,11.01,2.10701,1.00469056e+06,30.0,0.0,0.0,0.0,0.0,0.0,0.0,0.0,0.0,3.0,,29.876957,,,,,,,,,0.0,0.0,0.0,0.0,11.01,,,,,,Master only (1),11.0,,,,,,0.0,,,,0.0,0.0,,0.0
11.02,11.02,2.10701,1.00469056e+06,30.0,0.0,0.0,0.0,0.0,0.0,0.0,0.0,0.0,3.0,,29.867804,,,,,,,,,0.0,0.0,0.0,0.0,11.02,,,,,,Master only (1),11.0,,,,,,0.0,,,,0.0,0.0,,0.0
11.03,11.03,2.10701,1.00469056e+06,30.0,0.0,0.0,0.0,0.0,0.0,0.0,0.0,0.0,3.0,,29.85865,,,,,,,,,0.0,0.0,0.0,0.0,11.03,,,,,,Master only (1),11.0,,,,,,0.0,,,,0.0,0.0,,0.0
11.04,11.04,2.10701,1.00469056e+06,30.0,0.0,0.0,0.0,0.0,0.0,0.0,0.0,0.0,3.0,,29.849506,,,,,,,,,0.0,0.0,0.0,0.0,11.04,,,,,,Master only (1),11.0,,,,,,0.0,,,,0.0,0.0,,0.0
11.05,11.05,2.10701,1.00469056e+06,30.0,0.0,9.329063,0.0,1.0716997,0.0,1.0140944,0.0,69.70592,2.0,,20.870754,,20.870754,20.870754,,12.4086,,0.057732813,361.50592,1.0,0.0,0.0,2001.0,11.05,,25.0,,,,Master only (1),11.1,,25.0,20.870754,20.870754,,69.70592,4.244285,-0.73182726,-0.40466362,229.54364,0.0,0.0,1.0
11.06,11.06,2.10701,1.00469056e+06,30.0,0.0,9.328928,0.0,1.071748,0.0,1.0140893,0.0,69.702644,2.0,,20.870123,,20.870123,20.870123,,12.408393,,0.057733774,361.48898,1.0,0.0,0.0,2001.0,11.06,,25.0,,,,Master only (1),11.1,,25.0,20.870754,20.870754,,69.702644,4.2442384,-0.73182726,-0.40466362,229.54364,0.0,0.0,1.0
11.07,11.07,2.10701,1.00469056e+06,30.0,0.0,9.32879,0.0,1.0717962,0.0,1.0140842,0.0,69.69931,2.0,,20.869478,,20.869478,20.869478,,12.408182,,0.057734754,361.47168,1.0,0.0,0.0,2001.0,11.07,,25.0,,,,Master only (1),11.1,,25.0,20.870754,20.870754,,69.69931,4.24419,-0.73182726,-0.40466362,229.54364,0.0,0.0,1.0
11.08,11.08,2.10701,1.00469056e+06,30.0,0.0,9.32865,0.0,1.0718445,0.0,1.0140791,0.0,69.69595,2.0,,20.86883,,20.86883,20.86883,,12.40797,,0.05773574,361.45425,1.0,0.0,0.0,2001.0,11.08,,25.0,,,,Master only (1),11.1,,25.0,20.870754,20.870754,,69.69595,4.244142,-0.73182726,-0.40466362,229.54364,0.0,0.0,1.0
11.09,11.09,2.10701,1.00469056e+06,30.0,0.0,9.328519,0.0,1.0718929,0.0,1.0140742,0.0,69.69278,2.0,,20.868217,,20.868217,20.868217,,12.407769,,0.057736676,361.4378,1.0,0.0,0.0,2001.0,11.09,,25.0,,,,Master only (1),11.1,,25.0,20.870754,20.870754,,69.69278,4.2440968,-0.73182726,-0.40466362,229.54364,0.0,0.0,1.0
11.1,11.1,2.10701,1.00469056e+06,30.0,0.0,9.328393,0.0,1.0719415,0.0,1.0140696,0.0,69.689735,2.0,,20.86763,,20.86763,20.86763,,12.4075775,,0.05773757,361.42203,1.0,0.0,0.0,2001.0,11.1,,25.0,,,,Master only (1),11.1,,25.0,20.870754,20.870754,,69.689735,4.244053,-0.73182726,-0.40466362,229.54364,0.0,0.0,1.0
11.11,11.11,2.10701,1.00469056e+06,30.0,0.0,9.328258,0.0,1.0719898,0.0,1.0140646,0.0,69.68647,2.0,,20.866999,,20.866999,20.866999,,12.4073715,,0.057738528,361.4051,1.0,0.0,0.0,2001.0,11.11,,25.0,,,,Master only (1),11.1,,25.0,20.870754,20.870754,,69.68647,4.244006,-0.73182726,-0.40466362,229.54364,0.0,0.0,1.0
11.12,11.12,2.10701,1.00469056e+06,30.0,0.0,9.328115,0.0,1.0720378,0.0,1.0140593,0.0,69.683044,2.0,,20.866337,,20.866337,20.866337,,12.407155,,0.057739533,361.38736,1.0,0.0,0.0,2001.0,11.12,,25.0,,,,Master only (1),11.1,,25.0,20.870754,20.870754,,69.683044,4.243957,-0.73182726,-0.40466362,229.54364,0.0,0.0,1.0
11.13,11.13,2.10701,1.00469056e+06,30.0,0.0,9.32798,0.0,1.0720862,0.0,1.0140543,0.0,69.67978,2.0,,20.865705,,20.865705,20.865705,,12.406948,,0.0577405,361.37036,1.0,0.0,0.0,2001.0,11.13,,25.0,4.2809777,4.355477,2.676445,Matched (3),11.1,,25.0,20.870754,20.870754,,69.67978,4.2439103,-0.73182726,-0.40466362,229.54364,0.0,0.0,1.0
11.14,11.14,2.10701,1.00469056e+06,30.0,0.0,9.327854,0.0,1.0721349,0.0,1.0140496,0.0,69.67674,2.0,,20.865118,,20.865118,20.865118,,12.406756,,0.05774139,361.3546,1.0,0.0,0.0,2001.0,11.14,,25.0,4.457187,4.446796,2.8526316,Matched (3),11.1,,25.0,20.870754,20.870754,,69.67674,4.2438664,-0.73182726,-0.40466362,229.54364,0.0,0.0,1.0
11.15,11.15,2.10701,1.00469056e+06,30.0,0.0,9.327712,0.0,1.0721829,0.0,1.0140444,0.0,69.67332,2.0,,20.864456,,20.864456,20.864456,,12.40654,,0.0577424,361.33685,1.0,0.0,0.0,2001.0,11.15,,25.0,,,,Master only (1),11.1,,25.0,20.870754,20.870754,,69.67332,4.2438173,-0.73182726,-0.40466362,229.54364,0.0,0.0,1.0
11.16,11.16,2.10701,1.00469056e+06,30.0,0.0,8.829529,0.0,1.052412,0.0,0.9952958,0.0,58.35672,2.0,,18.609959,,18.609959,18.609959,,11.6502905,,0.0614906,302.64722,1.0,0.0,0.0,2001.0,11.16,,22.0,,,,Master only (1),11.2,,22.0,18.609959,18.609959,,58.35672,4.0665746,-0.694087,-0.58237416,167.46597,0.0,0.0,1.0
11.17,11.17,2.10701,1.00469056e+06,30.0,0.0,8.829379,0.0,1.0524586,0.0,0.9952901,0.0,58.353523,2.0,,18.6093,,18.6093,18.6093,,11.650064,,0.061491795,302.6306,1.0,0.0,0.0,2001.0,11.17,,22.0,,,,Master only (1),11.2,,22.0,18.609959,18.609959,,58.353523,4.0665197,-0.694087,-0.58237416,167.46597,0.0,0.0,1.0
11.18,11.18,2.10701,1.00469056e+06,30.0,0.0,8.829226,0.0,1.052505,0.0,0.9952842,0.0,58.350246,2.0,,18.608627,,18.608627,18.608627,,11.649832,,0.06149302,302.61365,1.0,0.0,0.0,2001.0,11.18,,22.0,,,,Master only (1),11.2,,22.0,18.609959,18.609959,,58.350246,4.0664635,-0.694087,-0.58237416,167.46597,0.0,0.0,1.0
11.19,11.19,2.10701,1.00469056e+06,30.0,0.0,8.829085,0.0,1.052552,0.0,0.99527884,0.0,58.347256,2.0,,18.608011,,18.608011,18.608011,,11.64962,,0.061494138,302.59814,1.0,0.0,0.0,2001.0,11.19,,22.0,,,,Master only (1),11.2,,22.0,18.609959,18.609959,,58.347256,4.0664124,-0.694087,-0.58237416,167.46597,0.0,0.0,1.0
11.2,11.2,2.10701,1.00469056e+06,30.0,0.0,8.828928,0.0,1.0525982,0.0,0.9952728,0.0,58.3439,2.0,,18.60732,,18.60732,18.60732,,11.649383,,0.061495394,302.58072,1.0,0.0,0.0,2001.0,11.2,,22.0,,,,Master only (1),11.2,,22.0,18.609959,18.609959,,58.3439,4.0663548,-0.694087,-0.58237416,167.46597,0.0,0.0,1.0
11.21,11.21,2.10701,1.00469056e+06,30.0,0.0,8.828784,0.0,1.052645,0.0,0.9952673,0.0,58.340824,2.0,,18.606688,,18.606688,18.606688,,11.649164,,0.061496545,302.56476,1.0,0.0,0.0,2001.0,11.21,,22.0,4.279931,4.203149,2.7725887,Matched (3),11.2,,22.0,18.609959,18.609959,,58.340824,4.0663023,-0.694087,-0.58237416,167.46597,0.0,0.0,1.0
11.22,11.22,2.10701,1.00469056e+06,30.0,0.0,8.828629,0.0,1.0526913,0.0,0.9952613,0.0,58.33751,2.0,,18.606005,,18.606005,18.606005,,11.64893,,0.061497785,302.54755,1.0,0.0,0.0,2001.0,11.22,,22.0,4.5663643,3.6547093,2.8903718,Matched (3),11.2,,22.0,18.609959,18.609959,,58.33751,4.066245,-0.694087,-0.58237416,167.46597,0.0,0.0,1.0
11.23,11.23,2.10701,1.00469056e+06,30.0,0.0,8.828484,0.0,1.0527381,0.0,0.99525577,0.0,58.334415,2.0,,18.60537,,18.60537,18.60537,,11.64871,,0.061498944,302.53152,1.0,0.0,0.0,2001.0,11.23,,22.0,4.1638455,4.2659235,2.5494452,Matched (3),11.2,,22.0,18.609959,18.609959,,58.334415,4.066192,-0.694087,-0.58237416,167.46597,0.0,0.0,1.0
11.24,11.24,2.10701,1.00469056e+06,30.0,0.0,8.828328,0.0,1.0527844,0.0,0.9952498,0.0,58.331097,2.0,,18.604687,,18.604687,18.604687,,11.648476,,0.06150018,302.51434,1.0,0.0,0.0,2001.0,11.24,,22.0,,,,Master only (1),11.2,,22.0,18.609959,18.609959,,58.331097,4.0661354,-0.694087,-0.58237416,167.46597,0.0,0.0,1.0
11.25,11.25,2.10701,1.00469056e+06,30.0,0.0,0.0,0.0,0.0,0.0,0.0,0.0,0.0,3.0,,29.658077,,,,,,,,,0.0,0.0,0.0,0.0,11.25,,,,,,Master only (1),11.3,,,,,,0.0,,,,0.0,0.0,,0.0
11.26,11.26,2.10701,1.00469056e+06,30.0,0.0,0.0,0.0,0.0,0.0,0.0,0.0,0.0,3.0,,29.648993,,,,,,,,,0.0,0.0,0.0,0.0,11.26,,,,,,Master only (1),11.3,,,,,,0.0,,,,0.0,0.0,,0.0
11.27,11.27,2.10701,1.00469056e+06,30.0,0.0,0.0,0.0,0.0,0.0,0.0,0.0,0.0,3.0,,29.63991,,,,,,,,,0.0,0.0,0.0,0.0,11.27,,,,,,Master only (1),11.3,,,,,,0.0,,,,0.0,0.0,,0.0
11.28,11.28,2.10701,1.00469056e+06,30.0,0.0,0.0,0.0,0.0,0.0,0.0,0.0,0.0,3.0,,29.630827,,,,,,,,,0.0,0.0,0.0,0.0,11.28,,,,,,Master only (1),11.3,,,,,,0.0,,,,0.0,0.0,,0.0
11.29,11.29,2.10701,1.00469056e+06,30.0,0.0,0.0,0.0,0.0,0.0,0.0,0.0,0.0,3.0,,29.621748,,,,,,,,,0.0,0.0,0.0,0.0,11.29,,,,,,Master only (1),11.3,,,,,,0.0,,,,0.0,0.0,,0.0
11.3,11.3,2.10701,1.00469056e+06,30.0,0.0,0.0,0.0,0.0,0.0,0.0,0.0,0.0,3.0,,29.612686,,,,,,,,,0.0,0.0,0.0,0.0,11.3,,,,,,Master only (1),11.3,,,,,,0.0,,,,0.0,0.0,,0.0
11.31,11.31,2.10701,1.00469056e+06,30.0,0.0,0.0,0.0,0.0,0.0,0.0,0.0,0.0,3.0,,29.60361,,,,,,,,,0.0,0.0,0.0,0.0,11.31,,,,,,Master only (1),11.3,,,,,,0.0,,,,0.0,0.0,,0.0
11.32,11.32,2.10701,1.00469056e+06,30.0,0.0,0.0,0.0,0.0,0.0,0.0,0.0,0.0,3.0,,29.59454,,,,,,,,,0.0,0.0,0.0,0.0,11.32,,,,,,Master only (1),11.3,,,,,,0.0,,,,0.0,0.0,,0.0
11.33,11.33,2.10701,1.00469056e+06,30.0,0.0,0.0,0.0,0.0,0.0,0.0,0.0,0.0,3.0,,29.58547,,,,,,,,,0.0,0.0,0.0,0.0,11.33,,,,,,Master only (1),11.3,,,,,,0.0,,,,0.0,0.0,,0.0
11.34,11.34,2.10701,1.00469056e+06,30.0,0.0,0.0,0.0,0.0,0.0,0.0,0.0,0.0,3.0,,29.576414,,,,,,,,,0.0,0.0,0.0,0.0,11.34,,,,,,Master only (1),11.3,,,,,,0.0,,,,0.0,0.0,,0.0
11.35,11.35,2.10701,1.00469056e+06,30.0,0.0,0.0,0.0,0.0,0.0,0.0,0.0,0.0,3.0,,29.567348,,,,,,,,,0.0,0.0,0.0,0.0,11.35,,,,,,Master only (1),11.4,,,,,,0.0,,,,0.0,0.0,,0.0
11.36,11.36,2.10701,1.00469056e+06,30.0,0.0,0.0,0.0,0.0,0.0,0.0,0.0,0.0,3.0,,29.558296,,,,,,,,,0.0,0.0,0.0,0.0,11.36,,,,,,Master only (1),11.4,,,,,,0.0,,,,0.0,0.0,,0.0
11.37,11.37,2.10701,1.00469056e+06,30.0,0.0,0.0,0.0,0.0,0.0,0.0,0.0,0.0,3.0,,29.54924,,,,,,,,,0.0,0.0,0.0,0.0,11.37,,,,,,Master only (1),11.4,,,,,,0.0,,,,0.0,0.0,,0.0
11.38,11.38,2.10701,1.00469056e+06,30.0,0.0,0.0,0.0,0.0,0.0,0.0,0.0,0.0,3.0,,29.540195,,,,,,,,,0.0,0.0,0.0,0.0,11.38,,,,,,Master only (1),11.4,,,,,,0.0,,,,0.0,0.0,,0.0
11.39,11.39,2.10701,1.00469056e+06,30.0,0.0,0.0,0.0,0.0,0.0,0.0,0.0,0.0,3.0,,29.531136,,,,,,,,,0.0,0.0,0.0,0.0,11.39,,,,,,Master only (1),11.4,,,,,,0.0,,,,0.0,0.0,,0.0
11.4,11.4,2.10701,1.00469056e+06,30.0,0.0,0.0,0.0,0.0,0.0,0.0,0.0,0.0,3.0,,29.522095,,,,,,,,,0.0,0.0,0.0,0.0,11.4,,,,,,Master only (1),11.4,,,,,,0.0,,,,0.0,0.0,,0.0
11.41,11.41,2.10701,1.00469056e+06,30.0,0.0,0.0,0.0,0.0,0.0,0.0,0.0,0.0,3.0,,29.513042,,,,,,,,,0.0,0.0,0.0,0.0,11.41,,,,,,Master only (1),11.4,,,,,,0.0,,,,0.0,0.0,,0.0
11.42,11.42,2.10701,1.00469056e+06,30.0,0.0,0.0,0.0,0.0,0.0,0.0,0.0,0.0,3.0,,29.504011,,,,,,,,,0.0,0.0,0.0,0.0,11.42,,,,,,Master only (1),11.4,,,,,,0.0,,,,0.0,0.0,,0.0
11.43,11.43,2.10701,1.00469056e+06,30.0,0.0,0.0,0.0,0.0,0.0,0.0,0.0,0.0,3.0,,29.494974,,,,,,,,,0.0,0.0,0.0,0.0,11.43,,,,,,Master only (1),11.4,,,,,,0.0,,,,0.0,0.0,,0.0
11.44,11.44,2.10701,1.00469056e+06,30.0,0.0,0.0,0.0,0.0,0.0,0.0,0.0,0.0,3.0,,29.485945,,,,,,,,,0.0,0.0,0.0,0.0,11.44,,,,,,Master only (1),11.4,,,,,,0.0,,,,0.0,0.0,,0.0
11.45,11.45,2.10701,1.00469056e+06,30.0,0.0,0.0,0.0,0.0,0.0,0.0,0.0,0.0,3.0,,29.476898,,,,,,,,,0.0,0.0,0.0,0.0,11.45,,,,,,Master only (1),11.4,,,,,,0.0,,,,0.0,0.0,,0.0
11.46,11.46,2.10701,1.00469056e+06,30.0,0.0,9.950438,0.0,1.097703,0.0,1.0365727,0.0,85.841965,2.0,,23.871521,,23.871521,23.871521,,13.360135,,0.053620968,445.19003,1.0,0.0,0.0,2001.0,11.46,,29.0,,,,Master only (1),11.5,,29.0,23.871521,23.871521,,85.841965,4.452508,-0.7512455,-0.19644077,214.82353,0.0,0.0,1.0
11.47,11.47,2.10701,1.00469056e+06,30.0,0.0,9.950326,0.0,1.0977536,0.0,1.0365688,0.0,85.83885,2.0,,23.870964,,23.870964,23.870964,,13.359963,,0.053621657,445.17392,1.0,0.0,0.0,2001.0,11.47,,29.0,4.4220514,3.3690078,2.8332133,Matched (3),11.5,,29.0,23.871521,23.871521,,85.83885,4.4524717,-0.7512455,-0.19644077,214.82353,0.0,0.0,1.0
11.48,11.48,2.10701,1.00469056e+06,30.0,0.0,9.950218,0.0,1.0978045,0.0,1.036565,0.0,85.83585,2.0,,23.870424,,23.870424,23.870424,,13.3597975,,0.05362232,445.15836,1.0,0.0,0.0,2001.0,11.48,,29.0,,,,Master only (1),11.5,,29.0,23.871521,23.871521,,85.83585,4.452437,-0.7512455,-0.19644077,214.82353,0.0,0.0,1.0
11.49,11.49,2.10701,1.00469056e+06,30.0,0.0,9.950097,0.0,1.0978549,0.0,1.0365607,0.0,85.83248,2.0,,23.86982,,23.86982,23.86982,,13.359611,,0.053623073,445.14084,1.0,0.0,0.0,2001.0,11.49,,29.0,,,,Master only (1),11.5,,29.0,23.871521,23.871521,,85.83248,4.4523973,-0.7512455,-0.19644077,214.82353,0.0,0.0,1.0
11.5,11.5,2.10701,1.00469056e+06,30.0,0.0,9.949983,0.0,1.0979055,0.0,1.0365566,0.0,85.82929,2.0,,23.869247,,23.869247,23.869247,,13.359435,,0.053623777,445.12433,1.0,0.0,0.0,2001.0,11.5,,29.0,,,,Master only (1),11.5,,29.0,23.871521,23.871521,,85.82929,4.45236,-0.7512455,-0.19644077,214.82353,0.0,0.0,1.0
11.51,11.51,2.10701,1.00469056e+06,30.0,0.0,9.9498825,0.0,1.0979565,0.0,1.036553,0.0,85.8265,2.0,,23.868748,,23.868748,23.868748,,13.359281,,0.053624395,445.10986,1.0,0.0,0.0,2001.0,11.51,,29.0,,,,Master only (1),11.5,,29.0,23.871521,23.871521,,85.8265,4.4523277,-0.7512455,-0.19644077,214.82353,0.0,0.0,1.0
11.52,11.52,2.10701,1.00469056e+06,30.0,0.0,9.949764,0.0,1.0980071,0.0,1.0365489,0.0,85.823204,2.0,,23.868156,,23.868156,23.868156,,13.359098,,0.05362513,445.09274,1.0,0.0,0.0,2001.0,11.52,,29.0,,,,Master only (1),11.5,,29.0,23.871521,23.871521,,85.823204,4.4522896,-0.7512455,-0.19644077,214.82353,0.0,0.0,1.0
11.53,11.53,2.10701,1.00469056e+06,30.0,0.0,9.9496565,0.0,1.098058,0.0,1.036545,0.0,85.820206,2.0,,23.867617,,23.867617,23.867617,,13.358933,,0.05362579,445.0772,1.0,0.0,0.0,2001.0,11.53,,29.0,,,,Master only (1),11.5,,29.0,23.871521,23.871521,,85.820206,4.4522543,-0.7512455,-0.19644077,214.82353,0.0,0.0,1.0
11.54,11.54,2.10701,1.00469056e+06,30.0,0.0,9.949539,0.0,1.0981084,0.0,1.0365409,0.0,85.81694,2.0,,23.867031,,23.867031,23.867031,,13.358752,,0.05362652,445.06024,1.0,0.0,0.0,2001.0,11.54,,29.0,,,,Master only (1),11.5,,29.0,23.871521,23.871521,,85.81694,4.4522166,-0.7512455,-0.19644077,214.82353,0.0,0.0,1.0
11.55,11.55,2.10701,1.00469056e+06,30.0,0.0,9.949428,0.0,1.0981592,0.0,1.0365369,0.0,85.81383,2.0,,23.866474,,23.866474,23.866474,,13.358581,,0.053627208,445.04413,1.0,0.0,0.0,2001.0,11.55,,29.0,4.374185,4.3844643,2.7725887,Matched (3),11.6,,29.0,23.866474,23.866474,,85.81383,4.4521804,-0.8118701,-0.19676836,262.50052,0.0,0.0,1.0
11.56,11.56,2.10701,1.00469056e+06,30.0,0.0,9.949333,0.0,1.0982106,0.0,1.0365336,0.0,85.8112,2.0,,23.866001,,23.866001,23.866001,,13.358436,,0.05362779,445.0305,1.0,0.0,0.0,2001.0,11.56,,29.0,,,,Master only (1),11.6,,29.0,23.866474,23.866474,,85.8112,4.4521494,-0.8118701,-0.19676836,262.50052,0.0,0.0,1.0
11.57,11.57,2.10701,1.00469056e+06,30.0,0.0,9.949223,0.0,1.0982612,0.0,1.0365297,0.0,85.80812,2.0,,23.86545,,23.86545,23.86545,,13.358266,,0.05362847,445.01456,1.0,0.0,0.0,2001.0,11.57,,29.0,,,,Master only (1),11.6,,29.0,23.866474,23.866474,,85.80812,4.4521136,-0.8118701,-0.19676836,262.50052,0.0,0.0,1.0
11.58,11.58,2.10701,1.00469056e+06,30.0,0.0,9.949101,0.0,1.0983117,0.0,1.0365254,0.0,85.80475,2.0,,23.864843,,23.864843,23.864843,,13.358079,,0.05362922,444.99704,1.0,0.0,0.0,2001.0,11.58,,29.0,,,,Master only (1),11.6,,29.0,23.866474,23.866474,,85.80475,4.4520745,-0.8118701,-0.19676836,262.50052,0.0,0.0,1.0
11.59,11.59,2.10701,1.00469056e+06,30.0,0.0,9.9489765,0.0,1.0983618,0.0,1.036521,0.0,85.80127,2.0,,23.86422,,23.86422,23.86422,,13.357887,,0.05362999,444.979,1.0,0.0,0.0,2001.0,11.59,,29.0,,,,Master only (1),11.6,,29.0,23.866474,23.866474,,85.80127,4.452034,-0.8118701,-0.19676836,262.50052,0.0,0.0,1.0
11.6,11.6,2.10701,1.00469056e+06,30.0,0.0,9.948866,0.0,1.0984126,0.0,1.036517,0.0,85.79819,2.0,,23.863667,,23.863667,23.863667,,13.357717,,0.053630676,444.963,1.0,0.0,0.0,2001.0,11.6,,29.0,,,,Master only (1),11.6,,29.0,23.866474,23.866474,,85.79819,4.4519978,-0.8118701,-0.19676836,262.50052,0.0,0.0,1.0
11.61,11.61,2.10701,1.00469056e+06,30.0,0.0,9.948751,0.0,1.0984633,0.0,1.036513,0.0,85.795,2.0,,23.863094,,23.863094,23.863094,,13.357541,,0.05363138,444.9465,1.0,0.0,0.0,2001.0,11.61,,29.0,,,,Master only (1),11.6,,29.0,23.866474,23.866474,,85.795,4.4519606,-0.8118701,-0.19676836,262.50052,0.0,0.0,1.0
11.62,11.62,2.10701,1.00469056e+06,30.0,0.0,9.948644,0.0,1.0985142,0.0,1.0365092,0.0,85.792,2.0,,23.862556,,23.862556,23.862556,,13.357375,,0.053632047,444.93094,1.0,0.0,0.0,2001.0,11.62,,29.0,,,,Master only (1),11.6,,29.0,23.866474,23.866474,,85.792,4.4519258,-0.8118701,-0.19676836,262.50052,0.0,0.0,1.0
11.63,11.63,2.10701,1.00469056e+06,30.0,0.0,9.948532,0.0,1.0985649,0.0,1.0365052,0.0,85.788895,2.0,,23.862,,23.862,23.862,,13.3572035,,0.053632736,444.91483,1.0,0.0,0.0,2001.0,11.63,,29.0,,,,Master only (1),11.6,,29.0,23.866474,23.866474,,85.788895,4.4518895,-0.8118701,-0.19676836,262.50052,0.0,0.0,1.0
11.64,11.64,2.10701,1.00469056e+06,30.0,0.0,9.948411,0.0,1.0986153,0.0,1.0365009,0.0,85.78552,2.0,,23.861393,,23.861393,23.861393,,13.357017,,0.053633485,444.8973,1.0,0.0,0.0,2001.0,11.64,,29.0,,,,Master only (1),11.6,,29.0,23.866474,23.866474,,85.78552,4.4518504,-0.8118701,-0.19676836,262.50052,0.0,0.0,1.0
11.65,11.65,2.10701,1.00469056e+06,30.0,0.0,9.948294,0.0,1.0986658,0.0,1.0364968,0.0,85.78226,2.0,,23.860807,,23.860807,23.860807,,13.356836,,0.05363421,444.88037,1.0,0.0,0.0,2001.0,11.65,,29.0,,,,Master only (1),11.6,,29.0,23.866474,23.866474,,85.78226,4.4518123,-0.8118701,-0.19676836,262.50052,0.0,0.0,1.0
11.66,11.66,2.10701,1.00469056e+06,30.0,0.0,9.639599,0.0,1.0870082,0.0,1.0254476,0.0,77.48031,2.0,,22.344213,,22.344213,22.344213,,12.883017,,0.0556068,401.8252,1.0,0.0,0.0,2001.0,11.66,,27.0,4.4679127,3.3944073,2.8903718,Matched (3),11.7,,27.0,22.344213,22.344213,,77.48031,4.3500237,-0.694087,-0.29892498,201.07695,0.0,0.0,1.0
11.67,11.67,2.10701,1.00469056e+06,30.0,0.0,9.639487,0.0,1.0870583,0.0,1.0254436,0.0,77.47741,2.0,,22.343674,,22.343674,22.343674,,12.882846,,0.05560754,401.81015,1.0,0.0,0.0,2001.0,11.67,,27.0,,,,Master only (1),11.7,,27.0,22.344213,22.344213,,77.47741,4.3499866,-0.694087,-0.29892498,201.07695,0.0,0.0,1.0
11.68,11.68,2.10701,1.00469056e+06,30.0,0.0,9.639361,0.0,1.0871079,0.0,1.025439,0.0,77.474144,2.0,,22.343065,,22.343065,22.343065,,12.882653,,0.05560837,401.7932,1.0,0.0,0.0,2001.0,11.68,,27.0,3.6794028,3.8761413,2.014903,Matched (3),11.7,,27.0,22.344213,22.344213,,77.474144,4.349944,-0.694087,-0.29892498,201.07695,0.0,0.0,1.0
11.69,11.69,2.10701,1.00469056e+06,30.0,0.0,9.639239,0.0,1.0871575,0.0,1.0254346,0.0,77.47098,2.0,,22.342476,,22.342476,22.342476,,12.882466,,0.055609178,401.77676,1.0,0.0,0.0,2001.0,11.69,,27.0,3.719274,3.7891543,2.1747518,Matched (3),11.7,,27.0,22.344213,22.344213,,77.47098,4.3499036,-0.694087,-0.29892498,201.07695,0.0,0.0,1.0
11.7,11.7,2.10701,1.00469056e+06,30.0,0.0,9.639121,0.0,1.0872073,0.0,1.0254303,0.0,77.4679,2.0,,22.341906,,22.341906,22.341906,,12.882285,,0.05560996,401.76086,1.0,0.0,0.0,2001.0,11.7,,27.0,,,,Master only (1),11.7,,27.0,22.344213,22.344213,,77.4679,4.3498635,-0.694087,-0.29892498,201.07695,0.0,0.0,1.0
11.71,11.71,2.10701,1.00469056e+06,30.0,0.0,9.638996,0.0,1.0872569,0.0,1.0254258,0.0,77.46466,2.0,,22.341303,,22.341303,22.341303,,12.882093,,0.055610787,401.74405,1.0,0.0,0.0,2001.0,11.71,,27.0,,,,Master only (1),11.7,,27.0,22.344213,22.344213,,77.46466,4.349822,-0.694087,-0.29892498,201.07695,0.0,0.0,1.0
11.72,11.72,2.10701,1.00469056e+06,30.0,0.0,9.638867,0.0,1.0873064,0.0,1.0254211,0.0,77.46133,2.0,,22.340681,,22.340681,22.340681,,12.881896,,0.05561164,401.7267,1.0,0.0,0.0,2001.0,11.72,,27.0,,,,Master only (1),11.7,,27.0,22.344213,22.344213,,77.46133,4.3497787,-0.694087,-0.29892498,201.07695,0.0,0.0,1.0
11.73,11.73,2.10701,1.00469056e+06,30.0,0.0,9.638742,0.0,1.087356,0.0,1.0254166,0.0,77.458084,2.0,,22.340076,,22.340076,22.340076,,12.881705,,0.055612464,401.7099,1.0,0.0,0.0,2001.0,11.73,,27.0,,,,Master only (1),11.7,,27.0,22.344213,22.344213,,77.458084,4.349737,-0.694087,-0.29892498,201.07695,0.0,0.0,1.0
11.74,11.74,2.10701,1.00469056e+06,30.0,0.0,9.638634,0.0,1.0874062,0.0,1.0254127,0.0,77.45526,2.0,,22.339552,,22.339552,22.339552,,12.881538,,0.055613182,401.69525,1.0,0.0,0.0,2001.0,11.74,,27.0,,,,Master only (1),11.7,,27.0,22.344213,22.344213,,77.45526,4.3497005,-0.694087,-0.29892498,201.07695,0.0,0.0,1.0
11.75,11.75,2.10701,1.00469056e+06,30.0,0.0,0.0,0.0,0.0,0.0,0.0,0.0,0.0,3.0,,29.20722,,,,,,,,,0.0,0.0,0.0,0.0,11.75,,,,,,Master only (1),11.8,,,,,,0.0,,,,0.0,0.0,,0.0
11.76,11.76,2.10701,1.00469056e+06,30.0,0.0,0.0,0.0,0.0,0.0,0.0,0.0,0.0,3.0,,29.198277,,,,,,,,,0.0,0.0,0.0,0.0,11.76,,,,,,Master only (1),11.8,,,,,,0.0,,,,0.0,0.0,,0.0
11.77,11.77,2.10701,1.00469056e+06,30.0,0.0,0.0,0.0,0.0,0.0,0.0,0.0,0.0,3.0,,29.18933,,,,,,,,,0.0,0.0,0.0,0.0,11.77,,,,,,Master only (1),11.8,,,,,,0.0,,,,0.0,0.0,,0.0
11.78,11.78,2.10701,1.00469056e+06,30.0,0.0,0.0,0.0,0.0,0.0,0.0,0.0,0.0,3.0,,29.180387,,,,,,,,,0.0,0.0,0.0,0.0,11.78,,,,,,Master only (1),11.8,,,,,,0.0,,,,0.0,0.0,,0.0
11.79,11.79,2.10701,1.00469056e+06,30.0,0.0,0.0,0.0,0.0,0.0,0.0,0.0,0.0,3.0,,29.171448,,,,,,,,,0.0,0.0,0.0,0.0,11.79,,,,,,Master only (1),11.8,,,,,,0.0,,,,0.0,0.0,,0.0
11.8,11.8,2.10701,1.00469056e+06,30.0,0.0,0.0,0.0,0.0,0.0,0.0,0.0,0.0,3.0,,29.16251,,,,,,,,,0.0,0.0,0.0,0.0,11.8,,,,,,Master only (1),11.8,,,,,,0.0,,,,0.0,0.0,,0.0
11.81,11.81,2.10701,1.00469056e+06,30.0,0.0,0.0,0.0,0.0,0.0,0.0,0.0,0.0,3.0,,29.153572,,,,,,,,,0.0,0.0,0.0,0.0,11.81,,,,,,Master only (1),11.8,,,,,,0.0,,,,0.0,0.0,,0.0
11.82,11.82,2.10701,1.00469056e+06,30.0,0.0,0.0,0.0,0.0,0.0,0.0,0.0,0.0,3.0,,29.144653,,,,,,,,,0.0,0.0,0.0,0.0,11.82,,,,,,Master only (1),11.8,,,,,,0.0,,,,0.0,0.0,,0.0
11.83,11.83,2.10701,1.00469056e+06,30.0,0.0,0.0,0.0,0.0,0.0,0.0,0.0,0.0,3.0,,29.135721,,,,,,,,,0.0,0.0,0.0,0.0,11.83,,,,,,Master only (1),11.8,,,,,,0.0,,,,0.0,0.0,,0.0
11.84,11.84,2.10701,1.00469056e+06,30.0,0.0,0.0,0.0,0.0,0.0,0.0,0.0,0.0,3.0,,29.126793,,,,,,,,,0.0,0.0,0.0,0.0,11.84,,,,,,Master only (1),11.8,,,,,,0.0,,,,0.0,0.0,,0.0
11.85,11.85,2.10701,1.00469056e+06,30.0,0.0,0.0,0.0,0.0,0.0,0.0,0.0,0.0,3.0,,29.117874,,,,,,,,,0.0,0.0,0.0,0.0,11.85,,,,,,Master only (1),11.9,,,,,,0.0,,,,0.0,0.0,,0.0
11.86,11.86,2.10701,1.00469056e+06,30.0,0.0,0.0,0.0,0.0,0.0,0.0,0.0,0.0,3.0,,29.10895,,,,,,,,,0.0,0.0,0.0,0.0,11.86,,,,,,Master only (1),11.9,,,,,,0.0,,,,0.0,0.0,,0.0
11.87,11.87,2.10701,1.00469056e+06,30.0,0.0,0.0,0.0,0.0,0.0,0.0,0.0,0.0,3.0,,29.100033,,,,,,,,,0.0,0.0,0.0,0.0,11.87,,,,,,Master only (1),11.9,,,,,,0.0,,,,0.0,0.0,,0.0
11.88,11.88,2.10701,1.00469056e+06,30.0,0.0,0.0,0.0,0.0,0.0,0.0,0.0,0.0,3.0,,29.091124,,,,,,,,,0.0,0.0,0.0,0.0,11.88,,,,,,Master only (1),11.9,,,,,,0.0,,,,0.0,0.0,,0.0
11.89,11.89,2.10701,1.00469056e+06,30.0,0.0,0.0,0.0,0.0,0.0,0.0,0.0,0.0,3.0,,29.082203,,,,,,,,,0.0,0.0,0.0,0.0,11.89,,,,,,Master only (1),11.9,,,,,,0.0,,,,0.0,0.0,,0.0
11.9,11.9,2.10701,1.00469056e+06,30.0,0.0,0.0,0.0,0.0,0.0,0.0,0.0,0.0,3.0,,29.073303,,,,,,,,,0.0,0.0,0.0,0.0,11.9,,,,,,Master only (1),11.9,,,,,,0.0,,,,0.0,0.0,,0.0
11.91,11.91,2.10701,1.00469056e+06,30.0,0.0,0.0,0.0,0.0,0.0,0.0,0.0,0.0,3.0,,29.064396,,,,,,,,,0.0,0.0,0.0,0.0,11.91,,,,,,Master only (1),11.9,,,,,,0.0,,,,0.0,0.0,,0.0
11.92,11.92,2.10701,1.00469056e+06,30.0,0.0,0.0,0.0,0.0,0.0,0.0,0.0,0.0,3.0,,29.055487,,,,,,,,,0.0,0.0,0.0,0.0,11.92,,,,,,Master only (1),11.9,,,,,,0.0,,,,0.0,0.0,,0.0
11.93,11.93,2.10701,1.00469056e+06,30.0,0.0,0.0,0.0,0.0,0.0,0.0,0.0,0.0,3.0,,29.04659,,,,,,,,,0.0,0.0,0.0,0.0,11.93,,,,,,Master only (1),11.9,,,,,,0.0,,,,0.0,0.0,,0.0
11.94,11.94,2.10701,1.00469056e+06,30.0,0.0,0.0,0.0,0.0,0.0,0.0,0.0,0.0,3.0,,29.037695,,,,,,,,,0.0,0.0,0.0,0.0,11.94,,,,,,Master only (1),11.9,,,,,,0.0,,,,0.0,0.0,,0.0
11.95,11.95,2.10701,1.00469056e+06,30.0,0.0,0.0,0.0,0.0,0.0,0.0,0.0,0.0,3.0,,29.028807,,,,,,,,,0.0,0.0,0.0,0.0,11.95,,,,,,Master only (1),11.9,,,,,,0.0,,,,0.0,0.0,,0.0
11.96,11.96,2.10701,1.00469056e+06,30.0,0.0,0.0,0.0,0.0,0.0,0.0,0.0,0.0,3.0,,29.019901,,,,,,,,,0.0,0.0,0.0,0.0,11.96,,,,,,Master only (1),12.0,,,,,,0.0,,,,0.0,0.0,,0.0
11.97,11.97,2.10701,1.00469056e+06,30.0,0.0,0.0,0.0,0.0,0.0,0.0,0.0,0.0,3.0,,29.011017,,,,,,,,,0.0,0.0,0.0,0.0,11.97,,,,,,Master only (1),12.0,,,,,,0.0,,,,0.0,0.0,,0.0
11.98,11.98,2.10701,1.00469056e+06,30.0,0.0,0.0,0.0,0.0,0.0,0.0,0.0,0.0,3.0,,29.002132,,,,,,,,,0.0,0.0,0.0,0.0,11.98,,,,,,Master only (1),12.0,,,,,,0.0,,,,0.0,0.0,,0.0
11.99,11.99,2.10701,1.00469056e+06,30.0,0.0,0.0,0.0,0.0,0.0,0.0,0.0,0.0,3.0,,28.993244,,,,,,,,,0.0,0.0,0.0,0.0,11.99,,,,,,Master only (1),12.0,,,,,,0.0,,,,0.0,0.0,,0.0
12.0,12.0,2.10701,1.00469056e+06,30.0,0.0,0.0,0.0,0.0,0.0,0.0,0.0,0.0,3.0,,28.984367,,,,,,,,,0.0,0.0,0.0,0.0,12.0,,,,,,Master only (1),12.0,,,,,,0.0,,,,0.0,0.0,,0.0
12.01,12.01,2.10701,1.00469056e+06,30.0,0.0,0.0,0.0,0.0,0.0,0.0,0.0,0.0,3.0,,28.975489,,,,,,,,,0.0,0.0,0.0,0.0,12.01,,,,,,Master only (1),12.0,,,,,,0.0,,,,0.0,0.0,,0.0
12.02,12.02,2.10701,1.00469056e+06,30.0,0.0,0.0,0.0,0.0,0.0,0.0,0.0,0.0,3.0,,28.96661,,,,,,,,,0.0,0.0,0.0,0.0,12.02,,,,,,Master only (1),12.0,,,,,,0.0,,,,0.0,0.0,,0.0
12.03,12.03,2.10701,1.00469056e+06,30.0,0.0,0.0,0.0,0.0,0.0,0.0,0.0,0.0,3.0,,28.957739,,,,,,,,,0.0,0.0,0.0,0.0,12.03,,,,,,Master only (1),12.0,,,,,,0.0,,,,0.0,0.0,,0.0
12.04,12.04,2.10701,1.00469056e+06,30.0,0.0,0.0,0.0,0.0,0.0,0.0,0.0,0.0,3.0,,28.948862,,,,,,,,,0.0,0.0,0.0,0.0,12.04,,,,,,Master only (1),12.0,,,,,,0.0,,,,0.0,0.0,,0.0
12.05,12.05,2.10701,1.00469056e+06,30.0,0.0,8.288152,0.0,1.0346067,0.0,0.97411233,0.0,47.572273,2.0,,16.31157,,16.31157,16.31157,,10.835512,,0.066114396,246.71736,1.0,0.0,0.0,2001.0,12.05,,19.0,,,,Master only (1),12.1,,19.0,16.31157,16.31157,,47.572273,3.86225,-1.5050173,-0.78669864,179.39015,0.0,0.0,1.0
12.06,12.06,2.10701,1.00469056e+06,30.0,0.0,8.287986,0.0,1.0346514,0.0,0.9741057,0.0,47.5692,2.0,,16.310888,,16.310888,16.310888,,10.835263,,0.066115916,246.70139,1.0,0.0,0.0,2001.0,12.06,,19.0,3.707306,3.9309194,2.0794415,Matched (3),12.1,,19.0,16.31157,16.31157,,47.5692,3.8621855,-1.5050173,-0.78669864,179.39015,0.0,0.0,1.0
12.07,12.07,2.10701,1.00469056e+06,30.0,0.0,8.287814,0.0,1.0346959,0.0,0.97409886,0.0,47.566017,2.0,,16.310184,,16.310184,16.310184,,10.835007,,0.06611748,246.6849,1.0,0.0,0.0,2001.0,12.07,,19.0,,,,Master only (1),12.1,,19.0,16.31157,16.31157,,47.566017,3.8621185,-1.5050173,-0.78669864,179.39015,0.0,0.0,1.0
12.08,12.08,2.10701,1.00469056e+06,30.0,0.0,8.287655,0.0,1.0347408,0.0,0.9740925,0.0,47.563065,2.0,,16.309532,,16.309532,16.309532,,10.834768,,0.06611893,246.66962,1.0,0.0,0.0,2001.0,12.08,,19.0,,,,Master only (1),12.1,,19.0,16.31157,16.31157,,47.563065,3.8620565,-1.5050173,-0.78669864,179.39015,0.0,0.0,1.0
12.09,12.09,2.10701,1.00469056e+06,30.0,0.0,8.287483,0.0,1.0347853,0.0,0.9740856,0.0,47.559883,2.0,,16.308828,,16.308828,16.308828,,10.834511,,0.066120505,246.6531,1.0,0.0,0.0,2001.0,12.09,,19.0,,,,Master only (1),12.1,,19.0,16.31157,16.31157,,47.559883,3.8619895,-1.5050173,-0.78669864,179.39015,0.0,0.0,1.0
12.1,12.1,2.10701,1.00469056e+06,30.0,0.0,8.287318,0.0,1.03483,0.0,0.974079,0.0,47.556828,2.0,,16.308151,,16.308151,16.308151,,10.834264,,0.06612202,246.63722,1.0,0.0,0.0,2001.0,12.1,,19.0,,,,Master only (1),12.1,,19.0,16.31157,16.31157,,47.556828,3.8619254,-1.5050173,-0.78669864,179.39015,0.0,0.0,1.0
12.11,12.11,2.10701,1.00469056e+06,30.0,0.0,8.287171,0.0,1.0348755,0.0,0.9740732,0.0,47.554104,2.0,,16.30755,,16.30755,16.30755,,10.8340435,,0.06612336,246.62314,1.0,0.0,0.0,2001.0,12.11,,19.0,,,,Master only (1),12.1,,19.0,16.31157,16.31157,,47.554104,3.8618681,-1.5050173,-0.78669864,179.39015,0.0,0.0,1.0
12.12,12.12,2.10701,1.00469056e+06,30.0,0.0,8.2870035,0.0,1.0349201,0.0,0.97406644,0.0,47.550995,2.0,,16.306862,,16.306862,16.306862,,10.833793,,0.06612489,246.60701,1.0,0.0,0.0,2001.0,12.12,,19.0,,,,Master only (1),12.1,,19.0,16.31157,16.31157,,47.550995,3.8618028,-1.5050173,-0.78669864,179.39015,0.0,0.0,1.0
12.13,12.13,2.10701,1.00469056e+06,30.0,0.0,8.286842,0.0,1.034965,0.0,0.97406,0.0,47.548008,2.0,,16.306202,,16.306202,16.306202,,10.83355,,0.06612637,246.59152,1.0,0.0,0.0,2001.0,12.13,,19.0,,,,Master only (1),12.1,,19.0,16.31157,16.31157,,47.548008,3.8617399,-1.5050173,-0.78669864,179.39015,0.0,0.0,1.0
12.14,12.14,2.10701,1.00469056e+06,30.0,0.0,8.286674,0.0,1.0350096,0.0,0.97405326,0.0,47.54488,2.0,,16.30551,,16.30551,16.30551,,10.833298,,0.06612791,246.5753,1.0,0.0,0.0,2001.0,12.14,,19.0,,,,Master only (1),12.1,,19.0,16.31157,16.31157,,47.54488,3.861674,-1.5050173,-0.78669864,179.39015,0.0,0.0,1.0
12.15,12.15,2.10701,1.00469056e+06,30.0,0.0,8.28652,0.0,1.0350548,0.0,0.9740471,0.0,47.542038,2.0,,16.30488,,16.30488,16.30488,,10.833068,,0.06612931,246.56056,1.0,0.0,0.0,2001.0,12.15,,19.0,,,,Master only (1),12.1,,19.0,16.31157,16.31157,,47.542038,3.8616142,-1.5050173,-0.78669864,179.39015,0.0,0.0,1.0
12.16,12.16,2.10701,1.00469056e+06,30.0,0.0,9.475379,0.0,1.0833814,0.0,1.0194743,0.0,73.29833,2.0,,21.558495,,21.558495,21.558495,,12.631849,,0.056712467,380.13678,1.0,0.0,0.0,2001.0,12.16,,26.0,,,,Master only (1),12.2,,26.0,21.558495,21.558495,,73.29833,4.294538,-1.6103778,-0.3544107,194.00536,0.0,0.0,1.0
12.17,12.17,2.10701,1.00469056e+06,30.0,0.0,9.475255,0.0,1.0834308,0.0,1.0194697,0.0,73.295235,2.0,,21.557907,,21.557907,21.557907,,12.6316595,,0.05671332,380.1207,1.0,0.0,0.0,2001.0,12.17,,26.0,,,,Master only (1),12.2,,26.0,21.558495,21.558495,,73.295235,4.2944956,-1.6103778,-0.3544107,194.00536,0.0,0.0,1.0
12.18,12.18,2.10701,1.00469056e+06,30.0,0.0,9.475135,0.0,1.0834802,0.0,1.0194653,0.0,73.29224,2.0,,21.557339,,21.557339,21.557339,,12.631476,,0.056714144,380.10516,1.0,0.0,0.0,2001.0,12.18,,26.0,,,,Master only (1),12.2,,26.0,21.558495,21.558495,,73.29224,4.2944546,-1.6103778,-0.3544107,194.00536,0.0,0.0,1.0
12.19,12.19,2.10701,1.00469056e+06,30.0,0.0,9.475011,0.0,1.0835296,0.0,1.0194608,0.0,73.28914,2.0,,21.556751,,21.556751,21.556751,,12.631287,,0.056714997,380.08908,1.0,0.0,0.0,2001.0,12.19,,26.0,3.5933444,3.87727,1.974081,Matched (3),12.2,,26.0,21.558495,21.558495,,73.28914,4.2944126,-1.6103778,-0.3544107,194.00536,0.0,0.0,1.0
12.2,12.2,2.10701,1.00469056e+06,30.0,0.0,9.474887,0.0,1.083579,0.0,1.0194563,0.0,73.28604,2.0,,21.556164,,21.556164,21.556164,,12.631098,,0.056715842,380.07306,1.0,0.0,0.0,2001.0,12.2,,26.0,,,,Master only (1),12.2,,26.0,21.558495,21.558495,,73.28604,4.29437,-1.6103778,-0.3544107,194.00536,0.0,0.0,1.0
12.21,12.21,2.10701,1.00469056e+06,30.0,0.0,9.474767,0.0,1.0836284,0.0,1.0194519,0.0,73.283035,2.0,,21.555593,,21.555593,21.555593,,12.630914,,0.05671667,380.05746,1.0,0.0,0.0,2001.0,12.21,,26.0,,,,Master only (1),12.2,,26.0,21.558495,21.558495,,73.283035,4.294329,-1.6103778,-0.3544107,194.00536,0.0,0.0,1.0
12.22,12.22,2.10701,1.00469056e+06,30.0,0.0,9.474627,0.0,1.0836772,0.0,1.0194467,0.0,73.27954,2.0,,21.55493,,21.55493,21.55493,,12.6307,,0.05671763,380.0393,1.0,0.0,0.0,2001.0,12.22,,26.0,,,,Master only (1),12.2,,26.0,21.558495,21.558495,,73.27954,4.2942815,-1.6103778,-0.3544107,194.00536,0.0,0.0,1.0
12.23,12.23,2.10701,1.00469056e+06,30.0,0.0,9.474512,0.0,1.0837269,0.0,1.0194426,0.0,73.27668,2.0,,21.554386,,21.554386,21.554386,,12.630525,,0.056718417,380.02448,1.0,0.0,0.0,2001.0,12.23,,26.0,,,,Master only (1),12.2,,26.0,21.558495,21.558495,,73.27668,4.2942424,-1.6103778,-0.3544107,194.00536,0.0,0.0,1.0
12.24,12.24,2.10701,1.00469056e+06,30.0,0.0,9.474385,0.0,1.0837761,0.0,1.0194379,0.0,73.27351,2.0,,21.553785,,21.553785,21.553785,,12.630331,,0.056719285,380.00806,1.0,0.0,0.0,2001.0,12.24,,26.0,,,,Master only (1),12.2,,26.0,21.558495,21.558495,,73.27351,4.294199,-1.6103778,-0.3544107,194.00536,0.0,0.0,1.0
12.25,12.25,2.10701,1.00469056e+06,30.0,0.0,9.474275,0.0,1.0838261,0.0,1.0194339,0.0,73.27075,2.0,,21.55326,,21.55326,21.55326,,12.630162,,0.056720044,379.9937,1.0,0.0,0.0,2001.0,12.25,,26.0,,,,Master only (1),12.3,,26.0,21.55326,21.55326,,73.27075,4.2941613,-1.0995522,-0.3547874,215.50644,0.0,0.0,1.0
12.26,12.26,2.10701,1.00469056e+06,30.0,0.0,9.474148,0.0,1.0838753,0.0,1.0194292,0.0,73.26758,2.0,,21.55266,,21.55266,21.55266,,12.629969,,0.056720912,379.97733,1.0,0.0,0.0,2001.0,12.26,,26.0,,,,Master only (1),12.3,,26.0,21.55326,21.55326,,73.26758,4.2941184,-1.0995522,-0.3547874,215.50644,0.0,0.0,1.0
12.27,12.27,2.10701,1.00469056e+06,30.0,0.0,9.4740305,0.0,1.0839249,0.0,1.0194249,0.0,73.264656,2.0,,21.552105,,21.552105,21.552105,,12.629789,,0.056721717,379.96213,1.0,0.0,0.0,2001.0,12.27,,26.0,,,,Master only (1),12.3,,26.0,21.55326,21.55326,,73.264656,4.2940784,-1.0995522,-0.3547874,215.50644,0.0,0.0,1.0
12.28,12.28,2.10701,1.00469056e+06,30.0,0.0,9.473896,0.0,1.083974,0.0,1.01942,0.0,73.26129,2.0,,21.551466,,21.551466,21.551466,,12.629584,,0.05672264,379.94467,1.0,0.0,0.0,2001.0,12.28,,26.0,4.051223,4.212387,2.4849067,Matched (3),12.3,,26.0,21.55326,21.55326,,73.26129,4.2940326,-1.0995522,-0.3547874,215.50644,0.0,0.0,1.0
12.29,12.29,2.10701,1.00469056e+06,30.0,0.0,9.473776,0.0,1.0840235,0.0,1.0194156,0.0,73.25829,2.0,,21.550898,,21.550898,21.550898,,12.6294,,0.056723468,379.92914,1.0,0.0,0.0,2001.0,12.29,,26.0,,,,Master only (1),12.3,,26.0,21.55326,21.55326,,73.25829,4.2939916,-1.0995522,-0.3547874,215.50644,0.0,0.0,1.0
12.3,12.3,2.10701,1.00469056e+06,30.0,0.0,9.473665,0.0,1.0840733,0.0,1.0194116,0.0,73.25553,2.0,,21.550373,,21.550373,21.550373,,12.629231,,0.056724224,379.91483,1.0,0.0,0.0,2001.0,12.3,,26.0,,,,Master only (1),12.3,,26.0,21.55326,21.55326,,73.25553,4.293954,-1.0995522,-0.3547874,215.50644,0.0,0.0,1.0
12.31,12.31,2.10701,1.00469056e+06,30.0,0.0,9.473535,0.0,1.0841225,0.0,1.0194068,0.0,73.252266,2.0,,21.549753,,21.549753,21.549753,,12.629032,,0.05672512,379.8979,1.0,0.0,0.0,2001.0,12.31,,26.0,,,,Master only (1),12.3,,26.0,21.55326,21.55326,,73.252266,4.293909,-1.0995522,-0.3547874,215.50644,0.0,0.0,1.0
12.32,12.32,2.10701,1.00469056e+06,30.0,0.0,9.473424,0.0,1.0841724,0.0,1.0194027,0.0,73.249504,2.0,,21.54923,,21.54923,21.54923,,12.628863,,0.05672588,379.8836,1.0,0.0,0.0,2001.0,12.32,,26.0,,,,Master only (1),12.3,,26.0,21.55326,21.55326,,73.249504,4.2938714,-1.0995522,-0.3547874,215.50644,0.0,0.0,1.0
12.33,12.33,2.10701,1.00469056e+06,30.0,0.0,9.4733,0.0,1.0842217,0.0,1.0193982,0.0,73.246414,2.0,,21.548641,,21.548641,21.548641,,12.628674,,0.05672673,379.8675,1.0,0.0,0.0,2001.0,12.33,,26.0,,,,Master only (1),12.3,,26.0,21.55326,21.55326,,73.246414,4.2938294,-1.0995522,-0.3547874,215.50644,0.0,0.0,1.0
12.34,12.34,2.10701,1.00469056e+06,30.0,0.0,9.473176,0.0,1.0842712,0.0,1.0193937,0.0,73.24332,2.0,,21.548054,,21.548054,21.548054,,12.628484,,0.056727584,379.8514,1.0,0.0,0.0,2001.0,12.34,,26.0,,,,Master only (1),12.3,,26.0,21.55326,21.55326,,73.24332,4.293787,-1.0995522,-0.3547874,215.50644,0.0,0.0,1.0
12.35,12.35,2.10701,1.00469056e+06,30.0,0.0,0.0,0.0,0.0,0.0,0.0,0.0,0.0,3.0,,28.675224,,,,,,,,,0.0,0.0,0.0,0.0,12.35,,,,,,Master only (1),12.4,,,,,,0.0,,,,0.0,0.0,,0.0
12.36,12.36,2.10701,1.00469056e+06,30.0,0.0,0.0,0.0,0.0,0.0,0.0,0.0,0.0,3.0,,28.66644,,,,,,,,,0.0,0.0,0.0,0.0,12.36,,,,,,Master only (1),12.4,,,,,,0.0,,,,0.0,0.0,,0.0
12.37,12.37,2.10701,1.00469056e+06,30.0,0.0,0.0,0.0,0.0,0.0,0.0,0.0,0.0,3.0,,28.657665,,,,,,,,,0.0,0.0,0.0,0.0,12.37,,,,,,Master only (1),12.4,,,,,,0.0,,,,0.0,0.0,,0.0
12.38,12.38,2.10701,1.00469056e+06,30.0,0.0,0.0,0.0,0.0,0.0,0.0,0.0,0.0,3.0,,28.648878,,,,,,,,,0.0,0.0,0.0,0.0,12.38,,,,,,Master only (1),12.4,,,,,,0.0,,,,0.0,0.0,,0.0
12.39,12.39,2.10701,1.00469056e+06,30.0,0.0,0.0,0.0,0.0,0.0,0.0,0.0,0.0,3.0,,28.640108,,,,,,,,,0.0,0.0,0.0,0.0,12.39,,,,,,Master only (1),12.4,,,,,,0.0,,,,0.0,0.0,,0.0
12.4,12.4,2.10701,1.00469056e+06,30.0,0.0,0.0,0.0,0.0,0.0,0.0,0.0,0.0,3.0,,28.631329,,,,,,,,,0.0,0.0,0.0,0.0,12.4,,,,,,Master only (1),12.4,,,,,,0.0,,,,0.0,0.0,,0.0
12.41,12.41,2.10701,1.00469056e+06,30.0,0.0,0.0,0.0,0.0,0.0,0.0,0.0,0.0,3.0,,28.622566,,,,,,,,,0.0,0.0,0.0,0.0,12.41,,,,,,Master only (1),12.4,,,,,,0.0,,,,0.0,0.0,,0.0
12.42,12.42,2.10701,1.00469056e+06,30.0,0.0,0.0,0.0,0.0,0.0,0.0,0.0,0.0,3.0,,28.613789,,,,,,,,,0.0,0.0,0.0,0.0,12.42,,,,,,Master only (1),12.4,,,,,,0.0,,,,0.0,0.0,,0.0
12.43,12.43,2.10701,1.00469056e+06,30.0,0.0,0.0,0.0,0.0,0.0,0.0,0.0,0.0,3.0,,28.605024,,,,,,,,,0.0,0.0,0.0,0.0,12.43,,,,,,Master only (1),12.4,,,,,,0.0,,,,0.0,0.0,,0.0
12.44,12.44,2.10701,1.00469056e+06,30.0,0.0,0.0,0.0,0.0,0.0,0.0,0.0,0.0,3.0,,28.596268,,,,,,,,,0.0,0.0,0.0,0.0,12.44,,,,,,Master only (1),12.4,,,,,,0.0,,,,0.0,0.0,,0.0
12.45,12.45,2.10701,1.00469056e+06,30.0,0.0,0.0,0.0,0.0,0.0,0.0,0.0,0.0,3.0,,28.587511,,,,,,,,,0.0,0.0,0.0,0.0,12.45,,,,,,Master only (1),12.4,,,,,,0.0,,,,0.0,0.0,,0.0
12.46,12.46,2.10701,1.00469056e+06,30.0,0.0,9.147014,0.0,1.0720744,0.0,1.0073222,0.0,65.40819,2.0,,20.031223,,20.031223,20.031223,,12.131539,,0.059051316,339.21722,1.0,0.0,0.0,2001.0,12.46,,24.0,3.7979221,3.8511784,2.3158302,Matched (3),12.5,,24.0,20.031223,20.031223,,65.40819,4.1806474,-1.2686286,-0.46830136,180.25946,0.0,0.0,1.0
12.47,12.47,2.10701,1.00469056e+06,30.0,0.0,9.146887,0.0,1.0721229,0.0,1.0073174,0.0,65.40526,2.0,,20.030645,,20.030645,20.030645,,12.131347,,0.059052255,339.20203,1.0,0.0,0.0,2001.0,12.47,,24.0,,,,Master only (1),12.5,,24.0,20.031223,20.031223,,65.40526,4.1806026,-1.2686286,-0.46830136,180.25946,0.0,0.0,1.0
12.48,12.48,2.10701,1.00469056e+06,30.0,0.0,9.146756,0.0,1.0721714,0.0,1.0073125,0.0,65.40224,2.0,,20.030048,,20.030048,20.030048,,12.131147,,0.059053224,339.18637,1.0,0.0,0.0,2001.0,12.48,,24.0,3.842223,4.058775,2.261763,Matched (3),12.5,,24.0,20.031223,20.031223,,65.40224,4.1805563,-1.2686286,-0.46830136,180.25946,0.0,0.0,1.0
12.49,12.49,2.10701,1.00469056e+06,30.0,0.0,9.146623,0.0,1.0722197,0.0,1.0073075,0.0,65.399155,2.0,,20.02944,,20.02944,20.02944,,12.130945,,0.059054207,339.1704,1.0,0.0,0.0,2001.0,12.49,,24.0,,,,Master only (1),12.5,,24.0,20.031223,20.031223,,65.399155,4.1805096,-1.2686286,-0.46830136,180.25946,0.0,0.0,1.0
12.5,12.5,2.10701,1.00469056e+06,30.0,0.0,9.146479,0.0,1.0722675,0.0,1.0073022,0.0,65.395836,2.0,,20.028784,,20.028784,20.028784,,12.130726,,0.059055276,339.15317,1.0,0.0,0.0,2001.0,12.5,,24.0,,,,Master only (1),12.5,,24.0,20.031223,20.031223,,65.395836,4.1804585,-1.2686286,-0.46830136,180.25946,0.0,0.0,1.0
12.51,12.51,2.10701,1.00469056e+06,30.0,0.0,9.146352,0.0,1.0723162,0.0,1.0072974,0.0,65.39291,2.0,,20.028204,,20.028204,20.028204,,12.130533,,0.059056215,339.13797,1.0,0.0,0.0,2001.0,12.51,,24.0,,,,Master only (1),12.5,,24.0,20.031223,20.031223,,65.39291,4.1804137,-1.2686286,-0.46830136,180.25946,0.0,0.0,1.0
12.52,12.52,2.10701,1.00469056e+06,30.0,0.0,9.146228,0.0,1.0723648,0.0,1.0072927,0.0,65.390045,2.0,,20.02764,,20.02764,20.02764,,12.130345,,0.059057128,339.12317,1.0,0.0,0.0,2001.0,12.52,,24.0,,,,Master only (1),12.5,,24.0,20.031223,20.031223,,65.390045,4.18037,-1.2686286,-0.46830136,180.25946,0.0,0.0,1.0
12.53,12.53,2.10701,1.00469056e+06,30.0,0.0,9.1460905,0.0,1.072413,0.0,1.0072876,0.0,65.38687,2.0,,20.027012,,20.027012,20.027012,,12.1301365,,0.059058145,339.1067,1.0,0.0,0.0,2001.0,12.53,,24.0,,,,Master only (1),12.5,,24.0,20.031223,20.031223,,65.38687,4.1803217,-1.2686286,-0.46830136,180.25946,0.0,0.0,1.0
12.54,12.54,2.10701,1.00469056e+06,30.0,0.0,9.145969,0.0,1.0724617,0.0,1.0072831,0.0,65.38407,2.0,,20.02646,,20.02646,20.02646,,12.129952,,0.059059042,339.0922,1.0,0.0,0.0,2001.0,12.54,,24.0,,,,Master only (1),12.5,,24.0,20.031223,20.031223,,65.38407,4.180279,-1.2686286,-0.46830136,180.25946,0.0,0.0,1.0
12.55,12.55,2.10701,1.00469056e+06,30.0,0.0,0.0,0.0,0.0,0.0,0.0,0.0,0.0,3.0,,28.500051,,,,,,,,,0.0,0.0,0.0,0.0,12.55,,,,,,Master only (1),12.6,,,,,,0.0,,,,0.0,0.0,,0.0
12.56,12.56,2.10701,1.00469056e+06,30.0,0.0,0.0,0.0,0.0,0.0,0.0,0.0,0.0,3.0,,28.491323,,,,,,,,,0.0,0.0,0.0,0.0,12.56,,,,,,Master only (1),12.6,,,,,,0.0,,,,0.0,0.0,,0.0
12.57,12.57,2.10701,1.00469056e+06,30.0,0.0,0.0,0.0,0.0,0.0,0.0,0.0,0.0,3.0,,28.482601,,,,,,,,,0.0,0.0,0.0,0.0,12.57,,,,,,Master only (1),12.6,,,,,,0.0,,,,0.0,0.0,,0.0
12.58,12.58,2.10701,1.00469056e+06,30.0,0.0,0.0,0.0,0.0,0.0,0.0,0.0,0.0,3.0,,28.473873,,,,,,,,,0.0,0.0,0.0,0.0,12.58,,,,,,Master only (1),12.6,,,,,,0.0,,,,0.0,0.0,,0.0
12.59,12.59,2.10701,1.00469056e+06,30.0,0.0,0.0,0.0,0.0,0.0,0.0,0.0,0.0,3.0,,28.465149,,,,,,,,,0.0,0.0,0.0,0.0,12.59,,,,,,Master only (1),12.6,,,,,,0.0,,,,0.0,0.0,,0.0
12.6,12.6,2.10701,1.00469056e+06,30.0,0.0,0.0,0.0,0.0,0.0,0.0,0.0,0.0,3.0,,28.456425,,,,,,,,,0.0,0.0,0.0,0.0,12.6,,,,,,Master only (1),12.6,,,,,,0.0,,,,0.0,0.0,,0.0
12.61,12.61,2.10701,1.00469056e+06,30.0,0.0,0.0,0.0,0.0,0.0,0.0,0.0,0.0,3.0,,28.447714,,,,,,,,,0.0,0.0,0.0,0.0,12.61,,,,,,Master only (1),12.6,,,,,,0.0,,,,0.0,0.0,,0.0
12.62,12.62,2.10701,1.00469056e+06,30.0,0.0,0.0,0.0,0.0,0.0,0.0,0.0,0.0,3.0,,28.439,,,,,,,,,0.0,0.0,0.0,0.0,12.62,,,,,,Master only (1),12.6,,,,,,0.0,,,,0.0,0.0,,0.0
12.63,12.63,2.10701,1.00469056e+06,30.0,0.0,0.0,0.0,0.0,0.0,0.0,0.0,0.0,3.0,,28.43029,,,,,,,,,0.0,0.0,0.0,0.0,12.63,,,,,,Master only (1),12.6,,,,,,0.0,,,,0.0,0.0,,0.0
12.64,12.64,2.10701,1.00469056e+06,30.0,0.0,0.0,0.0,0.0,0.0,0.0,0.0,0.0,3.0,,28.421577,,,,,,,,,0.0,0.0,0.0,0.0,12.64,,,,,,Master only (1),12.6,,,,,,0.0,,,,0.0,0.0,,0.0
12.65,12.65,2.10701,1.00469056e+06,30.0,0.0,0.0,0.0,0.0,0.0,0.0,0.0,0.0,3.0,,28.412878,,,,,,,,,0.0,0.0,0.0,0.0,12.65,,,,,,Master only (1),12.6,,,,,,0.0,,,,0.0,0.0,,0.0
12.66,12.66,2.10701,1.00469056e+06,30.0,0.0,8.977648,0.0,1.0663494,0.0,1.0009415,0.0,61.577454,2.0,,19.266266,,19.266266,19.266266,,11.874503,,0.060329545,319.35043,1.0,0.0,0.0,2001.0,12.66,,23.0,,,,Master only (1),12.7,,23.0,19.266266,19.266266,,61.577454,4.120296,-1.7281609,-0.5286527,173.37561,0.0,0.0,1.0
12.67,12.67,2.10701,1.00469056e+06,30.0,0.0,8.977535,0.0,1.0663981,0.0,1.0009372,0.0,61.57496,2.0,,19.265762,,19.265762,19.265762,,11.874332,,0.060330413,319.3375,1.0,0.0,0.0,2001.0,12.67,,23.0,,,,Master only (1),12.7,,23.0,19.266266,19.266266,,61.57496,4.1202555,-1.7281609,-0.5286527,173.37561,0.0,0.0,1.0
12.68,12.68,2.10701,1.00469056e+06,30.0,0.0,8.9774,0.0,1.0664461,0.0,1.0009321,0.0,61.57196,2.0,,19.265158,,19.265158,19.265158,,11.874127,,0.060331453,319.32196,1.0,0.0,0.0,2001.0,12.68,,23.0,,,,Master only (1),12.7,,23.0,19.266266,19.266266,,61.57196,4.1202064,-1.7281609,-0.5286527,173.37561,0.0,0.0,1.0
12.69,12.69,2.10701,1.00469056e+06,30.0,0.0,8.977262,0.0,1.0664937,0.0,1.0009269,0.0,61.568897,2.0,,19.26454,,19.26454,19.26454,,11.873918,,0.060332518,319.3061,1.0,0.0,0.0,2001.0,12.69,,23.0,,,,Master only (1),12.7,,23.0,19.266266,19.266266,,61.568897,4.120157,-1.7281609,-0.5286527,173.37561,0.0,0.0,1.0
12.7,12.7,2.10701,1.00469056e+06,30.0,0.0,8.977133,0.0,1.0665419,0.0,1.000922,0.0,61.566048,2.0,,19.263964,,19.263964,19.263964,,11.873722,,0.060333513,319.29126,1.0,0.0,0.0,2001.0,12.7,,23.0,,,,Master only (1),12.7,,23.0,19.266266,19.266266,,61.566048,4.1201105,-1.7281609,-0.5286527,173.37561,0.0,0.0,1.0
12.71,12.71,2.10701,1.00469056e+06,30.0,0.0,8.976997,0.0,1.0665897,0.0,1.0009168,0.0,61.563046,2.0,,19.26336,,19.26336,19.26336,,11.873517,,0.060334556,319.27573,1.0,0.0,0.0,2001.0,12.71,,23.0,,,,Master only (1),12.7,,23.0,19.266266,19.266266,,61.563046,4.120062,-1.7281609,-0.5286527,173.37561,0.0,0.0,1.0
12.72,12.72,2.10701,1.00469056e+06,30.0,0.0,8.976859,0.0,1.0666375,0.0,1.0009116,0.0,61.559986,2.0,,19.262741,,19.262741,19.262741,,11.873308,,0.060335618,319.25986,1.0,0.0,0.0,2001.0,12.72,,23.0,,,,Master only (1),12.7,,23.0,19.266266,19.266266,,61.559986,4.1200123,-1.7281609,-0.5286527,173.37561,0.0,0.0,1.0
12.73,12.73,2.10701,1.00469056e+06,30.0,0.0,8.976743,0.0,1.0666862,0.0,1.0009072,0.0,61.557407,2.0,,19.26222,,19.26222,19.26222,,11.873132,,0.06033651,319.2465,1.0,0.0,0.0,2001.0,12.73,,23.0,,,,Master only (1),12.7,,23.0,19.266266,19.266266,,61.557407,4.1199703,-1.7281609,-0.5286527,173.37561,0.0,0.0,1.0
12.74,12.74,2.10701,1.00469056e+06,30.0,0.0,8.976604,0.0,1.0667338,0.0,1.0009019,0.0,61.554348,2.0,,19.261602,,19.261602,19.261602,,11.872922,,0.060337577,319.23062,1.0,0.0,0.0,2001.0,12.74,,23.0,3.4469864,3.7894695,1.856298,Matched (3),12.7,,23.0,19.266266,19.266266,,61.554348,4.1199203,-1.7281609,-0.5286527,173.37561,0.0,0.0,1.0
12.75,12.75,2.10701,1.00469056e+06,30.0,0.0,0.0,0.0,0.0,0.0,0.0,0.0,0.0,3.0,,28.325954,,,,,,,,,0.0,0.0,0.0,0.0,12.75,,,,,,Master only (1),12.8,,,,,,0.0,,,,0.0,0.0,,0.0
12.76,12.76,2.10701,1.00469056e+06,30.0,0.0,0.0,0.0,0.0,0.0,0.0,0.0,0.0,3.0,,28.31728,,,,,,,,,0.0,0.0,0.0,0.0,12.76,,,,,,Master only (1),12.8,,,,,,0.0,,,,0.0,0.0,,0.0
12.77,12.77,2.10701,1.00469056e+06,30.0,0.0,0.0,0.0,0.0,0.0,0.0,0.0,0.0,3.0,,28.308603,,,,,,,,,0.0,0.0,0.0,0.0,12.77,,,,,,Master only (1),12.8,,,,,,0.0,,,,0.0,0.0,,0.0
12.78,12.78,2.10701,1.00469056e+06,30.0,0.0,0.0,0.0,0.0,0.0,0.0,0.0,0.0,3.0,,28.299932,,,,,,,,,0.0,0.0,0.0,0.0,12.78,,,,,,Master only (1),12.8,,,,,,0.0,,,,0.0,0.0,,0.0
12.79,12.79,2.10701,1.00469056e+06,30.0,0.0,0.0,0.0,0.0,0.0,0.0,0.0,0.0,3.0,,28.291264,,,,,,,,,0.0,0.0,0.0,0.0,12.79,,,,,,Master only (1),12.8,,,,,,0.0,,,,0.0,0.0,,0.0
12.8,12.8,2.10701,1.00469056e+06,30.0,0.0,0.0,0.0,0.0,0.0,0.0,0.0,0.0,3.0,,28.282595,,,,,,,,,0.0,0.0,0.0,0.0,12.8,,,,,,Master only (1),12.8,,,,,,0.0,,,,0.0,0.0,,0.0
12.81,12.81,2.10701,1.00469056e+06,30.0,0.0,0.0,0.0,0.0,0.0,0.0,0.0,0.0,3.0,,28.27394,,,,,,,,,0.0,0.0,0.0,0.0,12.81,,,,,,Master only (1),12.8,,,,,,0.0,,,,0.0,0.0,,0.0
12.82,12.82,2.10701,1.00469056e+06,30.0,0.0,0.0,0.0,0.0,0.0,0.0,0.0,0.0,3.0,,28.265274,,,,,,,,,0.0,0.0,0.0,0.0,12.82,,,,,,Master only (1),12.8,,,,,,0.0,,,,0.0,0.0,,0.0
12.83,12.83,2.10701,1.00469056e+06,30.0,0.0,0.0,0.0,0.0,0.0,0.0,0.0,0.0,3.0,,28.256617,,,,,,,,,0.0,0.0,0.0,0.0,12.83,,,,,,Master only (1),12.8,,,,,,0.0,,,,0.0,0.0,,0.0
12.84,12.84,2.10701,1.00469056e+06,30.0,0.0,0.0,0.0,0.0,0.0,0.0,0.0,0.0,3.0,,28.24796,,,,,,,,,0.0,0.0,0.0,0.0,12.84,,,,,,Master only (1),12.8,,,,,,0.0,,,,0.0,0.0,,0.0
12.85,12.85,2.10701,1.00469056e+06,30.0,0.0,0.0,0.0,0.0,0.0,0.0,0.0,0.0,3.0,,28.23931,,,,,,,,,0.0,0.0,0.0,0.0,12.85,,,,,,Master only (1),12.9,,,,,,0.0,,,,0.0,0.0,,0.0
12.86,12.86,2.10701,1.00469056e+06,30.0,0.0,0.0,0.0,0.0,0.0,0.0,0.0,0.0,3.0,,28.230656,,,,,,,,,0.0,0.0,0.0,0.0,12.86,,,,,,Master only (1),12.9,,,,,,0.0,,,,0.0,0.0,,0.0
12.87,12.87,2.10701,1.00469056e+06,30.0,0.0,0.0,0.0,0.0,0.0,0.0,0.0,0.0,3.0,,28.222002,,,,,,,,,0.0,0.0,0.0,0.0,12.87,,,,,,Master only (1),12.9,,,,,,0.0,,,,0.0,0.0,,0.0
12.88,12.88,2.10701,1.00469056e+06,30.0,0.0,0.0,0.0,0.0,0.0,0.0,0.0,0.0,3.0,,28.213367,,,,,,,,,0.0,0.0,0.0,0.0,12.88,,,,,,Master only (1),12.9,,,,,,0.0,,,,0.0,0.0,,0.0
12.89,12.89,2.10701,1.00469056e+06,30.0,0.0,0.0,0.0,0.0,0.0,0.0,0.0,0.0,3.0,,28.204718,,,,,,,,,0.0,0.0,0.0,0.0,12.89,,,,,,Master only (1),12.9,,,,,,0.0,,,,0.0,0.0,,0.0
12.9,12.9,2.10701,1.00469056e+06,30.0,0.0,0.0,0.0,0.0,0.0,0.0,0.0,0.0,3.0,,28.196081,,,,,,,,,0.0,0.0,0.0,0.0,12.9,,,,,,Master only (1),12.9,,,,,,0.0,,,,0.0,0.0,,0.0
12.91,12.91,2.10701,1.00469056e+06,30.0,0.0,0.0,0.0,0.0,0.0,0.0,0.0,0.0,3.0,,28.187439,,,,,,,,,0.0,0.0,0.0,0.0,12.91,,,,,,Master only (1),12.9,,,,,,0.0,,,,0.0,0.0,,0.0
12.92,12.92,2.10701,1.00469056e+06,30.0,0.0,0.0,0.0,0.0,0.0,0.0,0.0,0.0,3.0,,28.17881,,,,,,,,,0.0,0.0,0.0,0.0,12.92,,,,,,Master only (1),12.9,,,,,,0.0,,,,0.0,0.0,,0.0
12.93,12.93,2.10701,1.00469056e+06,30.0,0.0,0.0,0.0,0.0,0.0,0.0,0.0,0.0,3.0,,28.170181,,,,,,,,,0.0,0.0,0.0,0.0,12.93,,,,,,Master only (1),12.9,,,,,,0.0,,,,0.0,0.0,,0.0
12.94,12.94,2.10701,1.00469056e+06,30.0,0.0,0.0,0.0,0.0,0.0,0.0,0.0,0.0,3.0,,28.161545,,,,,,,,,0.0,0.0,0.0,0.0,12.94,,,,,,Master only (1),12.9,,,,,,0.0,,,,0.0,0.0,,0.0
12.95,12.95,2.10701,1.00469056e+06,30.0,0.0,0.0,0.0,0.0,0.0,0.0,0.0,0.0,3.0,,28.15292,,,,,,,,,0.0,0.0,0.0,0.0,12.95,,,,,,Master only (1),12.9,,,,,,0.0,,,,0.0,0.0,,0.0
12.96,12.96,2.10701,1.00469056e+06,30.0,0.0,0.0,0.0,0.0,0.0,0.0,0.0,0.0,3.0,,28.144302,,,,,,,,,0.0,0.0,0.0,0.0,12.96,,,,,,Master only (1),13.0,,,,,,0.0,,,,0.0,0.0,,0.0
12.97,12.97,2.10701,1.00469056e+06,30.0,0.0,0.0,0.0,0.0,0.0,0.0,0.0,0.0,3.0,,28.13568,,,,,,,,,0.0,0.0,0.0,0.0,12.97,,,,,,Master only (1),13.0,,,,,,0.0,,,,0.0,0.0,,0.0
12.98,12.98,2.10701,1.00469056e+06,30.0,0.0,0.0,0.0,0.0,0.0,0.0,0.0,0.0,3.0,,28.127052,,,,,,,,,0.0,0.0,0.0,0.0,12.98,,,,,,Master only (1),13.0,,,,,,0.0,,,,0.0,0.0,,0.0
12.99,12.99,2.10701,1.00469056e+06,30.0,0.0,0.0,0.0,0.0,0.0,0.0,0.0,0.0,3.0,,28.118439,,,,,,,,,0.0,0.0,0.0,0.0,12.99,,,,,,Master only (1),13.0,,,,,,0.0,,,,0.0,0.0,,0.0
13.0,13.0,2.10701,1.00469056e+06,30.0,0.0,0.0,0.0,0.0,0.0,0.0,0.0,0.0,3.0,,28.109827,,,,,,,,,0.0,0.0,0.0,0.0,13.0,,,,,,Master only (1),13.0,,,,,,0.0,,,,0.0,0.0,,0.0
13.01,13.01,2.10701,1.00469056e+06,30.0,0.0,0.0,0.0,0.0,0.0,0.0,0.0,0.0,3.0,,28.101215,,,,,,,,,0.0,0.0,0.0,0.0,13.01,,,,,,Master only (1),13.0,,,,,,0.0,,,,0.0,0.0,,0.0
13.02,13.02,2.10701,1.00469056e+06,30.0,0.0,0.0,0.0,0.0,0.0,0.0,0.0,0.0,3.0,,28.092606,,,,,,,,,0.0,0.0,0.0,0.0,13.02,,,,,,Master only (1),13.0,,,,,,0.0,,,,0.0,0.0,,0.0
13.03,13.03,2.10701,1.00469056e+06,30.0,0.0,0.0,0.0,0.0,0.0,0.0,0.0,0.0,3.0,,28.084003,,,,,,,,,0.0,0.0,0.0,0.0,13.03,,,,,,Master only (1),13.0,,,,,,0.0,,,,0.0,0.0,,0.0
13.04,13.04,2.10701,1.00469056e+06,30.0,0.0,0.0,0.0,0.0,0.0,0.0,0.0,0.0,3.0,,28.075396,,,,,,,,,0.0,0.0,0.0,0.0,13.04,,,,,,Master only (1),13.0,,,,,,0.0,,,,0.0,0.0,,0.0
13.05,13.05,2.10701,1.00469056e+06,30.0,0.0,0.0,0.0,0.0,0.0,0.0,0.0,0.0,3.0,,28.066797,,,,,,,,,0.0,0.0,0.0,0.0,13.05,,,,,,Master only (1),13.1,,,,,,0.0,,,,0.0,0.0,,0.0
13.06,13.06,2.10701,1.00469056e+06,30.0,0.0,0.0,0.0,0.0,0.0,0.0,0.0,0.0,3.0,,28.058197,,,,,,,,,0.0,0.0,0.0,0.0,13.06,,,,,,Master only (1),13.1,,,,,,0.0,,,,0.0,0.0,,0.0
13.07,13.07,2.10701,1.00469056e+06,30.0,0.0,0.0,0.0,0.0,0.0,0.0,0.0,0.0,3.0,,28.049612,,,,,,,,,0.0,0.0,0.0,0.0,13.07,,,,,,Master only (1),13.1,,,,,,0.0,,,,0.0,0.0,,0.0
13.08,13.08,2.10701,1.00469056e+06,30.0,0.0,0.0,0.0,0.0,0.0,0.0,0.0,0.0,3.0,,28.041016,,,,,,,,,0.0,0.0,0.0,0.0,13.08,,,,,,Master only (1),13.1,,,,,,0.0,,,,0.0,0.0,,0.0
13.09,13.09,2.10701,1.00469056e+06,30.0,0.0,0.0,0.0,0.0,0.0,0.0,0.0,0.0,3.0,,28.032427,,,,,,,,,0.0,0.0,0.0,0.0,13.09,,,,,,Master only (1),13.1,,,,,,0.0,,,,0.0,0.0,,0.0
13.1,13.1,2.10701,1.00469056e+06,30.0,0.0,0.0,0.0,0.0,0.0,0.0,0.0,0.0,3.0,,28.023834,,,,,,,,,0.0,0.0,0.0,0.0,13.1,,,,,,Master only (1),13.1,,,,,,0.0,,,,0.0,0.0,,0.0
13.11,13.11,2.10701,1.00469056e+06,30.0,0.0,0.0,0.0,0.0,0.0,0.0,0.0,0.0,3.0,,28.015259,,,,,,,,,0.0,0.0,0.0,0.0,13.11,,,,,,Master only (1),13.1,,,,,,0.0,,,,0.0,0.0,,0.0
13.12,13.12,2.10701,1.00469056e+06,30.0,0.0,0.0,0.0,0.0,0.0,0.0,0.0,0.0,3.0,,28.006674,,,,,,,,,0.0,0.0,0.0,0.0,13.12,,,,,,Master only (1),13.1,,,,,,0.0,,,,0.0,0.0,,0.0
13.13,13.13,2.10701,1.00469056e+06,30.0,0.0,0.0,0.0,0.0,0.0,0.0,0.0,0.0,3.0,,27.998096,,,,,,,,,0.0,0.0,0.0,0.0,13.13,,,,,,Master only (1),13.1,,,,,,0.0,,,,0.0,0.0,,0.0
13.14,13.14,2.10701,1.00469056e+06,30.0,0.0,0.0,0.0,0.0,0.0,0.0,0.0,0.0,3.0,,27.98952,,,,,,,,,0.0,0.0,0.0,0.0,13.14,,,,,,Master only (1),13.1,,,,,,0.0,,,,0.0,0.0,,0.0
13.15,13.15,2.10701,1.00469056e+06,30.0,0.0,0.0,0.0,0.0,0.0,0.0,0.0,0.0,3.0,,27.98095,,,,,,,,,0.0,0.0,0.0,0.0,13.15,,,,,,Master only (1),13.1,,,,,,0.0,,,,0.0,0.0,,0.0
13.16,13.16,2.10701,1.00469056e+06,30.0,0.0,0.0,0.0,0.0,0.0,0.0,0.0,0.0,3.0,,27.97237,,,,,,,,,0.0,0.0,0.0,0.0,13.16,,,,,,Master only (1),13.2,,,,,,0.0,,,,0.0,0.0,,0.0
13.17,13.17,2.10701,1.00469056e+06,30.0,0.0,0.0,0.0,0.0,0.0,0.0,0.0,0.0,3.0,,27.963808,,,,,,,,,0.0,0.0,0.0,0.0,13.17,,,,,,Master only (1),13.2,,,,,,0.0,,,,0.0,0.0,,0.0
13.18,13.18,2.10701,1.00469056e+06,30.0,0.0,0.0,0.0,0.0,0.0,0.0,0.0,0.0,3.0,,27.955233,,,,,,,,,0.0,0.0,0.0,0.0,13.18,,,,,,Master only (1),13.2,,,,,,0.0,,,,0.0,0.0,,0.0
13.19,13.19,2.10701,1.00469056e+06,30.0,0.0,0.0,0.0,0.0,0.0,0.0,0.0,0.0,3.0,,27.946674,,,,,,,,,0.0,0.0,0.0,0.0,13.19,,,,,,Master only (1),13.2,,,,,,0.0,,,,0.0,0.0,,0.0
13.2,13.2,2.10701,1.00469056e+06,30.0,0.0,0.0,0.0,0.0,0.0,0.0,0.0,0.0,3.0,,27.938116,,,,,,,,,0.0,0.0,0.0,0.0,13.2,,,,,,Master only (1),13.2,,,,,,0.0,,,,0.0,0.0,,0.0
13.21,13.21,2.10701,1.00469056e+06,30.0,0.0,0.0,0.0,0.0,0.0,0.0,0.0,0.0,3.0,,27.92955,,,,,,,,,0.0,0.0,0.0,0.0,13.21,,,,,,Master only (1),13.2,,,,,,0.0,,,,0.0,0.0,,0.0
13.22,13.22,2.10701,1.00469056e+06,30.0,0.0,0.0,0.0,0.0,0.0,0.0,0.0,0.0,3.0,,27.921001,,,,,,,,,0.0,0.0,0.0,0.0,13.22,,,,,,Master only (1),13.2,,,,,,0.0,,,,0.0,0.0,,0.0
13.23,13.23,2.10701,1.00469056e+06,30.0,0.0,0.0,0.0,0.0,0.0,0.0,0.0,0.0,3.0,,27.912447,,,,,,,,,0.0,0.0,0.0,0.0,13.23,,,,,,Master only (1),13.2,,,,,,0.0,,,,0.0,0.0,,0.0
13.24,13.24,2.10701,1.00469056e+06,30.0,0.0,0.0,0.0,0.0,0.0,0.0,0.0,0.0,3.0,,27.903896,,,,,,,,,0.0,0.0,0.0,0.0,13.24,,,,,,Master only (1),13.2,,,,,,0.0,,,,0.0,0.0,,0.0
13.25,13.25,2.10701,1.00469056e+06,30.0,0.0,0.0,0.0,0.0,0.0,0.0,0.0,0.0,3.0,,27.895351,,,,,,,,,0.0,0.0,0.0,0.0,13.25,,,,,,Master only (1),13.3,,,,,,0.0,,,,0.0,0.0,,0.0
13.26,13.26,2.10701,1.00469056e+06,30.0,0.0,0.0,0.0,0.0,0.0,0.0,0.0,0.0,3.0,,27.886806,,,,,,,,,0.0,0.0,0.0,0.0,13.26,,,,,,Master only (1),13.3,,,,,,0.0,,,,0.0,0.0,,0.0
13.27,13.27,2.10701,1.00469056e+06,30.0,0.0,0.0,0.0,0.0,0.0,0.0,0.0,0.0,3.0,,27.878265,,,,,,,,,0.0,0.0,0.0,0.0,13.27,,,,,,Master only (1),13.3,,,,,,0.0,,,,0.0,0.0,,0.0
13.28,13.28,2.10701,1.00469056e+06,30.0,0.0,0.0,0.0,0.0,0.0,0.0,0.0,0.0,3.0,,27.869724,,,,,,,,,0.0,0.0,0.0,0.0,13.28,,,,,,Master only (1),13.3,,,,,,0.0,,,,0.0,0.0,,0.0
13.29,13.29,2.10701,1.00469056e+06,30.0,0.0,0.0,0.0,0.0,0.0,0.0,0.0,0.0,3.0,,27.861185,,,,,,,,,0.0,0.0,0.0,0.0,13.29,,,,,,Master only (1),13.3,,,,,,0.0,,,,0.0,0.0,,0.0
13.3,13.3,2.10701,1.00469056e+06,30.0,0.0,0.0,0.0,0.0,0.0,0.0,0.0,0.0,3.0,,27.852654,,,,,,,,,0.0,0.0,0.0,0.0,13.3,,,,,,Master only (1),13.3,,,,,,0.0,,,,0.0,0.0,,0.0
13.31,13.31,2.10701,1.00469056e+06,30.0,0.0,0.0,0.0,0.0,0.0,0.0,0.0,0.0,3.0,,27.844116,,,,,,,,,0.0,0.0,0.0,0.0,13.31,,,,,,Master only (1),13.3,,,,,,0.0,,,,0.0,0.0,,0.0
13.32,13.32,2.10701,1.00469056e+06,30.0,0.0,0.0,0.0,0.0,0.0,0.0,0.0,0.0,3.0,,27.835587,,,,,,,,,0.0,0.0,0.0,0.0,13.32,,,,,,Master only (1),13.3,,,,,,0.0,,,,0.0,0.0,,0.0
13.33,13.33,2.10701,1.00469056e+06,30.0,0.0,0.0,0.0,0.0,0.0,0.0,0.0,0.0,3.0,,27.827059,,,,,,,,,0.0,0.0,0.0,0.0,13.33,,,,,,Master only (1),13.3,,,,,,0.0,,,,0.0,0.0,,0.0
13.34,13.34,2.10701,1.00469056e+06,30.0,0.0,0.0,0.0,0.0,0.0,0.0,0.0,0.0,3.0,,27.818542,,,,,,,,,0.0,0.0,0.0,0.0,13.34,,,,,,Master only (1),13.3,,,,,,0.0,,,,0.0,0.0,,0.0
13.35,13.35,2.10701,1.00469056e+06,30.0,0.0,0.0,0.0,0.0,0.0,0.0,0.0,0.0,3.0,,27.810017,,,,,,,,,0.0,0.0,0.0,0.0,13.35,,,,,,Master only (1),13.4,,,,,,0.0,,,,0.0,0.0,,0.0
13.36,13.36,2.10701,1.00469056e+06,30.0,0.0,0.0,0.0,0.0,0.0,0.0,0.0,0.0,3.0,,27.801498,,,,,,,,,0.0,0.0,0.0,0.0,13.36,,,,,,Master only (1),13.4,,,,,,0.0,,,,0.0,0.0,,0.0
13.37,13.37,2.10701,1.00469056e+06,30.0,0.0,0.0,0.0,0.0,0.0,0.0,0.0,0.0,3.0,,27.792986,,,,,,,,,0.0,0.0,0.0,0.0,13.37,,,,,,Master only (1),13.4,,,,,,0.0,,,,0.0,0.0,,0.0
13.38,13.38,2.10701,1.00469056e+06,30.0,0.0,0.0,0.0,0.0,0.0,0.0,0.0,0.0,3.0,,27.78447,,,,,,,,,0.0,0.0,0.0,0.0,13.38,,,,,,Master only (1),13.4,,,,,,0.0,,,,0.0,0.0,,0.0
13.39,13.39,2.10701,1.00469056e+06,30.0,0.0,0.0,0.0,0.0,0.0,0.0,0.0,0.0,3.0,,27.77595,,,,,,,,,0.0,0.0,0.0,0.0,13.39,,,,,,Master only (1),13.4,,,,,,0.0,,,,0.0,0.0,,0.0
13.4,13.4,2.10701,1.00469056e+06,30.0,0.0,0.0,0.0,0.0,0.0,0.0,0.0,0.0,3.0,,27.767447,,,,,,,,,0.0,0.0,0.0,0.0,13.4,,,,,,Master only (1),13.4,,,,,,0.0,,,,0.0,0.0,,0.0
13.41,13.41,2.10701,1.00469056e+06,30.0,0.0,0.0,0.0,0.0,0.0,0.0,0.0,0.0,3.0,,27.758936,,,,,,,,,0.0,0.0,0.0,0.0,13.41,,,,,,Master only (1),13.4,,,,,,0.0,,,,0.0,0.0,,0.0
13.42,13.42,2.10701,1.00469056e+06,30.0,0.0,0.0,0.0,0.0,0.0,0.0,0.0,0.0,3.0,,27.75044,,,,,,,,,0.0,0.0,0.0,0.0,13.42,,,,,,Master only (1),13.4,,,,,,0.0,,,,0.0,0.0,,0.0
13.43,13.43,2.10701,1.00469056e+06,30.0,0.0,0.0,0.0,0.0,0.0,0.0,0.0,0.0,3.0,,27.741943,,,,,,,,,0.0,0.0,0.0,0.0,13.43,,,,,,Master only (1),13.4,,,,,,0.0,,,,0.0,0.0,,0.0
13.44,13.44,2.10701,1.00469056e+06,30.0,0.0,0.0,0.0,0.0,0.0,0.0,0.0,0.0,3.0,,27.733435,,,,,,,,,0.0,0.0,0.0,0.0,13.44,,,,,,Master only (1),13.4,,,,,,0.0,,,,0.0,0.0,,0.0
13.45,13.45,2.10701,1.00469056e+06,30.0,0.0,0.0,0.0,0.0,0.0,0.0,0.0,0.0,3.0,,27.724945,,,,,,,,,0.0,0.0,0.0,0.0,13.45,,,,,,Master only (1),13.4,,,,,,0.0,,,,0.0,0.0,,0.0
13.46,13.46,2.10701,1.00469056e+06,30.0,0.0,0.0,0.0,0.0,0.0,0.0,0.0,0.0,3.0,,27.716457,,,,,,,,,0.0,0.0,0.0,0.0,13.46,,,,,,Master only (1),13.5,,,,,,0.0,,,,0.0,0.0,,0.0
13.47,13.47,2.10701,1.00469056e+06,30.0,0.0,0.0,0.0,0.0,0.0,0.0,0.0,0.0,3.0,,27.707958,,,,,,,,,0.0,0.0,0.0,0.0,13.47,,,,,,Master only (1),13.5,,,,,,0.0,,,,0.0,0.0,,0.0
13.48,13.48,2.10701,1.00469056e+06,30.0,0.0,0.0,0.0,0.0,0.0,0.0,0.0,0.0,3.0,,27.699472,,,,,,,,,0.0,0.0,0.0,0.0,13.48,,,,,,Master only (1),13.5,,,,,,0.0,,,,0.0,0.0,,0.0
13.49,13.49,2.10701,1.00469056e+06,30.0,0.0,0.0,0.0,0.0,0.0,0.0,0.0,0.0,3.0,,27.690989,,,,,,,,,0.0,0.0,0.0,0.0,13.49,,,,,,Master only (1),13.5,,,,,,0.0,,,,0.0,0.0,,0.0
13.5,13.5,2.10701,1.00469056e+06,30.0,0.0,0.0,0.0,0.0,0.0,0.0,0.0,0.0,3.0,,27.682505,,,,,,,,,0.0,0.0,0.0,0.0,13.5,,,,,,Master only (1),13.5,,,,,,0.0,,,,0.0,0.0,,0.0
13.51,13.51,2.10701,1.00469056e+06,30.0,0.0,0.0,0.0,0.0,0.0,0.0,0.0,0.0,3.0,,27.674028,,,,,,,,,0.0,0.0,0.0,0.0,13.51,,,,,,Master only (1),13.5,,,,,,0.0,,,,0.0,0.0,,0.0
13.52,13.52,2.10701,1.00469056e+06,30.0,0.0,0.0,0.0,0.0,0.0,0.0,0.0,0.0,3.0,,27.665554,,,,,,,,,0.0,0.0,0.0,0.0,13.52,,,,,,Master only (1),13.5,,,,,,0.0,,,,0.0,0.0,,0.0
13.53,13.53,2.10701,1.00469056e+06,30.0,0.0,0.0,0.0,0.0,0.0,0.0,0.0,0.0,3.0,,27.657074,,,,,,,,,0.0,0.0,0.0,0.0,13.53,,,,,,Master only (1),13.5,,,,,,0.0,,,,0.0,0.0,,0.0
13.54,13.54,2.10701,1.00469056e+06,30.0,0.0,0.0,0.0,0.0,0.0,0.0,0.0,0.0,3.0,,27.648603,,,,,,,,,0.0,0.0,0.0,0.0,13.54,,,,,,Master only (1),13.5,,,,,,0.0,,,,0.0,0.0,,0.0
13.55,13.55,2.10701,1.00469056e+06,30.0,0.0,0.0,0.0,0.0,0.0,0.0,0.0,0.0,3.0,,27.640137,,,,,,,,,0.0,0.0,0.0,0.0,13.55,,,,,,Master only (1),13.6,,,,,,0.0,,,,0.0,0.0,,0.0
13.56,13.56,2.10701,1.00469056e+06,30.0,0.0,0.0,0.0,0.0,0.0,0.0,0.0,0.0,3.0,,27.631668,,,,,,,,,0.0,0.0,0.0,0.0,13.56,,,,,,Master only (1),13.6,,,,,,0.0,,,,0.0,0.0,,0.0
13.57,13.57,2.10701,1.00469056e+06,30.0,0.0,0.0,0.0,0.0,0.0,0.0,0.0,0.0,3.0,,27.6232,,,,,,,,,0.0,0.0,0.0,0.0,13.57,,,,,,Master only (1),13.6,,,,,,0.0,,,,0.0,0.0,,0.0
13.58,13.58,2.10701,1.00469056e+06,30.0,0.0,0.0,0.0,0.0,0.0,0.0,0.0,0.0,3.0,,27.614738,,,,,,,,,0.0,0.0,0.0,0.0,13.58,,,,,,Master only (1),13.6,,,,,,0.0,,,,0.0,0.0,,0.0
13.59,13.59,2.10701,1.00469056e+06,30.0,0.0,0.0,0.0,0.0,0.0,0.0,0.0,0.0,3.0,,27.606274,,,,,,,,,0.0,0.0,0.0,0.0,13.59,,,,,,Master only (1),13.6,,,,,,0.0,,,,0.0,0.0,,0.0
13.6,13.6,2.10701,1.00469056e+06,30.0,0.0,0.0,0.0,0.0,0.0,0.0,0.0,0.0,3.0,,27.597826,,,,,,,,,0.0,0.0,0.0,0.0,13.6,,,,,,Master only (1),13.6,,,,,,0.0,,,,0.0,0.0,,0.0
13.61,13.61,2.10701,1.00469056e+06,30.0,0.0,0.0,0.0,0.0,0.0,0.0,0.0,0.0,3.0,,27.589369,,,,,,,,,0.0,0.0,0.0,0.0,13.61,,,,,,Master only (1),13.6,,,,,,0.0,,,,0.0,0.0,,0.0
13.62,13.62,2.10701,1.00469056e+06,30.0,0.0,0.0,0.0,0.0,0.0,0.0,0.0,0.0,3.0,,27.580912,,,,,,,,,0.0,0.0,0.0,0.0,13.62,,,,,,Master only (1),13.6,,,,,,0.0,,,,0.0,0.0,,0.0
13.63,13.63,2.10701,1.00469056e+06,30.0,0.0,0.0,0.0,0.0,0.0,0.0,0.0,0.0,3.0,,27.572474,,,,,,,,,0.0,0.0,0.0,0.0,13.63,,,,,,Master only (1),13.6,,,,,,0.0,,,,0.0,0.0,,0.0
13.64,13.64,2.10701,1.00469056e+06,30.0,0.0,0.0,0.0,0.0,0.0,0.0,0.0,0.0,3.0,,27.564022,,,,,,,,,0.0,0.0,0.0,0.0,13.64,,,,,,Master only (1),13.6,,,,,,0.0,,,,0.0,0.0,,0.0
13.65,13.65,2.10701,1.00469056e+06,30.0,0.0,0.0,0.0,0.0,0.0,0.0,0.0,0.0,3.0,,27.555586,,,,,,,,,0.0,0.0,0.0,0.0,13.65,,,,,,Master only (1),13.6,,,,,,0.0,,,,0.0,0.0,,0.0
13.66,13.66,2.10701,1.00469056e+06,30.0,0.0,0.0,0.0,0.0,0.0,0.0,0.0,0.0,3.0,,27.547136,,,,,,,,,0.0,0.0,0.0,0.0,13.66,,,,,,Master only (1),13.7,,,,,,0.0,,,,0.0,0.0,,0.0
13.67,13.67,2.10701,1.00469056e+06,30.0,0.0,0.0,0.0,0.0,0.0,0.0,0.0,0.0,3.0,,27.538704,,,,,,,,,0.0,0.0,0.0,0.0,13.67,,,,,,Master only (1),13.7,,,,,,0.0,,,,0.0,0.0,,0.0
13.68,13.68,2.10701,1.00469056e+06,30.0,0.0,0.0,0.0,0.0,0.0,0.0,0.0,0.0,3.0,,27.53026,,,,,,,,,0.0,0.0,0.0,0.0,13.68,,,,,,Master only (1),13.7,,,,,,0.0,,,,0.0,0.0,,0.0
13.69,13.69,2.10701,1.00469056e+06,30.0,0.0,0.0,0.0,0.0,0.0,0.0,0.0,0.0,3.0,,27.521832,,,,,,,,,0.0,0.0,0.0,0.0,13.69,,,,,,Master only (1),13.7,,,,,,0.0,,,,0.0,0.0,,0.0
13.7,13.7,2.10701,1.00469056e+06,30.0,0.0,0.0,0.0,0.0,0.0,0.0,0.0,0.0,3.0,,27.513409,,,,,,,,,0.0,0.0,0.0,0.0,13.7,,,,,,Master only (1),13.7,,,,,,0.0,,,,0.0,0.0,,0.0
13.71,13.71,2.10701,1.00469056e+06,30.0,0.0,0.0,0.0,0.0,0.0,0.0,0.0,0.0,3.0,,27.50497,,,,,,,,,0.0,0.0,0.0,0.0,13.71,,,,,,Master only (1),13.7,,,,,,0.0,,,,0.0,0.0,,0.0
13.72,13.72,2.10701,1.00469056e+06,30.0,0.0,0.0,0.0,0.0,0.0,0.0,0.0,0.0,3.0,,27.49655,,,,,,,,,0.0,0.0,0.0,0.0,13.72,,,,,,Master only (1),13.7,,,,,,0.0,,,,0.0,0.0,,0.0
13.73,13.73,2.10701,1.00469056e+06,30.0,0.0,0.0,0.0,0.0,0.0,0.0,0.0,0.0,3.0,,27.488125,,,,,,,,,0.0,0.0,0.0,0.0,13.73,,,,,,Master only (1),13.7,,,,,,0.0,,,,0.0,0.0,,0.0
13.74,13.74,2.10701,1.00469056e+06,30.0,0.0,0.0,0.0,0.0,0.0,0.0,0.0,0.0,3.0,,27.479708,,,,,,,,,0.0,0.0,0.0,0.0,13.74,,,,,,Master only (1),13.7,,,,,,0.0,,,,0.0,0.0,,0.0
13.75,13.75,2.10701,1.00469056e+06,30.0,0.0,9.615388,0.0,1.0974883,0.0,1.0245712,0.0,76.85367,2.0,,22.227455,,22.227455,22.227455,,12.845947,,0.055767268,398.5753,1.0,0.0,0.0,2001.0,13.75,,27.0,,,,Master only (1),13.8,,27.0,22.227455,22.227455,,76.85367,4.341903,-1.0995522,-0.30704552,222.25076,0.0,0.0,1.0
13.76,13.76,2.10701,1.00469056e+06,30.0,0.0,9.6152725,0.0,1.0975387,0.0,1.024567,0.0,76.850685,2.0,,22.2269,,22.2269,22.2269,,12.845771,,0.05576803,398.55988,1.0,0.0,0.0,2001.0,13.76,,27.0,,,,Master only (1),13.8,,27.0,22.227455,22.227455,,76.850685,4.3418646,-1.0995522,-0.30704552,222.25076,0.0,0.0,1.0
13.77,13.77,2.10701,1.00469056e+06,30.0,0.0,9.615167,0.0,1.0975895,0.0,1.0245632,0.0,76.84795,2.0,,22.226389,,22.226389,22.226389,,12.845609,,0.055768736,398.5457,1.0,0.0,0.0,2001.0,13.77,,27.0,,,,Master only (1),13.8,,27.0,22.227455,22.227455,,76.84795,4.341829,-1.0995522,-0.30704552,222.25076,0.0,0.0,1.0
13.78,13.78,2.10701,1.00469056e+06,30.0,0.0,9.615052,0.0,1.0976399,0.0,1.024559,0.0,76.845,2.0,,22.225838,,22.225838,22.225838,,12.845433,,0.0557695,398.53033,1.0,0.0,0.0,2001.0,13.78,,27.0,,,,Master only (1),13.8,,27.0,22.227455,22.227455,,76.845,4.34179,-1.0995522,-0.30704552,222.25076,0.0,0.0,1.0
13.79,13.79,2.10701,1.00469056e+06,30.0,0.0,9.614946,0.0,1.0976907,0.0,1.0245552,0.0,76.84227,2.0,,22.225328,,22.225328,22.225328,,12.845271,,0.055770203,398.51617,1.0,0.0,0.0,2001.0,13.79,,27.0,,,,Master only (1),13.8,,27.0,22.227455,22.227455,,76.84227,4.341755,-1.0995522,-0.30704552,222.25076,0.0,0.0,1.0
13.8,13.8,2.10701,1.00469056e+06,30.0,0.0,9.614838,0.0,1.0977414,0.0,1.0245513,0.0,76.83946,2.0,,22.224806,,22.224806,22.224806,,12.845105,,0.055770922,398.50168,1.0,0.0,0.0,2001.0,13.8,,27.0,,,,Master only (1),13.8,,27.0,22.227455,22.227455,,76.83946,4.341718,-1.0995522,-0.30704552,222.25076,0.0,0.0,1.0
13.81,13.81,2.10701,1.00469056e+06,30.0,0.0,9.614739,0.0,1.0977924,0.0,1.0245477,0.0,76.83693,2.0,,22.224333,,22.224333,22.224333,,12.8449545,,0.055771578,398.4885,1.0,0.0,0.0,2001.0,13.81,,27.0,,,,Master only (1),13.8,,27.0,22.227455,22.227455,,76.83693,4.3416853,-1.0995522,-0.30704552,222.25076,0.0,0.0,1.0
13.82,13.82,2.10701,1.00469056e+06,30.0,0.0,9.614621,0.0,1.0978427,0.0,1.0245434,0.0,76.83388,2.0,,22.223763,,22.223763,22.223763,,12.844773,,0.055772364,398.47266,1.0,0.0,0.0,2001.0,13.82,,27.0,4.0877824,3.3924398,2.4849067,Matched (3),13.8,,27.0,22.227455,22.227455,,76.83388,4.3416457,-1.0995522,-0.30704552,222.25076,0.0,0.0,1.0
13.83,13.83,2.10701,1.00469056e+06,30.0,0.0,9.614509,0.0,1.0978932,0.0,1.0245394,0.0,76.83098,2.0,,22.22322,,22.22322,22.22322,,12.844602,,0.05577311,398.45764,1.0,0.0,0.0,2001.0,13.83,,27.0,,,,Master only (1),13.8,,27.0,22.227455,22.227455,,76.83098,4.341608,-1.0995522,-0.30704552,222.25076,0.0,0.0,1.0
13.84,13.84,2.10701,1.00469056e+06,30.0,0.0,9.614407,0.0,1.0979441,0.0,1.0245357,0.0,76.82834,2.0,,22.222729,,22.222729,22.222729,,12.844445,,0.055773787,398.44397,1.0,0.0,0.0,2001.0,13.84,,27.0,,,,Master only (1),13.8,,27.0,22.227455,22.227455,,76.82834,4.3415737,-1.0995522,-0.30704552,222.25076,0.0,0.0,1.0
13.85,13.85,2.10701,1.00469056e+06,30.0,0.0,0.0,0.0,0.0,0.0,0.0,0.0,0.0,3.0,,27.38725,,,,,,,,,0.0,0.0,0.0,0.0,13.85,,,,,,Master only (1),13.9,,,,,,0.0,,,,0.0,0.0,,0.0
13.86,13.86,2.10701,1.00469056e+06,30.0,0.0,0.0,0.0,0.0,0.0,0.0,0.0,0.0,3.0,,27.378855,,,,,,,,,0.0,0.0,0.0,0.0,13.86,,,,,,Master only (1),13.9,,,,,,0.0,,,,0.0,0.0,,0.0
13.87,13.87,2.10701,1.00469056e+06,30.0,0.0,0.0,0.0,0.0,0.0,0.0,0.0,0.0,3.0,,27.370478,,,,,,,,,0.0,0.0,0.0,0.0,13.87,,,,,,Master only (1),13.9,,,,,,0.0,,,,0.0,0.0,,0.0
13.88,13.88,2.10701,1.00469056e+06,30.0,0.0,0.0,0.0,0.0,0.0,0.0,0.0,0.0,3.0,,27.36209,,,,,,,,,0.0,0.0,0.0,0.0,13.88,,,,,,Master only (1),13.9,,,,,,0.0,,,,0.0,0.0,,0.0
13.89,13.89,2.10701,1.00469056e+06,30.0,0.0,0.0,0.0,0.0,0.0,0.0,0.0,0.0,3.0,,27.353703,,,,,,,,,0.0,0.0,0.0,0.0,13.89,,,,,,Master only (1),13.9,,,,,,0.0,,,,0.0,0.0,,0.0
13.9,13.9,2.10701,1.00469056e+06,30.0,0.0,0.0,0.0,0.0,0.0,0.0,0.0,0.0,3.0,,27.34533,,,,,,,,,0.0,0.0,0.0,0.0,13.9,,,,,,Master only (1),13.9,,,,,,0.0,,,,0.0,0.0,,0.0
13.91,13.91,2.10701,1.00469056e+06,30.0,0.0,0.0,0.0,0.0,0.0,0.0,0.0,0.0,3.0,,27.33695,,,,,,,,,0.0,0.0,0.0,0.0,13.91,,,,,,Master only (1),13.9,,,,,,0.0,,,,0.0,0.0,,0.0
13.92,13.92,2.10701,1.00469056e+06,30.0,0.0,0.0,0.0,0.0,0.0,0.0,0.0,0.0,3.0,,27.328579,,,,,,,,,0.0,0.0,0.0,0.0,13.92,,,,,,Master only (1),13.9,,,,,,0.0,,,,0.0,0.0,,0.0
13.93,13.93,2.10701,1.00469056e+06,30.0,0.0,0.0,0.0,0.0,0.0,0.0,0.0,0.0,3.0,,27.320204,,,,,,,,,0.0,0.0,0.0,0.0,13.93,,,,,,Master only (1),13.9,,,,,,0.0,,,,0.0,0.0,,0.0
13.94,13.94,2.10701,1.00469056e+06,30.0,0.0,0.0,0.0,0.0,0.0,0.0,0.0,0.0,3.0,,27.31184,,,,,,,,,0.0,0.0,0.0,0.0,13.94,,,,,,Master only (1),13.9,,,,,,0.0,,,,0.0,0.0,,0.0
13.95,13.95,2.10701,1.00469056e+06,30.0,0.0,0.0,0.0,0.0,0.0,0.0,0.0,0.0,3.0,,27.303478,,,,,,,,,0.0,0.0,0.0,0.0,13.95,,,,,,Master only (1),13.9,,,,,,0.0,,,,0.0,0.0,,0.0
13.96,13.96,2.10701,1.00469056e+06,30.0,0.0,9.769525,0.0,1.1045977,0.0,1.0301261,0.0,80.90348,2.0,,22.976217,,22.976217,22.976217,,13.082175,,0.054760262,419.57828,1.0,0.0,0.0,2001.0,13.96,,28.0,,,,Master only (1),14.0,,28.0,22.976217,22.976217,,80.90348,4.3932567,-1.3226957,-0.25569206,206.76787,0.0,0.0,1.0
13.97,13.97,2.10701,1.00469056e+06,30.0,0.0,9.769424,0.0,1.1046491,0.0,1.0301225,0.0,80.9008,2.0,,22.975727,,22.975727,22.975727,,13.082022,,0.054760907,419.5644,1.0,0.0,0.0,2001.0,13.97,,28.0,,,,Master only (1),14.0,,28.0,22.976217,22.976217,,80.9008,4.393224,-1.3226957,-0.25569206,206.76787,0.0,0.0,1.0
13.98,13.98,2.10701,1.00469056e+06,30.0,0.0,9.769319,0.0,1.1047002,0.0,1.0301187,0.0,80.89797,2.0,,22.975208,,22.975208,22.975208,,13.08186,,0.054761585,419.54974,1.0,0.0,0.0,2001.0,13.98,,28.0,,,,Master only (1),14.0,,28.0,22.976217,22.976217,,80.89797,4.393189,-1.3226957,-0.25569206,206.76787,0.0,0.0,1.0
13.99,13.99,2.10701,1.00469056e+06,30.0,0.0,9.769215,0.0,1.1047516,0.0,1.030115,0.0,80.895195,2.0,,22.974699,,22.974699,22.974699,,13.0817,,0.05476225,419.53534,1.0,0.0,0.0,2001.0,13.99,,28.0,,,,Master only (1),14.0,,28.0,22.976217,22.976217,,80.895195,4.3931546,-1.3226957,-0.25569206,206.76787,0.0,0.0,1.0
14.0,14.0,2.10701,1.00469056e+06,30.0,0.0,9.769112,0.0,1.1048028,0.0,1.0301113,0.0,80.89244,2.0,,22.974194,,22.974194,22.974194,,13.081542,,0.054762915,419.52103,1.0,0.0,0.0,2001.0,14.0,,28.0,,,,Master only (1),14.0,,28.0,22.976217,22.976217,,80.89244,4.3931203,-1.3226957,-0.25569206,206.76787,0.0,0.0,1.0
14.01,14.01,2.10701,1.00469056e+06,30.0,0.0,9.769012,0.0,1.1048542,0.0,1.0301077,0.0,80.889786,2.0,,22.97371,,22.97371,22.97371,,13.08139,,0.054763548,419.50732,1.0,0.0,0.0,2001.0,14.01,,28.0,,,,Master only (1),14.0,,28.0,22.976217,22.976217,,80.889786,4.3930874,-1.3226957,-0.25569206,206.76787,0.0,0.0,1.0
14.02,14.02,2.10701,1.00469056e+06,30.0,0.0,9.768909,0.0,1.1049055,0.0,1.030104,0.0,80.88704,2.0,,22.973204,,22.973204,22.973204,,13.081232,,0.05476421,419.493,1.0,0.0,0.0,2001.0,14.02,,28.0,,,,Master only (1),14.0,,28.0,22.976217,22.976217,,80.88704,4.3930535,-1.3226957,-0.25569206,206.76787,0.0,0.0,1.0
14.03,14.03,2.10701,1.00469056e+06,30.0,0.0,9.768809,0.0,1.1049569,0.0,1.0301005,0.0,80.88436,2.0,,22.972713,,22.972713,22.972713,,13.081079,,0.054764856,419.47913,1.0,0.0,0.0,2001.0,14.03,,28.0,,,,Master only (1),14.0,,28.0,22.976217,22.976217,,80.88436,4.3930206,-1.3226957,-0.25569206,206.76787,0.0,0.0,1.0
14.04,14.04,2.10701,1.00469056e+06,30.0,0.0,9.768703,0.0,1.105008,0.0,1.0300967,0.0,80.88153,2.0,,22.972195,,22.972195,22.972195,,13.080915,,0.054765537,419.46442,1.0,0.0,0.0,2001.0,14.04,,28.0,3.7746823,4.008765,2.261763,Matched (3),14.0,,28.0,22.976217,22.976217,,80.88153,4.3929853,-1.3226957,-0.25569206,206.76787,0.0,0.0,1.0
14.05,14.05,2.10701,1.00469056e+06,30.0,0.0,0.0,0.0,0.0,0.0,0.0,0.0,0.0,3.0,,27.219948,,,,,,,,,0.0,0.0,0.0,0.0,14.05,,,,,,Master only (1),14.1,,,,,,0.0,,,,0.0,0.0,,0.0
14.06,14.06,2.10701,1.00469056e+06,30.0,0.0,0.0,0.0,0.0,0.0,0.0,0.0,0.0,3.0,,27.21161,,,,,,,,,0.0,0.0,0.0,0.0,14.06,,,,,,Master only (1),14.1,,,,,,0.0,,,,0.0,0.0,,0.0
14.07,14.07,2.10701,1.00469056e+06,30.0,0.0,0.0,0.0,0.0,0.0,0.0,0.0,0.0,3.0,,27.20327,,,,,,,,,0.0,0.0,0.0,0.0,14.07,,,,,,Master only (1),14.1,,,,,,0.0,,,,0.0,0.0,,0.0
14.08,14.08,2.10701,1.00469056e+06,30.0,0.0,0.0,0.0,0.0,0.0,0.0,0.0,0.0,3.0,,27.194948,,,,,,,,,0.0,0.0,0.0,0.0,14.08,,,,,,Master only (1),14.1,,,,,,0.0,,,,0.0,0.0,,0.0
14.09,14.09,2.10701,1.00469056e+06,30.0,0.0,0.0,0.0,0.0,0.0,0.0,0.0,0.0,3.0,,27.186615,,,,,,,,,0.0,0.0,0.0,0.0,14.09,,,,,,Master only (1),14.1,,,,,,0.0,,,,0.0,0.0,,0.0
14.1,14.1,2.10701,1.00469056e+06,30.0,0.0,0.0,0.0,0.0,0.0,0.0,0.0,0.0,3.0,,27.178286,,,,,,,,,0.0,0.0,0.0,0.0,14.1,,,,,,Master only (1),14.1,,,,,,0.0,,,,0.0,0.0,,0.0
14.11,14.11,2.10701,1.00469056e+06,30.0,0.0,0.0,0.0,0.0,0.0,0.0,0.0,0.0,3.0,,27.169954,,,,,,,,,0.0,0.0,0.0,0.0,14.11,,,,,,Master only (1),14.1,,,,,,0.0,,,,0.0,0.0,,0.0
14.12,14.12,2.10701,1.00469056e+06,30.0,0.0,0.0,0.0,0.0,0.0,0.0,0.0,0.0,3.0,,27.161644,,,,,,,,,0.0,0.0,0.0,0.0,14.12,,,,,,Master only (1),14.1,,,,,,0.0,,,,0.0,0.0,,0.0
14.13,14.13,2.10701,1.00469056e+06,30.0,0.0,0.0,0.0,0.0,0.0,0.0,0.0,0.0,3.0,,27.153316,,,,,,,,,0.0,0.0,0.0,0.0,14.13,,,,,,Master only (1),14.1,,,,,,0.0,,,,0.0,0.0,,0.0
14.14,14.14,2.10701,1.00469056e+06,30.0,0.0,0.0,0.0,0.0,0.0,0.0,0.0,0.0,3.0,,27.144997,,,,,,,,,0.0,0.0,0.0,0.0,14.14,,,,,,Master only (1),14.1,,,,,,0.0,,,,0.0,0.0,,0.0
14.15,14.15,2.10701,1.00469056e+06,30.0,0.0,0.0,0.0,0.0,0.0,0.0,0.0,0.0,3.0,,27.136688,,,,,,,,,0.0,0.0,0.0,0.0,14.15,,,,,,Master only (1),14.1,,,,,,0.0,,,,0.0,0.0,,0.0
14.16,14.16,2.10701,1.00469056e+06,30.0,0.0,0.0,0.0,0.0,0.0,0.0,0.0,0.0,3.0,,27.12837,,,,,,,,,0.0,0.0,0.0,0.0,14.16,,,,,,Master only (1),14.2,,,,,,0.0,,,,0.0,0.0,,0.0
14.17,14.17,2.10701,1.00469056e+06,30.0,0.0,0.0,0.0,0.0,0.0,0.0,0.0,0.0,3.0,,27.120066,,,,,,,,,0.0,0.0,0.0,0.0,14.17,,,,,,Master only (1),14.2,,,,,,0.0,,,,0.0,0.0,,0.0
14.18,14.18,2.10701,1.00469056e+06,30.0,0.0,0.0,0.0,0.0,0.0,0.0,0.0,0.0,3.0,,27.11175,,,,,,,,,0.0,0.0,0.0,0.0,14.18,,,,,,Master only (1),14.2,,,,,,0.0,,,,0.0,0.0,,0.0
14.19,14.19,2.10701,1.00469056e+06,30.0,0.0,0.0,0.0,0.0,0.0,0.0,0.0,0.0,3.0,,27.103453,,,,,,,,,0.0,0.0,0.0,0.0,14.19,,,,,,Master only (1),14.2,,,,,,0.0,,,,0.0,0.0,,0.0
14.2,14.2,2.10701,1.00469056e+06,30.0,0.0,0.0,0.0,0.0,0.0,0.0,0.0,0.0,3.0,,27.09514,,,,,,,,,0.0,0.0,0.0,0.0,14.2,,,,,,Master only (1),14.2,,,,,,0.0,,,,0.0,0.0,,0.0
14.21,14.21,2.10701,1.00469056e+06,30.0,0.0,0.0,0.0,0.0,0.0,0.0,0.0,0.0,3.0,,27.086845,,,,,,,,,0.0,0.0,0.0,0.0,14.21,,,,,,Master only (1),14.2,,,,,,0.0,,,,0.0,0.0,,0.0
14.22,14.22,2.10701,1.00469056e+06,30.0,0.0,0.0,0.0,0.0,0.0,0.0,0.0,0.0,3.0,,27.078552,,,,,,,,,0.0,0.0,0.0,0.0,14.22,,,,,,Master only (1),14.2,,,,,,0.0,,,,0.0,0.0,,0.0
14.23,14.23,2.10701,1.00469056e+06,30.0,0.0,0.0,0.0,0.0,0.0,0.0,0.0,0.0,3.0,,27.07025,,,,,,,,,0.0,0.0,0.0,0.0,14.23,,,,,,Master only (1),14.2,,,,,,0.0,,,,0.0,0.0,,0.0
14.24,14.24,2.10701,1.00469056e+06,30.0,0.0,0.0,0.0,0.0,0.0,0.0,0.0,0.0,3.0,,27.06196,,,,,,,,,0.0,0.0,0.0,0.0,14.24,,,,,,Master only (1),14.2,,,,,,0.0,,,,0.0,0.0,,0.0
14.25,14.25,2.10701,1.00469056e+06,30.0,0.0,9.289083,0.0,1.0873959,0.0,1.0126146,0.0,68.74585,2.0,,20.684845,,20.684845,20.684845,,12.347685,,0.058017626,356.52692,1.0,0.0,0.0,2001.0,14.25,,25.0,,,,Master only (1),14.3,,25.0,20.684845,20.684845,,68.74585,4.2304163,-0.8118701,-0.41853243,206.82405,0.0,0.0,1.0
14.26,14.26,2.10701,1.00469056e+06,30.0,0.0,9.288963,0.0,1.0874455,0.0,1.0126102,0.0,68.743004,2.0,,20.684292,,20.684292,20.684292,,12.347503,,0.058018483,356.51212,1.0,0.0,0.0,2001.0,14.26,,25.0,,,,Master only (1),14.3,,25.0,20.684845,20.684845,,68.743004,4.230375,-0.8118701,-0.41853243,206.82405,0.0,0.0,1.0
14.27,14.27,2.10701,1.00469056e+06,30.0,0.0,9.288855,0.0,1.0874954,0.0,1.0126061,0.0,68.74041,2.0,,20.683788,,20.683788,20.683788,,12.347338,,0.058019258,356.49866,1.0,0.0,0.0,2001.0,14.27,,25.0,,,,Master only (1),14.3,,25.0,20.684845,20.684845,,68.74041,4.230337,-0.8118701,-0.41853243,206.82405,0.0,0.0,1.0
14.28,14.28,2.10701,1.00469056e+06,30.0,0.0,9.288726,0.0,1.0875448,0.0,1.0126014,0.0,68.73733,2.0,,20.68319,,20.68319,20.68319,,12.347141,,0.058020182,356.48267,1.0,0.0,0.0,2001.0,14.28,,25.0,,,,Master only (1),14.3,,25.0,20.684845,20.684845,,68.73733,4.2302923,-0.8118701,-0.41853243,206.82405,0.0,0.0,1.0
14.29,14.29,2.10701,1.00469056e+06,30.0,0.0,9.288613,0.0,1.0875946,0.0,1.0125972,0.0,68.73464,2.0,,20.682669,,20.682669,20.682669,,12.34697,,0.058020987,356.46875,1.0,0.0,0.0,2001.0,14.29,,25.0,,,,Master only (1),14.3,,25.0,20.684845,20.684845,,68.73464,4.230253,-0.8118701,-0.41853243,206.82405,0.0,0.0,1.0
14.3,14.3,2.10701,1.00469056e+06,30.0,0.0,9.288494,0.0,1.0876443,0.0,1.0125928,0.0,68.73179,2.0,,20.682116,,20.682116,20.682116,,12.346788,,0.05802184,356.45398,1.0,0.0,0.0,2001.0,14.3,,25.0,,,,Master only (1),14.3,,25.0,20.684845,20.684845,,68.73179,4.2302117,-0.8118701,-0.41853243,206.82405,0.0,0.0,1.0
14.31,14.31,2.10701,1.00469056e+06,30.0,0.0,9.288375,0.0,1.0876939,0.0,1.0125884,0.0,68.72894,2.0,,20.681562,,20.681562,20.681562,,12.346607,,0.05802269,356.43924,1.0,0.0,0.0,2001.0,14.31,,25.0,4.115956,4.033933,2.7725887,Matched (3),14.3,,25.0,20.684845,20.684845,,68.72894,4.2301702,-0.8118701,-0.41853243,206.82405,0.0,0.0,1.0
14.32,14.32,2.10701,1.00469056e+06,30.0,0.0,9.288272,0.0,1.0877442,0.0,1.0125846,0.0,68.72649,2.0,,20.681084,,20.681084,20.681084,,12.34645,,0.05802343,356.42642,1.0,0.0,0.0,2001.0,14.32,,25.0,,,,Master only (1),14.3,,25.0,20.684845,20.684845,,68.72649,4.2301345,-0.8118701,-0.41853243,206.82405,0.0,0.0,1.0
14.33,14.33,2.10701,1.00469056e+06,30.0,0.0,9.2881565,0.0,1.087794,0.0,1.0125803,0.0,68.723724,2.0,,20.68055,,20.68055,20.68055,,12.346274,,0.058024254,356.41217,1.0,0.0,0.0,2001.0,14.33,,25.0,,,,Master only (1),14.3,,25.0,20.684845,20.684845,,68.723724,4.2300944,-0.8118701,-0.41853243,206.82405,0.0,0.0,1.0
14.34,14.34,2.10701,1.00469056e+06,30.0,0.0,9.288028,0.0,1.0878433,0.0,1.0125755,0.0,68.72065,2.0,,20.679953,,20.679953,20.679953,,12.346078,,0.058025178,356.3962,1.0,0.0,0.0,2001.0,14.34,,25.0,,,,Master only (1),14.3,,25.0,20.684845,20.684845,,68.72065,4.2300496,-0.8118701,-0.41853243,206.82405,0.0,0.0,1.0
14.35,14.35,2.10701,1.00469056e+06,30.0,0.0,0.0,0.0,0.0,0.0,0.0,0.0,0.0,3.0,,26.970911,,,,,,,,,0.0,0.0,0.0,0.0,14.35,,,,,,Master only (1),14.4,,,,,,0.0,,,,0.0,0.0,,0.0
14.36,14.36,2.10701,1.00469056e+06,30.0,0.0,0.0,0.0,0.0,0.0,0.0,0.0,0.0,3.0,,26.962658,,,,,,,,,0.0,0.0,0.0,0.0,14.36,,,,,,Master only (1),14.4,,,,,,0.0,,,,0.0,0.0,,0.0
14.37,14.37,2.10701,1.00469056e+06,30.0,0.0,0.0,0.0,0.0,0.0,0.0,0.0,0.0,3.0,,26.954395,,,,,,,,,0.0,0.0,0.0,0.0,14.37,,,,,,Master only (1),14.4,,,,,,0.0,,,,0.0,0.0,,0.0
14.38,14.38,2.10701,1.00469056e+06,30.0,0.0,0.0,0.0,0.0,0.0,0.0,0.0,0.0,3.0,,26.946135,,,,,,,,,0.0,0.0,0.0,0.0,14.38,,,,,,Master only (1),14.4,,,,,,0.0,,,,0.0,0.0,,0.0
14.39,14.39,2.10701,1.00469056e+06,30.0,0.0,0.0,0.0,0.0,0.0,0.0,0.0,0.0,3.0,,26.937874,,,,,,,,,0.0,0.0,0.0,0.0,14.39,,,,,,Master only (1),14.4,,,,,,0.0,,,,0.0,0.0,,0.0
14.4,14.4,2.10701,1.00469056e+06,30.0,0.0,0.0,0.0,0.0,0.0,0.0,0.0,0.0,3.0,,26.929632,,,,,,,,,0.0,0.0,0.0,0.0,14.4,,,,,,Master only (1),14.4,,,,,,0.0,,,,0.0,0.0,,0.0
14.41,14.41,2.10701,1.00469056e+06,30.0,0.0,0.0,0.0,0.0,0.0,0.0,0.0,0.0,3.0,,26.921375,,,,,,,,,0.0,0.0,0.0,0.0,14.41,,,,,,Master only (1),14.4,,,,,,0.0,,,,0.0,0.0,,0.0
14.42,14.42,2.10701,1.00469056e+06,30.0,0.0,0.0,0.0,0.0,0.0,0.0,0.0,0.0,3.0,,26.913136,,,,,,,,,0.0,0.0,0.0,0.0,14.42,,,,,,Master only (1),14.4,,,,,,0.0,,,,0.0,0.0,,0.0
14.43,14.43,2.10701,1.00469056e+06,30.0,0.0,0.0,0.0,0.0,0.0,0.0,0.0,0.0,3.0,,26.904886,,,,,,,,,0.0,0.0,0.0,0.0,14.43,,,,,,Master only (1),14.4,,,,,,0.0,,,,0.0,0.0,,0.0
14.44,14.44,2.10701,1.00469056e+06,30.0,0.0,0.0,0.0,0.0,0.0,0.0,0.0,0.0,3.0,,26.896648,,,,,,,,,0.0,0.0,0.0,0.0,14.44,,,,,,Master only (1),14.4,,,,,,0.0,,,,0.0,0.0,,0.0
14.45,14.45,2.10701,1.00469056e+06,30.0,0.0,0.0,0.0,0.0,0.0,0.0,0.0,0.0,3.0,,26.888403,,,,,,,,,0.0,0.0,0.0,0.0,14.45,,,,,,Master only (1),14.4,,,,,,0.0,,,,0.0,0.0,,0.0
14.46,14.46,2.10701,1.00469056e+06,30.0,0.0,13.199535,0.0,1.2266562,0.0,1.1410991,0.0,213.78221,2.0,,43.007023,,43.007023,43.007023,,18.468153,,0.0387902,1108.7085,1.0,0.0,0.0,2001.0,14.46,,54.0,,,,Master only (1),14.5,,54.0,43.007023,43.007023,,213.78221,5.364958,-0.40640494,0.7160091,387.0529,0.0,0.0,1.0
14.47,14.47,2.10701,1.00469056e+06,30.0,0.0,13.199498,0.0,1.2267164,0.0,1.141098,0.0,213.78026,2.0,,43.00677,,43.00677,43.00677,,18.468092,,0.03879033,1108.6982,1.0,0.0,0.0,2001.0,14.47,,54.0,,,,Master only (1),14.5,,54.0,43.007023,43.007023,,213.78026,5.3649487,-0.40640494,0.7160091,387.0529,0.0,0.0,1.0
14.48,14.48,2.10701,1.00469056e+06,30.0,0.0,13.199462,0.0,1.2267765,0.0,1.141097,0.0,213.77837,2.0,,43.006527,,43.006527,43.006527,,18.468035,,0.03879045,1108.6886,1.0,0.0,0.0,2001.0,14.48,,54.0,,,,Master only (1),14.5,,54.0,43.007023,43.007023,,213.77837,5.3649397,-0.40640494,0.7160091,387.0529,0.0,0.0,1.0
14.49,14.49,2.10701,1.00469056e+06,30.0,0.0,13.1994095,0.0,1.2268362,0.0,1.1410954,0.0,213.77562,2.0,,43.00617,,43.00617,43.00617,,18.46795,,0.038790625,1108.6743,1.0,0.0,0.0,2001.0,14.49,,54.0,,,,Master only (1),14.5,,54.0,43.007023,43.007023,,213.77562,5.364927,-0.40640494,0.7160091,387.0529,0.0,0.0,1.0
14.5,14.5,2.10701,1.00469056e+06,30.0,0.0,13.199377,0.0,1.2268965,0.0,1.1410944,0.0,213.77393,2.0,,43.00595,,43.00595,43.00595,,18.4679,,0.038790733,1108.6656,1.0,0.0,0.0,2001.0,14.5,,54.0,4.4825296,4.297833,3.1780539,Matched (3),14.5,,54.0,43.007023,43.007023,,213.77393,5.364919,-0.40640494,0.7160091,387.0529,0.0,0.0,1.0
14.51,14.51,2.10701,1.00469056e+06,30.0,0.0,13.199324,0.0,1.2269562,0.0,1.1410929,0.0,213.77113,2.0,,43.00559,,43.00559,43.00559,,18.467813,,0.038790915,1108.651,1.0,0.0,0.0,2001.0,14.51,,54.0,,,,Master only (1),14.5,,54.0,43.007023,43.007023,,213.77113,5.364906,-0.40640494,0.7160091,387.0529,0.0,0.0,1.0
14.52,14.52,2.10701,1.00469056e+06,30.0,0.0,13.199275,0.0,1.227016,0.0,1.1410915,0.0,213.76859,2.0,,43.005257,,43.005257,43.005257,,18.467735,,0.03879108,1108.6378,1.0,0.0,0.0,2001.0,14.52,,54.0,,,,Master only (1),14.5,,54.0,43.007023,43.007023,,213.76859,5.364894,-0.40640494,0.7160091,387.0529,0.0,0.0,1.0
14.53,14.53,2.10701,1.00469056e+06,30.0,0.0,13.199219,0.0,1.2270756,0.0,1.1410898,0.0,213.76566,2.0,,43.004875,,43.004875,43.004875,,18.467646,,0.038791265,1108.6227,1.0,0.0,0.0,2001.0,14.53,,54.0,,,,Master only (1),14.5,,54.0,43.007023,43.007023,,213.76566,5.3648806,-0.40640494,0.7160091,387.0529,0.0,0.0,1.0
14.54,14.54,2.10701,1.00469056e+06,30.0,0.0,13.199199,0.0,1.2271363,0.0,1.1410892,0.0,213.7646,2.0,,43.004738,,43.004738,43.004738,,18.467613,,0.038791336,1108.6171,1.0,0.0,0.0,2001.0,14.54,,54.0,,,,Master only (1),14.5,,54.0,43.007023,43.007023,,213.7646,5.3648753,-0.40640494,0.7160091,387.0529,0.0,0.0,1.0
14.55,14.55,2.10701,1.00469056e+06,30.0,0.0,11.210946,0.0,1.1609318,0.0,1.079473,0.0,126.174255,2.0,,30.60532,,30.60532,30.60532,,15.316696,,0.046771403,654.3597,1.0,0.0,0.0,2001.0,14.55,,38.0,,,,Master only (1),14.6,,38.0,30.60532,30.60532,,126.174255,4.837664,-0.40640494,0.18871538,336.6354,0.0,0.0,1.0
14.56,14.56,2.10701,1.00469056e+06,30.0,0.0,11.210873,0.0,1.1609873,0.0,1.0794706,0.0,126.171585,2.0,,30.604904,,30.604904,30.604904,,15.316582,,0.046771754,654.3459,1.0,0.0,0.0,2001.0,14.56,,38.0,,,,Master only (1),14.6,,38.0,30.60532,30.60532,,126.171585,4.8376427,-0.40640494,0.18871538,336.6354,0.0,0.0,1.0
14.57,14.57,2.10701,1.00469056e+06,30.0,0.0,11.210804,0.0,1.1610429,0.0,1.0794684,0.0,126.16909,2.0,,30.604513,,30.604513,30.604513,,15.316474,,0.04677208,654.33295,1.0,0.0,0.0,2001.0,14.57,,38.0,,,,Master only (1),14.6,,38.0,30.60532,30.60532,,126.16909,4.837623,-0.40640494,0.18871538,336.6354,0.0,0.0,1.0
14.58,14.58,2.10701,1.00469056e+06,30.0,0.0,11.210712,0.0,1.1610978,0.0,1.0794654,0.0,126.165764,2.0,,30.603992,,30.603992,30.603992,,15.316331,,0.046772517,654.3157,1.0,0.0,0.0,2001.0,14.58,,38.0,,,,Master only (1),14.6,,38.0,30.60532,30.60532,,126.165764,4.8375964,-0.40640494,0.18871538,336.6354,0.0,0.0,1.0
14.59,14.59,2.10701,1.00469056e+06,30.0,0.0,11.21064,0.0,1.1611533,0.0,1.079463,0.0,126.16313,2.0,,30.60358,,30.60358,30.60358,,15.316217,,0.046772864,654.30206,1.0,0.0,0.0,2001.0,14.59,,38.0,,,,Master only (1),14.6,,38.0,30.60532,30.60532,,126.16313,4.837576,-0.40640494,0.18871538,336.6354,0.0,0.0,1.0
14.6,14.6,2.10701,1.00469056e+06,30.0,0.0,11.210567,0.0,1.1612087,0.0,1.0794606,0.0,126.16049,2.0,,30.603168,,30.603168,30.603168,,15.316104,,0.04677321,654.2884,1.0,0.0,0.0,2001.0,14.6,,38.0,,,,Master only (1),14.6,,38.0,30.60532,30.60532,,126.16049,4.837555,-0.40640494,0.18871538,336.6354,0.0,0.0,1.0
14.61,14.61,2.10701,1.00469056e+06,30.0,0.0,11.21049,0.0,1.1612642,0.0,1.0794581,0.0,126.15769,2.0,,30.602728,,30.602728,30.602728,,15.315983,,0.046773583,654.27374,1.0,0.0,0.0,2001.0,14.61,,38.0,,,,Master only (1),14.6,,38.0,30.60532,30.60532,,126.15769,4.8375325,-0.40640494,0.18871538,336.6354,0.0,0.0,1.0
14.62,14.62,2.10701,1.00469056e+06,30.0,0.0,11.210432,0.0,1.1613201,0.0,1.0794562,0.0,126.15557,2.0,,30.602398,,30.602398,30.602398,,15.315891,,0.046773862,654.2628,1.0,0.0,0.0,2001.0,14.62,,38.0,,,,Master only (1),14.6,,38.0,30.60532,30.60532,,126.15557,4.837516,-0.40640494,0.18871538,336.6354,0.0,0.0,1.0
14.63,14.63,2.10701,1.00469056e+06,30.0,0.0,11.21037,0.0,1.161376,0.0,1.0794542,0.0,126.15332,2.0,,30.602045,,30.602045,30.602045,,15.315795,,0.046774156,654.25116,1.0,0.0,0.0,2001.0,14.63,,38.0,4.474726,4.2884293,3.1780539,Matched (3),14.6,,38.0,30.60532,30.60532,,126.15332,4.837498,-0.40640494,0.18871538,336.6354,0.0,0.0,1.0
14.64,14.64,2.10701,1.00469056e+06,30.0,0.0,11.21029,0.0,1.1614313,0.0,1.0794516,0.0,126.15041,2.0,,30.60159,,30.60159,30.60159,,15.315669,,0.04677454,654.236,1.0,0.0,0.0,2001.0,14.64,,38.0,,,,Master only (1),14.6,,38.0,30.60532,30.60532,,126.15041,4.837475,-0.40640494,0.18871538,336.6354,0.0,0.0,1.0
14.65,14.65,2.10701,1.00469056e+06,30.0,0.0,11.210214,0.0,1.1614866,0.0,1.079449,0.0,126.14764,2.0,,30.601156,,30.601156,30.601156,,15.31555,,0.0467749,654.22174,1.0,0.0,0.0,2001.0,14.65,,38.0,,,,Master only (1),14.6,,38.0,30.60532,30.60532,,126.14764,4.837453,-0.40640494,0.18871538,336.6354,0.0,0.0,1.0
14.66,14.66,2.10701,1.00469056e+06,30.0,0.0,11.210159,0.0,1.1615428,0.0,1.0794473,0.0,126.14566,2.0,,30.600847,,30.600847,30.600847,,15.315465,,0.046775162,654.2115,1.0,0.0,0.0,2001.0,14.66,,38.0,,,,Master only (1),14.7,,38.0,30.600847,30.600847,,126.14566,4.837437,-0.40640494,0.18848841,275.3933,0.0,0.0,1.0
14.67,14.67,2.10701,1.00469056e+06,30.0,0.0,11.210083,0.0,1.1615982,0.0,1.0794448,0.0,126.14289,2.0,,30.600412,,30.600412,30.600412,,15.315345,,0.04677553,654.197,1.0,0.0,0.0,2001.0,14.67,,38.0,,,,Master only (1),14.7,,38.0,30.600847,30.600847,,126.14289,4.837415,-0.40640494,0.18848841,275.3933,0.0,0.0,1.0
14.68,14.68,2.10701,1.00469056e+06,30.0,0.0,11.210017,0.0,1.161654,0.0,1.0794426,0.0,126.1405,2.0,,30.600039,,30.600039,30.600039,,15.315242,,0.046775844,654.18463,1.0,0.0,0.0,2001.0,14.68,,38.0,,,,Master only (1),14.7,,38.0,30.600847,30.600847,,126.1405,4.8373966,-0.40640494,0.18848841,275.3933,0.0,0.0,1.0
14.69,14.69,2.10701,1.00469056e+06,30.0,0.0,11.209948,0.0,1.1617097,0.0,1.0794404,0.0,126.13797,2.0,,30.599642,,30.599642,30.599642,,15.315133,,0.046776175,654.1715,1.0,0.0,0.0,2001.0,14.69,,38.0,,,,Master only (1),14.7,,38.0,30.600847,30.600847,,126.13797,4.837376,-0.40640494,0.18848841,275.3933,0.0,0.0,1.0
14.7,14.7,2.10701,1.00469056e+06,30.0,0.0,11.209875,0.0,1.1617651,0.0,1.079438,0.0,126.13534,2.0,,30.59923,,30.59923,30.59923,,15.31502,,0.046776522,654.15784,1.0,0.0,0.0,2001.0,14.7,,38.0,,,,Master only (1),14.7,,38.0,30.600847,30.600847,,126.13534,4.8373556,-0.40640494,0.18848841,275.3933,0.0,0.0,1.0
14.71,14.71,2.10701,1.00469056e+06,30.0,0.0,11.209813,0.0,1.161821,0.0,1.079436,0.0,126.13309,2.0,,30.598877,,30.598877,30.598877,,15.314922,,0.04677682,654.1462,1.0,0.0,0.0,2001.0,14.71,,38.0,,,,Master only (1),14.7,,38.0,30.600847,30.600847,,126.13309,4.8373375,-0.40640494,0.18848841,275.3933,0.0,0.0,1.0
14.72,14.72,2.10701,1.00469056e+06,30.0,0.0,11.209744,0.0,1.1618767,0.0,1.0794337,0.0,126.13059,2.0,,30.598488,,30.598488,30.598488,,15.3148155,,0.046777148,654.13324,1.0,0.0,0.0,2001.0,14.72,,38.0,,,,Matched (3),14.7,,38.0,30.600847,30.600847,,126.13059,4.837318,-0.40640494,0.18848841,275.3933,0.0,0.0,1.0
14.73,14.73,2.10701,1.00469056e+06,30.0,0.0,11.209675,0.0,1.1619323,0.0,1.0794314,0.0,126.12806,2.0,,30.598091,,30.598091,30.598091,,15.314706,,0.04677748,654.1201,1.0,0.0,0.0,2001.0,14.73,,38.0,,,,Master only (1),14.7,,38.0,30.600847,30.600847,,126.12806,4.837298,-0.40640494,0.18848841,275.3933,0.0,0.0,1.0
14.74,14.74,2.10701,1.00469056e+06,30.0,0.0,11.209606,0.0,1.161988,0.0,1.0794291,0.0,126.125565,2.0,,30.5977,,30.5977,30.5977,,15.314599,,0.046777807,654.1072,1.0,0.0,0.0,2001.0,14.74,,38.0,4.4661393,4.2797165,3.1780539,Matched (3),14.7,,38.0,30.600847,30.600847,,126.125565,4.837278,-0.40640494,0.18848841,275.3933,0.0,0.0,1.0
14.75,14.75,2.10701,1.00469056e+06,30.0,0.0,8.061294,0.0,1.0388199,0.0,0.96496385,0.0,43.494358,2.0,,15.395204,,15.395204,15.395204,,10.496362,,0.068250634,225.56865,1.0,0.0,0.0,2001.0,14.75,,18.0,,,,Master only (1),14.8,,18.0,15.395204,15.395204,,43.494358,3.7726312,-0.40640494,-0.87631756,153.92488,0.0,0.0,1.0
14.76,14.76,2.10701,1.00469056e+06,30.0,0.0,8.061137,0.0,1.038865,0.0,0.9649575,0.0,43.49163,2.0,,15.394581,,15.394581,15.394581,,10.496128,,0.06825215,225.5545,1.0,0.0,0.0,2001.0,14.76,,18.0,,,,Master only (1),14.8,,18.0,15.395204,15.395204,,43.49163,3.7725685,-0.40640494,-0.87631756,153.92488,0.0,0.0,1.0
14.77,14.77,2.10701,1.00469056e+06,30.0,0.0,8.061,0.0,1.0389109,0.0,0.9649519,0.0,43.48924,2.0,,15.394034,,15.394034,15.394034,,10.495923,,0.06825349,225.5421,1.0,0.0,0.0,2001.0,14.77,,18.0,,,,Master only (1),14.8,,18.0,15.395204,15.395204,,43.48924,3.7725136,-0.40640494,-0.87631756,153.92488,0.0,0.0,1.0
14.78,14.78,2.10701,1.00469056e+06,30.0,0.0,8.060839,0.0,1.0389558,0.0,0.9649453,0.0,43.48643,2.0,,15.3933935,,15.3933935,15.3933935,,10.495683,,0.06825505,225.52753,1.0,0.0,0.0,2001.0,14.78,,18.0,,,,Master only (1),14.8,,18.0,15.395204,15.395204,,43.48643,3.772449,-0.40640494,-0.87631756,153.92488,0.0,0.0,1.0
14.79,14.79,2.10701,1.00469056e+06,30.0,0.0,8.060692,0.0,1.0390013,0.0,0.96493936,0.0,43.48387,2.0,,15.392809,,15.392809,15.392809,,10.495463,,0.068256475,225.51427,1.0,0.0,0.0,2001.0,14.79,,18.0,,,,Master only (1),14.8,,18.0,15.395204,15.395204,,43.48387,3.7723901,-0.40640494,-0.87631756,153.92488,0.0,0.0,1.0
14.8,14.8,2.10701,1.00469056e+06,30.0,0.0,8.060538,0.0,1.0390465,0.0,0.9649331,0.0,43.481197,2.0,,15.392199,,15.392199,15.392199,,10.4952345,,0.068257965,225.5004,1.0,0.0,0.0,2001.0,14.8,,18.0,,,,Master only (1),14.8,,18.0,15.395204,15.395204,,43.481197,3.7723286,-0.40640494,-0.87631756,153.92488,0.0,0.0,1.0
14.81,14.81,2.10701,1.00469056e+06,30.0,0.0,8.060382,0.0,1.0390916,0.0,0.9649267,0.0,43.478474,2.0,,15.391576,,15.391576,15.391576,,10.495001,,0.068259485,225.48625,1.0,0.0,0.0,2001.0,14.81,,18.0,,,,Master only (1),14.8,,18.0,15.395204,15.395204,,43.478474,3.772266,-0.40640494,-0.87631756,153.92488,0.0,0.0,1.0
14.82,14.82,2.10701,1.00469056e+06,30.0,0.0,8.060229,0.0,1.0391369,0.0,0.9649205,0.0,43.475815,2.0,,15.390969,,15.390969,15.390969,,10.494774,,0.06826096,225.4725,1.0,0.0,0.0,2001.0,14.82,,18.0,4.4661393,4.2797165,3.1780539,Matched (3),14.8,,18.0,15.395204,15.395204,,43.475815,3.7722049,-0.40640494,-0.87631756,153.92488,0.0,0.0,1.0
14.83,14.83,2.10701,1.00469056e+06,30.0,0.0,8.060083,0.0,1.0391824,0.0,0.96491456,0.0,43.473274,2.0,,15.3903885,,15.3903885,15.3903885,,10.494555,,0.06826238,225.45929,1.0,0.0,0.0,2001.0,14.83,,18.0,,,,Master only (1),14.8,,18.0,15.395204,15.395204,,43.473274,3.7721465,-0.40640494,-0.87631756,153.92488,0.0,0.0,1.0
14.84,14.84,2.10701,1.00469056e+06,30.0,0.0,8.059917,0.0,1.0392271,0.0,0.9649078,0.0,43.470383,2.0,,15.389729,,15.389729,15.389729,,10.494308,,0.06826399,225.4443,1.0,0.0,0.0,2001.0,14.84,,18.0,,,,Master only (1),14.8,,18.0,15.395204,15.395204,,43.470383,3.77208,-0.40640494,-0.87631756,153.92488,0.0,0.0,1.0
14.85,14.85,2.10701,1.00469056e+06,30.0,0.0,0.0,0.0,0.0,0.0,0.0,0.0,0.0,3.0,,26.560907,,,,,,,,,0.0,0.0,0.0,0.0,14.85,,,,,,Master only (1),14.9,,,,,,0.0,,,,0.0,0.0,,0.0
14.86,14.86,2.10701,1.00469056e+06,30.0,0.0,0.0,0.0,0.0,0.0,0.0,0.0,0.0,3.0,,26.552769,,,,,,,,,0.0,0.0,0.0,0.0,14.86,,,,,,Master only (1),14.9,,,,,,0.0,,,,0.0,0.0,,0.0
14.87,14.87,2.10701,1.00469056e+06,30.0,0.0,0.0,0.0,0.0,0.0,0.0,0.0,0.0,3.0,,26.544632,,,,,,,,,0.0,0.0,0.0,0.0,14.87,,,,,,Master only (1),14.9,,,,,,0.0,,,,0.0,0.0,,0.0
14.88,14.88,2.10701,1.00469056e+06,30.0,0.0,0.0,0.0,0.0,0.0,0.0,0.0,0.0,3.0,,26.536507,,,,,,,,,0.0,0.0,0.0,0.0,14.88,,,,,,Master only (1),14.9,,,,,,0.0,,,,0.0,0.0,,0.0
14.89,14.89,2.10701,1.00469056e+06,30.0,0.0,0.0,0.0,0.0,0.0,0.0,0.0,0.0,3.0,,26.528378,,,,,,,,,0.0,0.0,0.0,0.0,14.89,,,,,,Master only (1),14.9,,,,,,0.0,,,,0.0,0.0,,0.0
14.9,14.9,2.10701,1.00469056e+06,30.0,0.0,0.0,0.0,0.0,0.0,0.0,0.0,0.0,3.0,,26.520245,,,,,,,,,0.0,0.0,0.0,0.0,14.9,,,,,,Master only (1),14.9,,,,,,0.0,,,,0.0,0.0,,0.0
14.91,14.91,2.10701,1.00469056e+06,30.0,0.0,0.0,0.0,0.0,0.0,0.0,0.0,0.0,3.0,,26.512129,,,,,,,,,0.0,0.0,0.0,0.0,14.91,,,,,,Master only (1),14.9,,,,,,0.0,,,,0.0,0.0,,0.0
14.92,14.92,2.10701,1.00469056e+06,30.0,0.0,0.0,0.0,0.0,0.0,0.0,0.0,0.0,3.0,,26.504004,,,,,,,,,0.0,0.0,0.0,0.0,14.92,,,,,,Master only (1),14.9,,,,,,0.0,,,,0.0,0.0,,0.0
14.93,14.93,2.10701,1.00469056e+06,30.0,0.0,0.0,0.0,0.0,0.0,0.0,0.0,0.0,3.0,,26.49589,,,,,,,,,0.0,0.0,0.0,0.0,14.93,,,,,,Master only (1),14.9,,,,,,0.0,,,,0.0,0.0,,0.0
14.94,14.94,2.10701,1.00469056e+06,30.0,0.0,0.0,0.0,0.0,0.0,0.0,0.0,0.0,3.0,,26.487766,,,,,,,,,0.0,0.0,0.0,0.0,14.94,,,,,,Master only (1),14.9,,,,,,0.0,,,,0.0,0.0,,0.0
14.95,14.95,2.10701,1.00469056e+06,30.0,0.0,0.0,0.0,0.0,0.0,0.0,0.0,0.0,3.0,,26.479656,,,,,,,,,0.0,0.0,0.0,0.0,14.95,,,,,,Master only (1),14.9,,,,,,0.0,,,,0.0,0.0,,0.0
14.96,14.96,2.10701,1.00469056e+06,30.0,0.0,0.0,0.0,0.0,0.0,0.0,0.0,0.0,3.0,,26.47154,,,,,,,,,0.0,0.0,0.0,0.0,14.96,,,,,,Master only (1),15.0,,,,,,0.0,,,,0.0,0.0,,0.0
14.97,14.97,2.10701,1.00469056e+06,30.0,0.0,0.0,0.0,0.0,0.0,0.0,0.0,0.0,3.0,,26.463432,,,,,,,,,0.0,0.0,0.0,0.0,14.97,,,,,,Master only (1),15.0,,,,,,0.0,,,,0.0,0.0,,0.0
14.98,14.98,2.10701,1.00469056e+06,30.0,0.0,0.0,0.0,0.0,0.0,0.0,0.0,0.0,3.0,,26.45532,,,,,,,,,0.0,0.0,0.0,0.0,14.98,,,,,,Master only (1),15.0,,,,,,0.0,,,,0.0,0.0,,0.0
14.99,14.99,2.10701,1.00469056e+06,30.0,0.0,0.0,0.0,0.0,0.0,0.0,0.0,0.0,3.0,,26.447222,,,,,,,,,0.0,0.0,0.0,0.0,14.99,,,,,,Master only (1),15.0,,,,,,0.0,,,,0.0,0.0,,0.0
15.0,15.0,2.10701,1.00469056e+06,30.0,0.0,0.0,0.0,0.0,0.0,0.0,0.0,0.0,3.0,,26.439123,,,,,,,,,0.0,0.0,0.0,0.0,15.0,,,,,,Master only (1),15.0,,,,,,0.0,,,,0.0,0.0,,0.0
15.01,15.01,2.10701,1.00469056e+06,30.0,0.0,0.0,0.0,0.0,0.0,0.0,0.0,0.0,3.0,,26.431025,,,,,,,,,0.0,0.0,0.0,0.0,15.01,,,,,,Master only (1),15.0,,,,,,0.0,,,,0.0,0.0,,0.0
15.02,15.02,2.10701,1.00469056e+06,30.0,0.0,0.0,0.0,0.0,0.0,0.0,0.0,0.0,3.0,,26.422924,,,,,,,,,0.0,0.0,0.0,0.0,15.02,,,,,,Master only (1),15.0,,,,,,0.0,,,,0.0,0.0,,0.0
15.03,15.03,2.10701,1.00469056e+06,30.0,0.0,0.0,0.0,0.0,0.0,0.0,0.0,0.0,3.0,,26.414827,,,,,,,,,0.0,0.0,0.0,0.0,15.03,,,,,,Master only (1),15.0,,,,,,0.0,,,,0.0,0.0,,0.0
15.04,15.04,2.10701,1.00469056e+06,30.0,0.0,0.0,0.0,0.0,0.0,0.0,0.0,0.0,3.0,,26.40674,,,,,,,,,0.0,0.0,0.0,0.0,15.04,,,,,,Master only (1),15.0,,,,,,0.0,,,,0.0,0.0,,0.0
15.05,15.05,2.10701,1.00469056e+06,30.0,0.0,8.601633,0.0,1.0635835,0.0,0.986486,0.0,53.631317,2.0,,17.623241,,17.623241,17.623241,,11.30639,,0.06336093,278.1405,1.0,0.0,0.0,2001.0,15.05,,21.0,,,,Master only (1),15.1,,21.0,17.623241,17.623241,,53.631317,3.9821332,-0.40640494,-0.6668156,193.8247,0.0,0.0,1.0
15.06,15.06,2.10701,1.00469056e+06,30.0,0.0,8.601504,0.0,1.0636313,0.0,0.986481,0.0,53.628727,2.0,,17.622692,,17.622692,17.622692,,11.306196,,0.06336202,278.12708,1.0,0.0,0.0,2001.0,15.06,,21.0,,,,Master only (1),15.1,,21.0,17.623241,17.623241,,53.628727,3.982085,-0.40640494,-0.6668156,193.8247,0.0,0.0,1.0
15.07,15.07,2.10701,1.00469056e+06,30.0,0.0,8.601377,0.0,1.0636791,0.0,0.986476,0.0,53.626152,2.0,,17.622147,,17.622147,17.622147,,11.306004,,0.06336309,278.11374,1.0,0.0,0.0,2001.0,15.07,,21.0,4.448704,4.2622957,3.1780539,Matched (3),15.1,,21.0,17.623241,17.623241,,53.626152,3.9820368,-0.40640494,-0.6668156,193.8247,0.0,0.0,1.0
15.08,15.08,2.10701,1.00469056e+06,30.0,0.0,8.601243,0.0,1.0637267,0.0,0.9864708,0.0,53.623466,2.0,,17.621576,,17.621576,17.621576,,11.305802,,0.06336422,278.0998,1.0,0.0,0.0,2001.0,15.08,,21.0,,,,Master only (1),15.1,,21.0,17.623241,17.623241,,53.623466,3.9819868,-0.40640494,-0.6668156,193.8247,0.0,0.0,1.0
15.09,15.09,2.10701,1.00469056e+06,30.0,0.0,8.601109,0.0,1.0637742,0.0,0.9864656,0.0,53.620758,2.0,,17.621002,,17.621002,17.621002,,11.3056,,0.063365355,278.08575,1.0,0.0,0.0,2001.0,15.09,,21.0,,,,Master only (1),15.1,,21.0,17.623241,17.623241,,53.620758,3.9819362,-0.40640494,-0.6668156,193.8247,0.0,0.0,1.0
15.1,15.1,2.10701,1.00469056e+06,30.0,0.0,8.600976,0.0,1.0638218,0.0,0.9864604,0.0,53.618088,2.0,,17.620438,,17.620438,17.620438,,11.305401,,0.06336647,278.07193,1.0,0.0,0.0,2001.0,15.1,,21.0,,,,Master only (1),15.1,,21.0,17.623241,17.623241,,53.618088,3.9818864,-0.40640494,-0.6668156,193.8247,0.0,0.0,1.0
15.11,15.11,2.10701,1.00469056e+06,30.0,0.0,8.600834,0.0,1.063869,0.0,0.98645484,0.0,53.61523,2.0,,17.619831,,17.619831,17.619831,,11.305186,,0.06336767,278.0571,1.0,0.0,0.0,2001.0,15.11,,21.0,,,,Master only (1),15.1,,21.0,17.623241,17.623241,,53.61523,3.9818332,-0.40640494,-0.6668156,193.8247,0.0,0.0,1.0
15.12,15.12,2.10701,1.00469056e+06,30.0,0.0,8.600708,0.0,1.0639169,0.0,0.98644996,0.0,53.612694,2.0,,17.619293,,17.619293,17.619293,,11.3049965,,0.06336874,278.04395,1.0,0.0,0.0,2001.0,15.12,,21.0,,,,Master only (1),15.1,,21.0,17.623241,17.623241,,53.612694,3.9817858,-0.40640494,-0.6668156,193.8247,0.0,0.0,1.0
15.13,15.13,2.10701,1.00469056e+06,30.0,0.0,8.600574,0.0,1.0639645,0.0,0.9864447,0.0,53.60999,2.0,,17.61872,,17.61872,17.61872,,11.304794,,0.06336987,278.0299,1.0,0.0,0.0,2001.0,15.13,,21.0,,,,Master only (1),15.1,,21.0,17.623241,17.623241,,53.60999,3.9817355,-0.40640494,-0.6668156,193.8247,0.0,0.0,1.0
15.14,15.14,2.10701,1.00469056e+06,30.0,0.0,8.600445,0.0,1.0640123,0.0,0.9864397,0.0,53.607395,2.0,,17.61817,,17.61817,17.61817,,11.304601,,0.06337096,278.01648,1.0,0.0,0.0,2001.0,15.14,,21.0,,,,Master only (1),15.1,,21.0,17.623241,17.623241,,53.607395,3.981687,-0.40640494,-0.6668156,193.8247,0.0,0.0,1.0
15.15,15.15,2.10701,1.00469056e+06,30.0,0.0,8.600312,0.0,1.0640599,0.0,0.9864345,0.0,53.60473,2.0,,17.617603,,17.617603,17.617603,,11.3044,,0.06337208,278.0026,1.0,0.0,0.0,2001.0,15.15,,21.0,,,,Master only (1),15.1,,21.0,17.623241,17.623241,,53.60473,3.9816372,-0.40640494,-0.6668156,193.8247,0.0,0.0,1.0
15.16,15.16,2.10701,1.00469056e+06,30.0,0.0,0.0,0.0,0.0,0.0,0.0,0.0,0.0,3.0,,26.309835,,,,,,,,,0.0,0.0,0.0,0.0,15.16,,,,,,Master only (1),15.2,,,,,,0.0,,,,0.0,0.0,,0.0
15.17,15.17,2.10701,1.00469056e+06,30.0,0.0,0.0,0.0,0.0,0.0,0.0,0.0,0.0,3.0,,26.30177,,,,,,,,,0.0,0.0,0.0,0.0,15.17,,,,,,Master only (1),15.2,,,,,,0.0,,,,0.0,0.0,,0.0
15.18,15.18,2.10701,1.00469056e+06,30.0,0.0,0.0,0.0,0.0,0.0,0.0,0.0,0.0,3.0,,26.293722,,,,,,,,,0.0,0.0,0.0,0.0,15.18,,,,,,Master only (1),15.2,,,,,,0.0,,,,0.0,0.0,,0.0
15.19,15.19,2.10701,1.00469056e+06,30.0,0.0,0.0,0.0,0.0,0.0,0.0,0.0,0.0,3.0,,26.285664,,,,,,,,,0.0,0.0,0.0,0.0,15.19,,,,,,Master only (1),15.2,,,,,,0.0,,,,0.0,0.0,,0.0
15.2,15.2,2.10701,1.00469056e+06,30.0,0.0,0.0,0.0,0.0,0.0,0.0,0.0,0.0,3.0,,26.277618,,,,,,,,,0.0,0.0,0.0,0.0,15.2,,,,,,Master only (1),15.2,,,,,,0.0,,,,0.0,0.0,,0.0
15.21,15.21,2.10701,1.00469056e+06,30.0,0.0,0.0,0.0,0.0,0.0,0.0,0.0,0.0,3.0,,26.269562,,,,,,,,,0.0,0.0,0.0,0.0,15.21,,,,,,Master only (1),15.2,,,,,,0.0,,,,0.0,0.0,,0.0
15.22,15.22,2.10701,1.00469056e+06,30.0,0.0,0.0,0.0,0.0,0.0,0.0,0.0,0.0,3.0,,26.261518,,,,,,,,,0.0,0.0,0.0,0.0,15.22,,,,,,Master only (1),15.2,,,,,,0.0,,,,0.0,0.0,,0.0
15.23,15.23,2.10701,1.00469056e+06,30.0,0.0,0.0,0.0,0.0,0.0,0.0,0.0,0.0,3.0,,26.253466,,,,,,,,,0.0,0.0,0.0,0.0,15.23,,,,,,Master only (1),15.2,,,,,,0.0,,,,0.0,0.0,,0.0
15.24,15.24,2.10701,1.00469056e+06,30.0,0.0,0.0,0.0,0.0,0.0,0.0,0.0,0.0,3.0,,26.24543,,,,,,,,,0.0,0.0,0.0,0.0,15.24,,,,,,Master only (1),15.2,,,,,,0.0,,,,0.0,0.0,,0.0
15.25,15.25,2.10701,1.00469056e+06,30.0,0.0,9.910809,0.0,1.117186,0.0,1.0351672,0.0,84.742874,2.0,,23.673882,,23.673882,23.673882,,13.299184,,0.053866718,439.48996,1.0,0.0,0.0,2001.0,15.25,,29.0,,,,Master only (1),15.3,,29.0,23.673882,23.673882,,84.742874,4.4396214,-0.5887265,-0.2093273,236.71756,0.0,0.0,1.0
15.26,15.26,2.10701,1.00469056e+06,30.0,0.0,9.910701,0.0,1.1172377,0.0,1.0351634,0.0,84.7399,2.0,,23.673346,,23.673346,23.673346,,13.299019,,0.053867385,439.47458,1.0,0.0,0.0,2001.0,15.26,,29.0,,,,Master only (1),15.3,,29.0,23.673882,23.673882,,84.7399,4.4395866,-0.5887265,-0.2093273,236.71756,0.0,0.0,1.0
15.27,15.27,2.10701,1.00469056e+06,30.0,0.0,9.91062,0.0,1.1172905,0.0,1.0351605,0.0,84.73766,2.0,,23.672943,,23.672943,23.672943,,13.298894,,0.05386789,439.46295,1.0,0.0,0.0,2001.0,15.27,,29.0,3.940503,4.1196537,2.4849067,Matched (3),15.3,,29.0,23.673882,23.673882,,84.73766,4.43956,-0.5887265,-0.2093273,236.71756,0.0,0.0,1.0
15.28,15.28,2.10701,1.00469056e+06,30.0,0.0,9.910526,0.0,1.1173427,0.0,1.0351572,0.0,84.735085,2.0,,23.672478,,23.672478,23.672478,,13.29875,,0.053868473,439.4496,1.0,0.0,0.0,2001.0,15.28,,29.0,,,,Master only (1),15.3,,29.0,23.673882,23.673882,,84.735085,4.43953,-0.5887265,-0.2093273,236.71756,0.0,0.0,1.0
15.29,15.29,2.10701,1.00469056e+06,30.0,0.0,9.910432,0.0,1.117395,0.0,1.0351539,0.0,84.732475,2.0,,23.672009,,23.672009,23.672009,,13.298605,,0.05386906,439.43607,1.0,0.0,0.0,2001.0,15.29,,29.0,,,,Master only (1),15.3,,29.0,23.673882,23.673882,,84.732475,4.439499,-0.5887265,-0.2093273,236.71756,0.0,0.0,1.0
15.3,15.3,2.10701,1.00469056e+06,30.0,0.0,9.910338,0.0,1.1174473,0.0,1.0351505,0.0,84.7299,2.0,,23.671543,,23.671543,23.671543,,13.298461,,0.053869646,439.42267,1.0,0.0,0.0,2001.0,15.3,,29.0,,,,Master only (1),15.3,,29.0,23.673882,23.673882,,84.7299,4.4394684,-0.5887265,-0.2093273,236.71756,0.0,0.0,1.0
15.31,15.31,2.10701,1.00469056e+06,30.0,0.0,9.910228,0.0,1.1174989,0.0,1.0351466,0.0,84.72684,2.0,,23.670992,,23.670992,23.670992,,13.298291,,0.05387033,439.40683,1.0,0.0,0.0,2001.0,15.31,,29.0,,,,Master only (1),15.3,,29.0,23.673882,23.673882,,84.72684,4.4394326,-0.5887265,-0.2093273,236.71756,0.0,0.0,1.0
15.32,15.32,2.10701,1.00469056e+06,30.0,0.0,9.910144,0.0,1.1175516,0.0,1.0351436,0.0,84.724525,2.0,,23.670574,,23.670574,23.670574,,13.298162,,0.053870853,439.39484,1.0,0.0,0.0,2001.0,15.32,,29.0,,,,Master only (1),15.3,,29.0,23.673882,23.673882,,84.724525,4.439405,-0.5887265,-0.2093273,236.71756,0.0,0.0,1.0
15.33,15.33,2.10701,1.00469056e+06,30.0,0.0,9.910056,0.0,1.117604,0.0,1.0351405,0.0,84.7221,2.0,,23.670137,,23.670137,23.670137,,13.298027,,0.0538714,439.38226,1.0,0.0,0.0,2001.0,15.33,,29.0,,,,Master only (1),15.3,,29.0,23.673882,23.673882,,84.7221,4.4393764,-0.5887265,-0.2093273,236.71756,0.0,0.0,1.0
15.34,15.34,2.10701,1.00469056e+06,30.0,0.0,9.909959,0.0,1.1176562,0.0,1.035137,0.0,84.71941,2.0,,23.669655,,23.669655,23.669655,,13.297877,,0.053872008,439.36835,1.0,0.0,0.0,2001.0,15.34,,29.0,4.269658,4.116312,2.9957323,Matched (3),15.3,,29.0,23.673882,23.673882,,84.71941,4.439345,-0.5887265,-0.2093273,236.71756,0.0,0.0,1.0
15.35,15.35,2.10701,1.00469056e+06,30.0,0.0,9.909862,0.0,1.1177083,0.0,1.0351336,0.0,84.71673,2.0,,23.66917,,23.66917,23.66917,,13.297729,,0.05387261,439.35443,1.0,0.0,0.0,2001.0,15.35,,29.0,,,,Master only (1),15.4,,29.0,23.66917,23.66917,,84.71673,4.439313,-0.54950595,-0.20963581,260.3354,0.0,0.0,1.0
15.36,15.36,2.10701,1.00469056e+06,30.0,0.0,9.909758,0.0,1.1177603,0.0,1.0351299,0.0,84.71386,2.0,,23.668653,,23.668653,23.668653,,13.297568,,0.05387326,439.33954,1.0,0.0,0.0,2001.0,15.36,,29.0,,,,Master only (1),15.4,,29.0,23.66917,23.66917,,84.71386,4.439279,-0.54950595,-0.20963581,260.3354,0.0,0.0,1.0
15.37,15.37,2.10701,1.00469056e+06,30.0,0.0,9.909677,0.0,1.1178131,0.0,1.035127,0.0,84.711624,2.0,,23.66825,,23.66825,23.66825,,13.297443,,0.053873766,439.3279,1.0,0.0,0.0,2001.0,15.37,,29.0,,,,Master only (1),15.4,,29.0,23.66917,23.66917,,84.711624,4.439253,-0.54950595,-0.20963581,260.3354,0.0,0.0,1.0
15.38,15.38,2.10701,1.00469056e+06,30.0,0.0,9.909583,0.0,1.1178653,0.0,1.0351237,0.0,84.709045,2.0,,23.667784,,23.667784,23.667784,,13.2973,,0.053874347,439.31454,1.0,0.0,0.0,2001.0,15.38,,29.0,,,,Master only (1),15.4,,29.0,23.66917,23.66917,,84.709045,4.4392223,-0.54950595,-0.20963581,260.3354,0.0,0.0,1.0
15.39,15.39,2.10701,1.00469056e+06,30.0,0.0,9.909489,0.0,1.1179177,0.0,1.0351204,0.0,84.706436,2.0,,23.667315,,23.667315,23.667315,,13.297154,,0.053874936,439.30103,1.0,0.0,0.0,2001.0,15.39,,29.0,,,,Master only (1),15.4,,29.0,23.66917,23.66917,,84.706436,4.439192,-0.54950595,-0.20963581,260.3354,0.0,0.0,1.0
15.4,15.4,2.10701,1.00469056e+06,30.0,0.0,9.909398,0.0,1.1179701,0.0,1.0351171,0.0,84.70393,2.0,,23.666864,,23.666864,23.666864,,13.297015,,0.053875502,439.28806,1.0,0.0,0.0,2001.0,15.4,,29.0,,,,Master only (1),15.4,,29.0,23.66917,23.66917,,84.70393,4.4391623,-0.54950595,-0.20963581,260.3354,0.0,0.0,1.0
15.41,15.41,2.10701,1.00469056e+06,30.0,0.0,9.9093075,0.0,1.1180224,0.0,1.0351139,0.0,84.70144,2.0,,23.666412,,23.666412,23.666412,,13.296876,,0.053876065,439.2751,1.0,0.0,0.0,2001.0,15.41,,29.0,4.3019404,4.129647,3.0349529,Matched (3),15.4,,29.0,23.66917,23.66917,,84.70144,4.4391327,-0.54950595,-0.20963581,260.3354,0.0,0.0,1.0
15.42,15.42,2.10701,1.00469056e+06,30.0,0.0,9.909217,0.0,1.1180749,0.0,1.0351107,0.0,84.69894,2.0,,23.665962,,23.665962,23.665962,,13.296737,,0.05387663,439.26212,1.0,0.0,0.0,2001.0,15.42,,29.0,,,,Master only (1),15.4,,29.0,23.66917,23.66917,,84.69894,4.439103,-0.54950595,-0.20963581,260.3354,0.0,0.0,1.0
15.43,15.43,2.10701,1.00469056e+06,30.0,0.0,9.90912,0.0,1.1181271,0.0,1.0351073,0.0,84.69625,2.0,,23.665478,,23.665478,23.665478,,13.296587,,0.05387724,439.24817,1.0,0.0,0.0,2001.0,15.43,,29.0,,,,Master only (1),15.4,,29.0,23.66917,23.66917,,84.69625,4.439071,-0.54950595,-0.20963581,260.3354,0.0,0.0,1.0
15.44,15.44,2.10701,1.00469056e+06,30.0,0.0,9.909019,0.0,1.1181791,0.0,1.0351037,0.0,84.69349,2.0,,23.66498,,23.66498,23.66498,,13.296433,,0.05387786,439.23386,1.0,0.0,0.0,2001.0,15.44,,29.0,,,,Master only (1),15.4,,29.0,23.66917,23.66917,,84.69349,4.4390388,-0.54950595,-0.20963581,260.3354,0.0,0.0,1.0
15.45,15.45,2.10701,1.00469056e+06,30.0,0.0,9.908929,0.0,1.1182315,0.0,1.0351005,0.0,84.69099,2.0,,23.66453,,23.66453,23.66453,,13.296294,,0.053878423,439.22092,1.0,0.0,0.0,2001.0,15.45,,29.0,,,,Master only (1),15.4,,29.0,23.66917,23.66917,,84.69099,4.439009,-0.54950595,-0.20963581,260.3354,0.0,0.0,1.0
15.46,15.46,2.10701,1.00469056e+06,30.0,0.0,10.06102,0.0,1.1240941,0.0,1.0404751,0.0,88.960884,2.0,,24.42754,,24.42754,24.42754,,13.5304,,0.052946206,461.36526,1.0,0.0,0.0,2001.0,15.46,,30.0,4.3019404,4.129647,3.0349529,Matched (3),15.5,,30.0,24.42754,24.42754,,88.960884,4.488197,-0.40640494,-0.1607519,219.83128,0.0,0.0,1.0
15.47,15.47,2.10701,1.00469056e+06,30.0,0.0,10.060935,0.0,1.124147,0.0,1.0404721,0.0,88.95846,2.0,,24.42711,,24.42711,24.42711,,13.53027,,0.052946717,461.3527,1.0,0.0,0.0,2001.0,15.47,,30.0,4.3019404,4.129647,3.0349529,Matched (3),15.5,,30.0,24.42754,24.42754,,88.95846,4.4881697,-0.40640494,-0.1607519,219.83128,0.0,0.0,1.0
15.48,15.48,2.10701,1.00469056e+06,30.0,0.0,10.060843,0.0,1.1241997,0.0,1.0404689,0.0,88.95585,2.0,,24.426647,,24.426647,24.426647,,13.5301285,,0.052947268,461.33914,1.0,0.0,0.0,2001.0,15.48,,30.0,,,,Master only (1),15.5,,30.0,24.42754,24.42754,,88.95585,4.48814,-0.40640494,-0.1607519,219.83128,0.0,0.0,1.0
15.49,15.49,2.10701,1.00469056e+06,30.0,0.0,10.060735,0.0,1.124252,0.0,1.0404651,0.0,88.95274,2.0,,24.426098,,24.426098,24.426098,,13.529961,,0.052947927,461.32303,1.0,0.0,0.0,2001.0,15.49,,30.0,,,,Master only (1),15.5,,30.0,24.42754,24.42754,,88.95274,4.4881053,-0.40640494,-0.1607519,219.83128,0.0,0.0,1.0
15.5,15.5,2.10701,1.00469056e+06,30.0,0.0,10.060657,0.0,1.1243051,0.0,1.0404624,0.0,88.95051,2.0,,24.425703,,24.425703,24.425703,,13.52984,,0.052948397,461.31146,1.0,0.0,0.0,2001.0,15.5,,30.0,,,,Master only (1),15.5,,30.0,24.42754,24.42754,,88.95051,4.48808,-0.40640494,-0.1607519,219.83128,0.0,0.0,1.0
15.51,15.51,2.10701,1.00469056e+06,30.0,0.0,10.060572,0.0,1.1243582,0.0,1.0404594,0.0,88.94809,2.0,,24.425274,,24.425274,24.425274,,13.52971,,0.052948907,461.29892,1.0,0.0,0.0,2001.0,15.51,,30.0,,,,Master only (1),15.5,,30.0,24.42754,24.42754,,88.94809,4.488053,-0.40640494,-0.1607519,219.83128,0.0,0.0,1.0
15.52,15.52,2.10701,1.00469056e+06,30.0,0.0,10.060471,0.0,1.1244105,0.0,1.0404558,0.0,88.9452,2.0,,24.424763,,24.424763,24.424763,,13.529553,,0.05294952,461.2839,1.0,0.0,0.0,2001.0,15.52,,30.0,,,,Master only (1),15.5,,30.0,24.42754,24.42754,,88.9452,4.4880204,-0.40640494,-0.1607519,219.83128,0.0,0.0,1.0
15.53,15.53,2.10701,1.00469056e+06,30.0,0.0,10.060382,0.0,1.1244633,0.0,1.0404527,0.0,88.942665,2.0,,24.424313,,24.424313,24.424313,,13.529417,,0.052950054,461.27078,1.0,0.0,0.0,2001.0,15.53,,30.0,,,,Master only (1),15.5,,30.0,24.42754,24.42754,,88.942665,4.487992,-0.40640494,-0.1607519,219.83128,0.0,0.0,1.0
15.54,15.54,2.10701,1.00469056e+06,30.0,0.0,10.060287,0.0,1.124516,0.0,1.0404494,0.0,88.93997,2.0,,24.423836,,24.423836,24.423836,,13.529271,,0.052950624,461.2568,1.0,0.0,0.0,2001.0,15.54,,30.0,4.513217,3.473689,3.1780539,Matched (3),15.5,,30.0,24.42754,24.42754,,88.93997,4.487962,-0.40640494,-0.1607519,219.83128,0.0,0.0,1.0
15.55,15.55,2.10701,1.00469056e+06,30.0,0.0,8.235093,0.0,1.0505751,0.0,0.9719876,0.0,46.595844,2.0,,16.094776,,16.094776,16.094776,,10.756067,,0.06660272,241.65343,1.0,0.0,0.0,2001.0,15.55,,19.0,,,,Master only (1),15.6,,19.0,16.094776,16.094776,,46.595844,3.8415112,-0.40640494,-0.8074375,177.01085,0.0,0.0,1.0
15.56,15.56,2.10701,1.00469056e+06,30.0,0.0,8.234946,0.0,1.0506213,0.0,0.9719817,0.0,46.59316,2.0,,16.09418,,16.09418,16.09418,,10.755848,,0.06660408,241.63954,1.0,0.0,0.0,2001.0,15.56,,19.0,,,,Master only (1),15.6,,19.0,16.094776,16.094776,,46.59316,3.8414538,-0.40640494,-0.8074375,177.01085,0.0,0.0,1.0
15.57,15.57,2.10701,1.00469056e+06,30.0,0.0,8.234795,0.0,1.0506673,0.0,0.9719756,0.0,46.59039,2.0,,16.093561,,16.093561,16.093561,,10.755621,,0.066605486,241.62515,1.0,0.0,0.0,2001.0,15.57,,19.0,,,,Master only (1),15.6,,19.0,16.094776,16.094776,,46.59039,3.8413942,-0.40640494,-0.8074375,177.01085,0.0,0.0,1.0
15.58,15.58,2.10701,1.00469056e+06,30.0,0.0,8.234656,0.0,1.0507138,0.0,0.9719701,0.0,46.587864,2.0,,16.092999,,16.092999,16.092999,,10.755414,,0.06660677,241.61206,1.0,0.0,0.0,2001.0,15.58,,19.0,,,,Master only (1),15.6,,19.0,16.094776,16.094776,,46.587864,3.84134,-0.40640494,-0.8074375,177.01085,0.0,0.0,1.0
15.59,15.59,2.10701,1.00469056e+06,30.0,0.0,8.234528,0.0,1.0507607,0.0,0.9719649,0.0,46.58551,2.0,,16.092474,,16.092474,16.092474,,10.755221,,0.06660796,241.59987,1.0,0.0,0.0,2001.0,15.59,,19.0,,,,Master only (1),15.6,,19.0,16.094776,16.094776,,46.58551,3.8412895,-0.40640494,-0.8074375,177.01085,0.0,0.0,1.0
15.6,15.6,2.10701,1.00469056e+06,30.0,0.0,8.234385,0.0,1.0508071,0.0,0.9719592,0.0,46.582897,2.0,,16.091892,,16.091892,16.091892,,10.755007,,0.06660929,241.58629,1.0,0.0,0.0,2001.0,15.6,,19.0,4.513217,3.473689,3.1780539,Matched (3),15.6,,19.0,16.094776,16.094776,,46.582897,3.8412335,-0.40640494,-0.8074375,177.01085,0.0,0.0,1.0
15.61,15.61,2.10701,1.00469056e+06,30.0,0.0,8.234247,0.0,1.0508536,0.0,0.97195363,0.0,46.58039,2.0,,16.091333,,16.091333,16.091333,,10.754802,,0.06661056,241.5733,1.0,0.0,0.0,2001.0,15.61,,19.0,,,,Master only (1),15.6,,19.0,16.094776,16.094776,,46.58039,3.8411796,-0.40640494,-0.8074375,177.01085,0.0,0.0,1.0
15.62,15.62,2.10701,1.00469056e+06,30.0,0.0,8.234098,0.0,1.0508997,0.0,0.97194767,0.0,46.57767,2.0,,16.090727,,16.090727,16.090727,,10.754579,,0.06661194,241.5592,1.0,0.0,0.0,2001.0,15.62,,19.0,,,,Master only (1),15.6,,19.0,16.094776,16.094776,,46.57767,3.8411212,-0.40640494,-0.8074375,177.01085,0.0,0.0,1.0
15.63,15.63,2.10701,1.00469056e+06,30.0,0.0,8.233971,0.0,1.0509467,0.0,0.97194254,0.0,46.575336,2.0,,16.090206,,16.090206,16.090206,,10.754388,,0.06661312,241.54709,1.0,0.0,0.0,2001.0,15.63,,19.0,,,,Master only (1),15.6,,19.0,16.094776,16.094776,,46.575336,3.8410711,-0.40640494,-0.8074375,177.01085,0.0,0.0,1.0
15.64,15.64,2.10701,1.00469056e+06,30.0,0.0,8.233835,0.0,1.0509934,0.0,0.9719371,0.0,46.572865,2.0,,16.089655,,16.089655,16.089655,,10.754185,,0.06661438,241.53426,1.0,0.0,0.0,2001.0,15.64,,19.0,,,,Master only (1),15.6,,19.0,16.094776,16.094776,,46.572865,3.841018,-0.40640494,-0.8074375,177.01085,0.0,0.0,1.0
15.65,15.65,2.10701,1.00469056e+06,30.0,0.0,8.2336855,0.0,1.0510395,0.0,0.9719311,0.0,46.57013,2.0,,16.089046,,16.089046,16.089046,,10.753961,,0.06661577,241.5201,1.0,0.0,0.0,2001.0,15.65,,19.0,,,,Master only (1),15.6,,19.0,16.094776,16.094776,,46.57013,3.8409593,-0.40640494,-0.8074375,177.01085,0.0,0.0,1.0
15.66,15.66,2.10701,1.00469056e+06,30.0,0.0,0.0,0.0,0.0,0.0,0.0,0.0,0.0,3.0,,25.909876,,,,,,,,,0.0,0.0,0.0,0.0,15.66,,,,,,Master only (1),15.7,,,,,,0.0,,,,0.0,0.0,,0.0
15.67,15.67,2.10701,1.00469056e+06,30.0,0.0,0.0,0.0,0.0,0.0,0.0,0.0,0.0,3.0,,25.901943,,,,,,,,,0.0,0.0,0.0,0.0,15.67,,,,,,Master only (1),15.7,,,,,,0.0,,,,0.0,0.0,,0.0
15.68,15.68,2.10701,1.00469056e+06,30.0,0.0,0.0,0.0,0.0,0.0,0.0,0.0,0.0,3.0,,25.894007,,,,,,,,,0.0,0.0,0.0,0.0,15.68,,,,,,Master only (1),15.7,,,,,,0.0,,,,0.0,0.0,,0.0
15.69,15.69,2.10701,1.00469056e+06,30.0,0.0,0.0,0.0,0.0,0.0,0.0,0.0,0.0,3.0,,25.886072,,,,,,,,,0.0,0.0,0.0,0.0,15.69,,,,,,Master only (1),15.7,,,,,,0.0,,,,0.0,0.0,,0.0
15.7,15.7,2.10701,1.00469056e+06,30.0,0.0,0.0,0.0,0.0,0.0,0.0,0.0,0.0,3.0,,25.878143,,,,,,,,,0.0,0.0,0.0,0.0,15.7,,,,,,Master only (1),15.7,,,,,,0.0,,,,0.0,0.0,,0.0
15.71,15.71,2.10701,1.00469056e+06,30.0,0.0,0.0,0.0,0.0,0.0,0.0,0.0,0.0,3.0,,25.87021,,,,,,,,,0.0,0.0,0.0,0.0,15.71,,,,,,Master only (1),15.7,,,,,,0.0,,,,0.0,0.0,,0.0
15.72,15.72,2.10701,1.00469056e+06,30.0,0.0,0.0,0.0,0.0,0.0,0.0,0.0,0.0,3.0,,25.862295,,,,,,,,,0.0,0.0,0.0,0.0,15.72,,,,,,Master only (1),15.7,,,,,,0.0,,,,0.0,0.0,,0.0
15.73,15.73,2.10701,1.00469056e+06,30.0,0.0,0.0,0.0,0.0,0.0,0.0,0.0,0.0,3.0,,25.854364,,,,,,,,,0.0,0.0,0.0,0.0,15.73,,,,,,Master only (1),15.7,,,,,,0.0,,,,0.0,0.0,,0.0
15.74,15.74,2.10701,1.00469056e+06,30.0,0.0,0.0,0.0,0.0,0.0,0.0,0.0,0.0,3.0,,25.846447,,,,,,,,,0.0,0.0,0.0,0.0,15.74,,,,,,Master only (1),15.7,,,,,,0.0,,,,0.0,0.0,,0.0
15.75,15.75,2.10701,1.00469056e+06,30.0,0.0,9.272162,0.0,1.094903,0.0,1.0119871,0.0,68.342316,2.0,,20.606428,,20.606428,20.606428,,12.321917,,0.058138955,354.43408,1.0,0.0,0.0,2001.0,15.75,,25.0,,,,Master only (1),15.8,,25.0,20.606428,20.606428,,68.342316,4.2245293,-0.49341628,-0.42441946,206.04225,0.0,0.0,1.0
15.76,15.76,2.10701,1.00469056e+06,30.0,0.0,9.272062,0.0,1.0949538,0.0,1.0119834,0.0,68.339935,2.0,,20.605965,,20.605965,20.605965,,12.321764,,0.058139674,354.42175,1.0,0.0,0.0,2001.0,15.76,,25.0,,,,Master only (1),15.8,,25.0,20.606428,20.606428,,68.339935,4.2244945,-0.49341628,-0.42441946,206.04225,0.0,0.0,1.0
15.77,15.77,2.10701,1.00469056e+06,30.0,0.0,9.271956,0.0,1.0950043,0.0,1.0119795,0.0,68.33741,2.0,,20.605474,,20.605474,20.605474,,12.321603,,0.058140434,354.4087,1.0,0.0,0.0,2001.0,15.77,,25.0,,,,Master only (1),15.8,,25.0,20.606428,20.606428,,68.33741,4.2244573,-0.49341628,-0.42441946,206.04225,0.0,0.0,1.0
15.78,15.78,2.10701,1.00469056e+06,30.0,0.0,9.271857,0.0,1.095055,0.0,1.0119758,0.0,68.33505,2.0,,20.605015,,20.605015,20.605015,,12.321452,,0.058141146,354.39642,1.0,0.0,0.0,2001.0,15.78,,25.0,4.4281006,3.403513,3.0910425,Matched (3),15.8,,25.0,20.606428,20.606428,,68.33505,4.224423,-0.49341628,-0.42441946,206.04225,0.0,0.0,1.0
15.79,15.79,2.10701,1.00469056e+06,30.0,0.0,9.271745,0.0,1.0951053,0.0,1.0119716,0.0,68.332375,2.0,,20.604494,,20.604494,20.604494,,12.3212805,,0.058141958,354.38254,1.0,0.0,0.0,2001.0,15.79,,25.0,,,,Master only (1),15.8,,25.0,20.606428,20.606428,,68.332375,4.224384,-0.49341628,-0.42441946,206.04225,0.0,0.0,1.0
15.8,15.8,2.10701,1.00469056e+06,30.0,0.0,9.271629,0.0,1.0951554,0.0,1.0119673,0.0,68.32963,2.0,,20.60396,,20.60396,20.60396,,12.321105,,0.058142785,354.36832,1.0,0.0,0.0,2001.0,15.8,,25.0,,,,Master only (1),15.8,,25.0,20.606428,20.606428,,68.32963,4.2243433,-0.49341628,-0.42441946,206.04225,0.0,0.0,1.0
15.81,15.81,2.10701,1.00469056e+06,30.0,0.0,9.27152,0.0,1.0952058,0.0,1.0119632,0.0,68.32702,2.0,,20.60345,,20.60345,20.60345,,12.320938,,0.05814357,354.35477,1.0,0.0,0.0,2001.0,15.81,,25.0,,,,Master only (1),15.8,,25.0,20.606428,20.606428,,68.32702,4.224305,-0.49341628,-0.42441946,206.04225,0.0,0.0,1.0
15.82,15.82,2.10701,1.00469056e+06,30.0,0.0,9.271414,0.0,1.0952562,0.0,1.0119593,0.0,68.3245,2.0,,20.60296,,20.60296,20.60296,,12.320777,,0.058144335,354.34167,1.0,0.0,0.0,2001.0,15.82,,25.0,,,,Master only (1),15.8,,25.0,20.606428,20.606428,,68.3245,4.2242684,-0.49341628,-0.42441946,206.04225,0.0,0.0,1.0
15.83,15.83,2.10701,1.00469056e+06,30.0,0.0,9.2713175,0.0,1.0953071,0.0,1.0119557,0.0,68.322205,2.0,,20.602516,,20.602516,20.602516,,12.32063,,0.058145028,354.3298,1.0,0.0,0.0,2001.0,15.83,,25.0,,,,Master only (1),15.8,,25.0,20.606428,20.606428,,68.322205,4.2242346,-0.49341628,-0.42441946,206.04225,0.0,0.0,1.0
15.84,15.84,2.10701,1.00469056e+06,30.0,0.0,9.271205,0.0,1.0953574,0.0,1.0119516,0.0,68.31953,2.0,,20.601994,,20.601994,20.601994,,12.320458,,0.058145836,354.3159,1.0,0.0,0.0,2001.0,15.84,,25.0,,,,Master only (1),15.8,,25.0,20.606428,20.606428,,68.31953,4.2241955,-0.49341628,-0.42441946,206.04225,0.0,0.0,1.0
15.85,15.85,2.10701,1.00469056e+06,30.0,0.0,7.6599298,0.0,1.0265679,0.0,0.94835263,0.0,36.881634,2.0,,13.84131,,13.84131,13.84131,,9.899751,,0.07236378,191.274,1.0,0.0,0.0,2001.0,15.85,,16.0,,,,Master only (1),15.9,,16.0,13.84131,13.84131,,36.881634,3.6077137,-0.49341628,-1.0412351,152.22159,0.0,0.0,1.0
15.86,15.86,2.10701,1.00469056e+06,30.0,0.0,7.6597686,0.0,1.0266119,0.0,0.94834584,0.0,36.879128,2.0,,13.840703,,13.840703,13.840703,,9.899511,,0.07236553,191.26099,1.0,0.0,0.0,2001.0,15.86,,16.0,,,,Master only (1),15.9,,16.0,13.84131,13.84131,,36.879128,3.6076458,-0.49341628,-1.0412351,152.22159,0.0,0.0,1.0
15.87,15.87,2.10701,1.00469056e+06,30.0,0.0,7.6596184,0.0,1.0266564,0.0,0.9483395,0.0,36.876793,2.0,,13.8401375,,13.8401375,13.8401375,,9.899289,,0.072367154,191.24889,1.0,0.0,0.0,2001.0,15.87,,16.0,4.4200244,3.3945,3.0910425,Matched (3),15.9,,16.0,13.84131,13.84131,,36.876793,3.6075823,-0.49341628,-1.0412351,152.22159,0.0,0.0,1.0
15.88,15.88,2.10701,1.00469056e+06,30.0,0.0,7.659454,0.0,1.0267003,0.0,0.9483326,0.0,36.874233,2.0,,13.839519,,13.839519,13.839519,,9.899046,,0.07236893,191.23564,1.0,0.0,0.0,2001.0,15.88,,16.0,,,,Master only (1),15.9,,16.0,13.84131,13.84131,,36.874233,3.607513,-0.49341628,-1.0412351,152.22159,0.0,0.0,1.0
15.89,15.89,2.10701,1.00469056e+06,30.0,0.0,7.6592927,0.0,1.0267442,0.0,0.9483258,0.0,36.87173,2.0,,13.838912,,13.838912,13.838912,,9.898807,,0.07237068,191.22264,1.0,0.0,0.0,2001.0,15.89,,16.0,,,,Master only (1),15.9,,16.0,13.84131,13.84131,,36.87173,3.6074452,-0.49341628,-1.0412351,152.22159,0.0,0.0,1.0
15.9,15.9,2.10701,1.00469056e+06,30.0,0.0,7.659131,0.0,1.0267882,0.0,0.948319,0.0,36.869217,2.0,,13.838304,,13.838304,13.838304,,9.898567,,0.07237243,191.20961,1.0,0.0,0.0,2001.0,15.9,,16.0,,,,Master only (1),15.9,,16.0,13.84131,13.84131,,36.869217,3.607377,-0.49341628,-1.0412351,152.22159,0.0,0.0,1.0
15.91,15.91,2.10701,1.00469056e+06,30.0,0.0,7.6589785,0.0,1.0268326,0.0,0.9483126,0.0,36.866844,2.0,,13.837729,,13.837729,13.837729,,9.898341,,0.07237408,191.1973,1.0,0.0,0.0,2001.0,15.91,,16.0,,,,Master only (1),15.9,,16.0,13.84131,13.84131,,36.866844,3.6073127,-0.49341628,-1.0412351,152.22159,0.0,0.0,1.0
15.92,15.92,2.10701,1.00469056e+06,30.0,0.0,7.6588297,0.0,1.0268772,0.0,0.9483063,0.0,36.864532,2.0,,13.837169,,13.837169,13.837169,,9.898121,,0.07237569,191.1853,1.0,0.0,0.0,2001.0,15.92,,16.0,,,,Master only (1),15.9,,16.0,13.84131,13.84131,,36.864532,3.60725,-0.49341628,-1.0412351,152.22159,0.0,0.0,1.0
15.93,15.93,2.10701,1.00469056e+06,30.0,0.0,7.6586614,0.0,1.0269208,0.0,0.9482992,0.0,36.861916,2.0,,13.836535,,13.836535,13.836535,,9.897872,,0.07237751,191.17175,1.0,0.0,0.0,2001.0,15.93,,16.0,,,,Master only (1),15.9,,16.0,13.84131,13.84131,,36.861916,3.607179,-0.49341628,-1.0412351,152.22159,0.0,0.0,1.0
15.94,15.94,2.10701,1.00469056e+06,30.0,0.0,7.6585026,0.0,1.0269649,0.0,0.94829255,0.0,36.859447,2.0,,13.8359375,,13.8359375,13.8359375,,9.897636,,0.07237924,191.15892,1.0,0.0,0.0,2001.0,15.94,,16.0,,,,Master only (1),15.9,,16.0,13.84131,13.84131,,36.859447,3.607112,-0.49341628,-1.0412351,152.22159,0.0,0.0,1.0
15.95,15.95,2.10701,1.00469056e+06,30.0,0.0,7.6583414,0.0,1.0270089,0.0,0.94828576,0.0,36.856945,2.0,,13.835331,,13.835331,13.835331,,9.897398,,0.07238098,191.14594,1.0,0.0,0.0,2001.0,15.95,,16.0,,,,Master only (1),15.9,,16.0,13.84131,13.84131,,36.856945,3.607044,-0.49341628,-1.0412351,152.22159,0.0,0.0,1.0
15.96,15.96,2.10701,1.00469056e+06,30.0,0.0,0.0,0.0,0.0,0.0,0.0,0.0,0.0,3.0,,25.672827,,,,,,,,,0.0,0.0,0.0,0.0,15.96,,,,,,Master only (1),16.0,,,,,,0.0,,,,0.0,0.0,,0.0
15.97,15.97,2.10701,1.00469056e+06,30.0,0.0,0.0,0.0,0.0,0.0,0.0,0.0,0.0,3.0,,25.664963,,,,,,,,,0.0,0.0,0.0,0.0,15.97,,,,,,Master only (1),16.0,,,,,,0.0,,,,0.0,0.0,,0.0
15.98,15.98,2.10701,1.00469056e+06,30.0,0.0,0.0,0.0,0.0,0.0,0.0,0.0,0.0,3.0,,25.657097,,,,,,,,,0.0,0.0,0.0,0.0,15.98,,,,,,Master only (1),16.0,,,,,,0.0,,,,0.0,0.0,,0.0
15.99,15.99,2.10701,1.00469056e+06,30.0,0.0,0.0,0.0,0.0,0.0,0.0,0.0,0.0,3.0,,25.649242,,,,,,,,,0.0,0.0,0.0,0.0,15.99,,,,,,Master only (1),16.0,,,,,,0.0,,,,0.0,0.0,,0.0
16.0,16.0,2.10701,1.00469056e+06,30.0,0.0,0.0,0.0,0.0,0.0,0.0,0.0,0.0,3.0,,25.641378,,,,,,,,,0.0,0.0,0.0,0.0,16.0,,,,,,Master only (1),16.0,,,,,,0.0,,,,0.0,0.0,,0.0
16.01,16.01,2.10701,1.00469056e+06,30.0,0.0,0.0,0.0,0.0,0.0,0.0,0.0,0.0,3.0,,25.633526,,,,,,,,,0.0,0.0,0.0,0.0,16.01,,,,,,Master only (1),16.0,,,,,,0.0,,,,0.0,0.0,,0.0
16.02,16.02,2.10701,1.00469056e+06,30.0,0.0,0.0,0.0,0.0,0.0,0.0,0.0,0.0,3.0,,25.625679,,,,,,,,,0.0,0.0,0.0,0.0,16.02,,,,,,Master only (1),16.0,,,,,,0.0,,,,0.0,0.0,,0.0
16.03,16.03,2.10701,1.00469056e+06,30.0,0.0,0.0,0.0,0.0,0.0,0.0,0.0,0.0,3.0,,25.617819,,,,,,,,,0.0,0.0,0.0,0.0,16.03,,,,,,Master only (1),16.0,,,,,,0.0,,,,0.0,0.0,,0.0
16.04,16.04,2.10701,1.00469056e+06,30.0,0.0,0.0,0.0,0.0,0.0,0.0,0.0,0.0,3.0,,25.609976,,,,,,,,,0.0,0.0,0.0,0.0,16.04,,,,,,Master only (1),16.0,,,,,,0.0,,,,0.0,0.0,,0.0
16.05,16.05,2.10701,1.00469056e+06,30.0,0.0,0.0,0.0,0.0,0.0,0.0,0.0,0.0,3.0,,25.602135,,,,,,,,,0.0,0.0,0.0,0.0,16.05,,,,,,Master only (1),16.0,,,,,,0.0,,,,0.0,0.0,,0.0
16.06,16.06,2.10701,1.00469056e+06,30.0,0.0,11.335449,0.0,1.1741307,0.0,1.0835341,0.0,130.75531,2.0,,31.31768,,31.31768,31.31768,,15.51176,,0.046183243,678.1178,1.0,0.0,0.0,2001.0,16.06,,39.0,,,,Master only (1),16.1,,39.0,31.31768,31.31768,,130.75531,4.8733277,-0.40640494,0.22437899,313.15985,0.0,0.0,1.0
16.07,16.07,2.10701,1.00469056e+06,30.0,0.0,11.335382,0.0,1.1741871,0.0,1.083532,0.0,130.75282,2.0,,31.317297,,31.317297,31.317297,,15.511655,,0.046183556,678.1049,1.0,0.0,0.0,2001.0,16.07,,39.0,,,,Master only (1),16.1,,39.0,31.31768,31.31768,,130.75282,4.8733087,-0.40640494,0.22437899,313.15985,0.0,0.0,1.0
16.08,16.08,2.10701,1.00469056e+06,30.0,0.0,11.335317,0.0,1.1742435,0.0,1.0835298,0.0,130.75038,2.0,,31.316917,,31.316917,31.316917,,15.511552,,0.04618386,678.0922,1.0,0.0,0.0,2001.0,16.08,,39.0,,,,Master only (1),16.1,,39.0,31.31768,31.31768,,130.75038,4.87329,-0.40640494,0.22437899,313.15985,0.0,0.0,1.0
16.09,16.09,2.10701,1.00469056e+06,30.0,0.0,11.335247,0.0,1.1742997,0.0,1.0835276,0.0,130.74779,2.0,,31.316517,,31.316517,31.316517,,15.511442,,0.04618419,678.07874,1.0,0.0,0.0,2001.0,16.09,,39.0,,,,Master only (1),16.1,,39.0,31.31768,31.31768,,130.74779,4.87327,-0.40640494,0.22437899,313.15985,0.0,0.0,1.0
16.1,16.1,2.10701,1.00469056e+06,30.0,0.0,11.335185,0.0,1.1743562,0.0,1.0835255,0.0,130.74548,2.0,,31.31616,,31.31616,31.31616,,15.511345,,0.046184476,678.0668,1.0,0.0,0.0,2001.0,16.1,,39.0,,,,Master only (1),16.1,,39.0,31.31768,31.31768,,130.74548,4.8732524,-0.40640494,0.22437899,313.15985,0.0,0.0,1.0
16.11,16.11,2.10701,1.00469056e+06,30.0,0.0,11.335119,0.0,1.1744126,0.0,1.0835234,0.0,130.74303,2.0,,31.31578,,31.31578,31.31578,,15.511242,,0.046184786,678.054,1.0,0.0,0.0,2001.0,16.11,,39.0,,,,Master only (1),16.1,,39.0,31.31768,31.31768,,130.74303,4.873234,-0.40640494,0.22437899,313.15985,0.0,0.0,1.0
16.12,16.12,2.10701,1.00469056e+06,30.0,0.0,11.3350525,0.0,1.174469,0.0,1.0835212,0.0,130.74054,2.0,,31.315397,,31.315397,31.315397,,15.511137,,0.046185095,678.0412,1.0,0.0,0.0,2001.0,16.12,,39.0,,,,Master only (1),16.1,,39.0,31.31768,31.31768,,130.74054,4.8732147,-0.40640494,0.22437899,313.15985,0.0,0.0,1.0
16.13,16.13,2.10701,1.00469056e+06,30.0,0.0,11.334994,0.0,1.1745256,0.0,1.0835193,0.0,130.73837,2.0,,31.315062,,31.315062,31.315062,,15.511046,,0.046185367,678.02997,1.0,0.0,0.0,2001.0,16.13,,39.0,,,,Master only (1),16.1,,39.0,31.31768,31.31768,,130.73837,4.873198,-0.40640494,0.22437899,313.15985,0.0,0.0,1.0
16.14,16.14,2.10701,1.00469056e+06,30.0,0.0,11.334921,0.0,1.1745819,0.0,1.083517,0.0,130.73564,2.0,,31.31464,,31.31464,31.31464,,15.510931,,0.04618571,678.0158,1.0,0.0,0.0,2001.0,16.14,,39.0,,,,Master only (1),16.1,,39.0,31.31768,31.31768,,130.73564,4.873177,-0.40640494,0.22437899,313.15985,0.0,0.0,1.0
16.15,16.15,2.10701,1.00469056e+06,30.0,0.0,11.334877,0.0,1.174639,0.0,1.0835155,0.0,130.73401,2.0,,31.314386,,31.314386,31.314386,,15.510862,,0.046185914,678.00726,1.0,0.0,0.0,2001.0,16.15,,39.0,4.395806,4.1780925,3.1780539,Matched (3),16.1,,39.0,31.31768,31.31768,,130.73401,4.8731647,-0.40640494,0.22437899,313.15985,0.0,0.0,1.0
16.16,16.16,2.10701,1.00469056e+06,30.0,0.0,8.587314,0.0,1.0688971,0.0,0.98592734,0.0,53.343548,2.0,,17.562176,,17.562176,17.562176,,11.284826,,0.063482,276.6481,1.0,0.0,0.0,2001.0,16.16,,21.0,,,,Master only (1),16.2,,21.0,17.562176,17.562176,,53.343548,3.976753,-0.40640494,-0.67219573,158.0403,0.0,0.0,1.0
16.17,16.17,2.10701,1.00469056e+06,30.0,0.0,8.587192,0.0,1.0689454,0.0,0.9859226,0.0,53.3411,2.0,,17.561655,,17.561655,17.561655,,11.284642,,0.06348304,276.6354,1.0,0.0,0.0,2001.0,16.17,,21.0,,,,Master only (1),16.2,,21.0,17.562176,17.562176,,53.3411,3.9767072,-0.40640494,-0.67219573,158.0403,0.0,0.0,1.0
16.18,16.18,2.10701,1.00469056e+06,30.0,0.0,8.587058,0.0,1.0689932,0.0,0.9859174,0.0,53.33842,2.0,,17.561087,,17.561087,17.561087,,11.284441,,0.06348417,276.62152,1.0,0.0,0.0,2001.0,16.18,,21.0,,,,Master only (1),16.2,,21.0,17.562176,17.562176,,53.33842,3.976657,-0.40640494,-0.67219573,158.0403,0.0,0.0,1.0
16.19,16.19,2.10701,1.00469056e+06,30.0,0.0,8.58693,0.0,1.0690413,0.0,0.9859124,0.0,53.335857,2.0,,17.560543,,17.560543,17.560543,,11.284248,,0.06348525,276.60825,1.0,0.0,0.0,2001.0,16.19,,21.0,,,,Master only (1),16.2,,21.0,17.562176,17.562176,,53.335857,3.9766088,-0.40640494,-0.67219573,158.0403,0.0,0.0,1.0
16.2,16.2,2.10701,1.00469056e+06,30.0,0.0,8.586804,0.0,1.0690894,0.0,0.9859075,0.0,53.333332,2.0,,17.560005,,17.560005,17.560005,,11.284059,,0.06348632,276.5951,1.0,0.0,0.0,2001.0,16.2,,21.0,4.3870015,4.1698103,3.1780539,Matched (3),16.2,,21.0,17.562176,17.562176,,53.333332,3.9765615,-0.40640494,-0.67219573,158.0403,0.0,0.0,1.0
16.21,16.21,2.10701,1.00469056e+06,30.0,0.0,8.586689,0.0,1.0691379,0.0,0.98590297,0.0,53.331017,2.0,,17.559515,,17.559515,17.559515,,11.283885,,0.0634873,276.58313,1.0,0.0,0.0,2001.0,16.21,,21.0,,,,Master only (1),16.2,,21.0,17.562176,17.562176,,53.331017,3.9765182,-0.40640494,-0.67219573,158.0403,0.0,0.0,1.0
16.22,16.22,2.10701,1.00469056e+06,30.0,0.0,8.586567,0.0,1.0691862,0.0,0.9858982,0.0,53.328568,2.0,,17.558994,,17.558994,17.558994,,11.283701,,0.063488334,276.5704,1.0,0.0,0.0,2001.0,16.22,,21.0,,,,Master only (1),16.2,,21.0,17.562176,17.562176,,53.328568,3.9764721,-0.40640494,-0.67219573,158.0403,0.0,0.0,1.0
16.23,16.23,2.10701,1.00469056e+06,30.0,0.0,8.586428,0.0,1.0692338,0.0,0.9858928,0.0,53.325775,2.0,,17.558401,,17.558401,17.558401,,11.283492,,0.06348951,276.55594,1.0,0.0,0.0,2001.0,16.23,,21.0,,,,Master only (1),16.2,,21.0,17.562176,17.562176,,53.325775,3.9764197,-0.40640494,-0.67219573,158.0403,0.0,0.0,1.0
16.24,16.24,2.10701,1.00469056e+06,30.0,0.0,8.586316,0.0,1.0692825,0.0,0.9858884,0.0,53.32354,2.0,,17.557926,,17.557926,17.557926,,11.283323,,0.06349046,276.54434,1.0,0.0,0.0,2001.0,16.24,,21.0,,,,Master only (1),16.2,,21.0,17.562176,17.562176,,53.32354,3.976378,-0.40640494,-0.67219573,158.0403,0.0,0.0,1.0
16.25,16.25,2.10701,1.00469056e+06,30.0,0.0,12.112333,0.0,1.2020355,0.0,1.1082325,0.0,161.96608,2.0,,35.955624,,35.955624,35.955624,,16.73588,,0.04280524,839.9818,1.0,0.0,0.0,2001.0,16.25,,45.0,4.3870015,4.1698103,3.1780539,Matched (3),16.3,,45.0,35.955624,35.955624,,161.96608,5.087387,-0.40640494,0.43843836,359.5423,0.0,0.0,1.0
16.26,16.26,2.10701,1.00469056e+06,30.0,0.0,12.112284,0.0,1.202094,0.0,1.108231,0.0,161.96394,2.0,,35.95532,,35.95532,35.95532,,16.735802,,0.04280544,839.97076,1.0,0.0,0.0,2001.0,16.26,,45.0,,,,Master only (1),16.3,,45.0,35.955624,35.955624,,161.96394,5.0873737,-0.40640494,0.43843836,359.5423,0.0,0.0,1.0
16.27,16.27,2.10701,1.00469056e+06,30.0,0.0,12.112241,0.0,1.2021526,0.0,1.1082296,0.0,161.9621,2.0,,35.95505,,35.95505,35.95505,,16.735733,,0.042805616,839.96106,1.0,0.0,0.0,2001.0,16.27,,45.0,,,,Master only (1),16.3,,45.0,35.955624,35.955624,,161.9621,5.0873623,-0.40640494,0.43843836,359.5423,0.0,0.0,1.0
16.28,16.28,2.10701,1.00469056e+06,30.0,0.0,12.112184,0.0,1.2022108,0.0,1.1082278,0.0,161.95963,2.0,,35.954697,,35.954697,35.954697,,16.735643,,0.042805847,839.94824,1.0,0.0,0.0,2001.0,16.28,,45.0,,,,Master only (1),16.3,,45.0,35.955624,35.955624,,161.95963,5.087347,-0.40640494,0.43843836,359.5423,0.0,0.0,1.0
16.29,16.29,2.10701,1.00469056e+06,30.0,0.0,12.112142,0.0,1.2022696,0.0,1.1082265,0.0,161.95781,2.0,,35.954437,,35.954437,35.954437,,16.735577,,0.042806014,839.9389,1.0,0.0,0.0,2001.0,16.29,,45.0,,,,Master only (1),16.3,,45.0,35.955624,35.955624,,161.95781,5.087336,-0.40640494,0.43843836,359.5423,0.0,0.0,1.0
16.3,16.3,2.10701,1.00469056e+06,30.0,0.0,12.112081,0.0,1.2023275,0.0,1.1082246,0.0,161.95517,2.0,,35.95406,,35.95406,35.95406,,16.73548,,0.042806264,839.9252,1.0,0.0,0.0,2001.0,16.3,,45.0,,,,Master only (1),16.3,,45.0,35.955624,35.955624,,161.95517,5.0873194,-0.40640494,0.43843836,359.5423,0.0,0.0,1.0
16.31,16.31,2.10701,1.00469056e+06,30.0,0.0,12.112038,0.0,1.2023863,0.0,1.1082233,0.0,161.95332,2.0,,35.953796,,35.953796,35.953796,,16.73541,,0.04280644,839.9156,1.0,0.0,0.0,2001.0,16.31,,45.0,,,,Master only (1),16.3,,45.0,35.955624,35.955624,,161.95332,5.087308,-0.40640494,0.43843836,359.5423,0.0,0.0,1.0
16.32,16.32,2.10701,1.00469056e+06,30.0,0.0,12.11198,0.0,1.2024444,0.0,1.1082215,0.0,161.95085,2.0,,35.95344,,35.95344,35.95344,,16.735321,,0.04280667,839.9028,1.0,0.0,0.0,2001.0,16.32,,45.0,,,,Master only (1),16.3,,45.0,35.955624,35.955624,,161.95085,5.0872927,-0.40640494,0.43843836,359.5423,0.0,0.0,1.0
16.33,16.33,2.10701,1.00469056e+06,30.0,0.0,12.111931,0.0,1.2025028,0.0,1.10822,0.0,161.9487,2.0,,35.953136,,35.953136,35.953136,,16.735243,,0.04280687,839.8917,1.0,0.0,0.0,2001.0,16.33,,45.0,,,,Master only (1),16.3,,45.0,35.955624,35.955624,,161.9487,5.08728,-0.40640494,0.43843836,359.5423,0.0,0.0,1.0
16.34,16.34,2.10701,1.00469056e+06,30.0,0.0,12.111866,0.0,1.2025608,0.0,1.108218,0.0,161.9459,2.0,,35.952736,,35.952736,35.952736,,16.73514,,0.042807132,839.87726,1.0,0.0,0.0,2001.0,16.34,,45.0,4.377306,4.162219,3.1780539,Matched (3),16.3,,45.0,35.955624,35.955624,,161.9459,5.087262,-0.40640494,0.43843836,359.5423,0.0,0.0,1.0
16.35,16.35,2.10701,1.00469056e+06,30.0,0.0,11.858162,0.0,1.1939961,0.0,1.1002702,0.0,151.24536,2.0,,34.40158,,34.40158,34.40158,,16.33409,,0.043858174,784.38245,1.0,0.0,0.0,2001.0,16.35,,43.0,,,,Master only (1),16.4,,43.0,34.40158,34.40158,,151.24536,5.0189033,-0.40640494,0.36995453,343.9994,0.0,0.0,1.0
16.36,16.36,2.10701,1.00469056e+06,30.0,0.0,11.858093,0.0,1.1940535,0.0,1.100268,0.0,151.24252,2.0,,34.40117,,34.40117,34.40117,,16.33398,,0.04385847,784.36774,1.0,0.0,0.0,2001.0,16.36,,43.0,,,,Master only (1),16.4,,43.0,34.40158,34.40158,,151.24252,5.0188847,-0.40640494,0.36995453,343.9994,0.0,0.0,1.0
16.37,16.37,2.10701,1.00469056e+06,30.0,0.0,11.858041,0.0,1.1941113,0.0,1.1002663,0.0,151.24037,2.0,,34.400852,,34.400852,34.400852,,16.333899,,0.04385869,784.3566,1.0,0.0,0.0,2001.0,16.37,,43.0,4.377306,4.162219,3.1780539,Matched (3),16.4,,43.0,34.40158,34.40158,,151.24037,5.0188704,-0.40640494,0.36995453,343.9994,0.0,0.0,1.0
16.38,16.38,2.10701,1.00469056e+06,30.0,0.0,11.857981,0.0,1.194169,0.0,1.1002644,0.0,151.2379,2.0,,34.400486,,34.400486,34.400486,,16.333803,,0.043858945,784.3437,1.0,0.0,0.0,2001.0,16.38,,43.0,,,,Master only (1),16.4,,43.0,34.40158,34.40158,,151.2379,5.018854,-0.40640494,0.36995453,343.9994,0.0,0.0,1.0
16.39,16.39,2.10701,1.00469056e+06,30.0,0.0,11.857912,0.0,1.1942264,0.0,1.1002623,0.0,151.23506,2.0,,34.400074,,34.400074,34.400074,,16.333694,,0.043859236,784.3291,1.0,0.0,0.0,2001.0,16.39,,43.0,,,,Master only (1),16.4,,43.0,34.40158,34.40158,,151.23506,5.0188355,-0.40640494,0.36995453,343.9994,0.0,0.0,1.0
16.4,16.4,2.10701,1.00469056e+06,30.0,0.0,11.857856,0.0,1.1942841,0.0,1.1002605,0.0,151.23274,2.0,,34.39973,,34.39973,34.39973,,16.333605,,0.043859478,784.3169,1.0,0.0,0.0,2001.0,16.4,,43.0,,,,Master only (1),16.4,,43.0,34.40158,34.40158,,151.23274,5.01882,-0.40640494,0.36995453,343.9994,0.0,0.0,1.0
16.41,16.41,2.10701,1.00469056e+06,30.0,0.0,11.857795,0.0,1.1943418,0.0,1.1002586,0.0,151.23024,2.0,,34.399364,,34.399364,34.399364,,16.33351,,0.04385973,784.304,1.0,0.0,0.0,2001.0,16.41,,43.0,,,,Master only (1),16.4,,43.0,34.40158,34.40158,,151.23024,5.0188036,-0.40640494,0.36995453,343.9994,0.0,0.0,1.0
16.42,16.42,2.10701,1.00469056e+06,30.0,0.0,11.857746,0.0,1.1943998,0.0,1.100257,0.0,151.22823,2.0,,34.39907,,34.39907,34.39907,,16.333433,,0.043859936,784.2937,1.0,0.0,0.0,2001.0,16.42,,43.0,,,,Master only (1),16.4,,43.0,34.40158,34.40158,,151.22823,5.0187902,-0.40640494,0.36995453,343.9994,0.0,0.0,1.0
16.43,16.43,2.10701,1.00469056e+06,30.0,0.0,11.857682,0.0,1.1944574,0.0,1.100255,0.0,151.2256,2.0,,34.39868,,34.39868,34.39868,,16.333332,,0.04386021,784.27997,1.0,0.0,0.0,2001.0,16.43,,43.0,,,,Master only (1),16.4,,43.0,34.40158,34.40158,,151.2256,5.0187726,-0.40640494,0.36995453,343.9994,0.0,0.0,1.0
16.44,16.44,2.10701,1.00469056e+06,30.0,0.0,11.857633,0.0,1.1945153,0.0,1.1002535,0.0,151.22356,2.0,,34.398384,,34.398384,34.398384,,16.333254,,0.04386042,784.26935,1.0,0.0,0.0,2001.0,16.44,,43.0,,,,Master only (1),16.4,,43.0,34.40158,34.40158,,151.22356,5.0187593,-0.40640494,0.36995453,343.9994,0.0,0.0,1.0
16.45,16.45,2.10701,1.00469056e+06,30.0,0.0,9.899661,0.0,1.1234792,0.0,1.0347712,0.0,84.43546,2.0,,23.61844,,23.61844,23.61844,,13.282045,,0.053936224,437.8957,1.0,0.0,0.0,2001.0,16.45,,29.0,,,,Master only (1),16.5,,29.0,23.61844,23.61844,,84.43546,4.4359875,-0.40640494,-0.21296127,259.77835,0.0,0.0,1.0
16.46,16.46,2.10701,1.00469056e+06,30.0,0.0,9.899564,0.0,1.1235317,0.0,1.0347677,0.0,84.432785,2.0,,23.617958,,23.617958,23.617958,,13.281896,,0.05393683,437.88184,1.0,0.0,0.0,2001.0,16.46,,29.0,,,,Master only (1),16.5,,29.0,23.61844,23.61844,,84.432785,4.435956,-0.40640494,-0.21296127,259.77835,0.0,0.0,1.0
16.47,16.47,2.10701,1.00469056e+06,30.0,0.0,9.899483,0.0,1.1235847,0.0,1.0347649,0.0,84.43056,2.0,,23.617556,,23.617556,23.617556,,13.281772,,0.053937335,437.87027,1.0,0.0,0.0,2001.0,16.47,,29.0,,,,Master only (1),16.5,,29.0,23.61844,23.61844,,84.43056,4.4359293,-0.40640494,-0.21296127,259.77835,0.0,0.0,1.0
16.48,16.48,2.10701,1.00469056e+06,30.0,0.0,9.899392,0.0,1.1236374,0.0,1.0347617,0.0,84.42806,2.0,,23.617105,,23.617105,23.617105,,13.281632,,0.0539379,437.85733,1.0,0.0,0.0,2001.0,16.48,,29.0,,,,Master only (1),16.5,,29.0,23.61844,23.61844,,84.42806,4.4358997,-0.40640494,-0.21296127,259.77835,0.0,0.0,1.0
16.49,16.49,2.10701,1.00469056e+06,30.0,0.0,9.899302,0.0,1.1236901,0.0,1.0347584,0.0,84.42557,2.0,,23.616653,,23.616653,23.616653,,13.281493,,0.053938467,437.84436,1.0,0.0,0.0,2001.0,16.49,,29.0,4.455643,3.4124987,3.1780539,Matched (3),16.5,,29.0,23.61844,23.61844,,84.42557,4.43587,-0.40640494,-0.21296127,259.77835,0.0,0.0,1.0
16.5,16.5,2.10701,1.00469056e+06,30.0,0.0,9.899204,0.0,1.1237426,0.0,1.034755,0.0,84.42288,2.0,,23.61617,,23.61617,23.61617,,13.281343,,0.053939074,437.83047,1.0,0.0,0.0,2001.0,16.5,,29.0,,,,Master only (1),16.5,,29.0,23.61844,23.61844,,84.42288,4.4358387,-0.40640494,-0.21296127,259.77835,0.0,0.0,1.0
16.51,16.51,2.10701,1.00469056e+06,30.0,0.0,9.899115,0.0,1.1237953,0.0,1.0347518,0.0,84.42042,2.0,,23.615725,,23.615725,23.615725,,13.281205,,0.053939637,437.81763,1.0,0.0,0.0,2001.0,16.51,,29.0,,,,Master only (1),16.5,,29.0,23.61844,23.61844,,84.42042,4.435809,-0.40640494,-0.21296127,259.77835,0.0,0.0,1.0
16.52,16.52,2.10701,1.00469056e+06,30.0,0.0,9.899051,0.0,1.1238489,0.0,1.0347495,0.0,84.418655,2.0,,23.615408,,23.615408,23.615408,,13.281107,,0.053940035,437.80853,1.0,0.0,0.0,2001.0,16.52,,29.0,,,,Master only (1),16.5,,29.0,23.61844,23.61844,,84.418655,4.4357886,-0.40640494,-0.21296127,259.77835,0.0,0.0,1.0
16.53,16.53,2.10701,1.00469056e+06,30.0,0.0,9.898947,0.0,1.1239011,0.0,1.0347458,0.0,84.415794,2.0,,23.614891,,23.614891,23.614891,,13.280948,,0.05394068,437.79373,1.0,0.0,0.0,2001.0,16.53,,29.0,3.6805763,3.938528,2.261763,Matched (3),16.5,,29.0,23.61844,23.61844,,84.415794,4.4357543,-0.40640494,-0.21296127,259.77835,0.0,0.0,1.0
16.54,16.54,2.10701,1.00469056e+06,30.0,0.0,9.8988495,0.0,1.1239536,0.0,1.0347424,0.0,84.41312,2.0,,23.614408,,23.614408,23.614408,,13.280798,,0.05394129,437.77982,1.0,0.0,0.0,2001.0,16.54,,29.0,,,,Master only (1),16.5,,29.0,23.61844,23.61844,,84.41312,4.435723,-0.40640494,-0.21296127,259.77835,0.0,0.0,1.0
16.55,16.55,2.10701,1.00469056e+06,30.0,0.0,9.898772,0.0,1.1240069,0.0,1.0347396,0.0,84.41099,2.0,,23.614023,,23.614023,23.614023,,13.280679,,0.053941775,437.76874,1.0,0.0,0.0,2001.0,16.55,,29.0,,,,Master only (1),16.5,,29.0,23.61844,23.61844,,84.41099,4.4356976,-0.40640494,-0.21296127,259.77835,0.0,0.0,1.0
16.56,16.56,2.10701,1.00469056e+06,30.0,0.0,12.841295,0.0,1.2280612,0.0,1.1304736,0.0,195.60666,2.0,,40.611027,,40.611027,40.611027,,17.89497,,0.040032666,1014.4472,1.0,0.0,0.0,2001.0,16.56,,51.0,,,,Master only (1),16.6,,51.0,40.611027,40.611027,,195.60666,5.276106,-0.40640494,0.62715715,406.09946,0.0,0.0,1.0
16.57,16.57,2.10701,1.00469056e+06,30.0,0.0,12.841268,0.0,1.2281218,0.0,1.1304728,0.0,195.60529,2.0,,40.610844,,40.610844,40.610844,,17.894926,,0.040032763,1014.4402,1.0,0.0,0.0,2001.0,16.57,,51.0,4.455643,3.4124987,3.1780539,Matched (3),16.6,,51.0,40.611027,40.611027,,195.60529,5.2760987,-0.40640494,0.62715715,406.09946,0.0,0.0,1.0
16.58,16.58,2.10701,1.00469056e+06,30.0,0.0,12.841231,0.0,1.228182,0.0,1.1304717,0.0,195.60352,2.0,,40.610603,,40.610603,40.610603,,17.894867,,0.040032897,1014.4308,1.0,0.0,0.0,2001.0,16.58,,51.0,,,,Master only (1),16.6,,51.0,40.611027,40.611027,,195.60352,5.2760897,-0.40640494,0.62715715,406.09946,0.0,0.0,1.0
16.59,16.59,2.10701,1.00469056e+06,30.0,0.0,12.84118,0.0,1.2282417,0.0,1.1304702,0.0,195.60098,2.0,,40.610264,,40.610264,40.610264,,17.894785,,0.04003308,1014.41766,1.0,0.0,0.0,2001.0,16.59,,51.0,,,,Master only (1),16.6,,51.0,40.611027,40.611027,,195.60098,5.276077,-0.40640494,0.62715715,406.09946,0.0,0.0,1.0
16.6,16.6,2.10701,1.00469056e+06,30.0,0.0,12.841152,0.0,1.2283022,0.0,1.1304693,0.0,195.59961,2.0,,40.610085,,40.610085,40.610085,,17.894741,,0.04003318,1014.41064,1.0,0.0,0.0,2001.0,16.6,,51.0,,,,Matched (3),16.6,,51.0,40.611027,40.611027,,195.59961,5.2760696,-0.40640494,0.62715715,406.09946,0.0,0.0,1.0
16.61,16.61,2.10701,1.00469056e+06,30.0,0.0,12.841116,0.0,1.2283624,0.0,1.1304682,0.0,195.59784,2.0,,40.609844,,40.609844,40.609844,,17.894684,,0.040033307,1014.4014,1.0,0.0,0.0,2001.0,16.61,,51.0,,,,Master only (1),16.6,,51.0,40.611027,40.611027,,195.59784,5.2760606,-0.40640494,0.62715715,406.09946,0.0,0.0,1.0
16.62,16.62,2.10701,1.00469056e+06,30.0,0.0,12.841064,0.0,1.2284222,0.0,1.1304667,0.0,195.5953,2.0,,40.609505,,40.609505,40.609505,,17.8946,,0.040033493,1014.38824,1.0,0.0,0.0,2001.0,16.62,,51.0,4.0781884,3.1324053,2.7725887,Matched (3),16.6,,51.0,40.611027,40.611027,,195.5953,5.2760477,-0.40640494,0.62715715,406.09946,0.0,0.0,1.0
16.63,16.63,2.10701,1.00469056e+06,30.0,0.0,12.841037,0.0,1.2284827,0.0,1.1304659,0.0,195.59395,2.0,,40.60932,,40.60932,40.60932,,17.894556,,0.040033594,1014.3811,1.0,0.0,0.0,2001.0,16.63,,51.0,4.0781884,3.1324053,2.7725887,Matched (3),16.6,,51.0,40.611027,40.611027,,195.59395,5.276041,-0.40640494,0.62715715,406.09946,0.0,0.0,1.0
16.64,16.64,2.10701,1.00469056e+06,30.0,0.0,12.841008,0.0,1.2285432,0.0,1.130465,0.0,195.59253,2.0,,40.609135,,40.609135,40.609135,,17.89451,,0.040033694,1014.3739,1.0,0.0,0.0,2001.0,16.64,,51.0,,,,Master only (1),16.6,,51.0,40.611027,40.611027,,195.59253,5.2760334,-0.40640494,0.62715715,406.09946,0.0,0.0,1.0
16.65,16.65,2.10701,1.00469056e+06,30.0,0.0,12.8409605,0.0,1.2286031,0.0,1.1304636,0.0,195.5902,2.0,,40.608818,,40.608818,40.608818,,17.894434,,0.040033866,1014.36163,1.0,0.0,0.0,2001.0,16.65,,51.0,,,,Master only (1),16.6,,51.0,40.611027,40.611027,,195.5902,5.2760215,-0.40640494,0.62715715,406.09946,0.0,0.0,1.0
16.66,16.66,2.10701,1.00469056e+06,30.0,0.0,0.0,0.0,0.0,0.0,0.0,0.0,0.0,3.0,,25.128101,,,,,,,,,0.0,0.0,0.0,0.0,16.66,,,,,,Master only (1),16.7,,,,,,0.0,,,,0.0,0.0,,0.0
16.67,16.67,2.10701,1.00469056e+06,30.0,0.0,0.0,0.0,0.0,0.0,0.0,0.0,0.0,3.0,,25.12041,,,,,,,,,0.0,0.0,0.0,0.0,16.67,,,,,,Master only (1),16.7,,,,,,0.0,,,,0.0,0.0,,0.0
16.68,16.68,2.10701,1.00469056e+06,30.0,0.0,0.0,0.0,0.0,0.0,0.0,0.0,0.0,3.0,,25.112715,,,,,,,,,0.0,0.0,0.0,0.0,16.68,,,,,,Master only (1),16.7,,,,,,0.0,,,,0.0,0.0,,0.0
16.69,16.69,2.10701,1.00469056e+06,30.0,0.0,0.0,0.0,0.0,0.0,0.0,0.0,0.0,3.0,,25.105017,,,,,,,,,0.0,0.0,0.0,0.0,16.69,,,,,,Master only (1),16.7,,,,,,0.0,,,,0.0,0.0,,0.0
16.7,16.7,2.10701,1.00469056e+06,30.0,0.0,0.0,0.0,0.0,0.0,0.0,0.0,0.0,3.0,,25.097324,,,,,,,,,0.0,0.0,0.0,0.0,16.7,,,,,,Master only (1),16.7,,,,,,0.0,,,,0.0,0.0,,0.0
16.71,16.71,2.10701,1.00469056e+06,30.0,0.0,0.0,0.0,0.0,0.0,0.0,0.0,0.0,3.0,,25.089643,,,,,,,,,0.0,0.0,0.0,0.0,16.71,,,,,,Master only (1),16.7,,,,,,0.0,,,,0.0,0.0,,0.0
16.72,16.72,2.10701,1.00469056e+06,30.0,0.0,0.0,0.0,0.0,0.0,0.0,0.0,0.0,3.0,,25.081953,,,,,,,,,0.0,0.0,0.0,0.0,16.72,,,,,,Master only (1),16.7,,,,,,0.0,,,,0.0,0.0,,0.0
16.73,16.73,2.10701,1.00469056e+06,30.0,0.0,0.0,0.0,0.0,0.0,0.0,0.0,0.0,3.0,,25.074274,,,,,,,,,0.0,0.0,0.0,0.0,16.73,,,,,,Master only (1),16.7,,,,,,0.0,,,,0.0,0.0,,0.0
16.74,16.74,2.10701,1.00469056e+06,30.0,0.0,0.0,0.0,0.0,0.0,0.0,0.0,0.0,3.0,,25.066591,,,,,,,,,0.0,0.0,0.0,0.0,16.74,,,,,,Master only (1),16.7,,,,,,0.0,,,,0.0,0.0,,0.0
16.75,16.75,2.10701,1.00469056e+06,30.0,0.0,7.841137,0.0,1.0394281,0.0,0.95592165,0.0,39.77406,2.0,,14.532217,,14.532217,14.532217,,10.168557,,0.070450835,206.27458,1.0,0.0,0.0,2001.0,16.75,,17.0,,,,Master only (1),16.8,,17.0,14.532217,14.532217,,39.77406,3.683215,-1.3226957,-0.9657338,145.29659,0.0,0.0,1.0
16.76,16.76,2.10701,1.00469056e+06,30.0,0.0,7.84098,0.0,1.039473,0.0,0.95591515,0.0,39.77149,2.0,,14.531611,,14.531611,14.531611,,10.1683235,,0.07045246,206.26123,1.0,0.0,0.0,2001.0,16.76,,17.0,,,,Master only (1),16.8,,17.0,14.532217,14.532217,,39.77149,3.6831503,-1.3226957,-0.9657338,145.29659,0.0,0.0,1.0
16.77,16.77,2.10701,1.00469056e+06,30.0,0.0,7.840835,0.0,1.0395185,0.0,0.95590913,0.0,39.769115,2.0,,14.531052,,14.531052,14.531052,,10.168108,,0.07045395,206.24893,1.0,0.0,0.0,2001.0,16.77,,17.0,,,,Master only (1),16.8,,17.0,14.532217,14.532217,,39.769115,3.6830907,-1.3226957,-0.9657338,145.29659,0.0,0.0,1.0
16.78,16.78,2.10701,1.00469056e+06,30.0,0.0,7.8406925,0.0,1.039564,0.0,0.95590323,0.0,39.76678,2.0,,14.530501,,14.530501,14.530501,,10.167896,,0.07045542,206.23682,1.0,0.0,0.0,2001.0,16.78,,17.0,,,,Master only (1),16.8,,17.0,14.532217,14.532217,,39.76678,3.6830318,-1.3226957,-0.9657338,145.29659,0.0,0.0,1.0
16.79,16.79,2.10701,1.00469056e+06,30.0,0.0,7.840544,0.0,1.0396093,0.0,0.9558971,0.0,39.76435,2.0,,14.529929,,14.529929,14.529929,,10.167676,,0.070456944,206.22423,1.0,0.0,0.0,2001.0,16.79,,17.0,,,,Master only (1),16.8,,17.0,14.532217,14.532217,,39.76435,3.6829708,-1.3226957,-0.9657338,145.29659,0.0,0.0,1.0
16.8,16.8,2.10701,1.00469056e+06,30.0,0.0,7.8404036,0.0,1.039655,0.0,0.95589125,0.0,39.762047,2.0,,14.529386,,14.529386,14.529386,,10.167467,,0.07045839,206.21228,1.0,0.0,0.0,2001.0,16.8,,17.0,,,,Master only (1),16.8,,17.0,14.532217,14.532217,,39.762047,3.6829128,-1.3226957,-0.9657338,145.29659,0.0,0.0,1.0
16.81,16.81,2.10701,1.00469056e+06,30.0,0.0,7.8402553,0.0,1.0397003,0.0,0.9558851,0.0,39.75962,2.0,,14.528813,,14.528813,14.528813,,10.167247,,0.07045992,206.19969,1.0,0.0,0.0,2001.0,16.81,,17.0,3.6683426,3.933375,2.261763,Matched (3),16.8,,17.0,14.532217,14.532217,,39.75962,3.6828518,-1.3226957,-0.9657338,145.29659,0.0,0.0,1.0
16.82,16.82,2.10701,1.00469056e+06,30.0,0.0,7.840113,0.0,1.0397458,0.0,0.9558792,0.0,39.757294,2.0,,14.528265,,14.528265,14.528265,,10.167036,,0.07046138,206.18764,1.0,0.0,0.0,2001.0,16.82,,17.0,,,,Master only (1),16.8,,17.0,14.532217,14.532217,,39.757294,3.6827934,-1.3226957,-0.9657338,145.29659,0.0,0.0,1.0
16.83,16.83,2.10701,1.00469056e+06,30.0,0.0,7.839962,0.0,1.039791,0.0,0.95587295,0.0,39.754818,2.0,,14.527681,,14.527681,14.527681,,10.166811,,0.070462935,206.1748,1.0,0.0,0.0,2001.0,16.83,,17.0,,,,Master only (1),16.8,,17.0,14.532217,14.532217,,39.754818,3.6827312,-1.3226957,-0.9657338,145.29659,0.0,0.0,1.0
16.84,16.84,2.10701,1.00469056e+06,30.0,0.0,7.8398185,0.0,1.0398365,0.0,0.955867,0.0,39.75247,2.0,,14.527127,,14.527127,14.527127,,10.166597,,0.07046442,206.1626,1.0,0.0,0.0,2001.0,16.84,,17.0,,,,Master only (1),16.8,,17.0,14.532217,14.532217,,39.75247,3.682672,-1.3226957,-0.9657338,145.29659,0.0,0.0,1.0
16.85,16.85,2.10701,1.00469056e+06,30.0,0.0,0.0,0.0,0.0,0.0,0.0,0.0,0.0,3.0,,24.98226,,,,,,,,,0.0,0.0,0.0,0.0,16.85,,,,,,Master only (1),16.9,,,,,,0.0,,,,0.0,0.0,,0.0
16.86,16.86,2.10701,1.00469056e+06,30.0,0.0,0.0,0.0,0.0,0.0,0.0,0.0,0.0,3.0,,24.974607,,,,,,,,,0.0,0.0,0.0,0.0,16.86,,,,,,Master only (1),16.9,,,,,,0.0,,,,0.0,0.0,,0.0
16.87,16.87,2.10701,1.00469056e+06,30.0,0.0,0.0,0.0,0.0,0.0,0.0,0.0,0.0,3.0,,24.966957,,,,,,,,,0.0,0.0,0.0,0.0,16.87,,,,,,Master only (1),16.9,,,,,,0.0,,,,0.0,0.0,,0.0
16.88,16.88,2.10701,1.00469056e+06,30.0,0.0,0.0,0.0,0.0,0.0,0.0,0.0,0.0,3.0,,24.959307,,,,,,,,,0.0,0.0,0.0,0.0,16.88,,,,,,Master only (1),16.9,,,,,,0.0,,,,0.0,0.0,,0.0
16.89,16.89,2.10701,1.00469056e+06,30.0,0.0,0.0,0.0,0.0,0.0,0.0,0.0,0.0,3.0,,24.951664,,,,,,,,,0.0,0.0,0.0,0.0,16.89,,,,,,Master only (1),16.9,,,,,,0.0,,,,0.0,0.0,,0.0
16.9,16.9,2.10701,1.00469056e+06,30.0,0.0,0.0,0.0,0.0,0.0,0.0,0.0,0.0,3.0,,24.944016,,,,,,,,,0.0,0.0,0.0,0.0,16.9,,,,,,Master only (1),16.9,,,,,,0.0,,,,0.0,0.0,,0.0
16.91,16.91,2.10701,1.00469056e+06,30.0,0.0,0.0,0.0,0.0,0.0,0.0,0.0,0.0,3.0,,24.936375,,,,,,,,,0.0,0.0,0.0,0.0,16.91,,,,,,Master only (1),16.9,,,,,,0.0,,,,0.0,0.0,,0.0
16.92,16.92,2.10701,1.00469056e+06,30.0,0.0,0.0,0.0,0.0,0.0,0.0,0.0,0.0,3.0,,24.928736,,,,,,,,,0.0,0.0,0.0,0.0,16.92,,,,,,Master only (1),16.9,,,,,,0.0,,,,0.0,0.0,,0.0
16.93,16.93,2.10701,1.00469056e+06,30.0,0.0,0.0,0.0,0.0,0.0,0.0,0.0,0.0,3.0,,24.921099,,,,,,,,,0.0,0.0,0.0,0.0,16.93,,,,,,Master only (1),16.9,,,,,,0.0,,,,0.0,0.0,,0.0
16.94,16.94,2.10701,1.00469056e+06,30.0,0.0,0.0,0.0,0.0,0.0,0.0,0.0,0.0,3.0,,24.913471,,,,,,,,,0.0,0.0,0.0,0.0,16.94,,,,,,Master only (1),16.9,,,,,,0.0,,,,0.0,0.0,,0.0
16.95,16.95,2.10701,1.00469056e+06,30.0,0.0,9.093693,0.0,1.0942374,0.0,1.0053219,0.0,64.18493,2.0,,19.788725,,19.788725,19.788725,,12.050542,,0.059448227,332.87326,1.0,0.0,0.0,2001.0,16.95,,24.0,,,,Master only (1),17.0,,24.0,19.788725,19.788725,,64.18493,4.1617684,-0.25225422,-0.4871803,217.64827,0.0,0.0,1.0
16.96,16.96,2.10701,1.00469056e+06,30.0,0.0,9.093589,0.0,1.0942879,0.0,1.0053179,0.0,64.18256,2.0,,19.788254,,19.788254,19.788254,,12.050384,,0.05944901,332.86096,1.0,0.0,0.0,2001.0,16.96,,24.0,3.9746993,3.8581467,2.7725887,Matched (3),17.0,,24.0,19.788725,19.788725,,64.18256,4.1617317,-0.25225422,-0.4871803,217.64827,0.0,0.0,1.0
16.97,16.97,2.10701,1.00469056e+06,30.0,0.0,9.093468,0.0,1.0943377,0.0,1.0053134,0.0,64.1798,2.0,,19.787704,,19.787704,19.787704,,12.0502,,0.05944991,332.84665,1.0,0.0,0.0,2001.0,16.97,,24.0,,,,Master only (1),17.0,,24.0,19.788725,19.788725,,64.1798,4.1616883,-0.25225422,-0.4871803,217.64827,0.0,0.0,1.0
16.98,16.98,2.10701,1.00469056e+06,30.0,0.0,9.093357,0.0,1.0943879,0.0,1.0053092,0.0,64.177284,2.0,,19.787203,,19.787203,19.787203,,12.050033,,0.05945074,332.8336,1.0,0.0,0.0,2001.0,16.98,,24.0,,,,Master only (1),17.0,,24.0,19.788725,19.788725,,64.177284,4.161649,-0.25225422,-0.4871803,217.64827,0.0,0.0,1.0
16.99,16.99,2.10701,1.00469056e+06,30.0,0.0,9.09324,0.0,1.0944377,0.0,1.0053048,0.0,64.17461,2.0,,19.78667,,19.78667,19.78667,,12.049854,,0.05945162,332.8197,1.0,0.0,0.0,2001.0,16.99,,24.0,,,,Master only (1),17.0,,24.0,19.788725,19.788725,,64.17461,4.1616077,-0.25225422,-0.4871803,217.64827,0.0,0.0,1.0
17.0,17.0,2.10701,1.00469056e+06,30.0,0.0,9.093135,0.0,1.0944883,0.0,1.0053009,0.0,64.17222,2.0,,19.786196,,19.786196,19.786196,,12.049695,,0.059452407,332.8073,1.0,0.0,0.0,2001.0,17.0,,24.0,,,,Master only (1),17.0,,24.0,19.788725,19.788725,,64.17222,4.1615705,-0.25225422,-0.4871803,217.64827,0.0,0.0,1.0
17.01,17.01,2.10701,1.00469056e+06,30.0,0.0,9.093024,0.0,1.0945385,0.0,1.0052967,0.0,64.16969,2.0,,19.785694,,19.785694,19.785694,,12.049527,,0.059453234,332.79425,1.0,0.0,0.0,2001.0,17.01,,24.0,,,,Master only (1),17.0,,24.0,19.788725,19.788725,,64.16969,4.161531,-0.25225422,-0.4871803,217.64827,0.0,0.0,1.0
17.02,17.02,2.10701,1.00469056e+06,30.0,0.0,9.0929165,0.0,1.0945888,0.0,1.0052927,0.0,64.167244,2.0,,19.785206,,19.785206,19.785206,,12.049363,,0.059454042,332.7815,1.0,0.0,0.0,2001.0,17.02,,24.0,,,,Master only (1),17.0,,24.0,19.788725,19.788725,,64.167244,4.161493,-0.25225422,-0.4871803,217.64827,0.0,0.0,1.0
17.03,17.03,2.10701,1.00469056e+06,30.0,0.0,9.092795,0.0,1.0946386,0.0,1.0052881,0.0,64.16448,2.0,,19.784657,,19.784657,19.784657,,12.049179,,0.05945495,332.76718,1.0,0.0,0.0,2001.0,17.03,,24.0,,,,Master only (1),17.0,,24.0,19.788725,19.788725,,64.16448,4.16145,-0.25225422,-0.4871803,217.64827,0.0,0.0,1.0
17.04,17.04,2.10701,1.00469056e+06,30.0,0.0,9.092697,0.0,1.0946892,0.0,1.0052844,0.0,64.16224,2.0,,19.78421,,19.78421,19.78421,,12.04903,,0.059455685,332.75555,1.0,0.0,0.0,2001.0,17.04,,24.0,4.472494,4.2264614,3.3322046,Matched (3),17.0,,24.0,19.788725,19.788725,,64.16224,4.1614146,-0.25225422,-0.4871803,217.64827,0.0,0.0,1.0
17.05,17.05,2.10701,1.00469056e+06,30.0,0.0,9.092596,0.0,1.0947398,0.0,1.0052806,0.0,64.159935,2.0,,19.783752,,19.783752,19.783752,,12.048877,,0.059456445,332.74362,1.0,0.0,0.0,2001.0,17.05,,24.0,,,,Master only (1),17.0,,24.0,19.788725,19.788725,,64.159935,4.161379,-0.25225422,-0.4871803,217.64827,0.0,0.0,1.0
17.06,17.06,2.10701,1.00469056e+06,30.0,0.0,0.0,0.0,0.0,0.0,0.0,0.0,0.0,3.0,,24.822046,,,,,,,,,0.0,0.0,0.0,0.0,17.06,,,,,,Master only (1),17.1,,,,,,0.0,,,,0.0,0.0,,0.0
17.07,17.07,2.10701,1.00469056e+06,30.0,0.0,0.0,0.0,0.0,0.0,0.0,0.0,0.0,3.0,,24.814436,,,,,,,,,0.0,0.0,0.0,0.0,17.07,,,,,,Master only (1),17.1,,,,,,0.0,,,,0.0,0.0,,0.0
17.08,17.08,2.10701,1.00469056e+06,30.0,0.0,0.0,0.0,0.0,0.0,0.0,0.0,0.0,3.0,,24.806837,,,,,,,,,0.0,0.0,0.0,0.0,17.08,,,,,,Master only (1),17.1,,,,,,0.0,,,,0.0,0.0,,0.0
17.09,17.09,2.10701,1.00469056e+06,30.0,0.0,0.0,0.0,0.0,0.0,0.0,0.0,0.0,3.0,,24.799238,,,,,,,,,0.0,0.0,0.0,0.0,17.09,,,,,,Master only (1),17.1,,,,,,0.0,,,,0.0,0.0,,0.0
17.1,17.1,2.10701,1.00469056e+06,30.0,0.0,0.0,0.0,0.0,0.0,0.0,0.0,0.0,3.0,,24.791643,,,,,,,,,0.0,0.0,0.0,0.0,17.1,,,,,,Master only (1),17.1,,,,,,0.0,,,,0.0,0.0,,0.0
17.11,17.11,2.10701,1.00469056e+06,30.0,0.0,0.0,0.0,0.0,0.0,0.0,0.0,0.0,3.0,,24.784046,,,,,,,,,0.0,0.0,0.0,0.0,17.11,,,,,,Master only (1),17.1,,,,,,0.0,,,,0.0,0.0,,0.0
17.12,17.12,2.10701,1.00469056e+06,30.0,0.0,0.0,0.0,0.0,0.0,0.0,0.0,0.0,3.0,,24.776459,,,,,,,,,0.0,0.0,0.0,0.0,17.12,,,,,,Master only (1),17.1,,,,,,0.0,,,,0.0,0.0,,0.0
17.13,17.13,2.10701,1.00469056e+06,30.0,0.0,0.0,0.0,0.0,0.0,0.0,0.0,0.0,3.0,,24.76887,,,,,,,,,0.0,0.0,0.0,0.0,17.13,,,,,,Master only (1),17.1,,,,,,0.0,,,,0.0,0.0,,0.0
17.14,17.14,2.10701,1.00469056e+06,30.0,0.0,0.0,0.0,0.0,0.0,0.0,0.0,0.0,3.0,,24.761284,,,,,,,,,0.0,0.0,0.0,0.0,17.14,,,,,,Master only (1),17.1,,,,,,0.0,,,,0.0,0.0,,0.0
17.15,17.15,2.10701,1.00469056e+06,30.0,0.0,0.0,0.0,0.0,0.0,0.0,0.0,0.0,3.0,,24.753693,,,,,,,,,0.0,0.0,0.0,0.0,17.15,,,,,,Master only (1),17.1,,,,,,0.0,,,,0.0,0.0,,0.0
17.16,17.16,2.10701,1.00469056e+06,30.0,0.0,0.0,0.0,0.0,0.0,0.0,0.0,0.0,3.0,,24.746115,,,,,,,,,0.0,0.0,0.0,0.0,17.16,,,,,,Master only (1),17.2,,,,,,0.0,,,,0.0,0.0,,0.0
17.17,17.17,2.10701,1.00469056e+06,30.0,0.0,0.0,0.0,0.0,0.0,0.0,0.0,0.0,3.0,,24.738531,,,,,,,,,0.0,0.0,0.0,0.0,17.17,,,,,,Master only (1),17.2,,,,,,0.0,,,,0.0,0.0,,0.0
17.18,17.18,2.10701,1.00469056e+06,30.0,0.0,0.0,0.0,0.0,0.0,0.0,0.0,0.0,3.0,,24.73095,,,,,,,,,0.0,0.0,0.0,0.0,17.18,,,,,,Master only (1),17.2,,,,,,0.0,,,,0.0,0.0,,0.0
17.19,17.19,2.10701,1.00469056e+06,30.0,0.0,0.0,0.0,0.0,0.0,0.0,0.0,0.0,3.0,,24.723373,,,,,,,,,0.0,0.0,0.0,0.0,17.19,,,,,,Master only (1),17.2,,,,,,0.0,,,,0.0,0.0,,0.0
17.2,17.2,2.10701,1.00469056e+06,30.0,0.0,0.0,0.0,0.0,0.0,0.0,0.0,0.0,3.0,,24.715805,,,,,,,,,0.0,0.0,0.0,0.0,17.2,,,,,,Master only (1),17.2,,,,,,0.0,,,,0.0,0.0,,0.0
17.21,17.21,2.10701,1.00469056e+06,30.0,0.0,0.0,0.0,0.0,0.0,0.0,0.0,0.0,3.0,,24.708231,,,,,,,,,0.0,0.0,0.0,0.0,17.21,,,,,,Master only (1),17.2,,,,,,0.0,,,,0.0,0.0,,0.0
17.22,17.22,2.10701,1.00469056e+06,30.0,0.0,0.0,0.0,0.0,0.0,0.0,0.0,0.0,3.0,,24.70066,,,,,,,,,0.0,0.0,0.0,0.0,17.22,,,,,,Master only (1),17.2,,,,,,0.0,,,,0.0,0.0,,0.0
17.23,17.23,2.10701,1.00469056e+06,30.0,0.0,0.0,0.0,0.0,0.0,0.0,0.0,0.0,3.0,,24.6931,,,,,,,,,0.0,0.0,0.0,0.0,17.23,,,,,,Master only (1),17.2,,,,,,0.0,,,,0.0,0.0,,0.0
17.24,17.24,2.10701,1.00469056e+06,30.0,0.0,0.0,0.0,0.0,0.0,0.0,0.0,0.0,3.0,,24.685532,,,,,,,,,0.0,0.0,0.0,0.0,17.24,,,,,,Master only (1),17.2,,,,,,0.0,,,,0.0,0.0,,0.0
17.25,17.25,2.10701,1.00469056e+06,30.0,0.0,0.0,0.0,0.0,0.0,0.0,0.0,0.0,3.0,,24.677967,,,,,,,,,0.0,0.0,0.0,0.0,17.25,,,,,,Master only (1),17.3,,,,,,0.0,,,,0.0,0.0,,0.0
17.26,17.26,2.10701,1.00469056e+06,30.0,0.0,0.0,0.0,0.0,0.0,0.0,0.0,0.0,3.0,,24.670412,,,,,,,,,0.0,0.0,0.0,0.0,17.26,,,,,,Master only (1),17.3,,,,,,0.0,,,,0.0,0.0,,0.0
17.27,17.27,2.10701,1.00469056e+06,30.0,0.0,0.0,0.0,0.0,0.0,0.0,0.0,0.0,3.0,,24.662851,,,,,,,,,0.0,0.0,0.0,0.0,17.27,,,,,,Master only (1),17.3,,,,,,0.0,,,,0.0,0.0,,0.0
17.28,17.28,2.10701,1.00469056e+06,30.0,0.0,0.0,0.0,0.0,0.0,0.0,0.0,0.0,3.0,,24.655296,,,,,,,,,0.0,0.0,0.0,0.0,17.28,,,,,,Master only (1),17.3,,,,,,0.0,,,,0.0,0.0,,0.0
17.29,17.29,2.10701,1.00469056e+06,30.0,0.0,0.0,0.0,0.0,0.0,0.0,0.0,0.0,3.0,,24.647749,,,,,,,,,0.0,0.0,0.0,0.0,17.29,,,,,,Master only (1),17.3,,,,,,0.0,,,,0.0,0.0,,0.0
17.3,17.3,2.10701,1.00469056e+06,30.0,0.0,0.0,0.0,0.0,0.0,0.0,0.0,0.0,3.0,,24.640192,,,,,,,,,0.0,0.0,0.0,0.0,17.3,,,,,,Master only (1),17.3,,,,,,0.0,,,,0.0,0.0,,0.0
17.31,17.31,2.10701,1.00469056e+06,30.0,0.0,0.0,0.0,0.0,0.0,0.0,0.0,0.0,3.0,,24.632647,,,,,,,,,0.0,0.0,0.0,0.0,17.31,,,,,,Master only (1),17.3,,,,,,0.0,,,,0.0,0.0,,0.0
17.32,17.32,2.10701,1.00469056e+06,30.0,0.0,0.0,0.0,0.0,0.0,0.0,0.0,0.0,3.0,,24.625109,,,,,,,,,0.0,0.0,0.0,0.0,17.32,,,,,,Master only (1),17.3,,,,,,0.0,,,,0.0,0.0,,0.0
17.33,17.33,2.10701,1.00469056e+06,30.0,0.0,0.0,0.0,0.0,0.0,0.0,0.0,0.0,3.0,,24.617556,,,,,,,,,0.0,0.0,0.0,0.0,17.33,,,,,,Master only (1),17.3,,,,,,0.0,,,,0.0,0.0,,0.0
17.34,17.34,2.10701,1.00469056e+06,30.0,0.0,0.0,0.0,0.0,0.0,0.0,0.0,0.0,3.0,,24.610018,,,,,,,,,0.0,0.0,0.0,0.0,17.34,,,,,,Master only (1),17.3,,,,,,0.0,,,,0.0,0.0,,0.0
17.35,17.35,2.10701,1.00469056e+06,30.0,0.0,7.832394,0.0,1.0421557,0.0,0.95555913,0.0,39.63103,2.0,,14.498481,,14.498481,14.498481,,10.155566,,0.07054096,205.5328,1.0,0.0,0.0,2001.0,17.35,,17.0,,,,Master only (1),17.4,,17.0,14.498481,14.498481,,39.63103,3.6796124,-0.8118701,-0.96933633,144.95999,0.0,0.0,1.0
17.36,17.36,2.10701,1.00469056e+06,30.0,0.0,7.832249,0.0,1.0422013,0.0,0.9555531,0.0,39.628662,2.0,,14.497922,,14.497922,14.497922,,10.155352,,0.07054245,205.52054,1.0,0.0,0.0,2001.0,17.36,,17.0,,,,Master only (1),17.4,,17.0,14.498481,14.498481,,39.628662,3.6795526,-0.8118701,-0.96933633,144.95999,0.0,0.0,1.0
17.37,17.37,2.10701,1.00469056e+06,30.0,0.0,7.8321066,0.0,1.0422469,0.0,0.9555472,0.0,39.62633,2.0,,14.497372,,14.497372,14.497372,,10.155139,,0.07054392,205.50844,1.0,0.0,0.0,2001.0,17.37,,17.0,,,,Master only (1),17.4,,17.0,14.498481,14.498481,,39.62633,3.679494,-0.8118701,-0.96933633,144.95999,0.0,0.0,1.0
17.38,17.38,2.10701,1.00469056e+06,30.0,0.0,7.8319645,0.0,1.0422926,0.0,0.9555413,0.0,39.624012,2.0,,14.496824,,14.496824,14.496824,,10.154928,,0.07054539,205.49641,1.0,0.0,0.0,2001.0,17.38,,17.0,,,,Master only (1),17.4,,17.0,14.498481,14.498481,,39.624012,3.6794353,-0.8118701,-0.96933633,144.95999,0.0,0.0,1.0
17.39,17.39,2.10701,1.00469056e+06,30.0,0.0,7.831821,0.0,1.0423383,0.0,0.95553535,0.0,39.621666,2.0,,14.49627,,14.49627,14.49627,,10.154715,,0.07054687,205.48424,1.0,0.0,0.0,2001.0,17.39,,17.0,,,,Master only (1),17.4,,17.0,14.498481,14.498481,,39.621666,3.6793761,-0.8118701,-0.96933633,144.95999,0.0,0.0,1.0
17.4,17.4,2.10701,1.00469056e+06,30.0,0.0,7.8316755,0.0,1.0423838,0.0,0.95552933,0.0,39.61929,2.0,,14.495709,,14.495709,14.495709,,10.154499,,0.07054837,205.47192,1.0,0.0,0.0,2001.0,17.4,,17.0,,,,Master only (1),17.4,,17.0,14.498481,14.498481,,39.61929,3.679316,-0.8118701,-0.96933633,144.95999,0.0,0.0,1.0
17.41,17.41,2.10701,1.00469056e+06,30.0,0.0,7.8315306,0.0,1.0424293,0.0,0.9555233,0.0,39.616924,2.0,,14.495151,,14.495151,14.495151,,10.154284,,0.07054987,205.45964,1.0,0.0,0.0,2001.0,17.41,,17.0,,,,Master only (1),17.4,,17.0,14.498481,14.498481,,39.616924,3.6792564,-0.8118701,-0.96933633,144.95999,0.0,0.0,1.0
17.42,17.42,2.10701,1.00469056e+06,30.0,0.0,7.831393,0.0,1.0424752,0.0,0.9555176,0.0,39.61467,2.0,,14.494619,,14.494619,14.494619,,10.1540785,,0.07055129,205.44797,1.0,0.0,0.0,2001.0,17.42,,17.0,3.9286802,3.8765516,2.7725887,Matched (3),17.4,,17.0,14.498481,14.498481,,39.61467,3.6791995,-0.8118701,-0.96933633,144.95999,0.0,0.0,1.0
17.43,17.43,2.10701,1.00469056e+06,30.0,0.0,7.8312535,0.0,1.042521,0.0,0.9555118,0.0,39.612396,2.0,,14.494082,,14.494082,14.494082,,10.1538725,,0.07055272,205.43619,1.0,0.0,0.0,2001.0,17.43,,17.0,,,,Master only (1),17.4,,17.0,14.498481,14.498481,,39.612396,3.679142,-0.8118701,-0.96933633,144.95999,0.0,0.0,1.0
17.44,17.44,2.10701,1.00469056e+06,30.0,0.0,7.831118,0.0,1.042567,0.0,0.9555062,0.0,39.610184,2.0,,14.493561,,14.493561,14.493561,,10.153671,,0.07055412,205.42471,1.0,0.0,0.0,2001.0,17.44,,17.0,,,,Master only (1),17.4,,17.0,14.498481,14.498481,,39.610184,3.6790862,-0.8118701,-0.96933633,144.95999,0.0,0.0,1.0
17.45,17.45,2.10701,1.00469056e+06,30.0,0.0,0.0,0.0,0.0,0.0,0.0,0.0,0.0,3.0,,24.527218,,,,,,,,,0.0,0.0,0.0,0.0,17.45,,,,,,Master only (1),17.5,,,,,,0.0,,,,0.0,0.0,,0.0
17.46,17.46,2.10701,1.00469056e+06,30.0,0.0,0.0,0.0,0.0,0.0,0.0,0.0,0.0,3.0,,24.519712,,,,,,,,,0.0,0.0,0.0,0.0,17.46,,,,,,Master only (1),17.5,,,,,,0.0,,,,0.0,0.0,,0.0
17.47,17.47,2.10701,1.00469056e+06,30.0,0.0,0.0,0.0,0.0,0.0,0.0,0.0,0.0,3.0,,24.512196,,,,,,,,,0.0,0.0,0.0,0.0,17.47,,,,,,Master only (1),17.5,,,,,,0.0,,,,0.0,0.0,,0.0
17.48,17.48,2.10701,1.00469056e+06,30.0,0.0,0.0,0.0,0.0,0.0,0.0,0.0,0.0,3.0,,24.504686,,,,,,,,,0.0,0.0,0.0,0.0,17.48,,,,,,Master only (1),17.5,,,,,,0.0,,,,0.0,0.0,,0.0
17.49,17.49,2.10701,1.00469056e+06,30.0,0.0,0.0,0.0,0.0,0.0,0.0,0.0,0.0,3.0,,24.497185,,,,,,,,,0.0,0.0,0.0,0.0,17.49,,,,,,Master only (1),17.5,,,,,,0.0,,,,0.0,0.0,,0.0
17.5,17.5,2.10701,1.00469056e+06,30.0,0.0,0.0,0.0,0.0,0.0,0.0,0.0,0.0,3.0,,24.489677,,,,,,,,,0.0,0.0,0.0,0.0,17.5,,,,,,Master only (1),17.5,,,,,,0.0,,,,0.0,0.0,,0.0
17.51,17.51,2.10701,1.00469056e+06,30.0,0.0,0.0,0.0,0.0,0.0,0.0,0.0,0.0,3.0,,24.482172,,,,,,,,,0.0,0.0,0.0,0.0,17.51,,,,,,Master only (1),17.5,,,,,,0.0,,,,0.0,0.0,,0.0
17.52,17.52,2.10701,1.00469056e+06,30.0,0.0,0.0,0.0,0.0,0.0,0.0,0.0,0.0,3.0,,24.474678,,,,,,,,,0.0,0.0,0.0,0.0,17.52,,,,,,Master only (1),17.5,,,,,,0.0,,,,0.0,0.0,,0.0
17.53,17.53,2.10701,1.00469056e+06,30.0,0.0,0.0,0.0,0.0,0.0,0.0,0.0,0.0,3.0,,24.467175,,,,,,,,,0.0,0.0,0.0,0.0,17.53,,,,,,Master only (1),17.5,,,,,,0.0,,,,0.0,0.0,,0.0
17.54,17.54,2.10701,1.00469056e+06,30.0,0.0,0.0,0.0,0.0,0.0,0.0,0.0,0.0,3.0,,24.459682,,,,,,,,,0.0,0.0,0.0,0.0,17.54,,,,,,Master only (1),17.5,,,,,,0.0,,,,0.0,0.0,,0.0
17.55,17.55,2.10701,1.00469056e+06,30.0,0.0,0.0,0.0,0.0,0.0,0.0,0.0,0.0,3.0,,24.452198,,,,,,,,,0.0,0.0,0.0,0.0,17.55,,,,,,Master only (1),17.5,,,,,,0.0,,,,0.0,0.0,,0.0
17.56,17.56,2.10701,1.00469056e+06,30.0,0.0,0.0,0.0,0.0,0.0,0.0,0.0,0.0,3.0,,24.444698,,,,,,,,,0.0,0.0,0.0,0.0,17.56,,,,,,Master only (1),17.6,,,,,,0.0,,,,0.0,0.0,,0.0
17.57,17.57,2.10701,1.00469056e+06,30.0,0.0,0.0,0.0,0.0,0.0,0.0,0.0,0.0,3.0,,24.437216,,,,,,,,,0.0,0.0,0.0,0.0,17.57,,,,,,Master only (1),17.6,,,,,,0.0,,,,0.0,0.0,,0.0
17.58,17.58,2.10701,1.00469056e+06,30.0,0.0,0.0,0.0,0.0,0.0,0.0,0.0,0.0,3.0,,24.429733,,,,,,,,,0.0,0.0,0.0,0.0,17.58,,,,,,Master only (1),17.6,,,,,,0.0,,,,0.0,0.0,,0.0
17.59,17.59,2.10701,1.00469056e+06,30.0,0.0,0.0,0.0,0.0,0.0,0.0,0.0,0.0,3.0,,24.422243,,,,,,,,,0.0,0.0,0.0,0.0,17.59,,,,,,Master only (1),17.6,,,,,,0.0,,,,0.0,0.0,,0.0
17.6,17.6,2.10701,1.00469056e+06,30.0,0.0,0.0,0.0,0.0,0.0,0.0,0.0,0.0,3.0,,24.414762,,,,,,,,,0.0,0.0,0.0,0.0,17.6,,,,,,Master only (1),17.6,,,,,,0.0,,,,0.0,0.0,,0.0
17.61,17.61,2.10701,1.00469056e+06,30.0,0.0,0.0,0.0,0.0,0.0,0.0,0.0,0.0,3.0,,24.407286,,,,,,,,,0.0,0.0,0.0,0.0,17.61,,,,,,Master only (1),17.6,,,,,,0.0,,,,0.0,0.0,,0.0
17.62,17.62,2.10701,1.00469056e+06,30.0,0.0,0.0,0.0,0.0,0.0,0.0,0.0,0.0,3.0,,24.399809,,,,,,,,,0.0,0.0,0.0,0.0,17.62,,,,,,Master only (1),17.6,,,,,,0.0,,,,0.0,0.0,,0.0
17.63,17.63,2.10701,1.00469056e+06,30.0,0.0,0.0,0.0,0.0,0.0,0.0,0.0,0.0,3.0,,24.392338,,,,,,,,,0.0,0.0,0.0,0.0,17.63,,,,,,Master only (1),17.6,,,,,,0.0,,,,0.0,0.0,,0.0
17.64,17.64,2.10701,1.00469056e+06,30.0,0.0,0.0,0.0,0.0,0.0,0.0,0.0,0.0,3.0,,24.384863,,,,,,,,,0.0,0.0,0.0,0.0,17.64,,,,,,Master only (1),17.6,,,,,,0.0,,,,0.0,0.0,,0.0
17.65,17.65,2.10701,1.00469056e+06,30.0,0.0,0.0,0.0,0.0,0.0,0.0,0.0,0.0,3.0,,24.377396,,,,,,,,,0.0,0.0,0.0,0.0,17.65,,,,,,Master only (1),17.6,,,,,,0.0,,,,0.0,0.0,,0.0
17.66,17.66,2.10701,1.00469056e+06,30.0,0.0,0.0,0.0,0.0,0.0,0.0,0.0,0.0,3.0,,24.369928,,,,,,,,,0.0,0.0,0.0,0.0,17.66,,,,,,Master only (1),17.7,,,,,,0.0,,,,0.0,0.0,,0.0
17.67,17.67,2.10701,1.00469056e+06,30.0,0.0,0.0,0.0,0.0,0.0,0.0,0.0,0.0,3.0,,24.362463,,,,,,,,,0.0,0.0,0.0,0.0,17.67,,,,,,Master only (1),17.7,,,,,,0.0,,,,0.0,0.0,,0.0
17.68,17.68,2.10701,1.00469056e+06,30.0,0.0,0.0,0.0,0.0,0.0,0.0,0.0,0.0,3.0,,24.354998,,,,,,,,,0.0,0.0,0.0,0.0,17.68,,,,,,Master only (1),17.7,,,,,,0.0,,,,0.0,0.0,,0.0
17.69,17.69,2.10701,1.00469056e+06,30.0,0.0,0.0,0.0,0.0,0.0,0.0,0.0,0.0,3.0,,24.347534,,,,,,,,,0.0,0.0,0.0,0.0,17.69,,,,,,Master only (1),17.7,,,,,,0.0,,,,0.0,0.0,,0.0
17.7,17.7,2.10701,1.00469056e+06,30.0,0.0,0.0,0.0,0.0,0.0,0.0,0.0,0.0,3.0,,24.340076,,,,,,,,,0.0,0.0,0.0,0.0,17.7,,,,,,Master only (1),17.7,,,,,,0.0,,,,0.0,0.0,,0.0
17.71,17.71,2.10701,1.00469056e+06,30.0,0.0,0.0,0.0,0.0,0.0,0.0,0.0,0.0,3.0,,24.332617,,,,,,,,,0.0,0.0,0.0,0.0,17.71,,,,,,Master only (1),17.7,,,,,,0.0,,,,0.0,0.0,,0.0
17.72,17.72,2.10701,1.00469056e+06,30.0,0.0,0.0,0.0,0.0,0.0,0.0,0.0,0.0,3.0,,24.325161,,,,,,,,,0.0,0.0,0.0,0.0,17.72,,,,,,Master only (1),17.7,,,,,,0.0,,,,0.0,0.0,,0.0
17.73,17.73,2.10701,1.00469056e+06,30.0,0.0,0.0,0.0,0.0,0.0,0.0,0.0,0.0,3.0,,24.317719,,,,,,,,,0.0,0.0,0.0,0.0,17.73,,,,,,Master only (1),17.7,,,,,,0.0,,,,0.0,0.0,,0.0
17.74,17.74,2.10701,1.00469056e+06,30.0,0.0,0.0,0.0,0.0,0.0,0.0,0.0,0.0,3.0,,24.310266,,,,,,,,,0.0,0.0,0.0,0.0,17.74,,,,,,Master only (1),17.7,,,,,,0.0,,,,0.0,0.0,,0.0
17.75,17.75,2.10701,1.00469056e+06,30.0,0.0,0.0,0.0,0.0,0.0,0.0,0.0,0.0,3.0,,24.302814,,,,,,,,,0.0,0.0,0.0,0.0,17.75,,,,,,Master only (1),17.8,,,,,,0.0,,,,0.0,0.0,,0.0
17.76,17.76,2.10701,1.00469056e+06,30.0,0.0,0.0,0.0,0.0,0.0,0.0,0.0,0.0,3.0,,24.295376,,,,,,,,,0.0,0.0,0.0,0.0,17.76,,,,,,Master only (1),17.8,,,,,,0.0,,,,0.0,0.0,,0.0
17.77,17.77,2.10701,1.00469056e+06,30.0,0.0,0.0,0.0,0.0,0.0,0.0,0.0,0.0,3.0,,24.287928,,,,,,,,,0.0,0.0,0.0,0.0,17.77,,,,,,Master only (1),17.8,,,,,,0.0,,,,0.0,0.0,,0.0
17.78,17.78,2.10701,1.00469056e+06,30.0,0.0,0.0,0.0,0.0,0.0,0.0,0.0,0.0,3.0,,24.280495,,,,,,,,,0.0,0.0,0.0,0.0,17.78,,,,,,Master only (1),17.8,,,,,,0.0,,,,0.0,0.0,,0.0
17.79,17.79,2.10701,1.00469056e+06,30.0,0.0,0.0,0.0,0.0,0.0,0.0,0.0,0.0,3.0,,24.273054,,,,,,,,,0.0,0.0,0.0,0.0,17.79,,,,,,Master only (1),17.8,,,,,,0.0,,,,0.0,0.0,,0.0
17.8,17.8,2.10701,1.00469056e+06,30.0,0.0,0.0,0.0,0.0,0.0,0.0,0.0,0.0,3.0,,24.26562,,,,,,,,,0.0,0.0,0.0,0.0,17.8,,,,,,Master only (1),17.8,,,,,,0.0,,,,0.0,0.0,,0.0
17.81,17.81,2.10701,1.00469056e+06,30.0,0.0,0.0,0.0,0.0,0.0,0.0,0.0,0.0,3.0,,24.25818,,,,,,,,,0.0,0.0,0.0,0.0,17.81,,,,,,Master only (1),17.8,,,,,,0.0,,,,0.0,0.0,,0.0
17.82,17.82,2.10701,1.00469056e+06,30.0,0.0,0.0,0.0,0.0,0.0,0.0,0.0,0.0,3.0,,24.250753,,,,,,,,,0.0,0.0,0.0,0.0,17.82,,,,,,Master only (1),17.8,,,,,,0.0,,,,0.0,0.0,,0.0
17.83,17.83,2.10701,1.00469056e+06,30.0,0.0,0.0,0.0,0.0,0.0,0.0,0.0,0.0,3.0,,24.243326,,,,,,,,,0.0,0.0,0.0,0.0,17.83,,,,,,Master only (1),17.8,,,,,,0.0,,,,0.0,0.0,,0.0
17.84,17.84,2.10701,1.00469056e+06,30.0,0.0,0.0,0.0,0.0,0.0,0.0,0.0,0.0,3.0,,24.235897,,,,,,,,,0.0,0.0,0.0,0.0,17.84,,,,,,Master only (1),17.8,,,,,,0.0,,,,0.0,0.0,,0.0
17.85,17.85,2.10701,1.00469056e+06,30.0,0.0,0.0,0.0,0.0,0.0,0.0,0.0,0.0,3.0,,24.228474,,,,,,,,,0.0,0.0,0.0,0.0,17.85,,,,,,Master only (1),17.9,,,,,,0.0,,,,0.0,0.0,,0.0
17.86,17.86,2.10701,1.00469056e+06,30.0,0.0,0.0,0.0,0.0,0.0,0.0,0.0,0.0,3.0,,24.221056,,,,,,,,,0.0,0.0,0.0,0.0,17.86,,,,,,Master only (1),17.9,,,,,,0.0,,,,0.0,0.0,,0.0
17.87,17.87,2.10701,1.00469056e+06,30.0,0.0,0.0,0.0,0.0,0.0,0.0,0.0,0.0,3.0,,24.213634,,,,,,,,,0.0,0.0,0.0,0.0,17.87,,,,,,Master only (1),17.9,,,,,,0.0,,,,0.0,0.0,,0.0
17.88,17.88,2.10701,1.00469056e+06,30.0,0.0,0.0,0.0,0.0,0.0,0.0,0.0,0.0,3.0,,24.206219,,,,,,,,,0.0,0.0,0.0,0.0,17.88,,,,,,Master only (1),17.9,,,,,,0.0,,,,0.0,0.0,,0.0
17.89,17.89,2.10701,1.00469056e+06,30.0,0.0,0.0,0.0,0.0,0.0,0.0,0.0,0.0,3.0,,24.198807,,,,,,,,,0.0,0.0,0.0,0.0,17.89,,,,,,Master only (1),17.9,,,,,,0.0,,,,0.0,0.0,,0.0
17.9,17.9,2.10701,1.00469056e+06,30.0,0.0,0.0,0.0,0.0,0.0,0.0,0.0,0.0,3.0,,24.191383,,,,,,,,,0.0,0.0,0.0,0.0,17.9,,,,,,Master only (1),17.9,,,,,,0.0,,,,0.0,0.0,,0.0
17.91,17.91,2.10701,1.00469056e+06,30.0,0.0,0.0,0.0,0.0,0.0,0.0,0.0,0.0,3.0,,24.183977,,,,,,,,,0.0,0.0,0.0,0.0,17.91,,,,,,Master only (1),17.9,,,,,,0.0,,,,0.0,0.0,,0.0
17.92,17.92,2.10701,1.00469056e+06,30.0,0.0,0.0,0.0,0.0,0.0,0.0,0.0,0.0,3.0,,24.176567,,,,,,,,,0.0,0.0,0.0,0.0,17.92,,,,,,Master only (1),17.9,,,,,,0.0,,,,0.0,0.0,,0.0
17.93,17.93,2.10701,1.00469056e+06,30.0,0.0,0.0,0.0,0.0,0.0,0.0,0.0,0.0,3.0,,24.169163,,,,,,,,,0.0,0.0,0.0,0.0,17.93,,,,,,Master only (1),17.9,,,,,,0.0,,,,0.0,0.0,,0.0
17.94,17.94,2.10701,1.00469056e+06,30.0,0.0,0.0,0.0,0.0,0.0,0.0,0.0,0.0,3.0,,24.161764,,,,,,,,,0.0,0.0,0.0,0.0,17.94,,,,,,Master only (1),17.9,,,,,,0.0,,,,0.0,0.0,,0.0
17.95,17.95,2.10701,1.00469056e+06,30.0,0.0,0.0,0.0,0.0,0.0,0.0,0.0,0.0,3.0,,24.154364,,,,,,,,,0.0,0.0,0.0,0.0,17.95,,,,,,Master only (1),18.0,,,,,,0.0,,,,0.0,0.0,,0.0
17.96,17.96,2.10701,1.00469056e+06,30.0,0.0,0.0,0.0,0.0,0.0,0.0,0.0,0.0,3.0,,24.146963,,,,,,,,,0.0,0.0,0.0,0.0,17.96,,,,,,Master only (1),18.0,,,,,,0.0,,,,0.0,0.0,,0.0
17.97,17.97,2.10701,1.00469056e+06,30.0,0.0,0.0,0.0,0.0,0.0,0.0,0.0,0.0,3.0,,24.139565,,,,,,,,,0.0,0.0,0.0,0.0,17.97,,,,,,Master only (1),18.0,,,,,,0.0,,,,0.0,0.0,,0.0
17.98,17.98,2.10701,1.00469056e+06,30.0,0.0,0.0,0.0,0.0,0.0,0.0,0.0,0.0,3.0,,24.132166,,,,,,,,,0.0,0.0,0.0,0.0,17.98,,,,,,Master only (1),18.0,,,,,,0.0,,,,0.0,0.0,,0.0
17.99,17.99,2.10701,1.00469056e+06,30.0,0.0,0.0,0.0,0.0,0.0,0.0,0.0,0.0,3.0,,24.124779,,,,,,,,,0.0,0.0,0.0,0.0,17.99,,,,,,Master only (1),18.0,,,,,,0.0,,,,0.0,0.0,,0.0
18.0,18.0,2.10701,1.00469056e+06,30.0,0.0,0.0,0.0,0.0,0.0,0.0,0.0,0.0,3.0,,24.11739,,,,,,,,,0.0,0.0,0.0,0.0,18.0,,,,,,Master only (1),18.0,,,,,,0.0,,,,0.0,0.0,,0.0
18.01,18.01,2.10701,1.00469056e+06,30.0,0.0,0.0,0.0,0.0,0.0,0.0,0.0,0.0,3.0,,24.109995,,,,,,,,,0.0,0.0,0.0,0.0,18.01,,,,,,Master only (1),18.0,,,,,,0.0,,,,0.0,0.0,,0.0
18.02,18.02,2.10701,1.00469056e+06,30.0,0.0,0.0,0.0,0.0,0.0,0.0,0.0,0.0,3.0,,24.102617,,,,,,,,,0.0,0.0,0.0,0.0,18.02,,,,,,Master only (1),18.0,,,,,,0.0,,,,0.0,0.0,,0.0
18.03,18.03,2.10701,1.00469056e+06,30.0,0.0,0.0,0.0,0.0,0.0,0.0,0.0,0.0,3.0,,24.09523,,,,,,,,,0.0,0.0,0.0,0.0,18.03,,,,,,Master only (1),18.0,,,,,,0.0,,,,0.0,0.0,,0.0
18.04,18.04,2.10701,1.00469056e+06,30.0,0.0,0.0,0.0,0.0,0.0,0.0,0.0,0.0,3.0,,24.087843,,,,,,,,,0.0,0.0,0.0,0.0,18.04,,,,,,Master only (1),18.0,,,,,,0.0,,,,0.0,0.0,,0.0
18.05,18.05,2.10701,1.00469056e+06,30.0,0.0,0.0,0.0,0.0,0.0,0.0,0.0,0.0,3.0,,24.08047,,,,,,,,,0.0,0.0,0.0,0.0,18.05,,,,,,Master only (1),18.0,,,,,,0.0,,,,0.0,0.0,,0.0
18.06,18.06,2.10701,1.00469056e+06,30.0,0.0,0.0,0.0,0.0,0.0,0.0,0.0,0.0,3.0,,24.073097,,,,,,,,,0.0,0.0,0.0,0.0,18.06,,,,,,Master only (1),18.1,,,,,,0.0,,,,0.0,0.0,,0.0
18.07,18.07,2.10701,1.00469056e+06,30.0,0.0,0.0,0.0,0.0,0.0,0.0,0.0,0.0,3.0,,24.06572,,,,,,,,,0.0,0.0,0.0,0.0,18.07,,,,,,Master only (1),18.1,,,,,,0.0,,,,0.0,0.0,,0.0
18.08,18.08,2.10701,1.00469056e+06,30.0,0.0,0.0,0.0,0.0,0.0,0.0,0.0,0.0,3.0,,24.058348,,,,,,,,,0.0,0.0,0.0,0.0,18.08,,,,,,Master only (1),18.1,,,,,,0.0,,,,0.0,0.0,,0.0
18.09,18.09,2.10701,1.00469056e+06,30.0,0.0,0.0,0.0,0.0,0.0,0.0,0.0,0.0,3.0,,24.050974,,,,,,,,,0.0,0.0,0.0,0.0,18.09,,,,,,Master only (1),18.1,,,,,,0.0,,,,0.0,0.0,,0.0
18.1,18.1,2.10701,1.00469056e+06,30.0,0.0,0.0,0.0,0.0,0.0,0.0,0.0,0.0,3.0,,24.04361,,,,,,,,,0.0,0.0,0.0,0.0,18.1,,,,,,Master only (1),18.1,,,,,,0.0,,,,0.0,0.0,,0.0
18.11,18.11,2.10701,1.00469056e+06,30.0,0.0,0.0,0.0,0.0,0.0,0.0,0.0,0.0,3.0,,24.03625,,,,,,,,,0.0,0.0,0.0,0.0,18.11,,,,,,Master only (1),18.1,,,,,,0.0,,,,0.0,0.0,,0.0
18.12,18.12,2.10701,1.00469056e+06,30.0,0.0,0.0,0.0,0.0,0.0,0.0,0.0,0.0,3.0,,24.028887,,,,,,,,,0.0,0.0,0.0,0.0,18.12,,,,,,Master only (1),18.1,,,,,,0.0,,,,0.0,0.0,,0.0
18.13,18.13,2.10701,1.00469056e+06,30.0,0.0,0.0,0.0,0.0,0.0,0.0,0.0,0.0,3.0,,24.021528,,,,,,,,,0.0,0.0,0.0,0.0,18.13,,,,,,Master only (1),18.1,,,,,,0.0,,,,0.0,0.0,,0.0
18.14,18.14,2.10701,1.00469056e+06,30.0,0.0,0.0,0.0,0.0,0.0,0.0,0.0,0.0,3.0,,24.014158,,,,,,,,,0.0,0.0,0.0,0.0,18.14,,,,,,Master only (1),18.1,,,,,,0.0,,,,0.0,0.0,,0.0
18.15,18.15,2.10701,1.00469056e+06,30.0,0.0,0.0,0.0,0.0,0.0,0.0,0.0,0.0,3.0,,24.006807,,,,,,,,,0.0,0.0,0.0,0.0,18.15,,,,,,Master only (1),18.1,,,,,,0.0,,,,0.0,0.0,,0.0
18.16,18.16,2.10701,1.00469056e+06,30.0,0.0,0.0,0.0,0.0,0.0,0.0,0.0,0.0,3.0,,23.99945,,,,,,,,,0.0,0.0,0.0,0.0,18.16,,,,,,Master only (1),18.2,,,,,,0.0,,,,0.0,0.0,,0.0
18.17,18.17,2.10701,1.00469056e+06,30.0,0.0,0.0,0.0,0.0,0.0,0.0,0.0,0.0,3.0,,23.9921,,,,,,,,,0.0,0.0,0.0,0.0,18.17,,,,,,Master only (1),18.2,,,,,,0.0,,,,0.0,0.0,,0.0
18.18,18.18,2.10701,1.00469056e+06,30.0,0.0,0.0,0.0,0.0,0.0,0.0,0.0,0.0,3.0,,23.984753,,,,,,,,,0.0,0.0,0.0,0.0,18.18,,,,,,Master only (1),18.2,,,,,,0.0,,,,0.0,0.0,,0.0
18.19,18.19,2.10701,1.00469056e+06,30.0,0.0,0.0,0.0,0.0,0.0,0.0,0.0,0.0,3.0,,23.977404,,,,,,,,,0.0,0.0,0.0,0.0,18.19,,,,,,Master only (1),18.2,,,,,,0.0,,,,0.0,0.0,,0.0
18.2,18.2,2.10701,1.00469056e+06,30.0,0.0,0.0,0.0,0.0,0.0,0.0,0.0,0.0,3.0,,23.970058,,,,,,,,,0.0,0.0,0.0,0.0,18.2,,,,,,Master only (1),18.2,,,,,,0.0,,,,0.0,0.0,,0.0
18.21,18.21,2.10701,1.00469056e+06,30.0,0.0,0.0,0.0,0.0,0.0,0.0,0.0,0.0,3.0,,23.962723,,,,,,,,,0.0,0.0,0.0,0.0,18.21,,,,,,Master only (1),18.2,,,,,,0.0,,,,0.0,0.0,,0.0
18.22,18.22,2.10701,1.00469056e+06,30.0,0.0,0.0,0.0,0.0,0.0,0.0,0.0,0.0,3.0,,23.95538,,,,,,,,,0.0,0.0,0.0,0.0,18.22,,,,,,Master only (1),18.2,,,,,,0.0,,,,0.0,0.0,,0.0
18.23,18.23,2.10701,1.00469056e+06,30.0,0.0,0.0,0.0,0.0,0.0,0.0,0.0,0.0,3.0,,23.948042,,,,,,,,,0.0,0.0,0.0,0.0,18.23,,,,,,Master only (1),18.2,,,,,,0.0,,,,0.0,0.0,,0.0
18.24,18.24,2.10701,1.00469056e+06,30.0,0.0,0.0,0.0,0.0,0.0,0.0,0.0,0.0,3.0,,23.940704,,,,,,,,,0.0,0.0,0.0,0.0,18.24,,,,,,Master only (1),18.2,,,,,,0.0,,,,0.0,0.0,,0.0
18.25,18.25,2.10701,1.00469056e+06,30.0,0.0,0.0,0.0,0.0,0.0,0.0,0.0,0.0,3.0,,23.933365,,,,,,,,,0.0,0.0,0.0,0.0,18.25,,,,,,Master only (1),18.3,,,,,,0.0,,,,0.0,0.0,,0.0
18.26,18.26,2.10701,1.00469056e+06,30.0,0.0,0.0,0.0,0.0,0.0,0.0,0.0,0.0,3.0,,23.92604,,,,,,,,,0.0,0.0,0.0,0.0,18.26,,,,,,Master only (1),18.3,,,,,,0.0,,,,0.0,0.0,,0.0
18.27,18.27,2.10701,1.00469056e+06,30.0,0.0,0.0,0.0,0.0,0.0,0.0,0.0,0.0,3.0,,23.918707,,,,,,,,,0.0,0.0,0.0,0.0,18.27,,,,,,Master only (1),18.3,,,,,,0.0,,,,0.0,0.0,,0.0
18.28,18.28,2.10701,1.00469056e+06,30.0,0.0,0.0,0.0,0.0,0.0,0.0,0.0,0.0,3.0,,23.91138,,,,,,,,,0.0,0.0,0.0,0.0,18.28,,,,,,Master only (1),18.3,,,,,,0.0,,,,0.0,0.0,,0.0
18.29,18.29,2.10701,1.00469056e+06,30.0,0.0,0.0,0.0,0.0,0.0,0.0,0.0,0.0,3.0,,23.90406,,,,,,,,,0.0,0.0,0.0,0.0,18.29,,,,,,Master only (1),18.3,,,,,,0.0,,,,0.0,0.0,,0.0
18.3,18.3,2.10701,1.00469056e+06,30.0,0.0,0.0,0.0,0.0,0.0,0.0,0.0,0.0,3.0,,23.89673,,,,,,,,,0.0,0.0,0.0,0.0,18.3,,,,,,Master only (1),18.3,,,,,,0.0,,,,0.0,0.0,,0.0
18.31,18.31,2.10701,1.00469056e+06,30.0,0.0,0.0,0.0,0.0,0.0,0.0,0.0,0.0,3.0,,23.889418,,,,,,,,,0.0,0.0,0.0,0.0,18.31,,,,,,Master only (1),18.3,,,,,,0.0,,,,0.0,0.0,,0.0
18.32,18.32,2.10701,1.00469056e+06,30.0,0.0,0.0,0.0,0.0,0.0,0.0,0.0,0.0,3.0,,23.882095,,,,,,,,,0.0,0.0,0.0,0.0,18.32,,,,,,Master only (1),18.3,,,,,,0.0,,,,0.0,0.0,,0.0
18.33,18.33,2.10701,1.00469056e+06,30.0,0.0,0.0,0.0,0.0,0.0,0.0,0.0,0.0,3.0,,23.874784,,,,,,,,,0.0,0.0,0.0,0.0,18.33,,,,,,Master only (1),18.3,,,,,,0.0,,,,0.0,0.0,,0.0
18.34,18.34,2.10701,1.00469056e+06,30.0,0.0,0.0,0.0,0.0,0.0,0.0,0.0,0.0,3.0,,23.86747,,,,,,,,,0.0,0.0,0.0,0.0,18.34,,,,,,Master only (1),18.3,,,,,,0.0,,,,0.0,0.0,,0.0
18.35,18.35,2.10701,1.00469056e+06,30.0,0.0,0.0,0.0,0.0,0.0,0.0,0.0,0.0,3.0,,23.860157,,,,,,,,,0.0,0.0,0.0,0.0,18.35,,,,,,Master only (1),18.4,,,,,,0.0,,,,0.0,0.0,,0.0
18.36,18.36,2.10701,1.00469056e+06,30.0,0.0,0.0,0.0,0.0,0.0,0.0,0.0,0.0,3.0,,23.85285,,,,,,,,,0.0,0.0,0.0,0.0,18.36,,,,,,Master only (1),18.4,,,,,,0.0,,,,0.0,0.0,,0.0
18.37,18.37,2.10701,1.00469056e+06,30.0,0.0,0.0,0.0,0.0,0.0,0.0,0.0,0.0,3.0,,23.845543,,,,,,,,,0.0,0.0,0.0,0.0,18.37,,,,,,Master only (1),18.4,,,,,,0.0,,,,0.0,0.0,,0.0
18.38,18.38,2.10701,1.00469056e+06,30.0,0.0,0.0,0.0,0.0,0.0,0.0,0.0,0.0,3.0,,23.838243,,,,,,,,,0.0,0.0,0.0,0.0,18.38,,,,,,Master only (1),18.4,,,,,,0.0,,,,0.0,0.0,,0.0
18.39,18.39,2.10701,1.00469056e+06,30.0,0.0,0.0,0.0,0.0,0.0,0.0,0.0,0.0,3.0,,23.830929,,,,,,,,,0.0,0.0,0.0,0.0,18.39,,,,,,Master only (1),18.4,,,,,,0.0,,,,0.0,0.0,,0.0
18.4,18.4,2.10701,1.00469056e+06,30.0,0.0,0.0,0.0,0.0,0.0,0.0,0.0,0.0,3.0,,23.823631,,,,,,,,,0.0,0.0,0.0,0.0,18.4,,,,,,Master only (1),18.4,,,,,,0.0,,,,0.0,0.0,,0.0
18.41,18.41,2.10701,1.00469056e+06,30.0,0.0,0.0,0.0,0.0,0.0,0.0,0.0,0.0,3.0,,23.816336,,,,,,,,,0.0,0.0,0.0,0.0,18.41,,,,,,Master only (1),18.4,,,,,,0.0,,,,0.0,0.0,,0.0
18.42,18.42,2.10701,1.00469056e+06,30.0,0.0,0.0,0.0,0.0,0.0,0.0,0.0,0.0,3.0,,23.80904,,,,,,,,,0.0,0.0,0.0,0.0,18.42,,,,,,Master only (1),18.4,,,,,,0.0,,,,0.0,0.0,,0.0
18.43,18.43,2.10701,1.00469056e+06,30.0,0.0,0.0,0.0,0.0,0.0,0.0,0.0,0.0,3.0,,23.801746,,,,,,,,,0.0,0.0,0.0,0.0,18.43,,,,,,Master only (1),18.4,,,,,,0.0,,,,0.0,0.0,,0.0
18.44,18.44,2.10701,1.00469056e+06,30.0,0.0,0.0,0.0,0.0,0.0,0.0,0.0,0.0,3.0,,23.794458,,,,,,,,,0.0,0.0,0.0,0.0,18.44,,,,,,Master only (1),18.4,,,,,,0.0,,,,0.0,0.0,,0.0
18.45,18.45,2.10701,1.00469056e+06,30.0,0.0,0.0,0.0,0.0,0.0,0.0,0.0,0.0,3.0,,23.787169,,,,,,,,,0.0,0.0,0.0,0.0,18.45,,,,,,Master only (1),18.5,,,,,,0.0,,,,0.0,0.0,,0.0
18.46,18.46,2.10701,1.00469056e+06,30.0,0.0,0.0,0.0,0.0,0.0,0.0,0.0,0.0,3.0,,23.779882,,,,,,,,,0.0,0.0,0.0,0.0,18.46,,,,,,Master only (1),18.5,,,,,,0.0,,,,0.0,0.0,,0.0
18.47,18.47,2.10701,1.00469056e+06,30.0,0.0,0.0,0.0,0.0,0.0,0.0,0.0,0.0,3.0,,23.772593,,,,,,,,,0.0,0.0,0.0,0.0,18.47,,,,,,Master only (1),18.5,,,,,,0.0,,,,0.0,0.0,,0.0
18.48,18.48,2.10701,1.00469056e+06,30.0,0.0,0.0,0.0,0.0,0.0,0.0,0.0,0.0,3.0,,23.76531,,,,,,,,,0.0,0.0,0.0,0.0,18.48,,,,,,Master only (1),18.5,,,,,,0.0,,,,0.0,0.0,,0.0
18.49,18.49,2.10701,1.00469056e+06,30.0,0.0,0.0,0.0,0.0,0.0,0.0,0.0,0.0,3.0,,23.75804,,,,,,,,,0.0,0.0,0.0,0.0,18.49,,,,,,Master only (1),18.5,,,,,,0.0,,,,0.0,0.0,,0.0
18.5,18.5,2.10701,1.00469056e+06,30.0,0.0,0.0,0.0,0.0,0.0,0.0,0.0,0.0,3.0,,23.750757,,,,,,,,,0.0,0.0,0.0,0.0,18.5,,,,,,Master only (1),18.5,,,,,,0.0,,,,0.0,0.0,,0.0
18.51,18.51,2.10701,1.00469056e+06,30.0,0.0,0.0,0.0,0.0,0.0,0.0,0.0,0.0,3.0,,23.743484,,,,,,,,,0.0,0.0,0.0,0.0,18.51,,,,,,Master only (1),18.5,,,,,,0.0,,,,0.0,0.0,,0.0
18.52,18.52,2.10701,1.00469056e+06,30.0,0.0,0.0,0.0,0.0,0.0,0.0,0.0,0.0,3.0,,23.736206,,,,,,,,,0.0,0.0,0.0,0.0,18.52,,,,,,Master only (1),18.5,,,,,,0.0,,,,0.0,0.0,,0.0
18.53,18.53,2.10701,1.00469056e+06,30.0,0.0,0.0,0.0,0.0,0.0,0.0,0.0,0.0,3.0,,23.72894,,,,,,,,,0.0,0.0,0.0,0.0,18.53,,,,,,Master only (1),18.5,,,,,,0.0,,,,0.0,0.0,,0.0
18.54,18.54,2.10701,1.00469056e+06,30.0,0.0,0.0,0.0,0.0,0.0,0.0,0.0,0.0,3.0,,23.721668,,,,,,,,,0.0,0.0,0.0,0.0,18.54,,,,,,Master only (1),18.5,,,,,,0.0,,,,0.0,0.0,,0.0
18.55,18.55,2.10701,1.00469056e+06,30.0,0.0,0.0,0.0,0.0,0.0,0.0,0.0,0.0,3.0,,23.714407,,,,,,,,,0.0,0.0,0.0,0.0,18.55,,,,,,Master only (1),18.5,,,,,,0.0,,,,0.0,0.0,,0.0
18.56,18.56,2.10701,1.00469056e+06,30.0,0.0,0.0,0.0,0.0,0.0,0.0,0.0,0.0,3.0,,23.70714,,,,,,,,,0.0,0.0,0.0,0.0,18.56,,,,,,Master only (1),18.6,,,,,,0.0,,,,0.0,0.0,,0.0
18.57,18.57,2.10701,1.00469056e+06,30.0,0.0,0.0,0.0,0.0,0.0,0.0,0.0,0.0,3.0,,23.699871,,,,,,,,,0.0,0.0,0.0,0.0,18.57,,,,,,Master only (1),18.6,,,,,,0.0,,,,0.0,0.0,,0.0
18.58,18.58,2.10701,1.00469056e+06,30.0,0.0,0.0,0.0,0.0,0.0,0.0,0.0,0.0,3.0,,23.692616,,,,,,,,,0.0,0.0,0.0,0.0,18.58,,,,,,Master only (1),18.6,,,,,,0.0,,,,0.0,0.0,,0.0
18.59,18.59,2.10701,1.00469056e+06,30.0,0.0,0.0,0.0,0.0,0.0,0.0,0.0,0.0,3.0,,23.685362,,,,,,,,,0.0,0.0,0.0,0.0,18.59,,,,,,Master only (1),18.6,,,,,,0.0,,,,0.0,0.0,,0.0
18.6,18.6,2.10701,1.00469056e+06,30.0,0.0,0.0,0.0,0.0,0.0,0.0,0.0,0.0,3.0,,23.678102,,,,,,,,,0.0,0.0,0.0,0.0,18.6,,,,,,Master only (1),18.6,,,,,,0.0,,,,0.0,0.0,,0.0
18.61,18.61,2.10701,1.00469056e+06,30.0,0.0,0.0,0.0,0.0,0.0,0.0,0.0,0.0,3.0,,23.670849,,,,,,,,,0.0,0.0,0.0,0.0,18.61,,,,,,Master only (1),18.6,,,,,,0.0,,,,0.0,0.0,,0.0
18.62,18.62,2.10701,1.00469056e+06,30.0,0.0,0.0,0.0,0.0,0.0,0.0,0.0,0.0,3.0,,23.663593,,,,,,,,,0.0,0.0,0.0,0.0,18.62,,,,,,Master only (1),18.6,,,,,,0.0,,,,0.0,0.0,,0.0
18.63,18.63,2.10701,1.00469056e+06,30.0,0.0,0.0,0.0,0.0,0.0,0.0,0.0,0.0,3.0,,23.656347,,,,,,,,,0.0,0.0,0.0,0.0,18.63,,,,,,Master only (1),18.6,,,,,,0.0,,,,0.0,0.0,,0.0
18.64,18.64,2.10701,1.00469056e+06,30.0,0.0,0.0,0.0,0.0,0.0,0.0,0.0,0.0,3.0,,23.649103,,,,,,,,,0.0,0.0,0.0,0.0,18.64,,,,,,Master only (1),18.6,,,,,,0.0,,,,0.0,0.0,,0.0
18.65,18.65,2.10701,1.00469056e+06,30.0,0.0,0.0,0.0,0.0,0.0,0.0,0.0,0.0,3.0,,23.641861,,,,,,,,,0.0,0.0,0.0,0.0,18.65,,,,,,Master only (1),18.6,,,,,,0.0,,,,0.0,0.0,,0.0
18.66,18.66,2.10701,1.00469056e+06,30.0,0.0,0.0,0.0,0.0,0.0,0.0,0.0,0.0,3.0,,23.634619,,,,,,,,,0.0,0.0,0.0,0.0,18.66,,,,,,Master only (1),18.7,,,,,,0.0,,,,0.0,0.0,,0.0
18.67,18.67,2.10701,1.00469056e+06,30.0,0.0,0.0,0.0,0.0,0.0,0.0,0.0,0.0,3.0,,23.627378,,,,,,,,,0.0,0.0,0.0,0.0,18.67,,,,,,Master only (1),18.7,,,,,,0.0,,,,0.0,0.0,,0.0
18.68,18.68,2.10701,1.00469056e+06,30.0,0.0,0.0,0.0,0.0,0.0,0.0,0.0,0.0,3.0,,23.620134,,,,,,,,,0.0,0.0,0.0,0.0,18.68,,,,,,Master only (1),18.7,,,,,,0.0,,,,0.0,0.0,,0.0
18.69,18.69,2.10701,1.00469056e+06,30.0,0.0,0.0,0.0,0.0,0.0,0.0,0.0,0.0,3.0,,23.612902,,,,,,,,,0.0,0.0,0.0,0.0,18.69,,,,,,Master only (1),18.7,,,,,,0.0,,,,0.0,0.0,,0.0
18.7,18.7,2.10701,1.00469056e+06,30.0,0.0,0.0,0.0,0.0,0.0,0.0,0.0,0.0,3.0,,23.605663,,,,,,,,,0.0,0.0,0.0,0.0,18.7,,,,,,Master only (1),18.7,,,,,,0.0,,,,0.0,0.0,,0.0
18.71,18.71,2.10701,1.00469056e+06,30.0,0.0,0.0,0.0,0.0,0.0,0.0,0.0,0.0,3.0,,23.598444,,,,,,,,,0.0,0.0,0.0,0.0,18.71,,,,,,Master only (1),18.7,,,,,,0.0,,,,0.0,0.0,,0.0
18.72,18.72,2.10701,1.00469056e+06,30.0,0.0,0.0,0.0,0.0,0.0,0.0,0.0,0.0,3.0,,23.591213,,,,,,,,,0.0,0.0,0.0,0.0,18.72,,,,,,Master only (1),18.7,,,,,,0.0,,,,0.0,0.0,,0.0
18.73,18.73,2.10701,1.00469056e+06,30.0,0.0,0.0,0.0,0.0,0.0,0.0,0.0,0.0,3.0,,23.583984,,,,,,,,,0.0,0.0,0.0,0.0,18.73,,,,,,Master only (1),18.7,,,,,,0.0,,,,0.0,0.0,,0.0
18.74,18.74,2.10701,1.00469056e+06,30.0,0.0,0.0,0.0,0.0,0.0,0.0,0.0,0.0,3.0,,23.576763,,,,,,,,,0.0,0.0,0.0,0.0,18.74,,,,,,Master only (1),18.7,,,,,,0.0,,,,0.0,0.0,,0.0
18.75,18.75,2.10701,1.00469056e+06,30.0,0.0,7.6159353,0.0,1.0395238,0.0,0.9464972,0.0,36.201973,2.0,,13.676207,,13.676207,13.676207,,9.834627,,0.07284296,187.74918,1.0,0.0,0.0,2001.0,18.75,,16.0,,,,Master only (1),18.8,,16.0,13.676207,13.676207,,36.201973,3.5891137,-1.8797108,-1.0598351,136.7384,0.0,0.0,1.0
18.76,18.76,2.10701,1.00469056e+06,30.0,0.0,7.615803,0.0,1.0395696,0.0,0.9464916,0.0,36.19994,2.0,,13.675711,,13.675711,13.675711,,9.834431,,0.072844416,187.73863,1.0,0.0,0.0,2001.0,18.76,,16.0,,,,Master only (1),18.8,,16.0,13.676207,13.676207,,36.19994,3.5890574,-1.8797108,-1.0598351,136.7384,0.0,0.0,1.0
18.77,18.77,2.10701,1.00469056e+06,30.0,0.0,7.6156564,0.0,1.0396148,0.0,0.9464854,0.0,36.197693,2.0,,13.675163,,13.675163,13.675163,,9.834214,,0.07284602,187.72699,1.0,0.0,0.0,2001.0,18.77,,16.0,,,,Master only (1),18.8,,16.0,13.676207,13.676207,,36.197693,3.5889955,-1.8797108,-1.0598351,136.7384,0.0,0.0,1.0
18.78,18.78,2.10701,1.00469056e+06,30.0,0.0,7.6155195,0.0,1.0396605,0.0,0.9464796,0.0,36.19559,2.0,,13.674651,,13.674651,13.674651,,9.834012,,0.072847515,187.7161,1.0,0.0,0.0,2001.0,18.78,,16.0,,,,Master only (1),18.8,,16.0,13.676207,13.676207,,36.19559,3.5889373,-1.8797108,-1.0598351,136.7384,0.0,0.0,1.0
18.79,18.79,2.10701,1.00469056e+06,30.0,0.0,7.6153812,0.0,1.039706,0.0,0.9464738,0.0,36.19347,2.0,,13.674134,,13.674134,13.674134,,9.833807,,0.072849035,187.70508,1.0,0.0,0.0,2001.0,18.79,,16.0,,,,Master only (1),18.8,,16.0,13.676207,13.676207,,36.19347,3.5888786,-1.8797108,-1.0598351,136.7384,0.0,0.0,1.0
18.8,18.8,2.10701,1.00469056e+06,30.0,0.0,7.615237,0.0,1.0397513,0.0,0.9464677,0.0,36.19126,2.0,,13.673595,,13.673595,13.673595,,9.833594,,0.072850615,187.69362,1.0,0.0,0.0,2001.0,18.8,,16.0,2.825525,3.2201385,1.704748,Matched (3),18.8,,16.0,13.676207,13.676207,,36.19126,3.5888176,-1.8797108,-1.0598351,136.7384,0.0,0.0,1.0
18.81,18.81,2.10701,1.00469056e+06,30.0,0.0,7.615091,0.0,1.0397965,0.0,0.9464615,0.0,36.189014,2.0,,13.673047,,13.673047,13.673047,,9.833378,,0.07285222,187.68196,1.0,0.0,0.0,2001.0,18.81,,16.0,,,,Master only (1),18.8,,16.0,13.676207,13.676207,,36.189014,3.5887556,-1.8797108,-1.0598351,136.7384,0.0,0.0,1.0
18.82,18.82,2.10701,1.00469056e+06,30.0,0.0,7.614951,0.0,1.039842,0.0,0.9464556,0.0,36.18687,2.0,,13.672524,,13.672524,13.672524,,9.833171,,0.07285375,187.67084,1.0,0.0,0.0,2001.0,18.82,,16.0,,,,Master only (1),18.8,,16.0,13.676207,13.676207,,36.18687,3.5886965,-1.8797108,-1.0598351,136.7384,0.0,0.0,1.0
18.83,18.83,2.10701,1.00469056e+06,30.0,0.0,7.6147985,0.0,1.039887,0.0,0.94644916,0.0,36.18453,2.0,,13.671954,,13.671954,13.671954,,9.832945,,0.07285542,187.6587,1.0,0.0,0.0,2001.0,18.83,,16.0,,,,Master only (1),18.8,,16.0,13.676207,13.676207,,36.18453,3.5886316,-1.8797108,-1.0598351,136.7384,0.0,0.0,1.0
18.84,18.84,2.10701,1.00469056e+06,30.0,0.0,7.6146545,0.0,1.0399323,0.0,0.9464431,0.0,36.18232,2.0,,13.671415,,13.671415,13.671415,,9.832732,,0.072857,187.64725,1.0,0.0,0.0,2001.0,18.84,,16.0,,,,Master only (1),18.8,,16.0,13.676207,13.676207,,36.18232,3.5885706,-1.8797108,-1.0598351,136.7384,0.0,0.0,1.0
18.85,18.85,2.10701,1.00469056e+06,30.0,0.0,7.614511,0.0,1.0399776,0.0,0.946437,0.0,36.180115,2.0,,13.670878,,13.670878,13.670878,,9.83252,,0.07285857,187.63583,1.0,0.0,0.0,2001.0,18.85,,16.0,,,,Master only (1),18.9,,16.0,13.670878,13.670878,,36.180115,3.5885096,-1.9262308,-1.0604392,136.68501,0.0,0.0,1.0
18.86,18.86,2.10701,1.00469056e+06,30.0,0.0,7.6143713,0.0,1.0400231,0.0,0.9464311,0.0,36.17797,2.0,,13.670356,,13.670356,13.670356,,9.832313,,0.07286011,187.6247,1.0,0.0,0.0,2001.0,18.86,,16.0,2.7832842,3.1810606,1.658228,Matched (3),18.9,,16.0,13.670878,13.670878,,36.17797,3.5884504,-1.9262308,-1.0604392,136.68501,0.0,0.0,1.0
18.87,18.87,2.10701,1.00469056e+06,30.0,0.0,7.6142273,0.0,1.0400684,0.0,0.946425,0.0,36.175762,2.0,,13.669817,,13.669817,13.669817,,9.8321,,0.07286169,187.61324,1.0,0.0,0.0,2001.0,18.87,,16.0,,,,Master only (1),18.9,,16.0,13.670878,13.670878,,36.175762,3.5883894,-1.9262308,-1.0604392,136.68501,0.0,0.0,1.0
18.88,18.88,2.10701,1.00469056e+06,30.0,0.0,7.6140904,0.0,1.040114,0.0,0.94641924,0.0,36.173664,2.0,,13.669306,,13.669306,13.669306,,9.831898,,0.072863184,187.60237,1.0,0.0,0.0,2001.0,18.88,,16.0,,,,Master only (1),18.9,,16.0,13.670878,13.670878,,36.173664,3.5883315,-1.9262308,-1.0604392,136.68501,0.0,0.0,1.0
18.89,18.89,2.10701,1.00469056e+06,30.0,0.0,7.613944,0.0,1.0401592,0.0,0.94641304,0.0,36.171417,2.0,,13.668758,,13.668758,13.668758,,9.83168,,0.07286479,187.59071,1.0,0.0,0.0,2001.0,18.89,,16.0,,,,Master only (1),18.9,,16.0,13.670878,13.670878,,36.171417,3.5882692,-1.9262308,-1.0604392,136.68501,0.0,0.0,1.0
18.9,18.9,2.10701,1.00469056e+06,30.0,0.0,7.6138015,0.0,1.0402046,0.0,0.946407,0.0,36.16923,2.0,,13.668225,,13.668225,13.668225,,9.83147,,0.07286636,187.57936,1.0,0.0,0.0,2001.0,18.9,,16.0,,,,Master only (1),18.9,,16.0,13.670878,13.670878,,36.16923,3.588209,-1.9262308,-1.0604392,136.68501,0.0,0.0,1.0
18.91,18.91,2.10701,1.00469056e+06,30.0,0.0,7.613662,0.0,1.0402502,0.0,0.9464011,0.0,36.167088,2.0,,13.667703,,13.667703,13.667703,,9.831264,,0.072867885,187.56827,1.0,0.0,0.0,2001.0,18.91,,16.0,,,,Master only (1),18.9,,16.0,13.670878,13.670878,,36.167088,3.5881495,-1.9262308,-1.0604392,136.68501,0.0,0.0,1.0
18.92,18.92,2.10701,1.00469056e+06,30.0,0.0,7.6135154,0.0,1.0402954,0.0,0.9463949,0.0,36.16484,2.0,,13.667155,,13.667155,13.667155,,9.831046,,0.072869495,187.55661,1.0,0.0,0.0,2001.0,18.92,,16.0,,,,Master only (1),18.9,,16.0,13.670878,13.670878,,36.16484,3.5880873,-1.9262308,-1.0604392,136.68501,0.0,0.0,1.0
18.93,18.93,2.10701,1.00469056e+06,30.0,0.0,7.6133842,0.0,1.0403413,0.0,0.9463894,0.0,36.16283,2.0,,13.666664,,13.666664,13.666664,,9.8308525,,0.07287093,187.54617,1.0,0.0,0.0,2001.0,18.93,,16.0,,,,Master only (1),18.9,,16.0,13.670878,13.670878,,36.16283,3.5880318,-1.9262308,-1.0604392,136.68501,0.0,0.0,1.0
18.94,18.94,2.10701,1.00469056e+06,30.0,0.0,7.6132474,0.0,1.0403869,0.0,0.9463836,0.0,36.160732,2.0,,13.666153,,13.666153,13.666153,,9.83065,,0.07287243,187.5353,1.0,0.0,0.0,2001.0,18.94,,16.0,,,,Master only (1),18.9,,16.0,13.670878,13.670878,,36.160732,3.5879738,-1.9262308,-1.0604392,136.68501,0.0,0.0,1.0
18.95,18.95,2.10701,1.00469056e+06,30.0,0.0,0.0,0.0,0.0,0.0,0.0,0.0,0.0,3.0,,23.42556,,,,,,,,,0.0,0.0,0.0,0.0,18.95,,,,,,Master only (1),19.0,,,,,,0.0,,,,0.0,0.0,,0.0
18.96,18.96,2.10701,1.00469056e+06,30.0,0.0,0.0,0.0,0.0,0.0,0.0,0.0,0.0,3.0,,23.418383,,,,,,,,,0.0,0.0,0.0,0.0,18.96,,,,,,Master only (1),19.0,,,,,,0.0,,,,0.0,0.0,,0.0
18.97,18.97,2.10701,1.00469056e+06,30.0,0.0,0.0,0.0,0.0,0.0,0.0,0.0,0.0,3.0,,23.411207,,,,,,,,,0.0,0.0,0.0,0.0,18.97,,,,,,Master only (1),19.0,,,,,,0.0,,,,0.0,0.0,,0.0
18.98,18.98,2.10701,1.00469056e+06,30.0,0.0,0.0,0.0,0.0,0.0,0.0,0.0,0.0,3.0,,23.404037,,,,,,,,,0.0,0.0,0.0,0.0,18.98,,,,,,Master only (1),19.0,,,,,,0.0,,,,0.0,0.0,,0.0
18.99,18.99,2.10701,1.00469056e+06,30.0,0.0,0.0,0.0,0.0,0.0,0.0,0.0,0.0,3.0,,23.39687,,,,,,,,,0.0,0.0,0.0,0.0,18.99,,,,,,Master only (1),19.0,,,,,,0.0,,,,0.0,0.0,,0.0
19.0,19.0,2.10701,1.00469056e+06,30.0,0.0,0.0,0.0,0.0,0.0,0.0,0.0,0.0,3.0,,23.389698,,,,,,,,,0.0,0.0,0.0,0.0,19.0,,,,,,Master only (1),19.0,,,,,,0.0,,,,0.0,0.0,,0.0
19.01,19.01,2.10701,1.00469056e+06,30.0,0.0,0.0,0.0,0.0,0.0,0.0,0.0,0.0,3.0,,23.382532,,,,,,,,,0.0,0.0,0.0,0.0,19.01,,,,,,Master only (1),19.0,,,,,,0.0,,,,0.0,0.0,,0.0
19.02,19.02,2.10701,1.00469056e+06,30.0,0.0,0.0,0.0,0.0,0.0,0.0,0.0,0.0,3.0,,23.375378,,,,,,,,,0.0,0.0,0.0,0.0,19.02,,,,,,Master only (1),19.0,,,,,,0.0,,,,0.0,0.0,,0.0
19.03,19.03,2.10701,1.00469056e+06,30.0,0.0,0.0,0.0,0.0,0.0,0.0,0.0,0.0,3.0,,23.368214,,,,,,,,,0.0,0.0,0.0,0.0,19.03,,,,,,Master only (1),19.0,,,,,,0.0,,,,0.0,0.0,,0.0
19.04,19.04,2.10701,1.00469056e+06,30.0,0.0,0.0,0.0,0.0,0.0,0.0,0.0,0.0,3.0,,23.361052,,,,,,,,,0.0,0.0,0.0,0.0,19.04,,,,,,Master only (1),19.0,,,,,,0.0,,,,0.0,0.0,,0.0
19.05,19.05,2.10701,1.00469056e+06,30.0,0.0,0.0,0.0,0.0,0.0,0.0,0.0,0.0,3.0,,23.353895,,,,,,,,,0.0,0.0,0.0,0.0,19.05,,,,,,Master only (1),19.0,,,,,,0.0,,,,0.0,0.0,,0.0
19.06,19.06,2.10701,1.00469056e+06,30.0,0.0,0.0,0.0,0.0,0.0,0.0,0.0,0.0,3.0,,23.346745,,,,,,,,,0.0,0.0,0.0,0.0,19.06,,,,,,Master only (1),19.1,,,,,,0.0,,,,0.0,0.0,,0.0
19.07,19.07,2.10701,1.00469056e+06,30.0,0.0,0.0,0.0,0.0,0.0,0.0,0.0,0.0,3.0,,23.33959,,,,,,,,,0.0,0.0,0.0,0.0,19.07,,,,,,Master only (1),19.1,,,,,,0.0,,,,0.0,0.0,,0.0
19.08,19.08,2.10701,1.00469056e+06,30.0,0.0,0.0,0.0,0.0,0.0,0.0,0.0,0.0,3.0,,23.332449,,,,,,,,,0.0,0.0,0.0,0.0,19.08,,,,,,Master only (1),19.1,,,,,,0.0,,,,0.0,0.0,,0.0
19.09,19.09,2.10701,1.00469056e+06,30.0,0.0,0.0,0.0,0.0,0.0,0.0,0.0,0.0,3.0,,23.32529,,,,,,,,,0.0,0.0,0.0,0.0,19.09,,,,,,Master only (1),19.1,,,,,,0.0,,,,0.0,0.0,,0.0
19.1,19.1,2.10701,1.00469056e+06,30.0,0.0,0.0,0.0,0.0,0.0,0.0,0.0,0.0,3.0,,23.318151,,,,,,,,,0.0,0.0,0.0,0.0,19.1,,,,,,Master only (1),19.1,,,,,,0.0,,,,0.0,0.0,,0.0
19.11,19.11,2.10701,1.00469056e+06,30.0,0.0,0.0,0.0,0.0,0.0,0.0,0.0,0.0,3.0,,23.311007,,,,,,,,,0.0,0.0,0.0,0.0,19.11,,,,,,Master only (1),19.1,,,,,,0.0,,,,0.0,0.0,,0.0
19.12,19.12,2.10701,1.00469056e+06,30.0,0.0,0.0,0.0,0.0,0.0,0.0,0.0,0.0,3.0,,23.30387,,,,,,,,,0.0,0.0,0.0,0.0,19.12,,,,,,Master only (1),19.1,,,,,,0.0,,,,0.0,0.0,,0.0
19.13,19.13,2.10701,1.00469056e+06,30.0,0.0,0.0,0.0,0.0,0.0,0.0,0.0,0.0,3.0,,23.296732,,,,,,,,,0.0,0.0,0.0,0.0,19.13,,,,,,Master only (1),19.1,,,,,,0.0,,,,0.0,0.0,,0.0
19.14,19.14,2.10701,1.00469056e+06,30.0,0.0,0.0,0.0,0.0,0.0,0.0,0.0,0.0,3.0,,23.28959,,,,,,,,,0.0,0.0,0.0,0.0,19.14,,,,,,Master only (1),19.1,,,,,,0.0,,,,0.0,0.0,,0.0
19.15,19.15,2.10701,1.00469056e+06,30.0,0.0,0.0,0.0,0.0,0.0,0.0,0.0,0.0,3.0,,23.282455,,,,,,,,,0.0,0.0,0.0,0.0,19.15,,,,,,Master only (1),19.1,,,,,,0.0,,,,0.0,0.0,,0.0
19.16,19.16,2.10701,1.00469056e+06,30.0,0.0,0.0,0.0,0.0,0.0,0.0,0.0,0.0,3.0,,23.275328,,,,,,,,,0.0,0.0,0.0,0.0,19.16,,,,,,Master only (1),19.2,,,,,,0.0,,,,0.0,0.0,,0.0
19.17,19.17,2.10701,1.00469056e+06,30.0,0.0,0.0,0.0,0.0,0.0,0.0,0.0,0.0,3.0,,23.26819,,,,,,,,,0.0,0.0,0.0,0.0,19.17,,,,,,Master only (1),19.2,,,,,,0.0,,,,0.0,0.0,,0.0
19.18,19.18,2.10701,1.00469056e+06,30.0,0.0,0.0,0.0,0.0,0.0,0.0,0.0,0.0,3.0,,23.261065,,,,,,,,,0.0,0.0,0.0,0.0,19.18,,,,,,Master only (1),19.2,,,,,,0.0,,,,0.0,0.0,,0.0
19.19,19.19,2.10701,1.00469056e+06,30.0,0.0,0.0,0.0,0.0,0.0,0.0,0.0,0.0,3.0,,23.253944,,,,,,,,,0.0,0.0,0.0,0.0,19.19,,,,,,Master only (1),19.2,,,,,,0.0,,,,0.0,0.0,,0.0
19.2,19.2,2.10701,1.00469056e+06,30.0,0.0,0.0,0.0,0.0,0.0,0.0,0.0,0.0,3.0,,23.24682,,,,,,,,,0.0,0.0,0.0,0.0,19.2,,,,,,Master only (1),19.2,,,,,,0.0,,,,0.0,0.0,,0.0
19.21,19.21,2.10701,1.00469056e+06,30.0,0.0,0.0,0.0,0.0,0.0,0.0,0.0,0.0,3.0,,23.239697,,,,,,,,,0.0,0.0,0.0,0.0,19.21,,,,,,Master only (1),19.2,,,,,,0.0,,,,0.0,0.0,,0.0
19.22,19.22,2.10701,1.00469056e+06,30.0,0.0,0.0,0.0,0.0,0.0,0.0,0.0,0.0,3.0,,23.23258,,,,,,,,,0.0,0.0,0.0,0.0,19.22,,,,,,Master only (1),19.2,,,,,,0.0,,,,0.0,0.0,,0.0
19.23,19.23,2.10701,1.00469056e+06,30.0,0.0,0.0,0.0,0.0,0.0,0.0,0.0,0.0,3.0,,23.225466,,,,,,,,,0.0,0.0,0.0,0.0,19.23,,,,,,Master only (1),19.2,,,,,,0.0,,,,0.0,0.0,,0.0
19.24,19.24,2.10701,1.00469056e+06,30.0,0.0,0.0,0.0,0.0,0.0,0.0,0.0,0.0,3.0,,23.218346,,,,,,,,,0.0,0.0,0.0,0.0,19.24,,,,,,Master only (1),19.2,,,,,,0.0,,,,0.0,0.0,,0.0
19.25,19.25,2.10701,1.00469056e+06,30.0,0.0,0.0,0.0,0.0,0.0,0.0,0.0,0.0,3.0,,23.211233,,,,,,,,,0.0,0.0,0.0,0.0,19.25,,,,,,Master only (1),19.3,,,,,,0.0,,,,0.0,0.0,,0.0
19.26,19.26,2.10701,1.00469056e+06,30.0,0.0,0.0,0.0,0.0,0.0,0.0,0.0,0.0,3.0,,23.204124,,,,,,,,,0.0,0.0,0.0,0.0,19.26,,,,,,Master only (1),19.3,,,,,,0.0,,,,0.0,0.0,,0.0
19.27,19.27,2.10701,1.00469056e+06,30.0,0.0,0.0,0.0,0.0,0.0,0.0,0.0,0.0,3.0,,23.197014,,,,,,,,,0.0,0.0,0.0,0.0,19.27,,,,,,Master only (1),19.3,,,,,,0.0,,,,0.0,0.0,,0.0
19.28,19.28,2.10701,1.00469056e+06,30.0,0.0,0.0,0.0,0.0,0.0,0.0,0.0,0.0,3.0,,23.189915,,,,,,,,,0.0,0.0,0.0,0.0,19.28,,,,,,Master only (1),19.3,,,,,,0.0,,,,0.0,0.0,,0.0
19.29,19.29,2.10701,1.00469056e+06,30.0,0.0,0.0,0.0,0.0,0.0,0.0,0.0,0.0,3.0,,23.182812,,,,,,,,,0.0,0.0,0.0,0.0,19.29,,,,,,Master only (1),19.3,,,,,,0.0,,,,0.0,0.0,,0.0
19.3,19.3,2.10701,1.00469056e+06,30.0,0.0,0.0,0.0,0.0,0.0,0.0,0.0,0.0,3.0,,23.175703,,,,,,,,,0.0,0.0,0.0,0.0,19.3,,,,,,Master only (1),19.3,,,,,,0.0,,,,0.0,0.0,,0.0
19.31,19.31,2.10701,1.00469056e+06,30.0,0.0,0.0,0.0,0.0,0.0,0.0,0.0,0.0,3.0,,23.168612,,,,,,,,,0.0,0.0,0.0,0.0,19.31,,,,,,Master only (1),19.3,,,,,,0.0,,,,0.0,0.0,,0.0
19.32,19.32,2.10701,1.00469056e+06,30.0,0.0,0.0,0.0,0.0,0.0,0.0,0.0,0.0,3.0,,23.161512,,,,,,,,,0.0,0.0,0.0,0.0,19.32,,,,,,Master only (1),19.3,,,,,,0.0,,,,0.0,0.0,,0.0
19.33,19.33,2.10701,1.00469056e+06,30.0,0.0,0.0,0.0,0.0,0.0,0.0,0.0,0.0,3.0,,23.154413,,,,,,,,,0.0,0.0,0.0,0.0,19.33,,,,,,Master only (1),19.3,,,,,,0.0,,,,0.0,0.0,,0.0
19.34,19.34,2.10701,1.00469056e+06,30.0,0.0,0.0,0.0,0.0,0.0,0.0,0.0,0.0,3.0,,23.147326,,,,,,,,,0.0,0.0,0.0,0.0,19.34,,,,,,Master only (1),19.3,,,,,,0.0,,,,0.0,0.0,,0.0
19.35,19.35,2.10701,1.00469056e+06,30.0,0.0,0.0,0.0,0.0,0.0,0.0,0.0,0.0,3.0,,23.140228,,,,,,,,,0.0,0.0,0.0,0.0,19.35,,,,,,Master only (1),19.4,,,,,,0.0,,,,0.0,0.0,,0.0
19.36,19.36,2.10701,1.00469056e+06,30.0,0.0,0.0,0.0,0.0,0.0,0.0,0.0,0.0,3.0,,23.133148,,,,,,,,,0.0,0.0,0.0,0.0,19.36,,,,,,Master only (1),19.4,,,,,,0.0,,,,0.0,0.0,,0.0
19.37,19.37,2.10701,1.00469056e+06,30.0,0.0,0.0,0.0,0.0,0.0,0.0,0.0,0.0,3.0,,23.126053,,,,,,,,,0.0,0.0,0.0,0.0,19.37,,,,,,Master only (1),19.4,,,,,,0.0,,,,0.0,0.0,,0.0
19.38,19.38,2.10701,1.00469056e+06,30.0,0.0,0.0,0.0,0.0,0.0,0.0,0.0,0.0,3.0,,23.118975,,,,,,,,,0.0,0.0,0.0,0.0,19.38,,,,,,Master only (1),19.4,,,,,,0.0,,,,0.0,0.0,,0.0
19.39,19.39,2.10701,1.00469056e+06,30.0,0.0,0.0,0.0,0.0,0.0,0.0,0.0,0.0,3.0,,23.111897,,,,,,,,,0.0,0.0,0.0,0.0,19.39,,,,,,Master only (1),19.4,,,,,,0.0,,,,0.0,0.0,,0.0
19.4,19.4,2.10701,1.00469056e+06,30.0,0.0,0.0,0.0,0.0,0.0,0.0,0.0,0.0,3.0,,23.10481,,,,,,,,,0.0,0.0,0.0,0.0,19.4,,,,,,Master only (1),19.4,,,,,,0.0,,,,0.0,0.0,,0.0
19.41,19.41,2.10701,1.00469056e+06,30.0,0.0,0.0,0.0,0.0,0.0,0.0,0.0,0.0,3.0,,23.097736,,,,,,,,,0.0,0.0,0.0,0.0,19.41,,,,,,Master only (1),19.4,,,,,,0.0,,,,0.0,0.0,,0.0
19.42,19.42,2.10701,1.00469056e+06,30.0,0.0,0.0,0.0,0.0,0.0,0.0,0.0,0.0,3.0,,23.090662,,,,,,,,,0.0,0.0,0.0,0.0,19.42,,,,,,Master only (1),19.4,,,,,,0.0,,,,0.0,0.0,,0.0
19.43,19.43,2.10701,1.00469056e+06,30.0,0.0,0.0,0.0,0.0,0.0,0.0,0.0,0.0,3.0,,23.08358,,,,,,,,,0.0,0.0,0.0,0.0,19.43,,,,,,Master only (1),19.4,,,,,,0.0,,,,0.0,0.0,,0.0
19.44,19.44,2.10701,1.00469056e+06,30.0,0.0,0.0,0.0,0.0,0.0,0.0,0.0,0.0,3.0,,23.076513,,,,,,,,,0.0,0.0,0.0,0.0,19.44,,,,,,Master only (1),19.4,,,,,,0.0,,,,0.0,0.0,,0.0
19.45,19.45,2.10701,1.00469056e+06,30.0,0.0,0.0,0.0,0.0,0.0,0.0,0.0,0.0,3.0,,23.069443,,,,,,,,,0.0,0.0,0.0,0.0,19.45,,,,,,Master only (1),19.5,,,,,,0.0,,,,0.0,0.0,,0.0
19.46,19.46,2.10701,1.00469056e+06,30.0,0.0,0.0,0.0,0.0,0.0,0.0,0.0,0.0,3.0,,23.062378,,,,,,,,,0.0,0.0,0.0,0.0,19.46,,,,,,Master only (1),19.5,,,,,,0.0,,,,0.0,0.0,,0.0
19.47,19.47,2.10701,1.00469056e+06,30.0,0.0,0.0,0.0,0.0,0.0,0.0,0.0,0.0,3.0,,23.055315,,,,,,,,,0.0,0.0,0.0,0.0,19.47,,,,,,Master only (1),19.5,,,,,,0.0,,,,0.0,0.0,,0.0
19.48,19.48,2.10701,1.00469056e+06,30.0,0.0,0.0,0.0,0.0,0.0,0.0,0.0,0.0,3.0,,23.048254,,,,,,,,,0.0,0.0,0.0,0.0,19.48,,,,,,Master only (1),19.5,,,,,,0.0,,,,0.0,0.0,,0.0
19.49,19.49,2.10701,1.00469056e+06,30.0,0.0,0.0,0.0,0.0,0.0,0.0,0.0,0.0,3.0,,23.041193,,,,,,,,,0.0,0.0,0.0,0.0,19.49,,,,,,Master only (1),19.5,,,,,,0.0,,,,0.0,0.0,,0.0
19.5,19.5,2.10701,1.00469056e+06,30.0,0.0,0.0,0.0,0.0,0.0,0.0,0.0,0.0,3.0,,23.034132,,,,,,,,,0.0,0.0,0.0,0.0,19.5,,,,,,Master only (1),19.5,,,,,,0.0,,,,0.0,0.0,,0.0
19.51,19.51,2.10701,1.00469056e+06,30.0,0.0,0.0,0.0,0.0,0.0,0.0,0.0,0.0,3.0,,23.027079,,,,,,,,,0.0,0.0,0.0,0.0,19.51,,,,,,Master only (1),19.5,,,,,,0.0,,,,0.0,0.0,,0.0
19.52,19.52,2.10701,1.00469056e+06,30.0,0.0,0.0,0.0,0.0,0.0,0.0,0.0,0.0,3.0,,23.020021,,,,,,,,,0.0,0.0,0.0,0.0,19.52,,,,,,Master only (1),19.5,,,,,,0.0,,,,0.0,0.0,,0.0
19.53,19.53,2.10701,1.00469056e+06,30.0,0.0,0.0,0.0,0.0,0.0,0.0,0.0,0.0,3.0,,23.01297,,,,,,,,,0.0,0.0,0.0,0.0,19.53,,,,,,Master only (1),19.5,,,,,,0.0,,,,0.0,0.0,,0.0
19.54,19.54,2.10701,1.00469056e+06,30.0,0.0,0.0,0.0,0.0,0.0,0.0,0.0,0.0,3.0,,23.005915,,,,,,,,,0.0,0.0,0.0,0.0,19.54,,,,,,Master only (1),19.5,,,,,,0.0,,,,0.0,0.0,,0.0
19.55,19.55,2.10701,1.00469056e+06,30.0,0.0,0.0,0.0,0.0,0.0,0.0,0.0,0.0,3.0,,22.998877,,,,,,,,,0.0,0.0,0.0,0.0,19.55,,,,,,Master only (1),19.5,,,,,,0.0,,,,0.0,0.0,,0.0
19.56,19.56,2.10701,1.00469056e+06,30.0,0.0,0.0,0.0,0.0,0.0,0.0,0.0,0.0,3.0,,22.991829,,,,,,,,,0.0,0.0,0.0,0.0,19.56,,,,,,Master only (1),19.6,,,,,,0.0,,,,0.0,0.0,,0.0
19.57,19.57,2.10701,1.00469056e+06,30.0,0.0,0.0,0.0,0.0,0.0,0.0,0.0,0.0,3.0,,22.984781,,,,,,,,,0.0,0.0,0.0,0.0,19.57,,,,,,Master only (1),19.6,,,,,,0.0,,,,0.0,0.0,,0.0
19.58,19.58,2.10701,1.00469056e+06,30.0,0.0,0.0,0.0,0.0,0.0,0.0,0.0,0.0,3.0,,22.97775,,,,,,,,,0.0,0.0,0.0,0.0,19.58,,,,,,Master only (1),19.6,,,,,,0.0,,,,0.0,0.0,,0.0
19.59,19.59,2.10701,1.00469056e+06,30.0,0.0,0.0,0.0,0.0,0.0,0.0,0.0,0.0,3.0,,22.970705,,,,,,,,,0.0,0.0,0.0,0.0,19.59,,,,,,Master only (1),19.6,,,,,,0.0,,,,0.0,0.0,,0.0
19.6,19.6,2.10701,1.00469056e+06,30.0,0.0,0.0,0.0,0.0,0.0,0.0,0.0,0.0,3.0,,22.963667,,,,,,,,,0.0,0.0,0.0,0.0,19.6,,,,,,Master only (1),19.6,,,,,,0.0,,,,0.0,0.0,,0.0
19.61,19.61,2.10701,1.00469056e+06,30.0,0.0,0.0,0.0,0.0,0.0,0.0,0.0,0.0,3.0,,22.956635,,,,,,,,,0.0,0.0,0.0,0.0,19.61,,,,,,Master only (1),19.6,,,,,,0.0,,,,0.0,0.0,,0.0
19.62,19.62,2.10701,1.00469056e+06,30.0,0.0,0.0,0.0,0.0,0.0,0.0,0.0,0.0,3.0,,22.949598,,,,,,,,,0.0,0.0,0.0,0.0,19.62,,,,,,Master only (1),19.6,,,,,,0.0,,,,0.0,0.0,,0.0
19.63,19.63,2.10701,1.00469056e+06,30.0,0.0,0.0,0.0,0.0,0.0,0.0,0.0,0.0,3.0,,22.942574,,,,,,,,,0.0,0.0,0.0,0.0,19.63,,,,,,Master only (1),19.6,,,,,,0.0,,,,0.0,0.0,,0.0
19.64,19.64,2.10701,1.00469056e+06,30.0,0.0,0.0,0.0,0.0,0.0,0.0,0.0,0.0,3.0,,22.93555,,,,,,,,,0.0,0.0,0.0,0.0,19.64,,,,,,Master only (1),19.6,,,,,,0.0,,,,0.0,0.0,,0.0
19.65,19.65,2.10701,1.00469056e+06,30.0,0.0,0.0,0.0,0.0,0.0,0.0,0.0,0.0,3.0,,22.928516,,,,,,,,,0.0,0.0,0.0,0.0,19.65,,,,,,Master only (1),19.6,,,,,,0.0,,,,0.0,0.0,,0.0
19.66,19.66,2.10701,1.00469056e+06,30.0,0.0,0.0,0.0,0.0,0.0,0.0,0.0,0.0,3.0,,22.921495,,,,,,,,,0.0,0.0,0.0,0.0,19.66,,,,,,Master only (1),19.7,,,,,,0.0,,,,0.0,0.0,,0.0
19.67,19.67,2.10701,1.00469056e+06,30.0,0.0,0.0,0.0,0.0,0.0,0.0,0.0,0.0,3.0,,22.91448,,,,,,,,,0.0,0.0,0.0,0.0,19.67,,,,,,Master only (1),19.7,,,,,,0.0,,,,0.0,0.0,,0.0
19.68,19.68,2.10701,1.00469056e+06,30.0,0.0,0.0,0.0,0.0,0.0,0.0,0.0,0.0,3.0,,22.907455,,,,,,,,,0.0,0.0,0.0,0.0,19.68,,,,,,Master only (1),19.7,,,,,,0.0,,,,0.0,0.0,,0.0
19.69,19.69,2.10701,1.00469056e+06,30.0,0.0,0.0,0.0,0.0,0.0,0.0,0.0,0.0,3.0,,22.900436,,,,,,,,,0.0,0.0,0.0,0.0,19.69,,,,,,Master only (1),19.7,,,,,,0.0,,,,0.0,0.0,,0.0
19.7,19.7,2.10701,1.00469056e+06,30.0,0.0,0.0,0.0,0.0,0.0,0.0,0.0,0.0,3.0,,22.893425,,,,,,,,,0.0,0.0,0.0,0.0,19.7,,,,,,Master only (1),19.7,,,,,,0.0,,,,0.0,0.0,,0.0
19.71,19.71,2.10701,1.00469056e+06,30.0,0.0,0.0,0.0,0.0,0.0,0.0,0.0,0.0,3.0,,22.886414,,,,,,,,,0.0,0.0,0.0,0.0,19.71,,,,,,Master only (1),19.7,,,,,,0.0,,,,0.0,0.0,,0.0
19.72,19.72,2.10701,1.00469056e+06,30.0,0.0,0.0,0.0,0.0,0.0,0.0,0.0,0.0,3.0,,22.879404,,,,,,,,,0.0,0.0,0.0,0.0,19.72,,,,,,Master only (1),19.7,,,,,,0.0,,,,0.0,0.0,,0.0
19.73,19.73,2.10701,1.00469056e+06,30.0,0.0,0.0,0.0,0.0,0.0,0.0,0.0,0.0,3.0,,22.872395,,,,,,,,,0.0,0.0,0.0,0.0,19.73,,,,,,Master only (1),19.7,,,,,,0.0,,,,0.0,0.0,,0.0
19.74,19.74,2.10701,1.00469056e+06,30.0,0.0,0.0,0.0,0.0,0.0,0.0,0.0,0.0,3.0,,22.865393,,,,,,,,,0.0,0.0,0.0,0.0,19.74,,,,,,Master only (1),19.7,,,,,,0.0,,,,0.0,0.0,,0.0
19.75,19.75,2.10701,1.00469056e+06,30.0,0.0,0.0,0.0,0.0,0.0,0.0,0.0,0.0,3.0,,22.858376,,,,,,,,,0.0,0.0,0.0,0.0,19.75,,,,,,Master only (1),19.8,,,,,,0.0,,,,0.0,0.0,,0.0
19.76,19.76,2.10701,1.00469056e+06,30.0,0.0,0.0,0.0,0.0,0.0,0.0,0.0,0.0,3.0,,22.851385,,,,,,,,,0.0,0.0,0.0,0.0,19.76,,,,,,Master only (1),19.8,,,,,,0.0,,,,0.0,0.0,,0.0
19.77,19.77,2.10701,1.00469056e+06,30.0,0.0,0.0,0.0,0.0,0.0,0.0,0.0,0.0,3.0,,22.844381,,,,,,,,,0.0,0.0,0.0,0.0,19.77,,,,,,Master only (1),19.8,,,,,,0.0,,,,0.0,0.0,,0.0
19.78,19.78,2.10701,1.00469056e+06,30.0,0.0,0.0,0.0,0.0,0.0,0.0,0.0,0.0,3.0,,22.837383,,,,,,,,,0.0,0.0,0.0,0.0,19.78,,,,,,Master only (1),19.8,,,,,,0.0,,,,0.0,0.0,,0.0
19.79,19.79,2.10701,1.00469056e+06,30.0,0.0,0.0,0.0,0.0,0.0,0.0,0.0,0.0,3.0,,22.830385,,,,,,,,,0.0,0.0,0.0,0.0,19.79,,,,,,Master only (1),19.8,,,,,,0.0,,,,0.0,0.0,,0.0
19.8,19.8,2.10701,1.00469056e+06,30.0,0.0,0.0,0.0,0.0,0.0,0.0,0.0,0.0,3.0,,22.82339,,,,,,,,,0.0,0.0,0.0,0.0,19.8,,,,,,Master only (1),19.8,,,,,,0.0,,,,0.0,0.0,,0.0
19.81,19.81,2.10701,1.00469056e+06,30.0,0.0,0.0,0.0,0.0,0.0,0.0,0.0,0.0,3.0,,22.8164,,,,,,,,,0.0,0.0,0.0,0.0,19.81,,,,,,Master only (1),19.8,,,,,,0.0,,,,0.0,0.0,,0.0
19.82,19.82,2.10701,1.00469056e+06,30.0,0.0,0.0,0.0,0.0,0.0,0.0,0.0,0.0,3.0,,22.809416,,,,,,,,,0.0,0.0,0.0,0.0,19.82,,,,,,Master only (1),19.8,,,,,,0.0,,,,0.0,0.0,,0.0
19.83,19.83,2.10701,1.00469056e+06,30.0,0.0,0.0,0.0,0.0,0.0,0.0,0.0,0.0,3.0,,22.802423,,,,,,,,,0.0,0.0,0.0,0.0,19.83,,,,,,Master only (1),19.8,,,,,,0.0,,,,0.0,0.0,,0.0
19.84,19.84,2.10701,1.00469056e+06,30.0,0.0,0.0,0.0,0.0,0.0,0.0,0.0,0.0,3.0,,22.795437,,,,,,,,,0.0,0.0,0.0,0.0,19.84,,,,,,Master only (1),19.8,,,,,,0.0,,,,0.0,0.0,,0.0
19.85,19.85,2.10701,1.00469056e+06,30.0,0.0,0.0,0.0,0.0,0.0,0.0,0.0,0.0,3.0,,22.788462,,,,,,,,,0.0,0.0,0.0,0.0,19.85,,,,,,Master only (1),19.9,,,,,,0.0,,,,0.0,0.0,,0.0
19.86,19.86,2.10701,1.00469056e+06,30.0,0.0,0.0,0.0,0.0,0.0,0.0,0.0,0.0,3.0,,22.781477,,,,,,,,,0.0,0.0,0.0,0.0,19.86,,,,,,Master only (1),19.9,,,,,,0.0,,,,0.0,0.0,,0.0
19.87,19.87,2.10701,1.00469056e+06,30.0,0.0,0.0,0.0,0.0,0.0,0.0,0.0,0.0,3.0,,22.774494,,,,,,,,,0.0,0.0,0.0,0.0,19.87,,,,,,Master only (1),19.9,,,,,,0.0,,,,0.0,0.0,,0.0
19.88,19.88,2.10701,1.00469056e+06,30.0,0.0,0.0,0.0,0.0,0.0,0.0,0.0,0.0,3.0,,22.76752,,,,,,,,,0.0,0.0,0.0,0.0,19.88,,,,,,Master only (1),19.9,,,,,,0.0,,,,0.0,0.0,,0.0
19.89,19.89,2.10701,1.00469056e+06,30.0,0.0,0.0,0.0,0.0,0.0,0.0,0.0,0.0,3.0,,22.760551,,,,,,,,,0.0,0.0,0.0,0.0,19.89,,,,,,Master only (1),19.9,,,,,,0.0,,,,0.0,0.0,,0.0
19.9,19.9,2.10701,1.00469056e+06,30.0,0.0,0.0,0.0,0.0,0.0,0.0,0.0,0.0,3.0,,22.753576,,,,,,,,,0.0,0.0,0.0,0.0,19.9,,,,,,Master only (1),19.9,,,,,,0.0,,,,0.0,0.0,,0.0
19.91,19.91,2.10701,1.00469056e+06,30.0,0.0,0.0,0.0,0.0,0.0,0.0,0.0,0.0,3.0,,22.746607,,,,,,,,,0.0,0.0,0.0,0.0,19.91,,,,,,Master only (1),19.9,,,,,,0.0,,,,0.0,0.0,,0.0
19.92,19.92,2.10701,1.00469056e+06,30.0,0.0,0.0,0.0,0.0,0.0,0.0,0.0,0.0,3.0,,22.739634,,,,,,,,,0.0,0.0,0.0,0.0,19.92,,,,,,Master only (1),19.9,,,,,,0.0,,,,0.0,0.0,,0.0
19.93,19.93,2.10701,1.00469056e+06,30.0,0.0,0.0,0.0,0.0,0.0,0.0,0.0,0.0,3.0,,22.732674,,,,,,,,,0.0,0.0,0.0,0.0,19.93,,,,,,Master only (1),19.9,,,,,,0.0,,,,0.0,0.0,,0.0
19.94,19.94,2.10701,1.00469056e+06,30.0,0.0,0.0,0.0,0.0,0.0,0.0,0.0,0.0,3.0,,22.725708,,,,,,,,,0.0,0.0,0.0,0.0,19.94,,,,,,Master only (1),19.9,,,,,,0.0,,,,0.0,0.0,,0.0
19.95,19.95,2.10701,1.00469056e+06,30.0,0.0,0.0,0.0,0.0,0.0,0.0,0.0,0.0,3.0,,22.718742,,,,,,,,,0.0,0.0,0.0,0.0,19.95,,,,,,Master only (1),20.0,,,,,,0.0,,,,0.0,0.0,,0.0
19.96,19.96,2.10701,1.00469056e+06,30.0,0.0,0.0,0.0,0.0,0.0,0.0,0.0,0.0,3.0,,22.711784,,,,,,,,,0.0,0.0,0.0,0.0,19.96,,,,,,Master only (1),20.0,,,,,,0.0,,,,0.0,0.0,,0.0
19.97,19.97,2.10701,1.00469056e+06,30.0,0.0,0.0,0.0,0.0,0.0,0.0,0.0,0.0,3.0,,22.704828,,,,,,,,,0.0,0.0,0.0,0.0,19.97,,,,,,Master only (1),20.0,,,,,,0.0,,,,0.0,0.0,,0.0
19.98,19.98,2.10701,1.00469056e+06,30.0,0.0,0.0,0.0,0.0,0.0,0.0,0.0,0.0,3.0,,22.697872,,,,,,,,,0.0,0.0,0.0,0.0,19.98,,,,,,Master only (1),20.0,,,,,,0.0,,,,0.0,0.0,,0.0
19.99,19.99,2.10701,1.00469056e+06,30.0,0.0,0.0,0.0,0.0,0.0,0.0,0.0,0.0,3.0,,22.690922,,,,,,,,,0.0,0.0,0.0,0.0,19.99,,,,,,Master only (1),20.0,,,,,,0.0,,,,0.0,0.0,,0.0
20.0,20.0,2.10701,1.00469056e+06,30.0,0.0,0.0,0.0,0.0,0.0,0.0,0.0,0.0,3.0,,22.683973,,,,,,,,,0.0,0.0,0.0,0.0,20.0,,,,,,Master only (1),20.0,,,,,,0.0,,,,0.0,0.0,,0.0
